1,0.643356,0.122452,0.652254,-0.00531498,-0.144636,1.87898e-05
1,0.643248,0.122583,0.652083,-0.005817,-0.144129,0.000907679
1,0.64212,0.122584,0.652062,-0.005814,-0.141959,0.00092285
1,0.640997,0.122585,0.652044,-0.00581223,-0.139821,0.000935371
1,0.639874,0.122586,0.652026,-0.00581051,-0.137704,0.000947772
1,0.638754,0.122587,0.652009,-0.00580883,-0.135607,0.000960046
1,0.637634,0.122587,0.651992,-0.0058072,-0.133531,0.000972196
1,0.636515,0.122588,0.651976,-0.0058056,-0.131474,0.000984226
1,0.635397,0.122589,0.65196,-0.00580404,-0.129436,0.000996136
1,0.634281,0.12259,0.651944,-0.00580253,-0.127417,0.00100793
1,0.633166,0.12259,0.651929,-0.00580105,-0.125417,0.00101961
1,0.632051,0.122591,0.651914,-0.00579961,-0.123436,0.00103117
1,0.630938,0.122592,0.651899,-0.0057982,-0.121472,0.00104263
1,0.629826,0.122592,0.651885,-0.00579683,-0.119526,0.00105398
1,0.628715,0.122593,0.651871,-0.00579549,-0.117598,0.00106522
1,0.627605,0.122594,0.651858,-0.00579419,-0.115686,0.00107636
1,0.626496,0.122594,0.651844,-0.00579292,-0.113792,0.00108739
1,0.625387,0.122595,0.651832,-0.00579168,-0.111914,0.00109832
1,0.62428,0.122596,0.651819,-0.00579048,-0.110052,0.00110916
1,0.623174,0.122596,0.651807,-0.0057893,-0.108206,0.00111989
1,0.622069,0.122597,0.651795,-0.00578816,-0.106377,0.00113053
1,0.620964,0.122598,0.651784,-0.00578704,-0.104563,0.00114107
1,0.619861,0.122598,0.651772,-0.00578595,-0.102764,0.00115153
1,0.618758,0.122599,0.651761,-0.00578489,-0.100981,0.00116188
1,0.617656,0.1226,0.651751,-0.00578386,-0.0992122,0.00117215
1,0.616555,0.1226,0.65174,-0.00578285,-0.0974585,0.00118233
1,0.615455,0.122601,0.65173,-0.00578187,-0.0957193,0.00119242
1,0.614356,0.122602,0.65172,-0.00578092,-0.0939945,0.00120243
1,0.613258,0.122602,0.65171,-0.00577999,-0.0922838,0.00121235
1,0.61216,0.122603,0.651701,-0.00577909,-0.0905872,0.00122219
1,0.611064,0.122603,0.651692,-0.00577821,-0.0889043,0.00123194
1,0.609968,0.122604,0.651683,-0.00577735,-0.0872351,0.00124161
1,0.608873,0.122605,0.651674,-0.00577652,-0.0855793,0.0012512
1,0.607779,0.122605,0.651666,-0.0057757,-0.0839368,0.00126072
1,0.606685,0.122606,0.651658,-0.00577492,-0.0823075,0.00127015
1,0.605592,0.122606,0.65165,-0.00577415,-0.0806911,0.0012795
1,0.6045,0.122607,0.651642,-0.0057734,-0.0790876,0.00128878
1,0.603409,0.122607,0.651634,-0.00577268,-0.0774967,0.00129799
1,0.602319,0.122608,0.651627,-0.00577197,-0.0759183,0.00130712
1,0.601229,0.122609,0.65162,-0.00577128,-0.0743523,0.00131617
1,0.60014,0.122609,0.651613,-0.00577062,-0.0727986,0.00132515
1,0.599052,0.12261,0.651606,-0.00576997,-0.0712569,0.00133407
1,0.597964,0.12261,0.6516,-0.00576934,-0.0697273,0.0013429
1,0.596877,0.122611,0.651593,-0.00576873,-0.0682094,0.00135167
1,0.595791,0.122611,0.651587,-0.00576814,-0.0667034,0.00136037
1,0.594706,0.122612,0.651581,-0.00576756,-0.0652089,0.00136901
1,0.593621,0.122612,0.651575,-0.00576701,-0.0637259,0.00137757
1,0.592537,0.122613,0.65157,-0.00576647,-0.0622542,0.00138607
1,0.591454,0.122613,0.651564,-0.00576594,-0.0607938,0.0013945
1,0.590371,0.122614,0.651559,-0.00576543,-0.0593446,0.00140286
1,0.589289,0.122614,0.651554,-0.00576494,-0.0579063,0.00141116
1,0.588207,0.122615,0.651549,-0.00576446,-0.056479,0.00141939
1,0.587127,0.122615,0.651544,-0.005764,-0.0550626,0.00142757
1,0.586046,0.122616,0.65154,-0.00576356,-0.0536568,0.00143567
1,0.584967,0.122616,0.651535,-0.00576313,-0.0522617,0.00144372
1,0.583888,0.122617,0.651531,-0.00576271,-0.0508771,0.0014517
1,0.58281,0.122617,0.651527,-0.0057623,-0.0495029,0.00145963
1,0.581732,0.122618,0.651523,-0.00576192,-0.0481391,0.00146749
1,0.580655,0.122618,0.651519,-0.00576154,-0.0467855,0.00147529
1,0.579579,0.122619,0.651515,-0.00576118,-0.0454421,0.00148304
1,0.578503,0.122619,0.651511,-0.00576083,-0.0441088,0.00149072
1,0.577428,0.12262,0.651508,-0.00576049,-0.0427854,0.00149834
1,0.576353,0.12262,0.651505,-0.00576016,-0.041472,0.00150591
1,0.575279,0.122621,0.651501,-0.00575985,-0.0401684,0.00151342
1,0.574206,0.122621,0.651498,-0.00575955,-0.0388745,0.00152088
1,0.573133,0.122622,0.651495,-0.00575926,-0.0375904,0.00152827
1,0.572061,0.122622,0.651492,-0.00575899,-0.0363158,0.00153561
1,0.570989,0.122623,0.65149,-0.00575872,-0.0350507,0.0015429
1,0.569918,0.122623,0.651487,-0.00575847,-0.0337951,0.00155013
1,0.568847,0.122623,0.651485,-0.00575822,-0.0325489,0.00155731
1,0.567777,0.122624,0.651482,-0.00575799,-0.031312,0.00156443
1,0.566708,0.122624,0.65148,-0.00575777,-0.0300843,0.0015715
1,0.565639,0.122625,0.651478,-0.00575755,-0.0288659,0.00157851
1,0.564571,0.122625,0.651476,-0.00575735,-0.0276565,0.00158547
1,0.563503,0.122626,0.651474,-0.00575716,-0.0264562,0.00159238
1,0.562436,0.122626,0.651472,-0.00575698,-0.0252649,0.00159924
1,0.561369,0.122626,0.65147,-0.0057568,-0.0240825,0.00160604
1,0.560303,0.122627,0.651468,-0.00575664,-0.0229089,0.0016128
1,0.559237,0.122627,0.651467,-0.00575648,-0.0217442,0.0016195
1,0.558172,0.122628,0.651465,-0.00575634,-0.0205883,0.00162615
1,0.557108,0.122628,0.651464,-0.0057562,-0.019441,0.00163276
1,0.556044,0.122629,0.651463,-0.00575607,-0.0183024,0.00163931
1,0.55498,0.122629,0.651461,-0.00575595,-0.0171723,0.00164581
1,0.553917,0.122629,0.65146,-0.00575584,-0.0160508,0.00165226
1,0.552855,0.12263,0.651459,-0.00575573,-0.0149378,0.00165867
1,0.551793,0.12263,0.651458,-0.00575563,-0.0138332,0.00166502
1,0.550731,0.12263,0.651457,-0.00575555,-0.0127371,0.00167133
1,0.54967,0.122631,0.651457,-0.00575546,-0.0116492,0.00167759
1,0.54861,0.122631,0.651456,-0.00575539,-0.0105696,0.0016838
1,0.54755,0.122632,0.651455,-0.00575532,-0.0094983,0.00168996
1,0.54649,0.122632,0.651455,-0.00575526,-0.00843518,0.00169608
1,0.545431,0.122632,0.651454,-0.00575521,-0.0073802,0.00170215
1,0.544373,0.122633,0.651454,-0.00575516,-0.00633333,0.00170817
1,0.543315,0.122633,0.651453,-0.00575512,-0.00529453,0.00171415
1,0.542257,0.122633,0.651453,-0.00575509,-0.00426375,0.00172008
1,0.5412,0.122634,0.651453,-0.00575506,-0.00324095,0.00172596
1,0.540144,0.122634,0.651453,-0.00575504,-0.0022261,0.0017318
1,0.539088,0.122635,0.651453,-0.00575502,-0.00121914,0.00173759
1,0.538032,0.122635,0.651452,-0.00575501,-0.000220055,0.00174334
1,0.536977,0.122635,0.651453,-0.00575501,0.000771209,0.00174904
1,0.535922,0.122636,0.651453,-0.00575501,0.00175468,0.0017547
1,0.534868,0.122636,0.651453,-0.00575502,0.00273041,0.00176031
1,0.533814,0.122636,0.651453,-0.00575503,0.00369842,0.00176588
1,0.532761,0.122637,0.651453,-0.00575505,0.00465875,0.00177141
1,0.531708,0.122637,0.651453,-0.00575507,0.00561143,0.00177689
1,0.530656,0.122637,0.651454,-0.0057551,0.0065565,0.00178233
1,0.529604,0.122638,0.651454,-0.00575513,0.00749399,0.00178772
1,0.528553,0.122638,0.651455,-0.00575517,0.00842393,0.00179307
1,0.527502,0.122638,0.651455,-0.00575521,0.00934636,0.00179838
1,0.526452,0.122639,0.651456,-0.00575526,0.0102613,0.00180364
1,0.525402,0.122639,0.651456,-0.00575531,0.0111688,0.00180886
1,0.524352,0.122639,0.651457,-0.00575536,0.0120689,0.00181404
1,0.523303,0.122639,0.651458,-0.00575542,0.0129615,0.00181918
1,0.522254,0.12264,0.651458,-0.00575548,0.0138469,0.00182427
1,0.521206,0.12264,0.651459,-0.00575555,0.0147248,0.00182933
1,0.520158,0.12264,0.65146,-0.00575562,0.0155955,0.00183434
2,0.520158,0.12264,0.65146,-0.00575562,0.0155955,0.00183434
2,0.520075,0.123516,0.650986,-0.00575519,0.0169536,0.00183958
2,0.519993,0.124392,0.650513,-0.00575536,0.0183071,0.00184736
2,0.519911,0.125269,0.650039,-0.00575552,0.0196575,0.00185513
2,0.519829,0.126145,0.649566,-0.00575569,0.0210051,0.00186288
2,0.519747,0.127021,0.649093,-0.00575588,0.0223496,0.00187062
2,0.519666,0.127897,0.64862,-0.00575607,0.0236912,0.00187834
2,0.519585,0.128773,0.648147,-0.00575628,0.02503,0.00188604
2,0.519504,0.129649,0.647674,-0.00575649,0.0263658,0.00189373
2,0.519423,0.130525,0.647201,-0.00575671,0.0276988,0.00190141
2,0.519342,0.131401,0.646728,-0.00575695,0.029029,0.00190906
2,0.519261,0.132277,0.646256,-0.00575719,0.0303564,0.00191671
2,0.519181,0.133153,0.645783,-0.00575744,0.031681,0.00192433
2,0.519101,0.134029,0.645311,-0.00575771,0.0330028,0.00193194
2,0.519021,0.134905,0.644838,-0.00575798,0.0343219,0.00193954
2,0.518941,0.135781,0.644366,-0.00575826,0.0356383,0.00194712
2,0.518861,0.136657,0.643894,-0.00575855,0.0369521,0.00195469
2,0.518782,0.137533,0.643422,-0.00575885,0.0382631,0.00196224
2,0.518702,0.138409,0.64295,-0.00575916,0.0395716,0.00196978
2,0.518623,0.139285,0.642478,-0.00575948,0.0408774,0.0019773
2,0.518544,0.140162,0.642007,-0.00575981,0.0421806,0.00198481
2,0.518465,0.141038,0.641535,-0.00576014,0.0434813,0.00199231
2,0.518387,0.141914,0.641064,-0.00576049,0.0447794,0.00199979
2,0.518308,0.14279,0.640592,-0.00576084,0.046075,0.00200726
2,0.51823,0.143666,0.640121,-0.00576121,0.0473681,0.00201471
2,0.518151,0.144542,0.63965,-0.00576158,0.0486587,0.00202215
2,0.518073,0.145418,0.639178,-0.00576196,0.0499468,0.00202958
2,0.517995,0.146294,0.638707,-0.00576235,0.0512326,0.002037
2,0.517918,0.14717,0.638236,-0.00576275,0.0525159,0.0020444
2,0.51784,0.148046,0.637766,-0.00576316,0.0537968,0.00205179
2,0.517763,0.148922,0.637295,-0.00576358,0.0550754,0.00205917
2,0.517685,0.149798,0.636824,-0.00576401,0.0563516,0.00206653
2,0.517608,0.150674,0.636354,-0.00576444,0.0576254,0.00207388
2,0.517531,0.15155,0.635883,-0.00576488,0.058897,0.00208122
2,0.517454,0.152426,0.635413,-0.00576534,0.0601663,0.00208855
2,0.517377,0.153302,0.634942,-0.0057658,0.0614333,0.00209587
2,0.517301,0.154178,0.634472,-0.00576627,0.0626981,0.00210317
2,0.517224,0.155054,0.634002,-0.00576674,0.0639607,0.00211046
2,0.517148,0.15593,0.633532,-0.00576723,0.065221,0.00211774
2,0.517072,0.156806,0.633062,-0.00576772,0.0664792,0.00212501
2,0.516996,0.157682,0.632592,-0.00576823,0.0677352,0.00213227
2,0.51692,0.158558,0.632122,-0.00576874,0.0689891,0.00213952
2,0.516844,0.159434,0.631653,-0.00576926,0.0702408,0.00214676
2,0.516768,0.16031,0.631183,-0.00576978,0.0714905,0.00215398
2,0.516693,0.161186,0.630713,-0.00577032,0.072738,0.0021612
2,0.516617,0.162062,0.630244,-0.00577086,0.0739835,0.0021684
2,0.516542,0.162938,0.629775,-0.00577142,0.0752269,0.00217559
2,0.516467,0.163814,0.629305,-0.00577198,0.0764684,0.00218278
2,0.516392,0.16469,0.628836,-0.00577254,0.0777078,0.00218995
2,0.516317,0.165566,0.628367,-0.00577312,0.0789452,0.00219711
2,0.516242,0.166442,0.627898,-0.0057737,0.0801807,0.00220427
2,0.516168,0.167319,0.627429,-0.0057743,0.0814142,0.00221141
2,0.516093,0.168195,0.62696,-0.0057749,0.0826457,0.00221854
2,0.516019,0.169071,0.626491,-0.0057755,0.0838754,0.00222567
2,0.515945,0.169947,0.626023,-0.00577612,0.0851031,0.00223278
2,0.51587,0.170823,0.625554,-0.00577674,0.086329,0.00223988
2,0.515796,0.171699,0.625086,-0.00577738,0.087553,0.00224698
2,0.515723,0.172575,0.624617,-0.00577802,0.0887752,0.00225407
2,0.515649,0.173451,0.624149,-0.00577866,0.0899955,0.00226114
2,0.515575,0.174327,0.62368,-0.00577932,0.0912141,0.00226821
2,0.515502,0.175203,0.623212,-0.00577998,0.0924308,0.00227527
2,0.515428,0.176079,0.622744,-0.00578065,0.0936458,0.00228232
2,0.515355,0.176955,0.622276,-0.00578133,0.094859,0.00228937
2,0.515282,0.177831,0.621808,-0.00578202,0.0960705,0.0022964
2,0.515209,0.178707,0.62134,-0.00578271,0.0972802,0.00230343
2,0.515136,0.179583,0.620872,-0.00578341,0.0984882,0.00231044
2,0.515063,0.180459,0.620405,-0.00578412,0.0996946,0.00231745
2,0.51499,0.181335,0.619937,-0.00578484,0.100899,0.00232445
2,0.514917,0.182211,0.619469,-0.00578556,0.102102,0.00233145
2,0.514845,0.183087,0.619002,-0.00578629,0.103304,0.00233843
2,0.514772,0.183963,0.618534,-0.00578703,0.104503,0.00234541
2,0.5147,0.184839,0.618067,-0.00578778,0.105701,0.00235238
2,0.514628,0.185715,0.6176,-0.00578853,0.106898,0.00235934
2,0.514556,0.186591,0.617132,-0.00578929,0.108093,0.0023663
2,0.514484,0.187467,0.616665,-0.00579006,0.109286,0.00237325
2,0.514412,0.188343,0.616198,-0.00579084,0.110478,0.00238019
2,0.51434,0.189219,0.615731,-0.00579162,0.111668,0.00238712
2,0.514268,0.190095,0.615264,-0.00579241,0.112857,0.00239405
2,0.514197,0.190971,0.614798,-0.00579321,0.114045,0.00240097
2,0.514125,0.191847,0.614331,-0.00579402,0.11523,0.00240788
2,0.514054,0.192723,0.613864,-0.00579483,0.116415,0.00241479
2,0.513983,0.193599,0.613398,-0.00579565,0.117597,0.00242169
3,0.513983,0.193599,0.613398,-0.00579565,0.117597,0.00242169
3,0.513983,0.193599,0.613398,-0.00579565,0.117597,0.00242169
3,0.514115,0.193599,0.613397,-0.00579582,0.117497,0.00242325
4,0.514115,0.193599,0.613397,-0.00579582,0.117497,0.00242325
4,0.514146,0.194558,0.613628,-0.00579552,0.116956,0.00242105
4,0.514179,0.195517,0.613859,-0.00579515,0.116414,0.00241789
4,0.514212,0.196477,0.61409,-0.00579478,0.115871,0.00241473
4,0.514244,0.197436,0.614321,-0.00579442,0.115328,0.00241156
4,0.514277,0.198395,0.614552,-0.00579406,0.114783,0.00240839
4,0.51431,0.199355,0.614783,-0.00579369,0.114237,0.00240521
4,0.514343,0.200314,0.615015,-0.00579333,0.113691,0.00240203
4,0.514376,0.201273,0.615246,-0.00579297,0.113143,0.00239884
4,0.514409,0.202233,0.615477,-0.00579261,0.112595,0.00239565
4,0.514442,0.203192,0.615708,-0.00579226,0.112045,0.00239245
4,0.514475,0.204151,0.615939,-0.0057919,0.111495,0.00238925
4,0.514509,0.205111,0.616171,-0.00579154,0.110944,0.00238604
4,0.514542,0.20607,0.616402,-0.00579119,0.110391,0.00238283
4,0.514575,0.207029,0.616633,-0.00579084,0.109838,0.00237961
4,0.514609,0.207989,0.616864,-0.00579048,0.109284,0.00237638
4,0.514642,0.208948,0.617096,-0.00579013,0.108729,0.00237316
4,0.514676,0.209907,0.617327,-0.00578978,0.108173,0.00236992
4,0.51471,0.210867,0.617558,-0.00578944,0.107616,0.00236668
4,0.514743,0.211826,0.617789,-0.00578909,0.107057,0.00236344
4,0.514777,0.212785,0.618021,-0.00578874,0.106498,0.00236019
4,0.514811,0.213744,0.618252,-0.0057884,0.105938,0.00235693
4,0.514845,0.214704,0.618483,-0.00578806,0.105377,0.00235367
4,0.514879,0.215663,0.618715,-0.00578771,0.104815,0.0023504
4,0.514913,0.216622,0.618946,-0.00578737,0.104252,0.00234713
4,0.514947,0.217582,0.619177,-0.00578703,0.103688,0.00234385
4,0.514981,0.218541,0.619409,-0.0057867,0.103123,0.00234057
4,0.515015,0.2195,0.61964,-0.00578636,0.102557,0.00233728
4,0.515049,0.22046,0.619872,-0.00578602,0.101989,0.00233399
4,0.515083,0.221419,0.620103,-0.00578569,0.101421,0.00233069
4,0.515118,0.222378,0.620334,-0.00578536,0.100852,0.00232738
4,0.515152,0.223338,0.620566,-0.00578502,0.100281,0.00232407
4,0.515187,0.224297,0.620797,-0.00578469,0.0997101,0.00232075
4,0.515221,0.225256,0.621029,-0.00578436,0.0991376,0.00231743
4,0.515256,0.226216,0.62126,-0.00578404,0.098564,0.0023141
4,0.515291,0.227175,0.621492,-0.00578371,0.0979894,0.00231076
4,0.515326,0.228134,0.621723,-0.00578339,0.0974137,0.00230742
4,0.51536,0.229093,0.621955,-0.00578306,0.0968369,0.00230408
4,0.515395,0.230053,0.622186,-0.00578274,0.096259,0.00230072
4,0.51543,0.231012,0.622418,-0.00578242,0.09568,0.00229736
4,0.515465,0.231971,0.62265,-0.0057821,0.0950998,0.002294
4,0.5155,0.232931,0.622881,-0.00578178,0.0945186,0.00229063
4,0.515536,0.23389,0.623113,-0.00578146,0.0939362,0.00228725
4,0.515571,0.234849,0.623344,-0.00578115,0.0933527,0.00228387
4,0.515606,0.235809,0.623576,-0.00578083,0.092768,0.00228048
4,0.515642,0.236768,0.623808,-0.00578052,0.0921822,0.00227708
4,0.515677,0.237727,0.624039,-0.00578021,0.0915952,0.00227368
4,0.515713,0.238687,0.624271,-0.0057799,0.091007,0.00227027
4,0.515748,0.239646,0.624503,-0.00577959,0.0904177,0.00226685
4,0.515784,0.240605,0.624734,-0.00577928,0.0898272,0.00226343
4,0.51582,0.241564,0.624966,-0.00577898,0.0892355,0.00226
4,0.515856,0.242524,0.625198,-0.00577867,0.0886426,0.00225657
4,0.515892,0.243483,0.62543,-0.00577837,0.0880485,0.00225313
4,0.515928,0.244442,0.625661,-0.00577807,0.0874532,0.00224968
4,0.515964,0.245402,0.625893,-0.00577777,0.0868566,0.00224622
4,0.516,0.246361,0.626125,-0.00577747,0.0862589,0.00224276
5,0.516,0.246361,0.626125,-0.00577747,0.0862589,0.00224276
5,0.516,0.246361,0.626125,-0.00577747,0.0862589,0.00224276
5,0.517025,0.246361,0.62612,-0.00577631,0.0854846,0.00223687
6,0.517025,0.246361,0.62612,-0.00577631,0.0854846,0.00223687
6,0.516934,0.245562,0.625528,-0.0057773,0.086968,0.00224788
6,0.516844,0.244764,0.624937,-0.00577806,0.0884493,0.00225647
6,0.516755,0.243966,0.624346,-0.00577882,0.0899292,0.00226505
6,0.516665,0.243168,0.623755,-0.0057796,0.0914077,0.00227363
6,0.516576,0.24237,0.623164,-0.00578039,0.0928848,0.0022822
6,0.516487,0.241572,0.622573,-0.0057812,0.0943606,0.00229076
6,0.516398,0.240774,0.621983,-0.00578201,0.0958351,0.00229933
6,0.516309,0.239976,0.621392,-0.00578284,0.0973083,0.00230788
6,0.51622,0.239177,0.620802,-0.00578368,0.0987802,0.00231643
6,0.516131,0.238379,0.620211,-0.00578453,0.100251,0.00232498
6,0.516042,0.237581,0.619621,-0.00578539,0.10172,0.00233352
6,0.515954,0.236783,0.619031,-0.00578627,0.103188,0.00234205
6,0.515865,0.235985,0.618441,-0.00578715,0.104655,0.00235058
6,0.515777,0.235187,0.617852,-0.00578805,0.106121,0.00235911
6,0.515688,0.234389,0.617262,-0.00578897,0.107585,0.00236763
6,0.5156,0.233591,0.616672,-0.00578989,0.109048,0.00237615
6,0.515512,0.232792,0.616083,-0.00579082,0.11051,0.00238467
6,0.515424,0.231994,0.615494,-0.00579177,0.111971,0.00239318
6,0.515336,0.231196,0.614905,-0.00579273,0.113431,0.00240168
6,0.515248,0.230398,0.614316,-0.0057937,0.11489,0.00241019
6,0.51516,0.2296,0.613727,-0.00579468,0.116347,0.00241869
6,0.515072,0.228802,0.613138,-0.00579568,0.117804,0.00242718
6,0.514984,0.228004,0.612549,-0.00579668,0.119259,0.00243567
6,0.514897,0.227206,0.611961,-0.0057977,0.120713,0.00244416
6,0.514809,0.226407,0.611372,-0.00579873,0.122166,0.00245265
6,0.514722,0.225609,0.610784,-0.00579978,0.123618,0.00246113
6,0.514634,0.224811,0.610196,-0.00580083,0.12507,0.00246961
6,0.514547,0.224013,0.609608,-0.0058019,0.12652,0.00247809
6,0.51446,0.223215,0.60902,-0.00580297,0.127969,0.00248656
6,0.514372,0.222417,0.608432,-0.00580406,0.129417,0.00249503
6,0.514285,0.221619,0.607844,-0.00580516,0.130864,0.0025035
6,0.514198,0.22082,0.607256,-0.00580628,0.13231,0.00251197
6,0.514111,0.220022,0.606669,-0.0058074,0.133755,0.00252043
6,0.514025,0.219224,0.606081,-0.00580854,0.135199,0.00252889
6,0.513938,0.218426,0.605494,-0.00580969,0.136643,0.00253735
6,0.513851,0.217628,0.604907,-0.00581085,0.138085,0.00254581
6,0.513764,0.21683,0.60432,-0.00581202,0.139526,0.00255426
6,0.513678,0.216032,0.603733,-0.00581321,0.140967,0.00256272
6,0.513591,0.215233,0.603146,-0.0058144,0.142407,0.00257117
6,0.513505,0.214435,0.60256,-0.00581561,0.143845,0.00257962
6,0.513418,0.213637,0.601973,-0.00581683,0.145283,0.00258807
6,0.513332,0.212839,0.601387,-0.00581806,0.14672,0.00259652
6,0.513246,0.212041,0.6008,-0.0058193,0.148157,0.00260496
6,0.51316,0.211243,0.600214,-0.00582056,0.149592,0.00261341
6,0.513074,0.210444,0.599628,-0.00582183,0.151027,0.00262185
6,0.512988,0.209646,0.599042,-0.0058231,0.152461,0.0026303
6,0.512902,0.208848,0.598456,-0.0058244,0.153894,0.00263874
6,0.512816,0.20805,0.597871,-0.0058257,0.155326,0.00264718
6,0.51273,0.207252,0.597285,-0.00582701,0.156757,0.00265562
6,0.512644,0.206454,0.596699,-0.00582834,0.158188,0.00266406
6,0.512558,0.205656,0.596114,-0.00582968,0.159618,0.0026725
6,0.512473,0.204857,0.595529,-0.00583103,0.161047,0.00268094
6,0.512387,0.204059,0.594944,-0.00583239,0.162476,0.00268937
6,0.512302,0.203261,0.594358,-0.00583376,0.163903,0.00269781
6,0.512216,0.202463,0.593774,-0.00583515,0.16533,0.00270625
6,0.512131,0.201665,0.593189,-0.00583654,0.166757,0.00271469
6,0.512046,0.200867,0.592604,-0.00583795,0.168183,0.00272313
6,0.51196,0.200068,0.592019,-0.00583937,0.169608,0.00273156
6,0.511875,0.19927,0.591435,-0.00584081,0.171032,0.00274
6,0.51179,0.198472,0.590851,-0.00584225,0.172456,0.00274844
6,0.511705,0.197674,0.590266,-0.00584371,0.173879,0.00275688
6,0.51162,0.196876,0.589682,-0.00584518,0.175301,0.00276532
6,0.511535,0.196078,0.589098,-0.00584666,0.176723,0.00277376
6,0.51145,0.19528,0.588514,-0.00584815,0.178144,0.0027822
6,0.511365,0.194481,0.58793,-0.00584965,0.179564,0.00279064
6,0.51128,0.193683,0.587347,-0.00585117,0.180984,0.00279908
6,0.511196,0.192885,0.586763,-0.0058527,0.182404,0.00280752
6,0.511111,0.192087,0.58618,-0.00585424,0.183823,0.00281597
6,0.511026,0.191289,0.585596,-0.00585579,0.185241,0.00282441
6,0.510942,0.190491,0.585013,-0.00585735,0.186658,0.00283286
6,0.510857,0.189692,0.58443,-0.00585893,0.188076,0.00284131
6,0.510773,0.188894,0.583847,-0.00586052,0.189492,0.00284975
6,0.510688,0.188096,0.583264,-0.00586212,0.190908,0.0028582
6,0.510604,0.187298,0.582681,-0.00586373,0.192324,0.00286665
6,0.51052,0.1865,0.582099,-0.00586536,0.193738,0.00287511
6,0.510436,0.185702,0.581516,-0.00586699,0.195153,0.00288356
6,0.510351,0.184903,0.580934,-0.00586864,0.196567,0.00289202
6,0.510267,0.184105,0.580352,-0.0058703,0.19798,0.00290048
6,0.510183,0.183307,0.579769,-0.00587197,0.199393,0.00290894
6,0.510099,0.182509,0.579187,-0.00587366,0.200806,0.0029174
6,0.510015,0.181711,0.578605,-0.00587535,0.202218,0.00292586
6,0.509931,0.180913,0.578023,-0.00587706,0.203629,0.00293433
6,0.509847,0.180114,0.577442,-0.00587878,0.20504,0.0029428
6,0.509764,0.179316,0.57686,-0.00588052,0.206451,0.00295127
6,0.50968,0.178518,0.576279,-0.00588226,0.207861,0.00295974
6,0.509596,0.17772,0.575697,-0.00588402,0.209271,0.00296821
6,0.509512,0.176922,0.575116,-0.00588579,0.21068,0.00297669
6,0.509429,0.176123,0.574535,-0.00588757,0.212089,0.00298517
6,0.509345,0.175325,0.573954,-0.00588937,0.213497,0.00299365
6,0.509262,0.174527,0.573373,-0.00589117,0.214905,0.00300214
6,0.509178,0.173729,0.572792,-0.00589299,0.216313,0.00301063
6,0.509095,0.172931,0.572211,-0.00589482,0.21772,0.00301912
6,0.509012,0.172133,0.57163,-0.00589667,0.219127,0.00302761
6,0.508928,0.171334,0.57105,-0.00589852,0.220533,0.00303611
6,0.508845,0.170536,0.570469,-0.00590039,0.221939,0.00304461
6,0.508762,0.169738,0.569889,-0.00590227,0.223345,0.00305311
6,0.508679,0.16894,0.569309,-0.00590416,0.22475,0.00306162
6,0.508595,0.168142,0.568729,-0.00590607,0.226155,0.00307013
6,0.508512,0.167344,0.568149,-0.00590798,0.22756,0.00307864
6,0.508429,0.166545,0.567569,-0.00590991,0.228964,0.00308716
6,0.508346,0.165747,0.566989,-0.00591186,0.230368,0.00309568
6,0.508263,0.164949,0.56641,-0.00591381,0.231771,0.0031042
6,0.508181,0.164151,0.56583,-0.00591578,0.233174,0.00311273
6,0.508098,0.163353,0.565251,-0.00591776,0.234577,0.00312126
6,0.508015,0.162554,0.564672,-0.00591975,0.23598,0.00312979
6,0.507932,0.161756,0.564092,-0.00592176,0.237382,0.00313833
6,0.50785,0.160958,0.563513,-0.00592377,0.238784,0.00314687
6,0.507767,0.16016,0.562934,-0.0059258,0.240185,0.00315542
6,0.507684,0.159362,0.562356,-0.00592785,0.241587,0.00316397
6,0.507602,0.158564,0.561777,-0.0059299,0.242988,0.00317253
6,0.507519,0.157765,0.561198,-0.00593197,0.244388,0.00318108
6,0.507437,0.156967,0.56062,-0.00593405,0.245789,0.00318965
6,0.507354,0.156169,0.560041,-0.00593614,0.247189,0.00319821
6,0.507272,0.155371,0.559463,-0.00593825,0.248588,0.00320678
6,0.50719,0.154573,0.558885,-0.00594037,0.249988,0.00321536
6,0.507107,0.153774,0.558307,-0.0059425,0.251387,0.00322394
6,0.507025,0.152976,0.557729,-0.00594464,0.252786,0.00323252
6,0.506943,0.152178,0.557151,-0.0059468,0.254185,0.00324111
6,0.506861,0.15138,0.556573,-0.00594897,0.255583,0.00324971
6,0.506779,0.150582,0.555996,-0.00595115,0.256981,0.0032583
6,0.506697,0.149784,0.555418,-0.00595335,0.258379,0.00326691
6,0.506615,0.148985,0.554841,-0.00595555,0.259777,0.00327551
6,0.506533,0.148187,0.554263,-0.00595777,0.261174,0.00328413
6,0.506451,0.147389,0.553686,-0.00596001,0.262571,0.00329274
6,0.506369,0.146591,0.553109,-0.00596225,0.263968,0.00330137
6,0.506287,0.145793,0.552532,-0.00596451,0.265365,0.00330999
6,0.506205,0.144994,0.551955,-0.00596679,0.266761,0.00331862
6,0.506124,0.144196,0.551379,-0.00596907,0.268157,0.00332726
6,0.506042,0.143398,0.550802,-0.00597137,0.269553,0.0033359
6,0.50596,0.1426,0.550226,-0.00597368,0.270949,0.00334455
6,0.505879,0.141802,0.549649,-0.00597601,0.272344,0.00335321
6,0.505797,0.141003,0.549073,-0.00597834,0.273739,0.00336186
6,0.505716,0.140205,0.548497,-0.0059807,0.275134,0.00337053
6,0.505634,0.139407,0.547921,-0.00598306,0.276529,0.0033792
6,0.505553,0.138609,0.547345,-0.00598544,0.277923,0.00338787
6,0.505471,0.137811,0.546769,-0.00598783,0.279317,0.00339655
6,0.50539,0.137012,0.546193,-0.00599023,0.280711,0.00340524
6,0.505309,0.136214,0.545617,-0.00599265,0.282105,0.00341393
6,0.505228,0.135416,0.545042,-0.00599508,0.283499,0.00342262
6,0.505146,0.134618,0.544466,-0.00599752,0.284892,0.00343133
6,0.505065,0.13382,0.543891,-0.00599997,0.286285,0.00344003
6,0.504984,0.133021,0.543316,-0.00600244,0.287678,0.00344875
6,0.504903,0.132223,0.542741,-0.00600493,0.289071,0.00345747
6,0.504822,0.131425,0.542166,-0.00600742,0.290463,0.00346619
6,0.504741,0.130627,0.541591,-0.00600993,0.291856,0.00347493
6,0.50466,0.129829,0.541016,-0.00601246,0.293248,0.00348366
6,0.50458,0.12903,0.540442,-0.00601499,0.29464,0.00349241
6,0.504499,0.128232,0.539867,-0.00601754,0.296031,0.00350116
6,0.504418,0.127434,0.539293,-0.0060201,0.297423,0.00350991
6,0.504337,0.126636,0.538718,-0.00602268,0.298814,0.00351867
6,0.504257,0.125838,0.538144,-0.00602527,0.300205,0.00352744
6,0.504176,0.125039,0.53757,-0.00602787,0.301595,0.00353622
6,0.504095,0.124241,0.536996,-0.00603049,0.302986,0.003545
6,0.504015,0.123443,0.536422,-0.00603312,0.304376,0.00355378
6,0.503934,0.122645,0.535848,-0.00603576,0.305766,0.00356258
6,0.503854,0.121847,0.535275,-0.00603842,0.307156,0.00357138
6,0.503774,0.121048,0.534701,-0.00604109,0.308546,0.00358018
6,0.503693,0.12025,0.534128,-0.00604378,0.309935,0.00358899
6,0.503613,0.119452,0.533554,-0.00604648,0.311325,0.00359781
6,0.503533,0.118654,0.532981,-0.00604919,0.312714,0.00360664
6,0.503452,0.117856,0.532408,-0.00605191,0.314102,0.00361547
6,0.503372,0.117057,0.531835,-0.00605465,0.315491,0.00362431
6,0.503292,0.116259,0.531262,-0.00605741,0.316879,0.00363315
6,0.503212,0.115461,0.530689,-0.00606017,0.318267,0.003642
6,0.503132,0.114663,0.530116,-0.00606295,0.319655,0.00365086
6,0.503052,0.113865,0.529544,-0.00606575,0.321043,0.00365973
6,0.502972,0.113066,0.528971,-0.00606856,0.32243,0.0036686
6,0.502893,0.112268,0.528399,-0.00607138,0.323818,0.00367748
6,0.502813,0.11147,0.527826,-0.00607422,0.325205,0.00368636
6,0.502733,0.110672,0.527254,-0.00607706,0.326591,0.00369526
6,0.502653,0.109873,0.526682,-0.00607993,0.327978,0.00370415
6,0.502574,0.109075,0.52611,-0.00608281,0.329364,0.00371306
6,0.502494,0.108277,0.525538,-0.0060857,0.33075,0.00372197
6,0.502415,0.107479,0.524967,-0.0060886,0.332136,0.00373089
6,0.502335,0.106681,0.524395,-0.00609152,0.333522,0.00373982
6,0.502256,0.105882,0.523823,-0.00609446,0.334907,0.00374875
6,0.502176,0.105084,0.523252,-0.0060974,0.336292,0.00375769
6,0.502097,0.104286,0.522681,-0.00610036,0.337677,0.00376664
6,0.502018,0.103488,0.522109,-0.00610334,0.339061,0.00377559
6,0.501938,0.10269,0.521538,-0.00610633,0.340445,0.00378456
6,0.501859,0.101891,0.520967,-0.00610933,0.341829,0.00379352
6,0.50178,0.101093,0.520396,-0.00611235,0.343213,0.0038025
6,0.501701,0.100295,0.519826,-0.00611538,0.344597,0.00381148
6,0.501622,0.0994967,0.519255,-0.00611843,0.34598,0.00382047
6,0.501543,0.0986985,0.518684,-0.00612149,0.347363,0.00382947
6,0.501464,0.0979002,0.518114,-0.00612456,0.348745,0.00383848
6,0.501385,0.097102,0.517543,-0.00612765,0.350128,0.00384749
6,0.501307,0.0963038,0.516973,-0.00613075,0.35151,0.00385651
6,0.501228,0.0955056,0.516403,-0.00613387,0.352891,0.00386553
6,0.501149,0.0947074,0.515833,-0.006137,0.354273,0.00387456
6,0.501071,0.0939091,0.515263,-0.00614014,0.355654,0.00388361
6,0.500992,0.0931109,0.514693,-0.0061433,0.357035,0.00389265
6,0.500914,0.0923127,0.514123,-0.00614648,0.358415,0.00390171
6,0.500835,0.0915145,0.513553,-0.00614966,0.359795,0.00391077
6,0.500757,0.0907162,0.512984,-0.00615287,0.361175,0.00391984
6,0.500679,0.089918,0.512414,-0.00615608,0.362555,0.00392892
6,0.5006,0.0891198,0.511845,-0.00615931,0.363934,0.003938
6,0.500522,0.0883216,0.511276,-0.00616256,0.365313,0.00394709
7,0.500522,0.0883216,0.511276,-0.00616256,0.365313,0.00394709
7,0.500522,0.0883216,0.511276,-0.00616256,0.365313,0.00394709
7,0.501122,0.0883215,0.511262,-0.00616082,0.364703,0.00394164
8,0.501122,0.0883215,0.511262,-0.00616082,0.364703,0.00394164
8,0.501027,0.087621,0.510587,-0.00616473,0.366353,0.00395441
8,0.500934,0.0869203,0.509913,-0.00616864,0.368002,0.0039653
8,0.500841,0.0862197,0.509238,-0.00617257,0.369651,0.0039762
8,0.500747,0.0855191,0.508564,-0.00617653,0.371299,0.00398711
8,0.500654,0.0848185,0.507889,-0.0061805,0.372947,0.00399804
8,0.500561,0.0841178,0.507215,-0.0061845,0.374595,0.00400897
8,0.500468,0.0834172,0.506541,-0.00618852,0.376242,0.00401992
8,0.500375,0.0827166,0.505867,-0.00619255,0.377889,0.00403088
8,0.500282,0.082016,0.505194,-0.00619661,0.379535,0.00404185
8,0.500189,0.0813153,0.50452,-0.00620069,0.381181,0.00405284
8,0.500097,0.0806147,0.503847,-0.00620479,0.382827,0.00406383
8,0.500004,0.0799141,0.503173,-0.00620892,0.384472,0.00407484
8,0.499912,0.0792134,0.5025,-0.00621306,0.386117,0.00408586
8,0.499819,0.0785128,0.501827,-0.00621723,0.387762,0.00409689
8,0.499727,0.0778122,0.501154,-0.00622141,0.389406,0.00410794
8,0.499634,0.0771115,0.500482,-0.00622562,0.39105,0.00411899
8,0.499542,0.0764109,0.499809,-0.00622985,0.392693,0.00413006
8,0.49945,0.0757103,0.499137,-0.0062341,0.394336,0.00414114
8,0.499358,0.0750096,0.498464,-0.00623838,0.395979,0.00415224
8,0.499266,0.074309,0.497792,-0.00624267,0.397621,0.00416334
8,0.499174,0.0736083,0.49712,-0.00624699,0.399262,0.00417446
8,0.499083,0.0729077,0.496448,-0.00625133,0.400903,0.00418559
8,0.498991,0.0722071,0.495777,-0.00625568,0.402544,0.00419673
8,0.498899,0.0715064,0.495105,-0.00626007,0.404184,0.00420788
8,0.498808,0.0708058,0.494434,-0.00626447,0.405824,0.00421905
8,0.498717,0.0701051,0.493762,-0.00626889,0.407463,0.00423023
8,0.498625,0.0694045,0.493091,-0.00627334,0.409102,0.00424142
8,0.498534,0.0687039,0.49242,-0.00627781,0.41074,0.00425263
8,0.498443,0.0680032,0.491749,-0.0062823,0.412377,0.00426384
8,0.498352,0.0673026,0.491079,-0.00628681,0.414015,0.00427507
8,0.498261,0.0666019,0.490408,-0.00629134,0.415651,0.00428631
8,0.49817,0.0659013,0.489738,-0.0062959,0.417287,0.00429757
8,0.498079,0.0652006,0.489067,-0.00630047,0.418923,0.00430883
8,0.497989,0.0645,0.488397,-0.00630507,0.420558,0.00432011
8,0.497898,0.0637993,0.487727,-0.00630969,0.422192,0.0043314
8,0.497808,0.0630987,0.487057,-0.00631434,0.423826,0.00434271
8,0.497718,0.062398,0.486387,-0.006319,0.425459,0.00435403
8,0.497627,0.0616974,0.485717,-0.00632369,0.427092,0.00436536
8,0.497537,0.0609967,0.485048,-0.0063284,0.428724,0.0043767
8,0.497447,0.0602961,0.484379,-0.00633313,0.430355,0.00438805
8,0.497357,0.0595954,0.483709,-0.00633789,0.431986,0.00439942
8,0.497267,0.0588948,0.48304,-0.00634266,0.433616,0.0044108
8,0.497178,0.0581941,0.482371,-0.00634746,0.435246,0.0044222
8,0.497088,0.0574935,0.481702,-0.00635228,0.436875,0.0044336
8,0.496999,0.0567928,0.481033,-0.00635712,0.438503,0.00444502
8,0.496909,0.0560921,0.480365,-0.00636199,0.440131,0.00445645
8,0.49682,0.0553915,0.479696,-0.00636687,0.441758,0.0044679
8,0.496731,0.0546908,0.479028,-0.00637178,0.443384,0.00447935
8,0.496642,0.0539902,0.47836,-0.00637672,0.445009,0.00449082
8,0.496553,0.0532895,0.477692,-0.00638167,0.446634,0.0045023
8,0.496464,0.0525888,0.477024,-0.00638665,0.448258,0.0045138
8,0.496375,0.0518882,0.476356,-0.00639165,0.449881,0.00452531
8,0.496286,0.0511875,0.475688,-0.00639667,0.451504,0.00453683
8,0.496198,0.0504868,0.47502,-0.00640171,0.453126,0.00454836
8,0.496109,0.0497862,0.474353,-0.00640678,0.454747,0.00455991
8,0.496021,0.0490855,0.473685,-0.00641187,0.456367,0.00457147
8,0.495933,0.0483848,0.473018,-0.00641698,0.457987,0.00458304
8,0.495845,0.0476842,0.472351,-0.00642211,0.459605,0.00459462
8,0.495757,0.0469835,0.471684,-0.00642727,0.461223,0.00460622
8,0.495669,0.0462828,0.471017,-0.00643244,0.462841,0.00461783
8,0.495581,0.0455822,0.47035,-0.00643764,0.464457,0.00462946
8,0.495493,0.0448815,0.469684,-0.00644287,0.466072,0.00464109
8,0.495406,0.0441808,0.469017,-0.00644811,0.467687,0.00465274
8,0.495319,0.0434802,0.468351,-0.00645338,0.4693,0.0046644
8,0.495231,0.0427795,0.467684,-0.00645867,0.470913,0.00467608
8,0.495144,0.0420788,0.467018,-0.00646399,0.472525,0.00468776
8,0.495057,0.0413781,0.466352,-0.00646932,0.474136,0.00469946
8,0.49497,0.0406775,0.465686,-0.00647468,0.475746,0.00471117
8,0.494883,0.0399768,0.46502,-0.00648006,0.477356,0.0047229
8,0.494797,0.0392761,0.464355,-0.00648547,0.478964,0.00473464
8,0.49471,0.0385754,0.463689,-0.0064909,0.480571,0.00474639
8,0.494624,0.0378747,0.463023,-0.00649634,0.482177,0.00475815
8,0.494537,0.0371741,0.462358,-0.00650182,0.483783,0.00476993
8,0.494451,0.0364734,0.461693,-0.00650731,0.485387,0.00478171
8,0.494365,0.0357727,0.461028,-0.00651283,0.486991,0.00479351
8,0.494279,0.035072,0.460363,-0.00651837,0.488593,0.00480533
8,0.494194,0.0343713,0.459698,-0.00652393,0.490194,0.00481715
8,0.494108,0.0336706,0.459033,-0.00652951,0.491794,0.00482899
8,0.494022,0.0329699,0.458368,-0.00653512,0.493394,0.00484084
8,0.493937,0.0322693,0.457703,-0.00654075,0.494992,0.00485271
8,0.493852,0.0315686,0.457039,-0.0065464,0.496589,0.00486458
8,0.493767,0.0308679,0.456374,-0.00655208,0.498185,0.00487647
8,0.493682,0.0301672,0.45571,-0.00655778,0.49978,0.00488837
8,0.493597,0.0294665,0.455046,-0.0065635,0.501373,0.00490028
8,0.493512,0.0287658,0.454382,-0.00656924,0.502966,0.00491221
8,0.493427,0.0280651,0.453718,-0.00657501,0.504558,0.00492415
8,0.493343,0.0273644,0.453054,-0.0065808,0.506148,0.0049361
8,0.493259,0.0266637,0.45239,-0.00658661,0.507737,0.00494806
8,0.493174,0.025963,0.451726,-0.00659244,0.509325,0.00496003
8,0.49309,0.0252623,0.451063,-0.0065983,0.510912,0.00497202
8,0.493006,0.0245616,0.450399,-0.00660417,0.512497,0.00498402
8,0.492923,0.0238609,0.449736,-0.00661007,0.514081,0.00499603
8,0.492839,0.0231602,0.449072,-0.006616,0.515664,0.00500805
8,0.492755,0.0224595,0.448409,-0.00662194,0.517246,0.00502008
8,0.492672,0.0217588,0.447746,-0.00662791,0.518827,0.00503213
8,0.492589,0.0210581,0.447083,-0.0066339,0.520406,0.00504419
8,0.492506,0.0203574,0.44642,-0.00663992,0.521984,0.00505626
8,0.492423,0.0196567,0.445757,-0.00664595,0.52356,0.00506834
8,0.49234,0.018956,0.445094,-0.00665201,0.525135,0.00508043
8,0.492258,0.0182553,0.444432,-0.00665809,0.526709,0.00509254
8,0.492175,0.0175546,0.443769,-0.00666419,0.528282,0.00510466
8,0.492093,0.0168539,0.443106,-0.00667032,0.529853,0.00511678
8,0.492011,0.0161532,0.442444,-0.00667646,0.531422,0.00512892
8,0.491929,0.0154525,0.441782,-0.00668263,0.532991,0.00514108
8,0.491847,0.0147518,0.441119,-0.00668882,0.534558,0.00515324
8,0.491765,0.014051,0.440457,-0.00669504,0.536123,0.00516541
8,0.491683,0.0133503,0.439795,-0.00670127,0.537687,0.0051776
8,0.491602,0.0126496,0.439133,-0.00670753,0.539249,0.00518979
8,0.491521,0.0119489,0.438471,-0.00671381,0.54081,0.005202
8,0.49144,0.0112482,0.437809,-0.00672011,0.54237,0.00521422
8,0.491359,0.0105475,0.437148,-0.00672644,0.543928,0.00522645
8,0.491278,0.00984674,0.436486,-0.00673278,0.545484,0.00523869
8,0.491197,0.00914602,0.435824,-0.00673915,0.547039,0.00525094
8,0.491117,0.0084453,0.435163,-0.00674554,0.548592,0.00526321
8,0.491036,0.00774458,0.434501,-0.00675195,0.550144,0.00527548
8,0.490956,0.00704386,0.43384,-0.00675839,0.551694,0.00528776
8,0.490876,0.00634313,0.433179,-0.00676484,0.553243,0.00530006
8,0.490796,0.00564241,0.432517,-0.00677132,0.554789,0.00531236
8,0.490717,0.00494168,0.431856,-0.00677782,0.556335,0.00532468
8,0.490637,0.00424095,0.431195,-0.00678434,0.557878,0.005337
8,0.490558,0.00354022,0.430534,-0.00679088,0.55942,0.00534934
8,0.490479,0.00283949,0.429873,-0.00679744,0.56096,0.00536169
8,0.4904,0.00213876,0.429212,-0.00680403,0.562498,0.00537404
8,0.490321,0.00143803,0.428551,-0.00681064,0.564035,0.00538641
8,0.490242,0.000737299,0.42789,-0.00681726,0.56557,0.00539878
8,0.490163,3.65649e-05,0.42723,-0.00682391,0.567103,0.00541117
8,0.490085,-0.00066417,0.426569,-0.00683058,0.568634,0.00542357
8,0.490007,-0.00136491,0.425908,-0.00683727,0.570164,0.00543597
8,0.489929,-0.00206564,0.425248,-0.00684399,0.571692,0.00544839
8,0.489851,-0.00276638,0.424587,-0.00685072,0.573217,0.00546081
8,0.489773,-0.00346712,0.423927,-0.00685748,0.574741,0.00547324
8,0.489696,-0.00416786,0.423267,-0.00686425,0.576264,0.00548569
8,0.489619,-0.0048686,0.422606,-0.00687105,0.577784,0.00549814
8,0.489541,-0.00556934,0.421946,-0.00687786,0.579302,0.0055106
8,0.489464,-0.00627009,0.421286,-0.0068847,0.580819,0.00552307
8,0.489388,-0.00697083,0.420626,-0.00689156,0.582333,0.00553555
8,0.489311,-0.00767158,0.419966,-0.00689844,0.583846,0.00554804
8,0.489234,-0.00837233,0.419306,-0.00690534,0.585356,0.00556053
8,0.489158,-0.00907307,0.418646,-0.00691226,0.586865,0.00557304
8,0.489082,-0.00977382,0.417986,-0.0069192,0.588371,0.00558555
8,0.489006,-0.0104746,0.417326,-0.00692616,0.589876,0.00559807
8,0.48893,-0.0111753,0.416666,-0.00693314,0.591378,0.0056106
8,0.488855,-0.0118761,0.416006,-0.00694014,0.592878,0.00562314
8,0.488779,-0.0125768,0.415346,-0.00694716,0.594377,0.00563568
8,0.488704,-0.0132776,0.414686,-0.0069542,0.595873,0.00564824
8,0.488629,-0.0139783,0.414027,-0.00696127,0.597367,0.0056608
8,0.488554,-0.0146791,0.413367,-0.00696835,0.598859,0.00567336
8,0.48848,-0.0153799,0.412707,-0.00697545,0.600348,0.00568594
8,0.488405,-0.0160806,0.412048,-0.00698257,0.601836,0.00569852
8,0.488331,-0.0167814,0.411388,-0.0069897,0.603321,0.00571111
8,0.488257,-0.0174821,0.410729,-0.00699686,0.604805,0.00572371
8,0.488183,-0.0181829,0.410069,-0.00700404,0.606285,0.00573631
8,0.488109,-0.0188837,0.40941,-0.00701124,0.607764,0.00574892
8,0.488036,-0.0195844,0.40875,-0.00701845,0.60924,0.00576154
8,0.487962,-0.0202852,0.408091,-0.00702569,0.610715,0.00577416
8,0.487889,-0.020986,0.407432,-0.00703294,0.612186,0.00578679
8,0.487816,-0.0216867,0.406772,-0.00704021,0.613656,0.00579943
8,0.487744,-0.0223875,0.406113,-0.0070475,0.615123,0.00581207
8,0.487671,-0.0230883,0.405454,-0.00705481,0.616588,0.00582472
9,0.487671,-0.0230883,0.405454,-0.00705481,0.616588,0.00582472
9,0.487671,-0.0230883,0.405454,-0.00705481,0.616588,0.00582472
9,0.488628,-0.0230879,0.4054,-0.00704684,0.615074,0.0058133
9,0.489586,-0.0230883,0.405347,-0.00703944,0.613556,0.00579938
9,0.490544,-0.0230887,0.405294,-0.00703199,0.612035,0.00578589
10,0.490544,-0.0230887,0.405294,-0.00703199,0.612035,0.00578589
10,0.49049,-0.0221728,0.404942,-0.00703638,0.61309,0.00579287
10,0.490438,-0.0212569,0.404589,-0.0070416,0.614141,0.0058019
10,0.490386,-0.0203409,0.404235,-0.00704681,0.615188,0.00581092
10,0.490334,-0.019425,0.403882,-0.00705203,0.616232,0.00581993
10,0.490283,-0.018509,0.403529,-0.00705724,0.617273,0.00582893
10,0.490232,-0.0175931,0.403176,-0.00706246,0.618311,0.00583792
10,0.49018,-0.0166771,0.402822,-0.00706768,0.619347,0.0058469
10,0.490129,-0.0157611,0.402469,-0.00707289,0.620379,0.00585586
10,0.490079,-0.0148452,0.402116,-0.00707811,0.621409,0.00586481
10,0.490028,-0.0139292,0.401762,-0.00708333,0.622435,0.00587375
10,0.489977,-0.0130133,0.401409,-0.00708855,0.623459,0.00588268
10,0.489927,-0.0120973,0.401055,-0.00709377,0.624481,0.0058916
10,0.489877,-0.0111814,0.400702,-0.007099,0.625499,0.00590051
10,0.489827,-0.0102655,0.400348,-0.00710422,0.626515,0.00590941
10,0.489777,-0.00934951,0.399994,-0.00710944,0.627528,0.00591829
10,0.489728,-0.00843357,0.39964,-0.00711467,0.628538,0.00592717
10,0.489678,-0.00751762,0.399287,-0.00711989,0.629546,0.00593604
10,0.489629,-0.00660168,0.398933,-0.00712512,0.630551,0.00594489
10,0.48958,-0.00568574,0.398579,-0.00713035,0.631553,0.00595374
10,0.489531,-0.0047698,0.398225,-0.00713558,0.632553,0.00596257
10,0.489482,-0.00385386,0.397871,-0.00714081,0.633551,0.0059714
10,0.489433,-0.00293792,0.397517,-0.00714604,0.634545,0.00598021
10,0.489385,-0.00202198,0.397163,-0.00715128,0.635537,0.00598902
10,0.489337,-0.00110604,0.396809,-0.00715651,0.636527,0.00599782
10,0.489288,-0.000190102,0.396455,-0.00716175,0.637514,0.0060066
10,0.48924,0.000725834,0.396101,-0.00716699,0.638499,0.00601538
10,0.489192,0.00164177,0.395746,-0.00717223,0.639481,0.00602415
10,0.489145,0.0025577,0.395392,-0.00717747,0.640461,0.00603291
10,0.489097,0.00347364,0.395038,-0.00718271,0.641439,0.00604166
10,0.48905,0.00438957,0.394684,-0.00718796,0.642414,0.00605041
10,0.489003,0.0053055,0.394329,-0.0071932,0.643386,0.00605914
10,0.488955,0.00622143,0.393975,-0.00719845,0.644357,0.00606787
10,0.488909,0.00713737,0.39362,-0.0072037,0.645325,0.00607658
10,0.488862,0.00805329,0.393266,-0.00720896,0.64629,0.00608529
10,0.488815,0.00896922,0.392911,-0.00721421,0.647254,0.006094
10,0.488769,0.00988515,0.392557,-0.00721946,0.648215,0.00610269
10,0.488722,0.0108011,0.392202,-0.00722472,0.649174,0.00611138
10,0.488676,0.011717,0.391847,-0.00722998,0.650131,0.00612006
10,0.48863,0.0126329,0.391493,-0.00723524,0.651085,0.00612873
10,0.488584,0.0135489,0.391138,-0.00724051,0.652037,0.00613739
10,0.488538,0.0144648,0.390783,-0.00724577,0.652987,0.00614605
10,0.488492,0.0153807,0.390429,-0.00725104,0.653935,0.0061547
10,0.488447,0.0162966,0.390074,-0.00725631,0.654881,0.00616334
10,0.488401,0.0172126,0.389719,-0.00726159,0.655825,0.00617198
10,0.488356,0.0181285,0.389364,-0.00726686,0.656767,0.00618061
10,0.488311,0.0190444,0.389009,-0.00727214,0.657706,0.00618923
10,0.488266,0.0199603,0.388654,-0.00727742,0.658644,0.00619784
10,0.488221,0.0208762,0.388299,-0.0072827,0.659579,0.00620645
10,0.488176,0.0217922,0.387944,-0.00728799,0.660512,0.00621506
10,0.488132,0.0227081,0.387589,-0.00729328,0.661444,0.00622366
10,0.488087,0.023624,0.387234,-0.00729857,0.662373,0.00623225
10,0.488043,0.0245399,0.386879,-0.00730386,0.6633,0.00624083
10,0.487999,0.0254558,0.386524,-0.00730915,0.664226,0.00624941
10,0.487954,0.0263717,0.386168,-0.00731445,0.665149,0.00625799
10,0.48791,0.0272877,0.385813,-0.00731975,0.666071,0.00626656
10,0.487867,0.0282036,0.385458,-0.00732506,0.666991,0.00627512
10,0.487823,0.0291195,0.385103,-0.00733037,0.667908,0.00628368
10,0.487779,0.0300354,0.384747,-0.00733568,0.668824,0.00629223
10,0.487736,0.0309513,0.384392,-0.00734099,0.669738,0.00630078
10,0.487692,0.0318672,0.384037,-0.00734631,0.67065,0.00630932
10,0.487649,0.0327831,0.383681,-0.00735162,0.671561,0.00631786
10,0.487606,0.033699,0.383326,-0.00735695,0.672469,0.0063264
10,0.487563,0.034615,0.38297,-0.00736227,0.673376,0.00633492
10,0.48752,0.0355309,0.382615,-0.0073676,0.674281,0.00634345
10,0.487477,0.0364468,0.382259,-0.00737293,0.675184,0.00635197
10,0.487434,0.0373627,0.381904,-0.00737827,0.676085,0.00636049
10,0.487392,0.0382786,0.381548,-0.00738361,0.676985,0.006369
10,0.487349,0.0391945,0.381192,-0.00738895,0.677883,0.0063775
10,0.487307,0.0401104,0.380837,-0.00739429,0.678779,0.00638601
10,0.487265,0.0410263,0.380481,-0.00739964,0.679673,0.00639451
10,0.487223,0.0419422,0.380125,-0.007405,0.680566,0.006403
10,0.487181,0.0428581,0.37977,-0.00741035,0.681457,0.0064115
10,0.487139,0.043774,0.379414,-0.00741571,0.682347,0.00641999
10,0.487097,0.0446899,0.379058,-0.00742107,0.683235,0.00642847
10,0.487055,0.0456058,0.378702,-0.00742644,0.684121,0.00643695
10,0.487014,0.0465217,0.378347,-0.00743181,0.685006,0.00644543
10,0.486972,0.0474376,0.377991,-0.00743719,0.685888,0.00645391
10,0.486931,0.0483535,0.377635,-0.00744257,0.68677,0.00646238
10,0.486889,0.0492694,0.377279,-0.00744795,0.68765,0.00647085
10,0.486848,0.0501853,0.376923,-0.00745333,0.688528,0.00647932
10,0.486807,0.0511012,0.376567,-0.00745873,0.689405,0.00648778
10,0.486766,0.0520171,0.376211,-0.00746412,0.69028,0.00649624
10,0.486725,0.052933,0.375855,-0.00746952,0.691153,0.0065047
10,0.486685,0.0538489,0.375499,-0.00747492,0.692026,0.00651316
10,0.486644,0.0547648,0.375143,-0.00748033,0.692896,0.00652161
10,0.486603,0.0556807,0.374787,-0.00748574,0.693765,0.00653006
10,0.486563,0.0565966,0.374431,-0.00749115,0.694633,0.00653851
10,0.486523,0.0575125,0.374075,-0.00749657,0.695499,0.00654696
10,0.486482,0.0584284,0.373719,-0.007502,0.696364,0.00655541
10,0.486442,0.0593443,0.373363,-0.00750742,0.697227,0.00656385
10,0.486402,0.0602602,0.373006,-0.00751286,0.698089,0.00657229
10,0.486362,0.0611761,0.37265,-0.00751829,0.698949,0.00658073
10,0.486322,0.062092,0.372294,-0.00752374,0.699808,0.00658917
10,0.486282,0.0630079,0.371938,-0.00752918,0.700666,0.00659761
10,0.486243,0.0639238,0.371582,-0.00753463,0.701522,0.00660604
10,0.486203,0.0648397,0.371225,-0.00754009,0.702377,0.00661448
10,0.486163,0.0657556,0.370869,-0.00754555,0.703231,0.00662291
10,0.486124,0.0666715,0.370513,-0.00755101,0.704083,0.00663134
10,0.486085,0.0675873,0.370156,-0.00755648,0.704934,0.00663978
10,0.486045,0.0685032,0.3698,-0.00756196,0.705783,0.0066482
10,0.486006,0.0694191,0.369444,-0.00756743,0.706631,0.00665663
10,0.485967,0.070335,0.369087,-0.00757292,0.707478,0.00666506
10,0.485928,0.0712509,0.368731,-0.00757841,0.708323,0.00667349
10,0.485889,0.0721668,0.368374,-0.0075839,0.709168,0.00668192
10,0.48585,0.0730827,0.368018,-0.0075894,0.710011,0.00669034
10,0.485812,0.0739986,0.367662,-0.0075949,0.710852,0.00669877
10,0.485773,0.0749145,0.367305,-0.00760041,0.711693,0.00670719
10,0.485734,0.0758303,0.366949,-0.00760593,0.712532,0.00671562
10,0.485696,0.0767462,0.366592,-0.00761145,0.71337,0.00672404
10,0.485658,0.0776621,0.366236,-0.00761697,0.714206,0.00673247
10,0.485619,0.078578,0.365879,-0.0076225,0.715042,0.00674089
10,0.485581,0.0794939,0.365522,-0.00762803,0.715876,0.00674931
10,0.485543,0.0804098,0.365166,-0.00763357,0.716709,0.00675774
10,0.485505,0.0813256,0.364809,-0.00763912,0.717541,0.00676616
10,0.485467,0.0822415,0.364453,-0.00764467,0.718372,0.00677459
10,0.485429,0.0831574,0.364096,-0.00765023,0.719201,0.00678301
10,0.485391,0.0840733,0.363739,-0.00765579,0.720029,0.00679143
10,0.485354,0.0849892,0.363383,-0.00766135,0.720856,0.00679986
10,0.485316,0.0859051,0.363026,-0.00766693,0.721682,0.00680828
10,0.485278,0.0868209,0.362669,-0.0076725,0.722507,0.00681671
10,0.485241,0.0877368,0.362313,-0.00767809,0.723331,0.00682514
10,0.485203,0.0886527,0.361956,-0.00768368,0.724153,0.00683356
10,0.485166,0.0895686,0.361599,-0.00768927,0.724975,0.00684199
10,0.485129,0.0904845,0.361243,-0.00769487,0.725795,0.00685042
10,0.485092,0.0914003,0.360886,-0.00770048,0.726614,0.00685885
10,0.485055,0.0923162,0.360529,-0.00770609,0.727432,0.00686728
10,0.485018,0.0932321,0.360172,-0.00771171,0.728249,0.00687571
10,0.484981,0.094148,0.359815,-0.00771733,0.729065,0.00688415
10,0.484944,0.0950639,0.359459,-0.00772296,0.72988,0.00689258
10,0.484907,0.0959797,0.359102,-0.0077286,0.730693,0.00690101
10,0.48487,0.0968956,0.358745,-0.00773424,0.731506,0.00690945
10,0.484834,0.0978115,0.358388,-0.00773988,0.732318,0.00691789
10,0.484797,0.0987274,0.358031,-0.00774554,0.733128,0.00692633
10,0.484761,0.0996432,0.357674,-0.0077512,0.733938,0.00693477
10,0.484724,0.100559,0.357318,-0.00775686,0.734746,0.00694321
10,0.484688,0.101475,0.356961,-0.00776253,0.735553,0.00695165
10,0.484651,0.102391,0.356604,-0.00776821,0.73636,0.00696009
10,0.484615,0.103307,0.356247,-0.00777389,0.737165,0.00696854
10,0.484579,0.104223,0.35589,-0.00777958,0.737969,0.00697699
10,0.484543,0.105138,0.355533,-0.00778528,0.738773,0.00698544
10,0.484507,0.106054,0.355176,-0.00779098,0.739575,0.00699389
10,0.484471,0.10697,0.354819,-0.00779669,0.740376,0.00700234
10,0.484435,0.107886,0.354462,-0.0078024,0.741177,0.0070108
10,0.4844,0.108802,0.354105,-0.00780812,0.741976,0.00701926
10,0.484364,0.109718,0.353748,-0.00781385,0.742774,0.00702771
10,0.484328,0.110634,0.353391,-0.00781958,0.743572,0.00703617
10,0.484293,0.11155,0.353034,-0.00782532,0.744368,0.00704464
10,0.484257,0.112465,0.352677,-0.00783107,0.745163,0.0070531
10,0.484222,0.113381,0.35232,-0.00783682,0.745958,0.00706157
10,0.484186,0.114297,0.351963,-0.00784258,0.746751,0.00707004
10,0.484151,0.115213,0.351606,-0.00784835,0.747544,0.00707851
10,0.484116,0.116129,0.351248,-0.00785412,0.748335,0.00708699
10,0.484081,0.117045,0.350891,-0.0078599,0.749126,0.00709546
10,0.484046,0.117961,0.350534,-0.00786568,0.749916,0.00710394
10,0.484011,0.118877,0.350177,-0.00787147,0.750704,0.00711242
10,0.483976,0.119792,0.34982,-0.00787727,0.751492,0.00712091
10,0.483941,0.120708,0.349463,-0.00788308,0.752279,0.00712939
10,0.483906,0.121624,0.349106,-0.00788889,0.753065,0.00713788
10,0.483871,0.12254,0.348749,-0.0078947,0.75385,0.00714637
10,0.483837,0.123456,0.348391,-0.00790053,0.754634,0.00715487
10,0.483802,0.124372,0.348034,-0.00790636,0.755417,0.00716336
10,0.483767,0.125288,0.347677,-0.0079122,0.7562,0.00717186
10,0.483733,0.126203,0.34732,-0.00791804,0.756981,0.00718037
10,0.483698,0.127119,0.346963,-0.00792389,0.757762,0.00718887
10,0.483664,0.128035,0.346605,-0.00792975,0.758541,0.00719738
10,0.48363,0.128951,0.346248,-0.00793561,0.75932,0.00720589
10,0.483596,0.129867,0.345891,-0.00794149,0.760098,0.0072144
10,0.483561,0.130783,0.345533,-0.00794736,0.760875,0.00722292
10,0.483527,0.131699,0.345176,-0.00795325,0.761651,0.00723144
10,0.483493,0.132615,0.344819,-0.00795914,0.762426,0.00723996
10,0.483459,0.13353,0.344462,-0.00796504,0.7632,0.00724848
10,0.483425,0.134446,0.344104,-0.00797094,0.763974,0.00725701
10,0.483392,0.135362,0.343747,-0.00797686,0.764746,0.00726554
10,0.483358,0.136278,0.34339,-0.00798277,0.765518,0.00727408
10,0.483324,0.137194,0.343032,-0.0079887,0.766289,0.00728262
10,0.48329,0.13811,0.342675,-0.00799463,0.767059,0.00729116
10,0.483257,0.139026,0.342318,-0.00800057,0.767828,0.0072997
10,0.483223,0.139941,0.34196,-0.00800652,0.768596,0.00730825
10,0.48319,0.140857,0.341603,-0.00801247,0.769363,0.0073168
10,0.483156,0.141773,0.341245,-0.00801843,0.77013,0.00732535
10,0.483123,0.142689,0.340888,-0.0080244,0.770896,0.0073339
10,0.48309,0.143605,0.340531,-0.00803037,0.77166,0.00734246
11,0.48309,0.143605,0.340531,-0.00803037,0.77166,0.00734246
11,0.48309,0.143605,0.340531,-0.00803037,0.77166,0.00734246
11,0.482867,0.143605,0.340544,-0.00803303,0.771985,0.00734744
12,0.482867,0.143605,0.340544,-0.00803303,0.771985,0.00734744
12,0.482911,0.144476,0.34099,-0.00802508,0.770962,0.0073372
12,0.482956,0.145347,0.341436,-0.0080171,0.769937,0.00732574
12,0.483,0.146218,0.341882,-0.00800913,0.76891,0.00731429
12,0.483045,0.147089,0.342327,-0.00800118,0.767882,0.00730285
12,0.48309,0.147959,0.342773,-0.00799325,0.766854,0.00729143
12,0.483135,0.14883,0.343219,-0.00798534,0.765824,0.00728002
12,0.48318,0.149701,0.343665,-0.00797744,0.764794,0.00726862
12,0.483225,0.150572,0.34411,-0.00796956,0.763762,0.00725723
12,0.483271,0.151443,0.344556,-0.00796169,0.76273,0.00724585
12,0.483316,0.152314,0.345002,-0.00795385,0.761696,0.00723449
12,0.483362,0.153185,0.345448,-0.00794602,0.760662,0.00722313
12,0.483407,0.154055,0.345894,-0.0079382,0.759627,0.00721179
12,0.483453,0.154926,0.346339,-0.00793041,0.758591,0.00720047
12,0.483498,0.155797,0.346785,-0.00792263,0.757554,0.00718915
12,0.483544,0.156668,0.347231,-0.00791486,0.756516,0.00717785
12,0.48359,0.157539,0.347677,-0.00790712,0.755478,0.00716656
12,0.483636,0.15841,0.348123,-0.00789939,0.754438,0.00715528
12,0.483682,0.159281,0.348569,-0.00789168,0.753398,0.00714402
12,0.483728,0.160152,0.349015,-0.00788399,0.752357,0.00713277
12,0.483774,0.161022,0.349461,-0.00787631,0.751314,0.00712153
12,0.483821,0.161893,0.349906,-0.00786866,0.750272,0.00711031
12,0.483867,0.162764,0.350352,-0.00786102,0.749228,0.0070991
12,0.483914,0.163635,0.350798,-0.00785339,0.748183,0.0070879
12,0.48396,0.164506,0.351244,-0.00784579,0.747138,0.00707671
12,0.484007,0.165377,0.35169,-0.0078382,0.746092,0.00706554
12,0.484053,0.166248,0.352136,-0.00783063,0.745045,0.00705438
12,0.4841,0.167118,0.352582,-0.00782308,0.743998,0.00704323
12,0.484147,0.167989,0.353028,-0.00781554,0.742949,0.0070321
12,0.484194,0.16886,0.353474,-0.00780802,0.7419,0.00702098
12,0.484241,0.169731,0.35392,-0.00780052,0.74085,0.00700988
12,0.484288,0.170602,0.354367,-0.00779304,0.7398,0.00699879
12,0.484335,0.171473,0.354813,-0.00778558,0.738748,0.00698771
12,0.484382,0.172344,0.355259,-0.00777813,0.737696,0.00697664
12,0.48443,0.173215,0.355705,-0.0077707,0.736643,0.00696559
12,0.484477,0.174085,0.356151,-0.00776329,0.73559,0.00695455
12,0.484525,0.174956,0.356597,-0.0077559,0.734536,0.00694353
12,0.484572,0.175827,0.357044,-0.00774853,0.733481,0.00693252
12,0.48462,0.176698,0.35749,-0.00774117,0.732425,0.00692152
12,0.484667,0.177569,0.357936,-0.00773383,0.731369,0.00691054
12,0.484715,0.17844,0.358382,-0.00772651,0.730312,0.00689957
12,0.484763,0.179311,0.358829,-0.0077192,0.729255,0.00688862
12,0.484811,0.180181,0.359275,-0.00771192,0.728197,0.00687768
12,0.484859,0.181052,0.359721,-0.00770465,0.727138,0.00686675
12,0.484907,0.181923,0.360168,-0.0076974,0.726078,0.00685584
12,0.484955,0.182794,0.360614,-0.00769017,0.725018,0.00684494
13,0.484955,0.182794,0.360614,-0.00769017,0.725018,0.00684494
13,0.484955,0.182794,0.360614,-0.00769017,0.725018,0.00684494
13,0.485085,0.182794,0.360607,-0.00768884,0.724843,0.00684171
14,0.485085,0.182794,0.360607,-0.00768884,0.724843,0.00684171
14,0.485058,0.181826,0.360383,-0.00769271,0.725402,0.00684822
14,0.485033,0.180858,0.360159,-0.00769651,0.725959,0.00685394
14,0.485008,0.17989,0.359936,-0.00770031,0.726516,0.00685967
14,0.484983,0.178923,0.359712,-0.00770412,0.727073,0.00686541
14,0.484957,0.177955,0.359488,-0.00770794,0.727629,0.00687114
14,0.484932,0.176987,0.359264,-0.00771176,0.728185,0.00687688
14,0.484907,0.176019,0.35904,-0.00771558,0.72874,0.00688262
14,0.484882,0.175051,0.358816,-0.0077194,0.729295,0.00688836
14,0.484857,0.174083,0.358592,-0.00772323,0.72985,0.0068941
14,0.484832,0.173116,0.358369,-0.00772706,0.730405,0.00689984
14,0.484807,0.172148,0.358145,-0.0077309,0.730959,0.00690559
14,0.484782,0.17118,0.357921,-0.00773474,0.731512,0.00691134
14,0.484757,0.170212,0.357697,-0.00773858,0.732065,0.00691709
14,0.484732,0.169244,0.357473,-0.00774243,0.732618,0.00692284
14,0.484707,0.168276,0.357249,-0.00774628,0.733171,0.00692859
14,0.484682,0.167309,0.357025,-0.00775013,0.733723,0.00693434
14,0.484657,0.166341,0.356801,-0.00775399,0.734274,0.0069401
14,0.484632,0.165373,0.356578,-0.00775785,0.734826,0.00694585
14,0.484607,0.164405,0.356354,-0.00776171,0.735376,0.00695161
14,0.484583,0.163437,0.35613,-0.00776558,0.735927,0.00695737
14,0.484558,0.162469,0.355906,-0.00776944,0.736477,0.00696313
14,0.484533,0.161502,0.355682,-0.00777332,0.737026,0.00696889
14,0.484508,0.160534,0.355458,-0.00777719,0.737575,0.00697465
14,0.484484,0.159566,0.355234,-0.00778107,0.738124,0.00698042
14,0.484459,0.158598,0.35501,-0.00778495,0.738672,0.00698618
14,0.484435,0.15763,0.354786,-0.00778884,0.73922,0.00699195
14,0.48441,0.156662,0.354562,-0.00779272,0.739767,0.00699771
14,0.484386,0.155695,0.354338,-0.00779661,0.740314,0.00700348
14,0.484361,0.154727,0.354115,-0.0078005,0.74086,0.00700925
14,0.484337,0.153759,0.353891,-0.0078044,0.741405,0.00701501
14,0.484312,0.152791,0.353667,-0.0078083,0.741951,0.00702078
14,0.484288,0.151823,0.353443,-0.0078122,0.742495,0.00702655
14,0.484264,0.150855,0.353219,-0.0078161,0.74304,0.00703232
14,0.484239,0.149887,0.352995,-0.00782,0.743583,0.00703809
14,0.484215,0.14892,0.352771,-0.00782391,0.744126,0.00704386
14,0.484191,0.147952,0.352547,-0.00782782,0.744669,0.00704963
14,0.484167,0.146984,0.352323,-0.00783173,0.745211,0.00705539
14,0.484143,0.146016,0.352099,-0.00783565,0.745752,0.00706116
14,0.484118,0.145048,0.351875,-0.00783956,0.746293,0.00706693
14,0.484094,0.14408,0.351651,-0.00784348,0.746834,0.0070727
14,0.48407,0.143113,0.351427,-0.0078474,0.747373,0.00707847
14,0.484046,0.142145,0.351203,-0.00785133,0.747913,0.00708424
14,0.484022,0.141177,0.350978,-0.00785525,0.748451,0.00709
14,0.483998,0.140209,0.350754,-0.00785918,0.748989,0.00709577
14,0.483975,0.139241,0.35053,-0.00786311,0.749527,0.00710153
14,0.483951,0.138273,0.350306,-0.00786703,0.750063,0.0071073
14,0.483927,0.137306,0.350082,-0.00787097,0.7506,0.00711306
14,0.483903,0.136338,0.349858,-0.0078749,0.751135,0.00711882
14,0.483879,0.13537,0.349634,-0.00787883,0.75167,0.00712459
14,0.483856,0.134402,0.34941,-0.00788277,0.752204,0.00713035
14,0.483832,0.133434,0.349185,-0.00788671,0.752738,0.00713611
14,0.483808,0.132466,0.348961,-0.00789064,0.753271,0.00714186
14,0.483785,0.131499,0.348737,-0.00789458,0.753803,0.00714762
14,0.483761,0.130531,0.348513,-0.00789852,0.754335,0.00715337
14,0.483738,0.129563,0.348289,-0.00790247,0.754865,0.00715913
14,0.483714,0.128595,0.348064,-0.00790641,0.755396,0.00716488
14,0.483691,0.127627,0.34784,-0.00791035,0.755925,0.00717063
14,0.483668,0.126659,0.347616,-0.0079143,0.756454,0.00717637
14,0.483644,0.125691,0.347391,-0.00791824,0.756982,0.00718212
14,0.483621,0.124724,0.347167,-0.00792219,0.757509,0.00718786
14,0.483598,0.123756,0.346943,-0.00792613,0.758036,0.0071936
14,0.483575,0.122788,0.346718,-0.00793008,0.758561,0.00719934
14,0.483552,0.12182,0.346494,-0.00793403,0.759086,0.00720507
14,0.483529,0.120852,0.34627,-0.00793797,0.759611,0.0072108
14,0.483506,0.119884,0.346045,-0.00794192,0.760134,0.00721653
14,0.483483,0.118917,0.345821,-0.00794587,0.760657,0.00722226
14,0.48346,0.117949,0.345596,-0.00794982,0.761179,0.00722798
14,0.483437,0.116981,0.345372,-0.00795376,0.7617,0.0072337
14,0.483414,0.116013,0.345147,-0.00795771,0.76222,0.00723942
14,0.483391,0.115045,0.344923,-0.00796166,0.76274,0.00724513
14,0.483368,0.114077,0.344698,-0.00796561,0.763258,0.00725084
14,0.483346,0.113109,0.344474,-0.00796955,0.763776,0.00725655
14,0.483323,0.112142,0.344249,-0.0079735,0.764293,0.00726225
14,0.4833,0.111174,0.344024,-0.00797744,0.764809,0.00726795
14,0.483278,0.110206,0.3438,-0.00798139,0.765324,0.00727364
14,0.483255,0.109238,0.343575,-0.00798533,0.765838,0.00727933
14,0.483233,0.10827,0.34335,-0.00798928,0.766352,0.00728502
14,0.48321,0.107302,0.343126,-0.00799322,0.766864,0.0072907
14,0.483188,0.106335,0.342901,-0.00799716,0.767376,0.00729638
14,0.483166,0.105367,0.342676,-0.0080011,0.767886,0.00730205
14,0.483144,0.104399,0.342451,-0.00800504,0.768396,0.00730772
14,0.483121,0.103431,0.342226,-0.00800898,0.768905,0.00731338
14,0.483099,0.102463,0.342002,-0.00801291,0.769412,0.00731904
14,0.483077,0.101495,0.341777,-0.00801685,0.769919,0.00732469
14,0.483055,0.100527,0.341552,-0.00802078,0.770425,0.00733033
14,0.483033,0.0995596,0.341327,-0.00802471,0.77093,0.00733597
14,0.483011,0.0985918,0.341102,-0.00802864,0.771434,0.00734161
14,0.482989,0.0976239,0.340877,-0.00803256,0.771937,0.00734724
14,0.482967,0.0966561,0.340652,-0.00803649,0.772438,0.00735286
14,0.482946,0.0956882,0.340427,-0.00804041,0.772939,0.00735848
14,0.482924,0.0947204,0.340201,-0.00804433,0.773439,0.00736409
15,0.482924,0.0947204,0.340201,-0.00804433,0.773439,0.00736409
15,0.482924,0.0947204,0.340201,-0.00804433,0.773439,0.00736409
15,0.483087,0.0947204,0.340191,-0.00804248,0.77319,0.00736095
16,0.483087,0.0947204,0.340191,-0.00804248,0.77319,0.00736095
16,0.483,0.0946837,0.339298,-0.00805793,0.775176,0.00738339
16,0.482914,0.0946468,0.338405,-0.00807343,0.777157,0.00740586
16,0.482828,0.09461,0.337512,-0.00808901,0.779136,0.00742839
16,0.482743,0.0945732,0.336619,-0.00810521,0.781111,0.00745074
16,0.482658,0.0945363,0.335726,-0.00812093,0.783085,0.00747339
16,0.482574,0.0944995,0.334833,-0.00813672,0.785055,0.00749609
16,0.482489,0.0944627,0.333941,-0.00815314,0.787022,0.0075186
16,0.482405,0.0944258,0.333048,-0.00816907,0.788987,0.00754142
16,0.482321,0.094389,0.332155,-0.00818508,0.790949,0.00756429
16,0.482238,0.0943522,0.331263,-0.00820171,0.792908,0.00758698
16,0.482154,0.0943153,0.33037,-0.00821786,0.794864,0.00760997
16,0.482071,0.0942785,0.329477,-0.00823409,0.796817,0.00763301
16,0.481989,0.0942416,0.328585,-0.00825093,0.798767,0.00765587
16,0.481906,0.0942048,0.327692,-0.00826731,0.800714,0.00767903
16,0.481824,0.0941679,0.3268,-0.00828375,0.802659,0.00770225
16,0.481743,0.0941311,0.325907,-0.00830081,0.8046,0.00772528
16,0.481661,0.0940942,0.325015,-0.0083174,0.806539,0.00774862
16,0.48158,0.0940574,0.324123,-0.00833407,0.808474,0.00777201
16,0.481499,0.0940205,0.32323,-0.00835135,0.810407,0.00779521
16,0.481418,0.0939837,0.322338,-0.00836816,0.812336,0.00781873
16,0.481338,0.0939468,0.321446,-0.00838505,0.814263,0.0078423
16,0.481258,0.0939099,0.320553,-0.00840255,0.816186,0.00786568
16,0.481178,0.0938731,0.319661,-0.00841958,0.818107,0.00788937
16,0.481099,0.0938362,0.318769,-0.0084367,0.820024,0.00791313
