1,0.552694,-0.107428,0.765886,3.09125,2.14941,0.0453408
1,0.552695,-0.107491,0.765801,3.09009,2.14936,0.0458751
1,0.551657,-0.107493,0.765655,3.08987,2.14653,0.0461426
1,0.550622,-0.107496,0.765511,3.08964,2.14371,0.046411
1,0.54959,-0.107498,0.765371,3.08942,2.14095,0.0466785
1,0.548558,-0.1075,0.76523,3.08919,2.13819,0.0469462
1,0.547526,-0.107502,0.765089,3.08896,2.13545,0.0472153
2,0.547526,-0.107502,0.765089,3.08896,2.13545,0.0472153
2,0.547507,-0.108454,0.764764,3.08892,2.13491,0.0472657
2,0.54749,-0.109406,0.764439,3.08888,2.13438,0.0473182
2,0.547473,-0.110358,0.764114,3.08883,2.13385,0.0473704
2,0.547456,-0.11131,0.76379,3.08879,2.13332,0.0474223
2,0.547439,-0.112262,0.763466,3.08875,2.13281,0.0474738
2,0.547423,-0.113214,0.763142,3.0887,2.13229,0.047525
2,0.547406,-0.114166,0.762818,3.08866,2.13178,0.0475758
2,0.54739,-0.115118,0.762494,3.08862,2.13127,0.0476264
2,0.547374,-0.11607,0.762171,3.08857,2.13077,0.0476766
2,0.547357,-0.117022,0.761848,3.08853,2.13027,0.0477265
2,0.547342,-0.117974,0.761525,3.08849,2.12977,0.0477761
2,0.547326,-0.118926,0.761202,3.08845,2.12928,0.0478254
2,0.54731,-0.119878,0.760879,3.08841,2.1288,0.0478744
2,0.547295,-0.12083,0.760557,3.08836,2.12831,0.047923
2,0.547279,-0.121781,0.760234,3.08832,2.12783,0.0479713
2,0.547264,-0.122733,0.759912,3.08828,2.12736,0.0480193
2,0.547249,-0.123685,0.759591,3.08824,2.12689,0.048067
2,0.547234,-0.124637,0.759269,3.0882,2.12642,0.0481144
2,0.547219,-0.125589,0.758947,3.08816,2.12595,0.0481615
2,0.547204,-0.126541,0.758626,3.08812,2.12549,0.0482082
2,0.54719,-0.127493,0.758305,3.08808,2.12504,0.0482546
2,0.547175,-0.128445,0.757984,3.08804,2.12459,0.0483008
2,0.547161,-0.129397,0.757663,3.088,2.12414,0.0483466
2,0.547147,-0.130349,0.757343,3.08797,2.12369,0.0483921
2,0.547133,-0.131301,0.757022,3.08793,2.12325,0.0484373
2,0.547119,-0.132253,0.756702,3.08789,2.12281,0.0484821
2,0.547105,-0.133204,0.756382,3.08785,2.12238,0.0485267
2,0.547091,-0.134156,0.756062,3.08781,2.12195,0.048571
2,0.547078,-0.135108,0.755743,3.08778,2.12152,0.0486149
2,0.547064,-0.13606,0.755423,3.08774,2.1211,0.0486585
2,0.547051,-0.137012,0.755104,3.0877,2.12068,0.0487019
2,0.547038,-0.137964,0.754785,3.08767,2.12026,0.0487449
2,0.547024,-0.138916,0.754466,3.08763,2.11985,0.0487876
2,0.547012,-0.139868,0.754147,3.08759,2.11944,0.04883
2,0.546999,-0.14082,0.753829,3.08756,2.11903,0.0488721
2,0.546986,-0.141771,0.75351,3.08752,2.11863,0.0489139
2,0.546973,-0.142723,0.753192,3.08749,2.11823,0.0489554
2,0.546961,-0.143675,0.752874,3.08745,2.11783,0.0489966
2,0.546948,-0.144627,0.752556,3.08742,2.11744,0.0490375
2,0.546936,-0.145579,0.752239,3.08738,2.11705,0.0490781
2,0.546924,-0.146531,0.751921,3.08735,2.11667,0.0491184
2,0.546912,-0.147483,0.751604,3.08731,2.11629,0.0491583
2,0.5469,-0.148434,0.751287,3.08728,2.11591,0.049198
2,0.546888,-0.149386,0.75097,3.08724,2.11553,0.0492374
2,0.546877,-0.150338,0.750653,3.08721,2.11516,0.0492764
2,0.546865,-0.15129,0.750336,3.08718,2.11479,0.0493152
2,0.546854,-0.152242,0.75002,3.08715,2.11443,0.0493537
2,0.546842,-0.153194,0.749703,3.08711,2.11407,0.0493918
2,0.546831,-0.154146,0.749387,3.08708,2.11371,0.0494297
2,0.54682,-0.155097,0.749071,3.08705,2.11335,0.0494672
2,0.546809,-0.156049,0.748755,3.08702,2.113,0.0495045
2,0.546798,-0.157001,0.74844,3.08698,2.11265,0.0495415
2,0.546787,-0.157953,0.748124,3.08695,2.11231,0.0495781
2,0.546776,-0.158905,0.747809,3.08692,2.11196,0.0496145
2,0.546766,-0.159857,0.747493,3.08689,2.11162,0.0496506
2,0.546755,-0.160808,0.747178,3.08686,2.11129,0.0496863
2,0.546745,-0.16176,0.746864,3.08683,2.11095,0.0497218
2,0.546735,-0.162712,0.746549,3.0868,2.11063,0.049757
2,0.546724,-0.163664,0.746234,3.08677,2.1103,0.0497918
2,0.546714,-0.164616,0.74592,3.08674,2.10998,0.0498264
2,0.546704,-0.165567,0.745606,3.08671,2.10966,0.0498607
2,0.546694,-0.166519,0.745292,3.08668,2.10934,0.0498946
2,0.546685,-0.167471,0.744978,3.08665,2.10902,0.0499283
2,0.546675,-0.168423,0.744664,3.08662,2.10871,0.0499617
2,0.546665,-0.169375,0.744351,3.0866,2.10841,0.0499948
2,0.546656,-0.170326,0.744037,3.08657,2.1081,0.0500276
2,0.546647,-0.171278,0.743724,3.08654,2.1078,0.0500601
2,0.546637,-0.17223,0.743411,3.08651,2.1075,0.0500923
2,0.546628,-0.173182,0.743098,3.08648,2.1072,0.0501242
2,0.546619,-0.174134,0.742785,3.08646,2.10691,0.0501558
2,0.54661,-0.175085,0.742472,3.08643,2.10662,0.0501871
2,0.546601,-0.176037,0.74216,3.0864,2.10634,0.0502182
2,0.546592,-0.176989,0.741847,3.08638,2.10605,0.0502489
2,0.546584,-0.177941,0.741535,3.08635,2.10577,0.0502793
2,0.546575,-0.178892,0.741223,3.08633,2.10549,0.0503095
2,0.546567,-0.179844,0.740911,3.0863,2.10522,0.0503393
2,0.546558,-0.180796,0.7406,3.08627,2.10495,0.0503689
2,0.54655,-0.181748,0.740288,3.08625,2.10468,0.0503981
2,0.546542,-0.1827,0.739977,3.08622,2.10441,0.0504271
2,0.546534,-0.183651,0.739665,3.0862,2.10415,0.0504557
2,0.546526,-0.184603,0.739354,3.08617,2.10389,0.0504841
2,0.546518,-0.185555,0.739043,3.08615,2.10363,0.0505122
2,0.54651,-0.186507,0.738733,3.08613,2.10338,0.05054
2,0.546502,-0.187458,0.738422,3.0861,2.10313,0.0505675
2,0.546495,-0.18841,0.738111,3.08608,2.10288,0.0505947
2,0.546487,-0.189362,0.737801,3.08606,2.10263,0.0506216
2,0.546479,-0.190314,0.737491,3.08603,2.10239,0.0506483
2,0.546472,-0.191265,0.737181,3.08601,2.10215,0.0506746
2,0.546465,-0.192217,0.736871,3.08599,2.10191,0.0507006
2,0.546458,-0.193169,0.736561,3.08597,2.10168,0.0507264
2,0.546451,-0.194121,0.736251,3.08594,2.10145,0.0507518
2,0.546444,-0.195072,0.735942,3.08592,2.10122,0.050777
2,0.546437,-0.196024,0.735633,3.0859,2.10099,0.0508019
2,0.54643,-0.196976,0.735323,3.08588,2.10077,0.0508264
2,0.546423,-0.197928,0.735014,3.08586,2.10055,0.0508507
2,0.546416,-0.198879,0.734705,3.08584,2.10033,0.0508747
3,0.546416,-0.198879,0.734705,3.08584,2.10033,0.0508747
3,0.546416,-0.198879,0.734705,3.08584,2.10033,0.0508747
3,0.54705,-0.198878,0.734791,3.08599,2.10197,0.0506954
4,0.54705,-0.198878,0.734791,3.08599,2.10197,0.0506954
4,0.547043,-0.199849,0.734544,3.08597,2.10175,0.0507179
4,0.547036,-0.20082,0.734297,3.08595,2.10154,0.0507412
4,0.54703,-0.20179,0.734051,3.08593,2.10133,0.0507643
4,0.547023,-0.202761,0.733805,3.08591,2.10113,0.0507871
4,0.547017,-0.203732,0.733559,3.08589,2.10092,0.0508096
4,0.547011,-0.204703,0.733313,3.08588,2.10072,0.0508318
4,0.547005,-0.205673,0.733067,3.08586,2.10052,0.0508538
4,0.546999,-0.206644,0.732821,3.08584,2.10033,0.0508754
4,0.546993,-0.207615,0.732576,3.08582,2.10013,0.0508968
4,0.546987,-0.208586,0.73233,3.0858,2.09994,0.0509179
4,0.546981,-0.209556,0.732085,3.08578,2.09975,0.0509388
4,0.546976,-0.210527,0.73184,3.08576,2.09957,0.0509593
4,0.54697,-0.211498,0.731595,3.08575,2.09939,0.0509796
4,0.546965,-0.212468,0.73135,3.08573,2.09921,0.0509996
4,0.546959,-0.213439,0.731105,3.08571,2.09903,0.0510193
4,0.546954,-0.21441,0.73086,3.0857,2.09885,0.0510388
4,0.546949,-0.215381,0.730616,3.08568,2.09868,0.0510579
4,0.546943,-0.216351,0.730372,3.08566,2.09851,0.0510768
4,0.546938,-0.217322,0.730127,3.08565,2.09834,0.0510954
4,0.546933,-0.218293,0.729883,3.08563,2.09818,0.0511137
4,0.546928,-0.219264,0.729639,3.08562,2.09802,0.0511318
4,0.546924,-0.220234,0.729396,3.0856,2.09786,0.0511495
4,0.546919,-0.221205,0.729152,3.08559,2.0977,0.051167
4,0.546914,-0.222176,0.728908,3.08557,2.09755,0.0511842
4,0.546909,-0.223146,0.728665,3.08556,2.0974,0.0512011
4,0.546905,-0.224117,0.728422,3.08554,2.09725,0.0512177
4,0.5469,-0.225088,0.728179,3.08553,2.0971,0.0512341
4,0.546896,-0.226058,0.727936,3.08551,2.09696,0.0512502
4,0.546892,-0.227029,0.727693,3.0855,2.09682,0.051266
4,0.546888,-0.228,0.72745,3.08549,2.09668,0.0512815
4,0.546883,-0.228971,0.727208,3.08547,2.09654,0.0512967
4,0.546879,-0.229941,0.726965,3.08546,2.09641,0.0513116
4,0.546875,-0.230912,0.726723,3.08545,2.09628,0.0513263
4,0.546872,-0.231883,0.726481,3.08544,2.09615,0.0513407
4,0.546868,-0.232853,0.726239,3.08542,2.09603,0.0513548
4,0.546864,-0.233824,0.725997,3.08541,2.0959,0.0513686
4,0.54686,-0.234795,0.725755,3.0854,2.09578,0.0513821
4,0.546857,-0.235765,0.725513,3.08539,2.09566,0.0513954
4,0.546853,-0.236736,0.725272,3.08538,2.09555,0.0514084
4,0.54685,-0.237707,0.725031,3.08537,2.09544,0.0514211
4,0.546846,-0.238677,0.724789,3.08536,2.09533,0.0514335
4,0.546843,-0.239648,0.724548,3.08534,2.09522,0.0514456
4,0.54684,-0.240619,0.724307,3.08533,2.09511,0.0514574
4,0.546837,-0.241589,0.724066,3.08532,2.09501,0.051469
4,0.546834,-0.24256,0.723826,3.08531,2.09491,0.0514802
4,0.546831,-0.243531,0.723585,3.08531,2.09481,0.0514912
4,0.546828,-0.244501,0.723345,3.0853,2.09472,0.0515019
4,0.546825,-0.245472,0.723104,3.08529,2.09463,0.0515123
4,0.546823,-0.246443,0.722864,3.08528,2.09454,0.0515224
4,0.54682,-0.247413,0.722624,3.08527,2.09445,0.0515323
4,0.546817,-0.248384,0.722384,3.08526,2.09436,0.0515418
4,0.546815,-0.249355,0.722145,3.08525,2.09428,0.0515511
4,0.546812,-0.250325,0.721905,3.08525,2.0942,0.0515601
4,0.54681,-0.251296,0.721666,3.08524,2.09413,0.0515688
4,0.546808,-0.252267,0.721426,3.08523,2.09405,0.0515772
4,0.546806,-0.253237,0.721187,3.08522,2.09398,0.0515853
4,0.546804,-0.254208,0.720948,3.08522,2.09391,0.0515932
4,0.546802,-0.255179,0.720709,3.08521,2.09384,0.0516007
4,0.5468,-0.256149,0.72047,3.0852,2.09378,0.051608
4,0.546798,-0.25712,0.720232,3.0852,2.09372,0.051615
4,0.546796,-0.258091,0.719993,3.08519,2.09366,0.0516216
4,0.546794,-0.259061,0.719755,3.08519,2.0936,0.051628
4,0.546793,-0.260032,0.719516,3.08518,2.09355,0.0516342
4,0.546791,-0.261003,0.719278,3.08518,2.0935,0.05164
4,0.54679,-0.261973,0.71904,3.08517,2.09345,0.0516455
4,0.546788,-0.262944,0.718802,3.08517,2.0934,0.0516508
4,0.546787,-0.263914,0.718565,3.08516,2.09336,0.0516557
4,0.546786,-0.264885,0.718327,3.08516,2.09332,0.0516604
5,0.546786,-0.264885,0.718327,3.08516,2.09332,0.0516604
5,0.546786,-0.264885,0.718327,3.08516,2.09332,0.0516604
5,0.547861,-0.264883,0.718473,3.08543,2.09612,0.0513421
5,0.548938,-0.264881,0.718621,3.08571,2.09893,0.0510285
5,0.550015,-0.264879,0.718769,3.08597,2.10175,0.0507171
5,0.551093,-0.264877,0.718917,3.08624,2.10457,0.0504081
5,0.552172,-0.264875,0.719065,3.0865,2.1074,0.0501013
5,0.553251,-0.264873,0.719213,3.08677,2.11024,0.0497968
5,0.554331,-0.264871,0.719362,3.08702,2.11309,0.0494944
5,0.555412,-0.264869,0.71951,3.08728,2.11594,0.0491941
5,0.556493,-0.264866,0.719658,3.08754,2.11879,0.0488959
5,0.557575,-0.264864,0.719807,3.08779,2.12166,0.0485999
5,0.558657,-0.264862,0.719955,3.08804,2.12453,0.0483058
5,0.55974,-0.26486,0.720104,3.08829,2.12741,0.0480137
5,0.560824,-0.264858,0.720253,3.08853,2.13029,0.0477236
5,0.561909,-0.264855,0.720402,3.08878,2.13319,0.0474354
5,0.562994,-0.264853,0.720551,3.08902,2.13609,0.0471491
5,0.56408,-0.264851,0.7207,3.08926,2.139,0.0468647
5,0.565166,-0.264849,0.72085,3.0895,2.14191,0.0465821
5,0.566253,-0.264846,0.720999,3.08973,2.14484,0.0463013
5,0.567341,-0.264844,0.721149,3.08997,2.14777,0.0460222
5,0.56843,-0.264842,0.721299,3.0902,2.15071,0.0457449
5,0.569519,-0.264839,0.721448,3.09043,2.15366,0.0454692
5,0.570609,-0.264837,0.721598,3.09066,2.15662,0.0451953
5,0.5717,-0.264835,0.721749,3.09089,2.15958,0.044923
5,0.572792,-0.264832,0.721899,3.09111,2.16256,0.0446522
5,0.573884,-0.26483,0.722049,3.09133,2.16554,0.0443831
5,0.574977,-0.264827,0.7222,3.09155,2.16854,0.0441155
5,0.576071,-0.264825,0.722351,3.09177,2.17154,0.0438494
5,0.577166,-0.264822,0.722502,3.09199,2.17455,0.0435849
5,0.578261,-0.26482,0.722653,3.09221,2.17757,0.0433217
5,0.579357,-0.264817,0.722804,3.09242,2.18061,0.0430601
5,0.580454,-0.264815,0.722955,3.09264,2.18365,0.0427998
5,0.581552,-0.264812,0.723107,3.09285,2.1867,0.0425409
5,0.582651,-0.264809,0.723259,3.09306,2.18976,0.0422833
5,0.58375,-0.264807,0.723411,3.09327,2.19284,0.0420271
5,0.584851,-0.264804,0.723563,3.09347,2.19592,0.0417721
5,0.585952,-0.264801,0.723716,3.09368,2.19902,0.0415185
5,0.587054,-0.264799,0.723868,3.09388,2.20213,0.041266
5,0.588157,-0.264796,0.724021,3.09409,2.20524,0.0410148
5,0.589261,-0.264793,0.724174,3.09429,2.20837,0.0407648
5,0.590366,-0.26479,0.724328,3.09449,2.21152,0.0405159
5,0.591472,-0.264788,0.724481,3.09469,2.21467,0.0402681
5,0.592578,-0.264785,0.724635,3.09488,2.21784,0.0400215
5,0.593686,-0.264782,0.724789,3.09508,2.22102,0.039776
5,0.594794,-0.264779,0.724943,3.09527,2.22421,0.0395315
6,0.594794,-0.264779,0.724943,3.09527,2.22421,0.0395315
6,0.594787,-0.264035,0.724271,3.09526,2.22405,0.0395439
6,0.594782,-0.263292,0.723599,3.09525,2.2239,0.0395552
6,0.594777,-0.262548,0.722928,3.09524,2.22376,0.039566
6,0.594772,-0.261804,0.722257,3.09524,2.22363,0.0395763
6,0.594767,-0.261061,0.721586,3.09523,2.2235,0.0395861
6,0.594763,-0.260317,0.720915,3.09522,2.22338,0.0395954
6,0.594758,-0.259574,0.720245,3.09521,2.22326,0.0396042
6,0.594754,-0.25883,0.719575,3.09521,2.22315,0.0396125
6,0.594751,-0.258086,0.718906,3.0952,2.22305,0.0396204
6,0.594747,-0.257343,0.718237,3.09519,2.22296,0.0396277
6,0.594744,-0.256599,0.717568,3.09519,2.22287,0.0396346
6,0.594741,-0.255856,0.716899,3.09518,2.22278,0.0396409
6,0.594738,-0.255112,0.716231,3.09518,2.22271,0.0396468
6,0.594735,-0.254368,0.715563,3.09518,2.22264,0.0396523
6,0.594733,-0.253625,0.714895,3.09517,2.22257,0.0396572
6,0.594731,-0.252881,0.714228,3.09517,2.22251,0.0396617
6,0.594729,-0.252137,0.71356,3.09516,2.22246,0.0396657
6,0.594727,-0.251394,0.712894,3.09516,2.22242,0.0396692
6,0.594726,-0.25065,0.712227,3.09516,2.22238,0.0396723
6,0.594725,-0.249906,0.711561,3.09516,2.22234,0.0396749
6,0.594724,-0.249163,0.710895,3.09516,2.22231,0.039677
6,0.594723,-0.248419,0.710229,3.09515,2.22229,0.0396787
6,0.594722,-0.247675,0.709564,3.09515,2.22228,0.03968
6,0.594722,-0.246932,0.708899,3.09515,2.22227,0.0396808
6,0.594722,-0.246188,0.708234,3.09515,2.22226,0.0396811
6,0.594722,-0.245444,0.707569,3.09515,2.22226,0.039681
6,0.594722,-0.2447,0.706905,3.09515,2.22227,0.0396805
6,0.594723,-0.243957,0.706241,3.09515,2.22228,0.0396795
6,0.594723,-0.243213,0.705577,3.09515,2.2223,0.0396781
6,0.594724,-0.242469,0.704914,3.09516,2.22233,0.0396762
6,0.594725,-0.241725,0.704251,3.09516,2.22236,0.0396739
6,0.594727,-0.240982,0.703588,3.09516,2.22239,0.0396712
6,0.594728,-0.240238,0.702925,3.09516,2.22243,0.039668
6,0.59473,-0.239494,0.702263,3.09517,2.22248,0.0396644
6,0.594732,-0.23875,0.701601,3.09517,2.22253,0.0396604
6,0.594734,-0.238007,0.700939,3.09517,2.22259,0.039656
6,0.594736,-0.237263,0.700277,3.09518,2.22265,0.0396512
6,0.594739,-0.236519,0.699616,3.09518,2.22272,0.0396459
6,0.594742,-0.235775,0.698955,3.09518,2.2228,0.0396402
6,0.594745,-0.235032,0.698294,3.09519,2.22288,0.0396341
6,0.594748,-0.234288,0.697634,3.09519,2.22296,0.0396276
6,0.594751,-0.233544,0.696974,3.0952,2.22305,0.0396207
6,0.594755,-0.2328,0.696314,3.09521,2.22315,0.0396134
6,0.594758,-0.232056,0.695654,3.09521,2.22325,0.0396057
6,0.594762,-0.231313,0.694994,3.09522,2.22336,0.0395976
6,0.594766,-0.230569,0.694335,3.09523,2.22347,0.0395891
6,0.594771,-0.229825,0.693676,3.09523,2.22358,0.0395802
6,0.594775,-0.229081,0.693018,3.09524,2.22371,0.0395709
6,0.59478,-0.228337,0.692359,3.09525,2.22383,0.0395612
6,0.594785,-0.227594,0.691701,3.09526,2.22397,0.0395511
6,0.59479,-0.22685,0.691043,3.09526,2.2241,0.0395406
6,0.594795,-0.226106,0.690385,3.09527,2.22425,0.0395298
6,0.594801,-0.225362,0.689728,3.09528,2.22439,0.0395185
6,0.594806,-0.224618,0.68907,3.09529,2.22455,0.0395069
6,0.594812,-0.223874,0.688413,3.0953,2.2247,0.0394949
6,0.594818,-0.223131,0.687757,3.09531,2.22487,0.0394826
6,0.594824,-0.222387,0.6871,3.09532,2.22503,0.0394698
6,0.594831,-0.221643,0.686444,3.09533,2.22521,0.0394567
6,0.594837,-0.220899,0.685788,3.09534,2.22538,0.0394432
6,0.594844,-0.220155,0.685132,3.09535,2.22557,0.0394294
6,0.594851,-0.219411,0.684476,3.09536,2.22575,0.0394152
6,0.594858,-0.218667,0.683821,3.09538,2.22594,0.0394006
6,0.594865,-0.217923,0.683166,3.09539,2.22614,0.0393857
6,0.594873,-0.21718,0.682511,3.0954,2.22634,0.0393704
6,0.594881,-0.216436,0.681856,3.09541,2.22655,0.0393548
6,0.594888,-0.215692,0.681202,3.09542,2.22676,0.0393388
6,0.594896,-0.214948,0.680548,3.09544,2.22698,0.0393224
6,0.594905,-0.214204,0.679894,3.09545,2.2272,0.0393057
6,0.594913,-0.21346,0.67924,3.09546,2.22742,0.0392887
6,0.594921,-0.212716,0.678586,3.09548,2.22765,0.0392713
6,0.59493,-0.211972,0.677933,3.09549,2.22789,0.0392536
6,0.594939,-0.211228,0.67728,3.09551,2.22813,0.0392355
6,0.594948,-0.210484,0.676627,3.09552,2.22837,0.0392171
6,0.594957,-0.20974,0.675975,3.09554,2.22862,0.0391983
6,0.594967,-0.208996,0.675322,3.09555,2.22887,0.0391793
6,0.594976,-0.208252,0.67467,3.09557,2.22913,0.0391598
6,0.594986,-0.207509,0.674018,3.09558,2.22939,0.0391401
6,0.594996,-0.206765,0.673366,3.0956,2.22966,0.03912
6,0.595006,-0.206021,0.672715,3.09561,2.22993,0.0390997
6,0.595016,-0.205277,0.672063,3.09563,2.23021,0.0390789
6,0.595027,-0.204533,0.671412,3.09565,2.23049,0.0390579
6,0.595037,-0.203789,0.670761,3.09566,2.23077,0.0390366
6,0.595048,-0.203045,0.67011,3.09568,2.23106,0.0390149
6,0.595059,-0.202301,0.66946,3.0957,2.23136,0.0389929
6,0.59507,-0.201557,0.66881,3.09572,2.23166,0.0389706
6,0.595082,-0.200813,0.668159,3.09573,2.23196,0.038948
6,0.595093,-0.200069,0.66751,3.09575,2.23226,0.0389251
6,0.595105,-0.199325,0.66686,3.09577,2.23258,0.0389018
6,0.595116,-0.198581,0.66621,3.09579,2.23289,0.0388783
6,0.595128,-0.197837,0.665561,3.09581,2.23321,0.0388545
6,0.595141,-0.197093,0.664912,3.09583,2.23354,0.0388303
6,0.595153,-0.196349,0.664263,3.09585,2.23386,0.0388059
6,0.595165,-0.195605,0.663615,3.09586,2.2342,0.0387812
6,0.595178,-0.194861,0.662966,3.09588,2.23453,0.0387562
6,0.595191,-0.194117,0.662318,3.0959,2.23488,0.0387308
6,0.595204,-0.193373,0.66167,3.09592,2.23522,0.0387052
6,0.595217,-0.192629,0.661022,3.09595,2.23557,0.0386793
6,0.59523,-0.191885,0.660374,3.09597,2.23592,0.0386531
6,0.595243,-0.191141,0.659727,3.09599,2.23628,0.0386267
6,0.595257,-0.190397,0.659079,3.09601,2.23664,0.0385999
6,0.595271,-0.189652,0.658432,3.09603,2.23701,0.0385729
6,0.595285,-0.188908,0.657785,3.09605,2.23738,0.0385456
6,0.595299,-0.188164,0.657139,3.09607,2.23776,0.038518
6,0.595313,-0.18742,0.656492,3.09609,2.23813,0.0384901
6,0.595327,-0.186676,0.655846,3.09612,2.23852,0.038462
6,0.595342,-0.185932,0.6552,3.09614,2.2389,0.0384336
6,0.595357,-0.185188,0.654554,3.09616,2.2393,0.0384049
6,0.595371,-0.184444,0.653908,3.09618,2.23969,0.038376
6,0.595387,-0.1837,0.653262,3.09621,2.24009,0.0383468
6,0.595402,-0.182956,0.652617,3.09623,2.24049,0.0383173
6,0.595417,-0.182212,0.651972,3.09625,2.2409,0.0382875
6,0.595433,-0.181468,0.651327,3.09628,2.24131,0.0382575
6,0.595448,-0.180724,0.650682,3.0963,2.24173,0.0382273
6,0.595464,-0.17998,0.650037,3.09632,2.24214,0.0381968
6,0.59548,-0.179235,0.649393,3.09635,2.24257,0.038166
6,0.595496,-0.178491,0.648748,3.09637,2.24299,0.038135
6,0.595512,-0.177747,0.648104,3.0964,2.24342,0.0381037
6,0.595529,-0.177003,0.64746,3.09642,2.24386,0.0380722
6,0.595546,-0.176259,0.646816,3.09645,2.2443,0.0380405
6,0.595562,-0.175515,0.646173,3.09647,2.24474,0.0380084
6,0.595579,-0.174771,0.645529,3.0965,2.24519,0.0379762
6,0.595596,-0.174027,0.644886,3.09652,2.24564,0.0379437
6,0.595614,-0.173282,0.644243,3.09655,2.24609,0.037911
6,0.595631,-0.172538,0.6436,3.09657,2.24655,0.037878
6,0.595648,-0.171794,0.642958,3.0966,2.24701,0.0378448
6,0.595666,-0.17105,0.642315,3.09663,2.24747,0.0378113
6,0.595684,-0.170306,0.641673,3.09665,2.24794,0.0377777
6,0.595702,-0.169562,0.64103,3.09668,2.24842,0.0377437
6,0.59572,-0.168818,0.640388,3.0967,2.24889,0.0377096
6,0.595738,-0.168073,0.639746,3.09673,2.24937,0.0376752
6,0.595757,-0.167329,0.639105,3.09676,2.24986,0.0376407
6,0.595776,-0.166585,0.638463,3.09679,2.25034,0.0376058
6,0.595794,-0.165841,0.637822,3.09681,2.25084,0.0375708
6,0.595813,-0.165097,0.637181,3.09684,2.25133,0.0375356
6,0.595832,-0.164353,0.63654,3.09687,2.25183,0.0375001
6,0.595851,-0.163608,0.635899,3.0969,2.25233,0.0374644
6,0.595871,-0.162864,0.635258,3.09692,2.25284,0.0374285
6,0.59589,-0.16212,0.634617,3.09695,2.25335,0.0373923
6,0.59591,-0.161376,0.633977,3.09698,2.25386,0.037356
6,0.59593,-0.160632,0.633337,3.09701,2.25438,0.0373195
6,0.59595,-0.159887,0.632697,3.09704,2.2549,0.0372827
6,0.59597,-0.159143,0.632057,3.09706,2.25542,0.0372458
6,0.59599,-0.158399,0.631417,3.09709,2.25595,0.0372086
6,0.596011,-0.157655,0.630777,3.09712,2.25648,0.0371712
6,0.596031,-0.15691,0.630138,3.09715,2.25702,0.0371336
6,0.596052,-0.156166,0.629499,3.09718,2.25756,0.0370959
6,0.596073,-0.155422,0.62886,3.09721,2.2581,0.0370579
6,0.596094,-0.154678,0.628221,3.09724,2.25865,0.0370197
6,0.596115,-0.153934,0.627582,3.09727,2.2592,0.0369814
6,0.596137,-0.153189,0.626943,3.0973,2.25975,0.0369428
6,0.596158,-0.152445,0.626305,3.09733,2.2603,0.036904
6,0.59618,-0.151701,0.625666,3.09736,2.26086,0.0368651
6,0.596201,-0.150957,0.625028,3.09739,2.26143,0.036826
6,0.596223,-0.150212,0.62439,3.09742,2.262,0.0367866
6,0.596245,-0.149468,0.623752,3.09745,2.26257,0.0367471
6,0.596268,-0.148724,0.623114,3.09748,2.26314,0.0367074
6,0.59629,-0.14798,0.622477,3.09751,2.26372,0.0366676
6,0.596313,-0.147235,0.621839,3.09754,2.2643,0.0366275
6,0.596335,-0.146491,0.621202,3.09757,2.26488,0.0365873
6,0.596358,-0.145747,0.620565,3.0976,2.26547,0.0365468
6,0.596381,-0.145002,0.619928,3.09764,2.26606,0.0365062
6,0.596404,-0.144258,0.619291,3.09767,2.26665,0.0364655
6,0.596427,-0.143514,0.618654,3.0977,2.26725,0.0364245
6,0.596451,-0.14277,0.618018,3.09773,2.26785,0.0363834
6,0.596474,-0.142025,0.617381,3.09776,2.26846,0.0363421
6,0.596498,-0.141281,0.616745,3.09779,2.26907,0.0363006
6,0.596522,-0.140537,0.616109,3.09782,2.26968,0.036259
6,0.596546,-0.139792,0.615473,3.09786,2.27029,0.0362172
6,0.59657,-0.139048,0.614837,3.09789,2.27091,0.0361753
6,0.596595,-0.138304,0.614201,3.09792,2.27153,0.0361331
6,0.596619,-0.137559,0.613565,3.09795,2.27215,0.0360908
6,0.596644,-0.136815,0.61293,3.09799,2.27278,0.0360484
6,0.596668,-0.136071,0.612295,3.09802,2.27341,0.0360058
6,0.596693,-0.135326,0.611659,3.09805,2.27405,0.035963
6,0.596718,-0.134582,0.611024,3.09808,2.27469,0.0359201
6,0.596744,-0.133838,0.610389,3.09812,2.27533,0.035877
6,0.596769,-0.133093,0.609755,3.09815,2.27597,0.0358338
6,0.596794,-0.132349,0.60912,3.09818,2.27662,0.0357904
6,0.59682,-0.131605,0.608485,3.09822,2.27727,0.0357468
6,0.596846,-0.13086,0.607851,3.09825,2.27792,0.0357031
6,0.596872,-0.130116,0.607217,3.09828,2.27858,0.0356593
6,0.596898,-0.129372,0.606583,3.09832,2.27924,0.0356153
6,0.596924,-0.128627,0.605949,3.09835,2.27991,0.0355712
6,0.596951,-0.127883,0.605315,3.09838,2.28057,0.0355269
6,0.596977,-0.127139,0.604681,3.09842,2.28124,0.0354825
6,0.597004,-0.126394,0.604048,3.09845,2.28192,0.0354379
6,0.597031,-0.12565,0.603414,3.09848,2.28259,0.0353932
6,0.597058,-0.124905,0.602781,3.09852,2.28327,0.0353484
6,0.597085,-0.124161,0.602148,3.09855,2.28396,0.0353034
6,0.597112,-0.123417,0.601514,3.09859,2.28464,0.0352582
6,0.597139,-0.122672,0.600882,3.09862,2.28533,0.035213
6,0.597167,-0.121928,0.600249,3.09865,2.28602,0.0351676
6,0.597195,-0.121183,0.599616,3.09869,2.28672,0.0351221
6,0.597222,-0.120439,0.598983,3.09872,2.28742,0.0350764
6,0.59725,-0.119695,0.598351,3.09876,2.28812,0.0350306
6,0.597279,-0.11895,0.597719,3.09879,2.28882,0.0349847
6,0.597307,-0.118206,0.597086,3.09883,2.28953,0.0349386
6,0.597335,-0.117461,0.596454,3.09886,2.29024,0.0348925
6,0.597364,-0.116717,0.595822,3.0989,2.29096,0.0348462
6,0.597393,-0.115973,0.595191,3.09893,2.29168,0.0347997
6,0.597422,-0.115228,0.594559,3.09897,2.2924,0.0347532
6,0.597451,-0.114484,0.593927,3.099,2.29312,0.0347065
6,0.59748,-0.113739,0.593296,3.09904,2.29385,0.0346597
6,0.597509,-0.112995,0.592664,3.09907,2.29458,0.0346128
6,0.597539,-0.11225,0.592033,3.09911,2.29531,0.0345658
6,0.597568,-0.111506,0.591402,3.09914,2.29605,0.0345186
7,0.597568,-0.111506,0.591402,3.09914,2.29605,0.0345186
7,0.597568,-0.111506,0.591402,3.09914,2.29605,0.0345186
7,0.596488,-0.111509,0.591287,3.09902,2.29354,0.0346787
7,0.595409,-0.111511,0.591174,3.0989,2.29105,0.0348392
7,0.594331,-0.111514,0.59106,3.09878,2.28857,0.0350011
7,0.593254,-0.111516,0.590946,3.09866,2.28609,0.0351626
7,0.592177,-0.111519,0.590833,3.09853,2.28361,0.0353256
7,0.591101,-0.111521,0.590719,3.09841,2.28115,0.0354881
7,0.590025,-0.111523,0.590606,3.09829,2.27869,0.0356522
7,0.58895,-0.111526,0.590492,3.09816,2.27623,0.0358158
7,0.587875,-0.111528,0.590379,3.09804,2.27378,0.03598
7,0.5868,-0.111531,0.590265,3.09791,2.27134,0.0361461
7,0.585727,-0.111533,0.590152,3.09778,2.2689,0.0363115
7,0.584653,-0.111535,0.590038,3.09766,2.26647,0.0364775
7,0.583581,-0.111538,0.589925,3.09753,2.26404,0.0366453
7,0.582508,-0.11154,0.589812,3.0974,2.26162,0.0368125
7,0.581436,-0.111542,0.589698,3.09727,2.25921,0.0369802
7,0.580365,-0.111545,0.589585,3.09714,2.2568,0.0371499
7,0.579294,-0.111547,0.589472,3.09701,2.25439,0.0373189
7,0.578224,-0.111549,0.589359,3.09688,2.25199,0.0374886
7,0.577154,-0.111552,0.589246,3.09674,2.2496,0.0376601
7,0.576084,-0.111554,0.589132,3.09661,2.24721,0.0378311
7,0.575015,-0.111556,0.589019,3.09648,2.24482,0.0380028
7,0.573947,-0.111558,0.588906,3.09634,2.24244,0.0381752
7,0.572878,-0.11156,0.588793,3.0962,2.24006,0.0383496
7,0.571811,-0.111563,0.58868,3.09607,2.23769,0.0385234
7,0.570743,-0.111565,0.588567,3.09593,2.23533,0.0386979
7,0.569677,-0.111567,0.588454,3.09579,2.23297,0.0388731
7,0.56861,-0.111569,0.588341,3.09565,2.23061,0.0390503
7,0.567544,-0.111571,0.588227,3.09551,2.22826,0.039227
7,0.566479,-0.111573,0.588114,3.09537,2.22591,0.0394044
7,0.565414,-0.111576,0.588001,3.09523,2.22357,0.0395826
7,0.564349,-0.111578,0.587888,3.09509,2.22123,0.0397627
7,0.563285,-0.11158,0.587775,3.09495,2.21889,0.0399424
7,0.562221,-0.111582,0.587662,3.0948,2.21656,0.040123
7,0.561158,-0.111584,0.587549,3.09466,2.21424,0.0403043
7,0.560094,-0.111586,0.587436,3.09451,2.21191,0.0404874
7,0.559032,-0.111588,0.587323,3.09436,2.2096,0.0406704
8,0.559032,-0.111588,0.587323,3.09436,2.2096,0.0406704
8,0.559062,-0.111012,0.586548,3.09442,2.21044,0.0406027
8,0.559093,-0.110436,0.585773,3.09447,2.2113,0.0405354
8,0.559124,-0.109859,0.584998,3.09452,2.21215,0.040468
8,0.559155,-0.109283,0.584223,3.09458,2.21301,0.0404005
8,0.559186,-0.108707,0.583449,3.09463,2.21387,0.0403328
8,0.559218,-0.108131,0.582674,3.09469,2.21474,0.0402651
8,0.559249,-0.107554,0.5819,3.09474,2.21561,0.0401972
8,0.559281,-0.106978,0.581126,3.0948,2.21648,0.0401293
8,0.559313,-0.106402,0.580352,3.09485,2.21735,0.0400612
8,0.559345,-0.105826,0.579578,3.0949,2.21823,0.039993
8,0.559378,-0.105249,0.578804,3.09496,2.21911,0.0399248
8,0.55941,-0.104673,0.578031,3.09501,2.22,0.0398564
8,0.559443,-0.104097,0.577257,3.09507,2.22089,0.039788
8,0.559476,-0.103521,0.576484,3.09512,2.22178,0.0397194
8,0.559509,-0.102944,0.575711,3.09518,2.22268,0.0396508
8,0.559542,-0.102368,0.574938,3.09523,2.22358,0.039582
8,0.559575,-0.101792,0.574165,3.09529,2.22448,0.0395132
8,0.559609,-0.101215,0.573392,3.09534,2.22538,0.0394443
8,0.559642,-0.100639,0.572619,3.0954,2.22629,0.0393753
8,0.559676,-0.100063,0.571847,3.09545,2.2272,0.0393062
8,0.55971,-0.0994864,0.571074,3.0955,2.22812,0.0392371
8,0.559744,-0.0989101,0.570302,3.09556,2.22904,0.0391678
8,0.559778,-0.0983338,0.56953,3.09561,2.22996,0.0390985
8,0.559813,-0.0977575,0.568758,3.09567,2.23088,0.0390291
8,0.559847,-0.0971811,0.567986,3.09572,2.23181,0.0389597
8,0.559882,-0.0966048,0.567214,3.09578,2.23274,0.0388901
8,0.559917,-0.0960285,0.566442,3.09583,2.23368,0.0388205
8,0.559952,-0.0954521,0.565671,3.09589,2.23461,0.0387508
8,0.559987,-0.0948758,0.564899,3.09594,2.23556,0.038681
8,0.560022,-0.0942994,0.564128,3.096,2.2365,0.0386112
8,0.560058,-0.0937231,0.563357,3.09605,2.23745,0.0385413
8,0.560094,-0.0931467,0.562585,3.09611,2.2384,0.0384713
8,0.56013,-0.0925703,0.561814,3.09616,2.23935,0.0384013
8,0.560166,-0.091994,0.561044,3.09622,2.24031,0.0383312
8,0.560202,-0.0914176,0.560273,3.09627,2.24127,0.0382611
8,0.560238,-0.0908412,0.559502,3.09633,2.24223,0.0381909
8,0.560275,-0.0902648,0.558732,3.09638,2.2432,0.0381206
8,0.560311,-0.0896884,0.557961,3.09644,2.24417,0.0380503
8,0.560348,-0.0891121,0.557191,3.09649,2.24514,0.0379799
8,0.560385,-0.0885357,0.556421,3.09655,2.24611,0.0379095
8,0.560422,-0.0879593,0.555651,3.0966,2.24709,0.037839
8,0.56046,-0.0873829,0.554881,3.09666,2.24807,0.0377684
8,0.560497,-0.0868064,0.554111,3.09671,2.24906,0.0376979
8,0.560535,-0.08623,0.553341,3.09677,2.25005,0.0376272
8,0.560573,-0.0856536,0.552571,3.09682,2.25104,0.0375565
8,0.560611,-0.0850772,0.551802,3.09688,2.25203,0.0374858
8,0.560649,-0.0845008,0.551032,3.09693,2.25303,0.037415
8,0.560687,-0.0839243,0.550263,3.09699,2.25403,0.0373442
8,0.560726,-0.0833479,0.549494,3.09704,2.25503,0.0372734
8,0.560764,-0.0827715,0.548725,3.0971,2.25604,0.0372025
8,0.560803,-0.082195,0.547956,3.09715,2.25705,0.0371315
8,0.560842,-0.0816186,0.547187,3.09721,2.25806,0.0370605
8,0.560881,-0.0810421,0.546418,3.09726,2.25908,0.0369895
8,0.560921,-0.0804657,0.545649,3.09732,2.2601,0.0369185
8,0.56096,-0.0798892,0.544881,3.09737,2.26112,0.0368474
8,0.561,-0.0793127,0.544112,3.09743,2.26214,0.0367763
8,0.561039,-0.0787363,0.543344,3.09748,2.26317,0.0367051
8,0.561079,-0.0781598,0.542576,3.09754,2.2642,0.0366339
8,0.56112,-0.0775833,0.541807,3.09759,2.26524,0.0365627
8,0.56116,-0.0770068,0.541039,3.09765,2.26627,0.0364915
8,0.5612,-0.0764304,0.540271,3.0977,2.26731,0.0364202
8,0.561241,-0.0758539,0.539503,3.09776,2.26836,0.0363489
8,0.561282,-0.0752774,0.538736,3.09781,2.2694,0.0362776
8,0.561323,-0.0747009,0.537968,3.09787,2.27045,0.0362062
8,0.561364,-0.0741244,0.5372,3.09792,2.2715,0.0361349
8,0.561405,-0.0735479,0.536433,3.09797,2.27256,0.0360635
8,0.561447,-0.0729713,0.535665,3.09803,2.27361,0.035992
8,0.561488,-0.0723948,0.534898,3.09808,2.27467,0.0359206
8,0.56153,-0.0718183,0.534131,3.09814,2.27574,0.0358492
8,0.561572,-0.0712418,0.533364,3.09819,2.2768,0.0357777
8,0.561614,-0.0706652,0.532597,3.09825,2.27787,0.0357062
8,0.561657,-0.0700887,0.53183,3.0983,2.27895,0.0356347
8,0.561699,-0.0695122,0.531063,3.09836,2.28002,0.0355632
8,0.561742,-0.0689356,0.530296,3.09841,2.2811,0.0354916
8,0.561785,-0.0683591,0.529529,3.09846,2.28218,0.0354201
8,0.561828,-0.0677825,0.528763,3.09852,2.28326,0.0353485
8,0.561871,-0.067206,0.527996,3.09857,2.28435,0.0352769
8,0.561914,-0.0666294,0.52723,3.09863,2.28544,0.0352053
8,0.561958,-0.0660528,0.526463,3.09868,2.28653,0.0351337
8,0.562001,-0.0654762,0.525697,3.09873,2.28763,0.0350621
8,0.562045,-0.0648997,0.524931,3.09879,2.28873,0.0349905
8,0.562089,-0.0643231,0.524165,3.09884,2.28983,0.0349189
8,0.562133,-0.0637465,0.523399,3.0989,2.29093,0.0348473
8,0.562178,-0.0631699,0.522633,3.09895,2.29204,0.0347757
8,0.562222,-0.0625933,0.521867,3.099,2.29315,0.034704
8,0.562267,-0.0620167,0.521101,3.09906,2.29426,0.0346324
8,0.562312,-0.0614401,0.520335,3.09911,2.29538,0.0345607
8,0.562357,-0.0608635,0.51957,3.09916,2.2965,0.0344891
8,0.562402,-0.0602869,0.518804,3.09922,2.29762,0.0344174
8,0.562447,-0.0597103,0.518039,3.09927,2.29874,0.0343458
8,0.562493,-0.0591336,0.517273,3.09932,2.29987,0.0342742
8,0.562539,-0.058557,0.516508,3.09938,2.301,0.0342025
8,0.562584,-0.0579804,0.515743,3.09943,2.30213,0.0341309
8,0.562631,-0.0574037,0.514978,3.09948,2.30327,0.0340592
8,0.562677,-0.0568271,0.514213,3.09954,2.30441,0.0339876
8,0.562723,-0.0562505,0.513448,3.09959,2.30555,0.033916
8,0.56277,-0.0556738,0.512683,3.09964,2.30669,0.0338443
8,0.562817,-0.0550972,0.511918,3.0997,2.30784,0.0337727
8,0.562864,-0.0545205,0.511153,3.09975,2.30899,0.0337011
8,0.562911,-0.0539438,0.510388,3.0998,2.31014,0.0336295
8,0.562958,-0.0533672,0.509624,3.09986,2.3113,0.0335579
8,0.563005,-0.0527905,0.508859,3.09991,2.31245,0.0334863
8,0.563053,-0.0522138,0.508095,3.09996,2.31361,0.0334147
8,0.563101,-0.0516371,0.50733,3.10001,2.31478,0.0333431
8,0.563149,-0.0510604,0.506566,3.10007,2.31594,0.0332716
8,0.563197,-0.0504837,0.505802,3.10012,2.31711,0.0332
8,0.563245,-0.049907,0.505037,3.10017,2.31829,0.0331285
8,0.563294,-0.0493303,0.504273,3.10022,2.31946,0.033057
8,0.563342,-0.0487536,0.503509,3.10028,2.32064,0.0329854
8,0.563391,-0.0481769,0.502745,3.10033,2.32182,0.0329139
8,0.56344,-0.0476002,0.501981,3.10038,2.323,0.0328425
8,0.56349,-0.0470235,0.501217,3.10043,2.32419,0.032771
8,0.563539,-0.0464467,0.500453,3.10049,2.32537,0.0326995
8,0.563589,-0.04587,0.49969,3.10054,2.32657,0.0326281
8,0.563638,-0.0452933,0.498926,3.10059,2.32776,0.0325567
8,0.563688,-0.0447165,0.498162,3.10064,2.32896,0.0324853
8,0.563738,-0.0441398,0.497399,3.10069,2.33016,0.0324139
8,0.563789,-0.043563,0.496635,3.10075,2.33136,0.0323425
8,0.563839,-0.0429863,0.495872,3.1008,2.33256,0.0322711
8,0.56389,-0.0424095,0.495108,3.10085,2.33377,0.0321998
8,0.563941,-0.0418328,0.494345,3.1009,2.33498,0.0321285
8,0.563992,-0.041256,0.493582,3.10095,2.33619,0.0320572
8,0.564043,-0.0406792,0.492818,3.101,2.33741,0.0319859
8,0.564094,-0.0401024,0.492055,3.10105,2.33863,0.0319147
8,0.564146,-0.0395256,0.491292,3.10111,2.33985,0.0318434
8,0.564197,-0.0389489,0.490529,3.10116,2.34107,0.0317722
8,0.564249,-0.0383721,0.489766,3.10121,2.3423,0.031701
8,0.564301,-0.0377953,0.489003,3.10126,2.34353,0.0316299
8,0.564354,-0.0372185,0.48824,3.10131,2.34476,0.0315587
8,0.564406,-0.0366416,0.487477,3.10136,2.346,0.0314876
8,0.564459,-0.0360648,0.486714,3.10141,2.34724,0.0314165
8,0.564511,-0.035488,0.485952,3.10146,2.34848,0.0313454
8,0.564564,-0.0349112,0.485189,3.10151,2.34972,0.0312744
8,0.564617,-0.0343344,0.484426,3.10156,2.35096,0.0312034
8,0.564671,-0.0337575,0.483664,3.10161,2.35221,0.0311324
8,0.564724,-0.0331807,0.482901,3.10166,2.35346,0.0310614
8,0.564778,-0.0326038,0.482139,3.10171,2.35472,0.0309905
8,0.564832,-0.032027,0.481376,3.10176,2.35597,0.0309196
8,0.564886,-0.0314501,0.480614,3.10181,2.35723,0.0308487
8,0.56494,-0.0308733,0.479851,3.10186,2.35849,0.0307778
8,0.564995,-0.0302964,0.479089,3.10191,2.35976,0.030707
8,0.565049,-0.0297195,0.478327,3.10196,2.36103,0.0306362
8,0.565104,-0.0291427,0.477565,3.10201,2.3623,0.0305654
8,0.565159,-0.0285658,0.476802,3.10206,2.36357,0.0304947
8,0.565214,-0.0279889,0.47604,3.10211,2.36484,0.030424
8,0.56527,-0.027412,0.475278,3.10216,2.36612,0.0303533
8,0.565325,-0.0268351,0.474516,3.10221,2.3674,0.0302826
8,0.565381,-0.0262582,0.473754,3.10226,2.36869,0.030212
9,0.565381,-0.0262582,0.473754,3.10226,2.36869,0.030212
9,0.565381,-0.0262582,0.473754,3.10226,2.36869,0.030212
9,0.56549,-0.0262579,0.473763,3.10227,2.3689,0.0302016
10,0.56549,-0.0262579,0.473763,3.10227,2.3689,0.0302016
10,0.565452,-0.0271235,0.474078,3.10224,2.36804,0.0302474
10,0.565415,-0.0279892,0.474393,3.1022,2.36719,0.0302945
10,0.565378,-0.0288549,0.474708,3.10217,2.36633,0.0303416
10,0.565341,-0.0297206,0.475023,3.10214,2.36548,0.0303887
10,0.565304,-0.0305862,0.475338,3.1021,2.36463,0.0304357
10,0.565268,-0.0314519,0.475653,3.10207,2.36378,0.0304828
10,0.565231,-0.0323176,0.475968,3.10204,2.36293,0.0305298
10,0.565194,-0.0331833,0.476283,3.10201,2.36209,0.0305769
10,0.565158,-0.034049,0.476598,3.10197,2.36125,0.0306239
10,0.565122,-0.0349146,0.476913,3.10194,2.3604,0.0306709
11,0.565122,-0.0349146,0.476913,3.10194,2.3604,0.0306709
11,0.565122,-0.0349146,0.476913,3.10194,2.3604,0.0306709
11,0.564127,-0.0349172,0.47683,3.10186,2.35846,0.03078
11,0.563153,-0.0349185,0.476766,3.1018,2.35695,0.0308665
11,0.562259,-0.0349181,0.476781,3.10182,2.35731,0.0308445
11,0.561362,-0.0349177,0.476794,3.10183,2.35762,0.0308273
11,0.560464,-0.0349174,0.476805,3.10184,2.35789,0.0308126
11,0.559563,-0.0349172,0.476815,3.10185,2.35811,0.0308003
11,0.558662,-0.034917,0.476823,3.10186,2.3583,0.0307899
11,0.557758,-0.0349169,0.47683,3.10186,2.35845,0.0307813
11,0.556854,-0.0349167,0.476835,3.10187,2.35858,0.0307744
11,0.555948,-0.0349166,0.476839,3.10187,2.35868,0.0307689
12,0.555948,-0.0349166,0.476839,3.10187,2.35868,0.0307689
12,0.555976,-0.035899,0.476697,3.10189,2.35934,0.0307345
12,0.556004,-0.036882,0.476554,3.10192,2.35999,0.0306981
12,0.556032,-0.037865,0.476411,3.10194,2.36063,0.0306625
12,0.556059,-0.0388481,0.476266,3.10197,2.36125,0.0306276
12,0.556085,-0.0398311,0.476122,3.10199,2.36186,0.0305935
12,0.556111,-0.0408142,0.475976,3.10202,2.36246,0.0305601
12,0.556136,-0.0417973,0.475831,3.10204,2.36305,0.0305274
12,0.556161,-0.0427803,0.475684,3.10206,2.36362,0.0304954
12,0.556186,-0.0437634,0.475538,3.10208,2.36419,0.030464
12,0.55621,-0.0447465,0.47539,3.10211,2.36474,0.0304332
12,0.556233,-0.0457297,0.475243,3.10213,2.36529,0.030403
12,0.556256,-0.0467128,0.475095,3.10215,2.36582,0.0303734
12,0.556279,-0.0476959,0.474946,3.10217,2.36634,0.0303444
12,0.556301,-0.0486791,0.474797,3.10219,2.36686,0.030316
12,0.556323,-0.0496622,0.474648,3.10221,2.36736,0.0302881
12,0.556345,-0.0506454,0.474498,3.10223,2.36786,0.0302607
12,0.556366,-0.0516285,0.474348,3.10225,2.36835,0.0302338
12,0.556387,-0.0526117,0.474197,3.10226,2.36883,0.0302074
12,0.556407,-0.0535949,0.474046,3.10228,2.3693,0.0301815
12,0.556428,-0.0545781,0.473895,3.1023,2.36976,0.030156
12,0.556447,-0.0555613,0.473744,3.10232,2.37022,0.030131
12,0.556467,-0.0565445,0.473592,3.10233,2.37067,0.0301065
12,0.556486,-0.0575277,0.473439,3.10235,2.37111,0.0300824
12,0.556505,-0.058511,0.473287,3.10237,2.37154,0.0300587
12,0.556523,-0.0594942,0.473134,3.10238,2.37196,0.0300354
12,0.556542,-0.0604774,0.472981,3.1024,2.37238,0.0300126
12,0.55656,-0.0614607,0.472827,3.10242,2.37279,0.0299901
12,0.556577,-0.062444,0.472674,3.10243,2.3732,0.029968
12,0.556595,-0.0634272,0.472519,3.10245,2.37359,0.0299463
12,0.556612,-0.0644105,0.472365,3.10246,2.37399,0.029925
12,0.556629,-0.0653938,0.472211,3.10248,2.37437,0.0299041
12,0.556645,-0.0663771,0.472056,3.10249,2.37475,0.0298835
12,0.556661,-0.0673603,0.4719,3.1025,2.37512,0.0298632
12,0.556677,-0.0683436,0.471745,3.10252,2.37549,0.0298433
12,0.556693,-0.0693269,0.471589,3.10253,2.37585,0.0298237
12,0.556709,-0.0703103,0.471433,3.10254,2.3762,0.0298045
12,0.556724,-0.0712936,0.471277,3.10256,2.37655,0.0297856
12,0.556739,-0.0722769,0.471121,3.10257,2.3769,0.029767
12,0.556754,-0.0732602,0.470964,3.10258,2.37723,0.0297487
12,0.556768,-0.0742436,0.470807,3.1026,2.37757,0.0297307
12,0.556783,-0.0752269,0.47065,3.10261,2.37789,0.029713
12,0.556797,-0.0762102,0.470493,3.10262,2.37821,0.0296956
12,0.556811,-0.0771936,0.470335,3.10263,2.37853,0.0296785
12,0.556824,-0.078177,0.470178,3.10264,2.37884,0.0296617
12,0.556838,-0.0791603,0.47002,3.10265,2.37915,0.0296452
12,0.556851,-0.0801437,0.469861,3.10267,2.37945,0.0296289
12,0.556864,-0.0811271,0.469703,3.10268,2.37975,0.0296129
12,0.556877,-0.0821104,0.469544,3.10269,2.38004,0.0295972
12,0.55689,-0.0830938,0.469386,3.1027,2.38033,0.0295818
12,0.556902,-0.0840772,0.469227,3.10271,2.38061,0.0295666
12,0.556914,-0.0850606,0.469067,3.10272,2.38089,0.0295516
12,0.556926,-0.086044,0.468908,3.10273,2.38116,0.0295369
12,0.556938,-0.0870274,0.468748,3.10274,2.38143,0.0295225
12,0.55695,-0.0880108,0.468589,3.10275,2.38169,0.0295082
12,0.556961,-0.0889942,0.468429,3.10276,2.38195,0.0294943
12,0.556972,-0.0899776,0.468268,3.10277,2.38221,0.0294805
12,0.556984,-0.090961,0.468108,3.10278,2.38246,0.029467
12,0.556994,-0.0919445,0.467948,3.10279,2.38271,0.0294538
12,0.557005,-0.0929279,0.467787,3.1028,2.38295,0.0294407
12,0.557016,-0.0939113,0.467626,3.1028,2.38319,0.0294279
12,0.557026,-0.0948948,0.467465,3.10281,2.38343,0.0294153
12,0.557036,-0.0958782,0.467304,3.10282,2.38366,0.0294029
12,0.557046,-0.0968617,0.467143,3.10283,2.38389,0.0293907
12,0.557056,-0.0978451,0.466981,3.10284,2.38411,0.0293787
12,0.557066,-0.0988286,0.466819,3.10285,2.38433,0.029367
12,0.557076,-0.099812,0.466658,3.10285,2.38455,0.0293554
12,0.557085,-0.100795,0.466496,3.10286,2.38476,0.0293441
12,0.557094,-0.101779,0.466333,3.10287,2.38497,0.0293329
12,0.557103,-0.102762,0.466171,3.10288,2.38518,0.0293219
12,0.557112,-0.103746,0.466009,3.10289,2.38538,0.0293112
12,0.557121,-0.104729,0.465846,3.10289,2.38558,0.0293006
12,0.55713,-0.105713,0.465683,3.1029,2.38577,0.0292902
12,0.557138,-0.106696,0.465521,3.10291,2.38596,0.02928
12,0.557146,-0.10768,0.465358,3.10291,2.38615,0.02927
12,0.557155,-0.108663,0.465194,3.10292,2.38634,0.0292601
12,0.557163,-0.109647,0.465031,3.10293,2.38652,0.0292505
12,0.55717,-0.11063,0.464868,3.10293,2.3867,0.029241
12,0.557178,-0.111614,0.464704,3.10294,2.38687,0.0292317
12,0.557186,-0.112597,0.46454,3.10295,2.38704,0.0292225
12,0.557193,-0.113581,0.464377,3.10295,2.38721,0.0292135
12,0.557201,-0.114564,0.464213,3.10296,2.38738,0.0292047
12,0.557208,-0.115548,0.464049,3.10296,2.38754,0.0291961
12,0.557215,-0.116531,0.463884,3.10297,2.3877,0.0291876
12,0.557222,-0.117515,0.46372,3.10298,2.38786,0.0291793
12,0.557229,-0.118498,0.463555,3.10298,2.38801,0.0291712
12,0.557235,-0.119482,0.463391,3.10299,2.38816,0.0291632
12,0.557242,-0.120466,0.463226,3.10299,2.38831,0.0291554
12,0.557248,-0.121449,0.463061,3.103,2.38845,0.0291477
12,0.557254,-0.122433,0.462896,3.103,2.3886,0.0291402
12,0.557261,-0.123416,0.462731,3.10301,2.38874,0.0291328
12,0.557267,-0.1244,0.462566,3.10301,2.38887,0.0291256
12,0.557273,-0.125383,0.462401,3.10302,2.38901,0.0291185
12,0.557278,-0.126367,0.462235,3.10302,2.38914,0.0291115
12,0.557284,-0.12735,0.46207,3.10303,2.38926,0.0291048
12,0.55729,-0.128334,0.461904,3.10303,2.38939,0.0290981
12,0.557295,-0.129317,0.461738,3.10304,2.38951,0.0290916
12,0.5573,-0.130301,0.461573,3.10304,2.38963,0.0290852
12,0.557306,-0.131285,0.461407,3.10304,2.38975,0.029079
12,0.557311,-0.132268,0.461241,3.10305,2.38987,0.0290729
12,0.557316,-0.133252,0.461074,3.10305,2.38998,0.029067
12,0.557321,-0.134235,0.460908,3.10306,2.39009,0.0290611
12,0.557325,-0.135219,0.460742,3.10306,2.3902,0.0290554
12,0.55733,-0.136202,0.460575,3.10306,2.3903,0.0290499
12,0.557335,-0.137186,0.460409,3.10307,2.39041,0.0290444
12,0.557339,-0.13817,0.460242,3.10307,2.39051,0.0290391
12,0.557344,-0.139153,0.460075,3.10307,2.3906,0.029034
12,0.557348,-0.140137,0.459908,3.10308,2.3907,0.0290289
12,0.557352,-0.14112,0.459741,3.10308,2.39079,0.029024
12,0.557356,-0.142104,0.459574,3.10309,2.39088,0.0290192
12,0.55736,-0.143088,0.459407,3.10309,2.39097,0.0290145
12,0.557364,-0.144071,0.45924,3.10309,2.39106,0.0290099
12,0.557368,-0.145055,0.459072,3.10309,2.39114,0.0290054
12,0.557371,-0.146038,0.458905,3.1031,2.39123,0.0290011
12,0.557375,-0.147022,0.458737,3.1031,2.39131,0.0289969
12,0.557378,-0.148006,0.45857,3.1031,2.39139,0.0289928
12,0.557382,-0.148989,0.458402,3.10311,2.39146,0.0289888
12,0.557385,-0.149973,0.458234,3.10311,2.39153,0.0289849
12,0.557388,-0.150957,0.458066,3.10311,2.39161,0.0289811
12,0.557391,-0.15194,0.457898,3.10311,2.39168,0.0289774
12,0.557394,-0.152924,0.45773,3.10312,2.39174,0.0289739
12,0.557397,-0.153907,0.457562,3.10312,2.39181,0.0289704
12,0.5574,-0.154891,0.457394,3.10312,2.39187,0.028967
12,0.557403,-0.155875,0.457226,3.10312,2.39193,0.0289638
12,0.557405,-0.156858,0.457057,3.10312,2.39199,0.0289607
12,0.557408,-0.157842,0.456889,3.10313,2.39205,0.0289576
12,0.55741,-0.158826,0.45672,3.10313,2.39211,0.0289547
12,0.557413,-0.159809,0.456552,3.10313,2.39216,0.0289518
12,0.557415,-0.160793,0.456383,3.10313,2.39221,0.0289491
12,0.557417,-0.161776,0.456214,3.10313,2.39226,0.0289464
12,0.557419,-0.16276,0.456045,3.10314,2.39231,0.0289439
12,0.557421,-0.163744,0.455876,3.10314,2.39236,0.0289414
12,0.557423,-0.164727,0.455707,3.10314,2.3924,0.0289391
12,0.557425,-0.165711,0.455538,3.10314,2.39245,0.0289368
12,0.557427,-0.166695,0.455369,3.10314,2.39249,0.0289346
12,0.557429,-0.167678,0.4552,3.10314,2.39253,0.0289325
12,0.557431,-0.168662,0.455031,3.10315,2.39257,0.0289305
12,0.557432,-0.169646,0.454861,3.10315,2.3926,0.0289286
12,0.557434,-0.170629,0.454692,3.10315,2.39264,0.0289268
12,0.557435,-0.171613,0.454522,3.10315,2.39267,0.028925
12,0.557437,-0.172597,0.454353,3.10315,2.3927,0.0289234
12,0.557438,-0.17358,0.454183,3.10315,2.39273,0.0289218
12,0.557439,-0.174564,0.454014,3.10315,2.39276,0.0289203
12,0.557441,-0.175548,0.453844,3.10315,2.39279,0.0289189
12,0.557442,-0.176531,0.453674,3.10315,2.39281,0.0289176
12,0.557443,-0.177515,0.453504,3.10316,2.39284,0.0289163
12,0.557444,-0.178499,0.453334,3.10316,2.39286,0.0289152
12,0.557445,-0.179482,0.453164,3.10316,2.39288,0.0289141
12,0.557445,-0.180466,0.452994,3.10316,2.3929,0.0289131
12,0.557446,-0.18145,0.452824,3.10316,2.39292,0.0289121
12,0.557447,-0.182433,0.452654,3.10316,2.39293,0.0289113
12,0.557448,-0.183417,0.452483,3.10316,2.39295,0.0289105
12,0.557448,-0.184401,0.452313,3.10316,2.39296,0.0289098
12,0.557449,-0.185385,0.452143,3.10316,2.39297,0.0289091
12,0.557449,-0.186368,0.451972,3.10316,2.39298,0.0289085
12,0.55745,-0.187352,0.451802,3.10316,2.39299,0.028908
12,0.55745,-0.188336,0.451631,3.10316,2.393,0.0289076
12,0.55745,-0.189319,0.451461,3.10316,2.39301,0.0289072
13,0.55745,-0.189319,0.451461,3.10316,2.39301,0.0289072
13,0.55745,-0.189319,0.451461,3.10316,2.39301,0.0289072
13,0.558509,-0.189317,0.451539,3.10323,2.39491,0.0288056
13,0.559568,-0.189315,0.451618,3.1033,2.39682,0.0287059
13,0.560628,-0.189313,0.451697,3.10336,2.39873,0.0286065
13,0.561688,-0.189311,0.451775,3.10343,2.40064,0.0285073
13,0.562748,-0.189308,0.451854,3.1035,2.40256,0.0284084
13,0.563809,-0.189306,0.451932,3.10356,2.40448,0.0283096
14,0.563809,-0.189306,0.451932,3.10356,2.40448,0.0283096
14,0.563857,-0.188515,0.451366,3.1036,2.40557,0.0282522
14,0.563906,-0.187723,0.450801,3.10364,2.40666,0.0281962
14,0.563955,-0.186931,0.450235,3.10368,2.40775,0.0281403
14,0.564005,-0.186139,0.44967,3.10372,2.40885,0.0280844
14,0.564054,-0.185347,0.449104,3.10375,2.40994,0.0280286
14,0.564104,-0.184556,0.448539,3.10379,2.41104,0.0279728
14,0.564174,-0.183763,0.447992,3.10384,2.41259,0.0278969
14,0.564267,-0.18297,0.447464,3.10391,2.41463,0.0277947
14,0.56436,-0.182177,0.446937,3.10397,2.41668,0.0276927
14,0.564453,-0.181384,0.446409,3.10404,2.41872,0.0275894
14,0.564546,-0.180591,0.445881,3.10411,2.42077,0.0274878
14,0.56464,-0.179799,0.445353,3.10418,2.42282,0.0273844
14,0.564733,-0.179005,0.444825,3.10424,2.42487,0.0272838
14,0.564827,-0.178213,0.444297,3.10431,2.42692,0.0271813
14,0.564922,-0.17742,0.443769,3.10438,2.42898,0.0270807
14,0.565016,-0.176627,0.44324,3.10444,2.43103,0.0269799
14,0.565111,-0.175834,0.442711,3.10451,2.43308,0.0268792
14,0.565205,-0.175041,0.442183,3.10457,2.43514,0.0267789
14,0.565301,-0.174248,0.441654,3.10464,2.4372,0.0266789
14,0.565396,-0.173455,0.441125,3.10471,2.43926,0.0265781
14,0.565491,-0.172662,0.440595,3.10477,2.44132,0.0264805
14,0.565587,-0.171869,0.440066,3.10483,2.44337,0.0263808
14,0.565683,-0.171076,0.439536,3.1049,2.44543,0.0262816
14,0.565779,-0.170283,0.439006,3.10496,2.4475,0.0261828
14,0.565875,-0.16949,0.438476,3.10502,2.44956,0.0260852
14,0.565972,-0.168697,0.437946,3.10508,2.45162,0.0259875
14,0.566069,-0.167904,0.437416,3.10515,2.45368,0.0258895
14,0.566165,-0.167111,0.436885,3.10521,2.45575,0.0257929
14,0.566262,-0.166318,0.436355,3.10527,2.45781,0.025696
14,0.56636,-0.165525,0.435824,3.10533,2.45988,0.0255986
14,0.566457,-0.164732,0.435293,3.10539,2.46194,0.0255026
14,0.566555,-0.163939,0.434761,3.10545,2.46401,0.0254073
14,0.566652,-0.163145,0.43423,3.10551,2.46607,0.0253128
14,0.56675,-0.162353,0.433698,3.10557,2.46814,0.0252161
14,0.566848,-0.16156,0.433167,3.10563,2.4702,0.025121
14,0.566947,-0.160767,0.432635,3.10569,2.47227,0.025026
14,0.567045,-0.159974,0.432102,3.10575,2.47434,0.0249318
14,0.567144,-0.159181,0.43157,3.10581,2.4764,0.0248371
14,0.567243,-0.158388,0.431037,3.10586,2.47847,0.0247434
14,0.567341,-0.157594,0.430504,3.10592,2.48053,0.0246504
14,0.56744,-0.156801,0.429971,3.10598,2.4826,0.0245567
14,0.56754,-0.156008,0.429438,3.10603,2.48467,0.0244636
14,0.567639,-0.155215,0.428905,3.10609,2.48673,0.024371
14,0.567739,-0.154422,0.428371,3.10615,2.4888,0.0242788
14,0.567838,-0.153629,0.427837,3.1062,2.49086,0.0241867
14,0.567938,-0.152836,0.427303,3.10626,2.49293,0.0240952
14,0.568038,-0.152043,0.426769,3.10631,2.49499,0.0240037
14,0.568138,-0.15125,0.426234,3.10637,2.49706,0.0239124
14,0.568238,-0.150457,0.425699,3.10642,2.49912,0.0238214
14,0.568339,-0.149663,0.425164,3.10648,2.50118,0.0237314
14,0.568439,-0.14887,0.424629,3.10653,2.50325,0.023641
14,0.56854,-0.148077,0.424094,3.10658,2.50531,0.0235506
14,0.568641,-0.147284,0.423558,3.10664,2.50737,0.0234611
14,0.568742,-0.146491,0.423022,3.10669,2.50943,0.0233718
14,0.568843,-0.145698,0.422486,3.10674,2.51149,0.0232828
14,0.568944,-0.144905,0.42195,3.1068,2.51355,0.0231933
14,0.569045,-0.144112,0.421413,3.10685,2.51561,0.0231053
14,0.569146,-0.143318,0.420876,3.1069,2.51767,0.0230177
14,0.569248,-0.142525,0.420339,3.10695,2.51973,0.0229293
14,0.569349,-0.141732,0.419802,3.107,2.52179,0.0228417
14,0.569451,-0.140939,0.419264,3.10705,2.52384,0.0227541
14,0.569553,-0.140146,0.418726,3.1071,2.5259,0.0226676
14,0.569655,-0.139353,0.418188,3.10715,2.52795,0.0225807
14,0.569757,-0.138559,0.41765,3.1072,2.53001,0.0224944
14,0.569859,-0.137766,0.417111,3.10725,2.53206,0.0224084
14,0.569961,-0.136973,0.416573,3.1073,2.53411,0.0223229
14,0.570063,-0.13618,0.416034,3.10735,2.53616,0.0222374
14,0.570166,-0.135387,0.415494,3.1074,2.53821,0.0221516
14,0.570268,-0.134593,0.414955,3.10745,2.54026,0.022067
14,0.570371,-0.1338,0.414415,3.10749,2.54231,0.0219822
14,0.570473,-0.133007,0.413875,3.10754,2.54435,0.0218977
14,0.570576,-0.132214,0.413335,3.10759,2.5464,0.0218135
14,0.570679,-0.131421,0.412794,3.10764,2.54844,0.0217296
14,0.570782,-0.130627,0.412254,3.10768,2.55048,0.0216458
14,0.570885,-0.129834,0.411713,3.10773,2.55253,0.0215628
14,0.570988,-0.129041,0.411171,3.10777,2.55457,0.0214798
14,0.571091,-0.128248,0.41063,3.10782,2.55661,0.0213973
14,0.571194,-0.127454,0.410088,3.10787,2.55864,0.0213149
14,0.571297,-0.126661,0.409546,3.10791,2.56068,0.0212327
14,0.571401,-0.125868,0.409004,3.10796,2.56271,0.0211508
14,0.571504,-0.125075,0.408461,3.108,2.56475,0.0210692
14,0.571607,-0.124282,0.407918,3.10804,2.56678,0.0209878
14,0.571711,-0.123488,0.407375,3.10809,2.56881,0.0209068
14,0.571815,-0.122695,0.406832,3.10813,2.57084,0.020826
14,0.571918,-0.121902,0.406289,3.10818,2.57287,0.0207454
14,0.572022,-0.121109,0.405745,3.10822,2.57489,0.0206652
14,0.572126,-0.120315,0.405201,3.10826,2.57692,0.0205852
14,0.572229,-0.119522,0.404656,3.1083,2.57894,0.0205054
14,0.572333,-0.118729,0.404112,3.10835,2.58096,0.020426
14,0.572437,-0.117936,0.403567,3.10839,2.58298,0.0203468
14,0.572541,-0.117142,0.403022,3.10843,2.585,0.0202678
14,0.572645,-0.116349,0.402476,3.10847,2.58701,0.0201892
14,0.572749,-0.115556,0.40193,3.10851,2.58903,0.0201107
14,0.572853,-0.114763,0.401385,3.10855,2.59104,0.0200326
14,0.572957,-0.113969,0.400838,3.10859,2.59305,0.0199547
14,0.573061,-0.113176,0.400292,3.10864,2.59506,0.0198771
14,0.573166,-0.112383,0.399745,3.10868,2.59707,0.0197997
14,0.57327,-0.11159,0.399198,3.10872,2.59907,0.0197226
14,0.573374,-0.110796,0.398651,3.10875,2.60108,0.0196457
14,0.573478,-0.110003,0.398103,3.10879,2.60308,0.0195691
14,0.573583,-0.10921,0.397556,3.10883,2.60508,0.0194928
14,0.573687,-0.108417,0.397007,3.10887,2.60708,0.0194167
14,0.573791,-0.107623,0.396459,3.10891,2.60908,0.0193408
14,0.573896,-0.10683,0.395911,3.10895,2.61107,0.0192652
14,0.574,-0.106037,0.395362,3.10899,2.61306,0.0191899
14,0.574105,-0.105243,0.394813,3.10903,2.61505,0.0191148
14,0.574209,-0.10445,0.394263,3.10906,2.61704,0.0190399
14,0.574313,-0.103657,0.393713,3.1091,2.61903,0.0189653
14,0.574418,-0.102864,0.393164,3.10914,2.62101,0.0188909
14,0.574522,-0.10207,0.392613,3.10917,2.623,0.0188168
14,0.574627,-0.101277,0.392063,3.10921,2.62498,0.0187429
14,0.574731,-0.100484,0.391512,3.10925,2.62696,0.0186693
14,0.574836,-0.0996906,0.390961,3.10928,2.62893,0.0185959
14,0.57494,-0.0988973,0.39041,3.10932,2.63091,0.0185228
14,0.575045,-0.098104,0.389858,3.10935,2.63288,0.0184498
14,0.57515,-0.0973107,0.389306,3.10939,2.63485,0.0183772
14,0.575254,-0.0965174,0.388754,3.10942,2.63682,0.0183047
14,0.575359,-0.0957241,0.388202,3.10946,2.63879,0.0182325
14,0.575463,-0.0949308,0.387649,3.10949,2.64075,0.0181605
14,0.575568,-0.0941376,0.387097,3.10953,2.64271,0.0180888
14,0.575672,-0.0933443,0.386543,3.10956,2.64467,0.0180173
14,0.575777,-0.092551,0.38599,3.1096,2.64663,0.017946
14,0.575881,-0.0917577,0.385436,3.10963,2.64859,0.0178749
14,0.575986,-0.0909644,0.384882,3.10966,2.65054,0.0178041
14,0.57609,-0.0901711,0.384328,3.1097,2.65249,0.0177335
14,0.576195,-0.0893778,0.383774,3.10973,2.65444,0.0176632
15,0.576195,-0.0893778,0.383774,3.10973,2.65444,0.0176632
15,0.576195,-0.0893778,0.383774,3.10973,2.65444,0.0176632
15,0.576432,-0.0893776,0.383783,3.10974,2.65477,0.0176501
16,0.576432,-0.0893776,0.383783,3.10974,2.65477,0.0176501
16,0.576548,-0.0889622,0.383024,3.10977,2.65693,0.0175737
16,0.576677,-0.0885466,0.382271,3.10981,2.65933,0.0174877
16,0.576806,-0.088131,0.381518,3.10985,2.66174,0.0174016
