1,0.371748,-0.167317,0.985527,-0.000748157,0.591518,3.13447
1,0.371748,-0.167317,0.985527,-0.000748157,0.591518,3.13447
1,0.37247,-0.167313,0.985495,-0.000746309,0.592367,3.13447
1,0.373188,-0.167314,0.985467,-0.000746886,0.593221,3.13447
1,0.373907,-0.167314,0.985438,-0.00074748,0.594077,3.13447
1,0.374025,-0.168068,0.984865,-0.000744387,0.591706,3.13447
1,0.374144,-0.168823,0.984291,-0.000743303,0.589348,3.13447
1,0.374263,-0.169578,0.983718,-0.000742189,0.586998,3.13447
1,0.374381,-0.170332,0.983143,-0.000741087,0.584658,3.13447
1,0.374499,-0.171087,0.982568,-0.000739996,0.582325,3.13447
1,0.374617,-0.171842,0.981993,-0.000738916,0.580002,3.13446
1,0.374735,-0.172596,0.981417,-0.000737848,0.577686,3.13446
1,0.374852,-0.173351,0.98084,-0.00073679,0.57538,3.13446
1,0.374969,-0.174106,0.980263,-0.000735743,0.573081,3.13446
1,0.375086,-0.17486,0.979685,-0.000734707,0.570791,3.13446
1,0.375203,-0.175615,0.979107,-0.000733682,0.56851,3.13445
1,0.375319,-0.17637,0.978528,-0.000732667,0.566237,3.13445
1,0.375435,-0.177124,0.977949,-0.000731662,0.563972,3.13445
1,0.375551,-0.177879,0.977369,-0.000730667,0.561716,3.13445
1,0.375666,-0.178634,0.976788,-0.000729683,0.559468,3.13445
1,0.375782,-0.179388,0.976207,-0.000728708,0.557229,3.13444
1,0.375897,-0.180143,0.975626,-0.000727744,0.554998,3.13444
1,0.376011,-0.180898,0.975044,-0.000726789,0.552775,3.13444
1,0.376126,-0.181652,0.974461,-0.000725844,0.55056,3.13444
1,0.37624,-0.182407,0.973878,-0.000724908,0.548354,3.13444
1,0.376354,-0.183162,0.973295,-0.000723982,0.546155,3.13443
1,0.376468,-0.183916,0.972711,-0.000723065,0.543965,3.13443
1,0.376581,-0.184671,0.972126,-0.000722157,0.541784,3.13443
1,0.376694,-0.185426,0.971541,-0.000721259,0.53961,3.13443
1,0.376807,-0.186181,0.970956,-0.000720369,0.537444,3.13443
1,0.376919,-0.186935,0.97037,-0.000719488,0.535287,3.13443
1,0.377032,-0.18769,0.969783,-0.000718616,0.533137,3.13442
1,0.377144,-0.188445,0.969196,-0.000717753,0.530996,3.13442
1,0.377255,-0.189199,0.968608,-0.000716899,0.528863,3.13442
1,0.377367,-0.189954,0.96802,-0.000716052,0.526737,3.13442
1,0.377478,-0.190709,0.967432,-0.000715215,0.52462,3.13442
1,0.377589,-0.191464,0.966843,-0.000714385,0.52251,3.13442
1,0.377699,-0.192218,0.966254,-0.000713564,0.520409,3.13441
1,0.37781,-0.192973,0.965664,-0.000712751,0.518315,3.13441
1,0.37792,-0.193728,0.965073,-0.000711946,0.516229,3.13441
1,0.378029,-0.194483,0.964482,-0.000711148,0.514151,3.13441
1,0.378139,-0.195237,0.963891,-0.000710359,0.512081,3.13441
1,0.378248,-0.195992,0.963299,-0.000709577,0.510018,3.13441
1,0.378357,-0.196747,0.962707,-0.000708803,0.507963,3.1344
1,0.378466,-0.197502,0.962115,-0.000708037,0.505916,3.1344
1,0.378574,-0.198256,0.961522,-0.000707278,0.503876,3.1344
1,0.378682,-0.199011,0.960928,-0.000706526,0.501844,3.1344
1,0.37879,-0.199766,0.960334,-0.000705782,0.49982,3.1344
1,0.378897,-0.200521,0.95974,-0.000705045,0.497803,3.1344
1,0.379004,-0.201276,0.959145,-0.000704315,0.495794,3.13439
1,0.379111,-0.20203,0.95855,-0.000703592,0.493792,3.13439
1,0.379218,-0.202785,0.957954,-0.000702877,0.491798,3.13439
1,0.379324,-0.20354,0.957358,-0.000702168,0.489811,3.13439
1,0.37943,-0.204295,0.956761,-0.000701465,0.487831,3.13439
1,0.379536,-0.20505,0.956164,-0.00070077,0.485859,3.13439
1,0.379642,-0.205804,0.955567,-0.000700081,0.483894,3.13438
1,0.379747,-0.206559,0.954969,-0.000699399,0.481936,3.13438
1,0.379852,-0.207314,0.954371,-0.000698723,0.479986,3.13438
1,0.379957,-0.208069,0.953772,-0.000698054,0.478042,3.13438
1,0.380061,-0.208824,0.953173,-0.000697391,0.476106,3.13438
1,0.380165,-0.209578,0.952574,-0.000696734,0.474177,3.13438
1,0.380269,-0.210333,0.951974,-0.000696084,0.472255,3.13438
1,0.380372,-0.211088,0.951374,-0.00069544,0.47034,3.13437
1,0.380476,-0.211843,0.950773,-0.000694801,0.468432,3.13437
1,0.380579,-0.212598,0.950172,-0.000694169,0.466531,3.13437
1,0.380681,-0.213353,0.949571,-0.000693543,0.464637,3.13437
1,0.380784,-0.214107,0.948969,-0.000692922,0.46275,3.13437
1,0.380886,-0.214862,0.948367,-0.000692307,0.460869,3.13437
1,0.380988,-0.215617,0.947765,-0.000691698,0.458996,3.13437
1,0.38109,-0.216372,0.947162,-0.000691095,0.457129,3.13436
1,0.381191,-0.217127,0.946558,-0.000690497,0.455269,3.13436
1,0.381292,-0.217882,0.945955,-0.000689905,0.453415,3.13436
1,0.381393,-0.218636,0.945351,-0.000689318,0.451569,3.13436
1,0.381493,-0.219391,0.944747,-0.000688737,0.449728,3.13436
1,0.381594,-0.220146,0.944142,-0.000688161,0.447895,3.13436
1,0.381694,-0.220901,0.943537,-0.00068759,0.446068,3.13436
1,0.381793,-0.221656,0.942931,-0.000687024,0.444247,3.13435
1,0.381893,-0.222411,0.942326,-0.000686464,0.442433,3.13435
1,0.381992,-0.223166,0.94172,-0.000685909,0.440625,3.13435
1,0.382091,-0.22392,0.941113,-0.000685358,0.438823,3.13435
1,0.382189,-0.224675,0.940506,-0.000684813,0.437028,3.13435
1,0.382288,-0.22543,0.939899,-0.000684273,0.435239,3.13435
1,0.382386,-0.226185,0.939292,-0.000683737,0.433456,3.13435
1,0.382484,-0.22694,0.938684,-0.000683206,0.43168,3.13434
1,0.382582,-0.227695,0.938076,-0.00068268,0.429909,3.13434
1,0.382679,-0.22845,0.937468,-0.000682159,0.428145,3.13434
1,0.382776,-0.229205,0.936859,-0.000681642,0.426387,3.13434
1,0.382873,-0.22996,0.93625,-0.00068113,0.424634,3.13434
1,0.38297,-0.230714,0.93564,-0.000680623,0.422888,3.13434
1,0.383066,-0.231469,0.935031,-0.00068012,0.421148,3.13434
1,0.383162,-0.232224,0.934421,-0.000679621,0.419413,3.13434
1,0.383258,-0.232979,0.93381,-0.000679127,0.417684,3.13433
1,0.383353,-0.233734,0.9332,-0.000678637,0.415962,3.13433
1,0.383449,-0.234489,0.932589,-0.000678152,0.414244,3.13433
1,0.383544,-0.235244,0.931977,-0.00067767,0.412533,3.13433
1,0.383639,-0.235999,0.931366,-0.000677193,0.410827,3.13433
1,0.383733,-0.236754,0.930754,-0.00067672,0.409127,3.13433
1,0.383828,-0.237509,0.930142,-0.000676251,0.407433,3.13433
1,0.383922,-0.238264,0.929529,-0.000675786,0.405744,3.13433
1,0.384016,-0.239018,0.928917,-0.000675326,0.40406,3.13432
1,0.38411,-0.239773,0.928304,-0.000674869,0.402382,3.13432
1,0.384203,-0.240528,0.92769,-0.000674416,0.400709,3.13432
1,0.384296,-0.241283,0.927077,-0.000673967,0.399042,3.13432
1,0.384389,-0.242038,0.926463,-0.000673521,0.39738,3.13432
1,0.384482,-0.242793,0.925849,-0.00067308,0.395724,3.13432
1,0.384574,-0.243548,0.925234,-0.000672642,0.394072,3.13432
1,0.384667,-0.244303,0.92462,-0.000672208,0.392426,3.13432
1,0.384759,-0.245058,0.924005,-0.000671778,0.390785,3.13431
1,0.384851,-0.245813,0.92339,-0.000671352,0.389149,3.13431
1,0.384942,-0.246568,0.922774,-0.000670928,0.387518,3.13431
1,0.385034,-0.247323,0.922158,-0.000670509,0.385893,3.13431
1,0.385125,-0.248078,0.921542,-0.000670093,0.384272,3.13431
1,0.385216,-0.248833,0.920926,-0.000669681,0.382656,3.13431
1,0.385306,-0.249588,0.920309,-0.000669272,0.381045,3.13431
1,0.385397,-0.250343,0.919693,-0.000668866,0.379439,3.13431
1,0.385487,-0.251098,0.919076,-0.000668464,0.377838,3.13431
1,0.385577,-0.251852,0.918458,-0.000668065,0.376242,3.1343
1,0.385667,-0.252607,0.917841,-0.000667669,0.374651,3.1343
1,0.385757,-0.253362,0.917223,-0.000667277,0.373064,3.1343
1,0.385846,-0.254117,0.916605,-0.000666888,0.371482,3.1343
1,0.385935,-0.254872,0.915986,-0.000666502,0.369905,3.1343
1,0.386025,-0.255627,0.915368,-0.000666119,0.368332,3.1343
1,0.386113,-0.256382,0.914749,-0.00066574,0.366764,3.1343
1,0.386202,-0.257137,0.91413,-0.000665363,0.3652,3.1343
1,0.38629,-0.257892,0.913511,-0.00066499,0.363641,3.1343
1,0.386379,-0.258647,0.912891,-0.000664619,0.362086,3.13429
1,0.386467,-0.259402,0.912272,-0.000664252,0.360536,3.13429
1,0.386554,-0.260157,0.911652,-0.000663888,0.35899,3.13429
1,0.386642,-0.260912,0.911032,-0.000663526,0.357449,3.13429
1,0.386729,-0.261667,0.910411,-0.000663168,0.355912,3.13429
1,0.386817,-0.262422,0.90979,-0.000662812,0.354379,3.13429
1,0.386904,-0.263177,0.90917,-0.00066246,0.352851,3.13429
1,0.38699,-0.263932,0.908549,-0.00066211,0.351327,3.13429
1,0.387077,-0.264687,0.907927,-0.000661763,0.349807,3.13429
1,0.387164,-0.265442,0.907306,-0.000661419,0.348291,3.13428
1,0.38725,-0.266197,0.906684,-0.000661077,0.346779,3.13428
1,0.387336,-0.266952,0.906062,-0.000660738,0.345272,3.13428
1,0.387422,-0.267707,0.90544,-0.000660402,0.343768,3.13428
1,0.387508,-0.268462,0.904818,-0.000660069,0.342269,3.13428
1,0.387593,-0.269217,0.904195,-0.000659738,0.340773,3.13428
1,0.387678,-0.269972,0.903572,-0.00065941,0.339282,3.13428
1,0.387764,-0.270727,0.902949,-0.000659085,0.337794,3.13428
1,0.387849,-0.271482,0.902326,-0.000658762,0.33631,3.13428
1,0.387933,-0.272237,0.901703,-0.000658442,0.334831,3.13428
1,0.388018,-0.272992,0.901079,-0.000658124,0.333355,3.13427
1,0.388102,-0.273747,0.900455,-0.000657809,0.331883,3.13427
1,0.388187,-0.274502,0.899831,-0.000657496,0.330415,3.13427
1,0.388271,-0.275257,0.899207,-0.000657186,0.32895,3.13427
1,0.388355,-0.276012,0.898583,-0.000656878,0.327489,3.13427
1,0.388438,-0.276767,0.897958,-0.000656572,0.326032,3.13427
1,0.388522,-0.277522,0.897333,-0.000656269,0.324579,3.13427
1,0.388605,-0.278277,0.896708,-0.000655969,0.323129,3.13427
1,0.388689,-0.279032,0.896083,-0.00065567,0.321683,3.13427
1,0.388772,-0.279787,0.895458,-0.000655375,0.320241,3.13427
1,0.388855,-0.280542,0.894832,-0.000655081,0.318802,3.13426
1,0.388937,-0.281297,0.894206,-0.00065479,0.317367,3.13426
1,0.38902,-0.282052,0.89358,-0.000654501,0.315935,3.13426
1,0.389102,-0.282807,0.892954,-0.000654214,0.314507,3.13426
1,0.389185,-0.283562,0.892328,-0.00065393,0.313082,3.13426
1,0.389267,-0.284317,0.891702,-0.000653647,0.311661,3.13426
1,0.389349,-0.285072,0.891075,-0.000653367,0.310243,3.13426
1,0.38943,-0.285827,0.890448,-0.000653089,0.308828,3.13426
1,0.389512,-0.286583,0.889821,-0.000652814,0.307417,3.13426
1,0.389593,-0.287338,0.889194,-0.00065254,0.30601,3.13426
1,0.389675,-0.288093,0.888566,-0.000652269,0.304605,3.13425
1,0.389756,-0.288848,0.887939,-0.000652,0.303204,3.13425
1,0.389837,-0.289603,0.887311,-0.000651733,0.301806,3.13425
1,0.389918,-0.290358,0.886683,-0.000651467,0.300412,3.13425
1,0.389998,-0.291113,0.886055,-0.000651204,0.299021,3.13425
1,0.390079,-0.291868,0.885427,-0.000650943,0.297633,3.13425
1,0.390159,-0.292623,0.884799,-0.000650684,0.296248,3.13425
1,0.39024,-0.293378,0.88417,-0.000650427,0.294866,3.13425
1,0.39032,-0.294133,0.883541,-0.000650173,0.293488,3.13425
1,0.390399,-0.294888,0.882912,-0.00064992,0.292113,3.13425
1,0.390479,-0.295643,0.882283,-0.000649669,0.29074,3.13425
1,0.390559,-0.296398,0.881654,-0.00064942,0.289371,3.13424
1,0.390638,-0.297153,0.881025,-0.000649173,0.288005,3.13424
1,0.390718,-0.297908,0.880395,-0.000648927,0.286642,3.13424
1,0.390797,-0.298663,0.879766,-0.000648684,0.285283,3.13424
2,0.434774,-0.299484,0.767105,0.000692408,-2.68258,3.13436
2,0.434816,-0.298728,0.767785,0.000693771,-2.68155,3.13436
2,0.434859,-0.297972,0.768466,0.000694129,-2.68053,3.13436
2,0.434901,-0.297217,0.769147,0.000694488,-2.6795,3.13436
2,0.434944,-0.296461,0.769828,0.000694847,-2.67847,3.13437
2,0.434987,-0.295706,0.770509,0.000695209,-2.67743,3.13437
2,0.43503,-0.29495,0.77119,0.000695573,-2.6764,3.13437
2,0.435073,-0.294195,0.771871,0.000695938,-2.67536,3.13437
2,0.435116,-0.293439,0.772553,0.000696306,-2.67432,3.13437
2,0.43516,-0.292684,0.773234,0.000696675,-2.67328,3.13437
2,0.435203,-0.291928,0.773916,0.000697046,-2.67224,3.13437
2,0.435246,-0.291173,0.774597,0.000697419,-2.67119,3.13437
2,0.43529,-0.290417,0.775279,0.000697793,-2.67015,3.13437
2,0.435334,-0.289662,0.775961,0.00069817,-2.6691,3.13437
2,0.435377,-0.288906,0.776643,0.000698549,-2.66804,3.13437
2,0.435421,-0.288151,0.777326,0.00069893,-2.66699,3.13437
2,0.435465,-0.287395,0.778008,0.000699312,-2.66593,3.13438
2,0.435509,-0.28664,0.77869,0.000699697,-2.66488,3.13438
2,0.435553,-0.285884,0.779373,0.000700083,-2.66381,3.13438
2,0.435597,-0.285129,0.780056,0.000700472,-2.66275,3.13438
2,0.435641,-0.284373,0.780738,0.000700863,-2.66168,3.13438
2,0.435686,-0.283618,0.781421,0.000701256,-2.66062,3.13438
2,0.43573,-0.282862,0.782105,0.000701651,-2.65955,3.13438
2,0.435775,-0.282107,0.782788,0.000702047,-2.65847,3.13438
2,0.435819,-0.281351,0.783471,0.000702446,-2.6574,3.13438
2,0.435864,-0.280596,0.784155,0.000702847,-2.65632,3.13438
2,0.435909,-0.27984,0.784838,0.00070325,-2.65524,3.13438
2,0.435954,-0.279085,0.785522,0.000703656,-2.65416,3.13439
2,0.435999,-0.278329,0.786206,0.000704063,-2.65307,3.13439
2,0.436044,-0.277574,0.78689,0.000704473,-2.65199,3.13439
2,0.436089,-0.276818,0.787574,0.000704885,-2.6509,3.13439
2,0.436134,-0.276063,0.788258,0.000705299,-2.6498,3.13439
2,0.43618,-0.275307,0.788943,0.000705715,-2.64871,3.13439
2,0.436225,-0.274551,0.789627,0.000706134,-2.64761,3.13439
2,0.436271,-0.273796,0.790312,0.000706555,-2.64651,3.13439
2,0.436317,-0.27304,0.790997,0.000706978,-2.64541,3.13439
2,0.436363,-0.272285,0.791682,0.000707404,-2.64431,3.13439
2,0.436408,-0.271529,0.792367,0.000707831,-2.6432,3.13439
2,0.436455,-0.270774,0.793052,0.000708262,-2.64209,3.1344
2,0.436501,-0.270018,0.793737,0.000708694,-2.64098,3.1344
2,0.436547,-0.269263,0.794423,0.000709129,-2.63986,3.1344
2,0.436593,-0.268507,0.795109,0.000709567,-2.63874,3.1344
2,0.43664,-0.267752,0.795794,0.000710006,-2.63762,3.1344
2,0.436686,-0.266996,0.79648,0.000710449,-2.6365,3.1344
2,0.436733,-0.266241,0.797167,0.000710893,-2.63537,3.1344
2,0.43678,-0.265485,0.797853,0.000711341,-2.63424,3.1344
2,0.436827,-0.26473,0.798539,0.00071179,-2.63311,3.1344
2,0.436873,-0.263974,0.799226,0.000712243,-2.63198,3.1344
2,0.436921,-0.263218,0.799912,0.000712698,-2.63084,3.1344
2,0.436968,-0.262463,0.800599,0.000713155,-2.6297,3.13441
2,0.437015,-0.261707,0.801286,0.000713615,-2.62856,3.13441
2,0.437063,-0.260952,0.801974,0.000714078,-2.62741,3.13441
2,0.43711,-0.260196,0.802661,0.000714543,-2.62626,3.13441
2,0.437158,-0.259441,0.803348,0.000715012,-2.62511,3.13441
2,0.437206,-0.258685,0.804036,0.000715482,-2.62396,3.13441
2,0.437253,-0.25793,0.804724,0.000715956,-2.6228,3.13441
2,0.437301,-0.257174,0.805412,0.000716432,-2.62164,3.13441
2,0.43735,-0.256418,0.8061,0.000716911,-2.62047,3.13441
2,0.437398,-0.255663,0.806788,0.000717393,-2.61931,3.13441
2,0.437446,-0.254907,0.807477,0.000717878,-2.61814,3.13442
2,0.437495,-0.254152,0.808165,0.000718366,-2.61697,3.13442
2,0.437543,-0.253396,0.808854,0.000718856,-2.61579,3.13442
2,0.437592,-0.252641,0.809543,0.00071935,-2.61461,3.13442
2,0.437641,-0.251885,0.810232,0.000719846,-2.61343,3.13442
2,0.43769,-0.25113,0.810921,0.000720345,-2.61224,3.13442
2,0.437739,-0.250374,0.811611,0.000720848,-2.61105,3.13442
2,0.437788,-0.249618,0.812301,0.000721353,-2.60986,3.13442
2,0.437838,-0.248863,0.81299,0.000721862,-2.60867,3.13442
2,0.437887,-0.248107,0.81368,0.000722374,-2.60747,3.13442
2,0.437937,-0.247352,0.814371,0.000722888,-2.60627,3.13443
2,0.437986,-0.246596,0.815061,0.000723406,-2.60506,3.13443
2,0.438036,-0.24584,0.815752,0.000723928,-2.60385,3.13443
2,0.438086,-0.245085,0.816442,0.000724452,-2.60264,3.13443
2,0.438136,-0.244329,0.817133,0.00072498,-2.60143,3.13443
2,0.438187,-0.243574,0.817824,0.00072551,-2.60021,3.13443
2,0.438237,-0.242818,0.818516,0.000726045,-2.59899,3.13443
2,0.438288,-0.242063,0.819207,0.000726582,-2.59776,3.13443
2,0.438338,-0.241307,0.819899,0.000727124,-2.59653,3.13443
2,0.438389,-0.240551,0.82059,0.000727668,-2.5953,3.13444
2,0.43844,-0.239796,0.821283,0.000728216,-2.59406,3.13444
2,0.438491,-0.23904,0.821975,0.000728768,-2.59282,3.13444
2,0.438543,-0.238285,0.822667,0.000729323,-2.59158,3.13444
2,0.438594,-0.237529,0.82336,0.000729881,-2.59033,3.13444
2,0.438646,-0.236773,0.824053,0.000730443,-2.58908,3.13444
2,0.438697,-0.236018,0.824746,0.000731009,-2.58782,3.13444
2,0.438749,-0.235262,0.825439,0.000731579,-2.58656,3.13444
2,0.438801,-0.234507,0.826132,0.000732152,-2.5853,3.13444
2,0.438853,-0.233751,0.826826,0.000732729,-2.58403,3.13444
2,0.438906,-0.232995,0.82752,0.00073331,-2.58276,3.13445
2,0.438958,-0.23224,0.828214,0.000733895,-2.58148,3.13445
2,0.439011,-0.231484,0.828908,0.000734484,-2.58021,3.13445
2,0.439063,-0.230729,0.829603,0.000735077,-2.57892,3.13445
2,0.439116,-0.229973,0.830298,0.000735673,-2.57764,3.13445
2,0.439169,-0.229217,0.830992,0.000736274,-2.57634,3.13445
2,0.439223,-0.228462,0.831688,0.000736879,-2.57505,3.13445
2,0.439276,-0.227706,0.832383,0.000737488,-2.57375,3.13445
2,0.43933,-0.226951,0.833079,0.000738101,-2.57244,3.13446
2,0.439383,-0.226195,0.833775,0.000738719,-2.57114,3.13446
2,0.439437,-0.225439,0.834471,0.00073934,-2.56982,3.13446
2,0.439491,-0.224684,0.835167,0.000739966,-2.56851,3.13446
2,0.439545,-0.223928,0.835863,0.000740597,-2.56719,3.13446
2,0.4396,-0.223172,0.83656,0.000741231,-2.56586,3.13446
2,0.439654,-0.222417,0.837257,0.000741871,-2.56453,3.13446
2,0.439709,-0.221661,0.837955,0.000742515,-2.56319,3.13446
2,0.439764,-0.220906,0.838652,0.000743163,-2.56185,3.13446
2,0.439819,-0.22015,0.83935,0.000743816,-2.56051,3.13447
2,0.439874,-0.219394,0.840048,0.000744474,-2.55916,3.13447
2,0.43993,-0.218639,0.840746,0.000745136,-2.55781,3.13447
2,0.439985,-0.217883,0.841445,0.000745804,-2.55645,3.13447
2,0.440041,-0.217127,0.842143,0.000746476,-2.55509,3.13447
2,0.440097,-0.216372,0.842842,0.000747153,-2.55372,3.13447
2,0.440153,-0.215616,0.843542,0.000747835,-2.55234,3.13447
2,0.44021,-0.21486,0.844241,0.000748522,-2.55097,3.13447
2,0.440266,-0.214105,0.844941,0.000749214,-2.54958,3.13448
2,0.440323,-0.213349,0.845641,0.000749912,-2.54819,3.13448
2,0.44038,-0.212594,0.846341,0.000750614,-2.5468,3.13448
2,0.440437,-0.211838,0.847042,0.000751322,-2.5454,3.13448
2,0.440495,-0.211082,0.847743,0.000752036,-2.544,3.13448
2,0.440552,-0.210327,0.848444,0.000752754,-2.54259,3.13448
2,0.44061,-0.209571,0.849145,0.000753479,-2.54117,3.13448
2,0.440668,-0.208815,0.849847,0.000754208,-2.53975,3.13449
2,0.440726,-0.20806,0.850549,0.000754944,-2.53833,3.13449
2,0.440784,-0.207304,0.851252,0.000755685,-2.5369,3.13449
2,0.440843,-0.206548,0.851954,0.000756432,-2.53546,3.13449
2,0.440901,-0.205793,0.852657,0.000757185,-2.53402,3.13449
2,0.44096,-0.205037,0.85336,0.000757943,-2.53257,3.13449
2,0.44102,-0.204281,0.854064,0.000758708,-2.53112,3.13449
2,0.441079,-0.203525,0.854768,0.000759479,-2.52966,3.13449
2,0.441139,-0.20277,0.855472,0.000760256,-2.5282,3.1345
2,0.441198,-0.202014,0.856176,0.000761039,-2.52673,3.1345
2,0.441258,-0.201258,0.856881,0.000761828,-2.52525,3.1345
2,0.441319,-0.200503,0.857586,0.000762624,-2.52377,3.1345
2,0.441379,-0.199747,0.858292,0.000763426,-2.52228,3.1345
2,0.44144,-0.198991,0.858997,0.000764235,-2.52078,3.1345
2,0.441501,-0.198236,0.859703,0.000765051,-2.51928,3.1345
2,0.441562,-0.19748,0.86041,0.000765873,-2.51777,3.13451
2,0.441623,-0.196724,0.861116,0.000766702,-2.51626,3.13451
2,0.441685,-0.195969,0.861823,0.000767538,-2.51474,3.13451
2,0.441747,-0.195213,0.862531,0.000768381,-2.51321,3.13451
2,0.441809,-0.194457,0.863239,0.00076923,-2.51168,3.13451
2,0.441871,-0.193701,0.863947,0.000770088,-2.51014,3.13451
2,0.441934,-0.192946,0.864655,0.000770952,-2.5086,3.13451
2,0.441996,-0.19219,0.865364,0.000771824,-2.50704,3.13452
2,0.44206,-0.191434,0.866073,0.000772703,-2.50548,3.13452
2,0.442123,-0.190678,0.866783,0.00077359,-2.50392,3.13452
2,0.442186,-0.189923,0.867493,0.000774484,-2.50235,3.13452
2,0.44225,-0.189167,0.868203,0.000775386,-2.50077,3.13452
2,0.442314,-0.188411,0.868913,0.000776296,-2.49918,3.13452
2,0.442378,-0.187656,0.869624,0.000777214,-2.49759,3.13453
2,0.442443,-0.1869,0.870336,0.00077814,-2.49598,3.13453
2,0.442508,-0.186144,0.871048,0.000779074,-2.49438,3.13453
2,0.442573,-0.185388,0.87176,0.000780017,-2.49276,3.13453
2,0.442638,-0.184633,0.872472,0.000780968,-2.49114,3.13453
2,0.442703,-0.183877,0.873185,0.000781927,-2.48951,3.13453
2,0.442769,-0.183121,0.873899,0.000782895,-2.48787,3.13454
2,0.442835,-0.182365,0.874613,0.000783872,-2.48623,3.13454
2,0.442902,-0.18161,0.875327,0.000784857,-2.48458,3.13454
2,0.442968,-0.180854,0.876041,0.000785852,-2.48292,3.13454
2,0.443035,-0.180098,0.876756,0.000786855,-2.48125,3.13454
2,0.443102,-0.179342,0.877472,0.000787868,-2.47957,3.13454
2,0.443169,-0.178586,0.878188,0.00078889,-2.47789,3.13455
2,0.443237,-0.177831,0.878904,0.000789921,-2.4762,3.13455
2,0.443305,-0.177075,0.879621,0.000790962,-2.4745,3.13455
2,0.443373,-0.176319,0.880338,0.000792013,-2.4728,3.13455
2,0.443442,-0.175563,0.881055,0.000793073,-2.47108,3.13455
2,0.44351,-0.174807,0.881773,0.000794144,-2.46936,3.13455
2,0.443579,-0.174052,0.882492,0.000795224,-2.46763,3.13456
2,0.443649,-0.173296,0.883211,0.000796315,-2.46589,3.13456
2,0.443718,-0.17254,0.88393,0.000797416,-2.46414,3.13456
2,0.443788,-0.171784,0.88465,0.000798527,-2.46239,3.13456
2,0.443858,-0.171028,0.88537,0.000799649,-2.46062,3.13456
2,0.443928,-0.170273,0.886091,0.000800782,-2.45885,3.13456
2,0.443999,-0.169517,0.886812,0.000801926,-2.45707,3.13457
2,0.44407,-0.168761,0.887534,0.00080308,-2.45528,3.13457
2,0.444141,-0.168005,0.888256,0.000804246,-2.45348,3.13457
2,0.444922,-0.168003,0.888269,0.000803389,-2.45312,3.13457
2,0.445702,-0.168002,0.888283,0.000803712,-2.45274,3.13457
2,0.446483,-0.168002,0.888298,0.000804047,-2.45236,3.13457
2,0.446395,-0.168758,0.887575,0.000802439,-2.45419,3.13457
2,0.446309,-0.169514,0.886852,0.000801304,-2.456,3.13456
2,0.446225,-0.17027,0.88613,0.000800158,-2.4578,3.13456
2,0.44614,-0.171026,0.885408,0.000799023,-2.4596,3.13456
2,0.446056,-0.171781,0.884687,0.000797899,-2.46138,3.13456
2,0.445972,-0.172537,0.883966,0.000796786,-2.46316,3.13456
2,0.445888,-0.173293,0.883246,0.000795683,-2.46493,3.13455
2,0.445805,-0.174049,0.882526,0.000794591,-2.46669,3.13455
2,0.445722,-0.174805,0.881807,0.000793509,-2.46844,3.13455
2,0.445639,-0.175561,0.881088,0.000792438,-2.47019,3.13455
2,0.445556,-0.176316,0.880369,0.000791376,-2.47192,3.13455
2,0.445474,-0.177072,0.879651,0.000790325,-2.47365,3.13455
2,0.445392,-0.177828,0.878934,0.000789283,-2.47537,3.13454
2,0.44531,-0.178584,0.878217,0.000788252,-2.47708,3.13454
2,0.445229,-0.17934,0.8775,0.000787229,-2.47879,3.13454
2,0.445148,-0.180096,0.876784,0.000786216,-2.48048,3.13454
2,0.445067,-0.180851,0.876068,0.000785213,-2.48217,3.13454
2,0.444986,-0.181607,0.875352,0.000784219,-2.48385,3.13454
2,0.444906,-0.182363,0.874637,0.000783234,-2.48553,3.13453
2,0.444825,-0.183119,0.873923,0.000782257,-2.48719,3.13453
2,0.444746,-0.183875,0.873209,0.00078129,-2.48885,3.13453
2,0.444666,-0.18463,0.872495,0.000780332,-2.4905,3.13453
2,0.444587,-0.185386,0.871781,0.000779382,-2.49214,3.13453
2,0.444508,-0.186142,0.871069,0.00077844,-2.49378,3.13453
2,0.444429,-0.186898,0.870356,0.000777508,-2.49541,3.13452
2,0.44435,-0.187653,0.869644,0.000776583,-2.49703,3.13452
2,0.444272,-0.188409,0.868932,0.000775667,-2.49864,3.13452
2,0.444194,-0.189165,0.868221,0.000774758,-2.50024,3.13452
2,0.444116,-0.189921,0.86751,0.000773858,-2.50184,3.13452
2,0.444038,-0.190676,0.866799,0.000772966,-2.50344,3.13452
2,0.443961,-0.191432,0.866089,0.000772081,-2.50502,3.13452
2,0.443884,-0.192188,0.865379,0.000771204,-2.5066,3.13451
2,0.443807,-0.192944,0.864669,0.000770335,-2.50817,3.13451
2,0.443731,-0.193699,0.86396,0.000769473,-2.50973,3.13451
2,0.443654,-0.194455,0.863252,0.000768619,-2.51129,3.13451
2,0.443578,-0.195211,0.862543,0.000767772,-2.51284,3.13451
2,0.443502,-0.195967,0.861835,0.000766932,-2.51438,3.13451
2,0.443427,-0.196722,0.861127,0.0007661,-2.51592,3.13451
2,0.443352,-0.197478,0.86042,0.000765274,-2.51745,3.1345
2,0.443276,-0.198234,0.859713,0.000764455,-2.51898,3.1345
2,0.443202,-0.19899,0.859006,0.000763644,-2.52049,3.1345
2,0.443127,-0.199745,0.8583,0.000762839,-2.52201,3.1345
2,0.443053,-0.200501,0.857594,0.00076204,-2.52351,3.1345
2,0.442978,-0.201257,0.856888,0.000761248,-2.52501,3.1345
2,0.442904,-0.202012,0.856183,0.000760463,-2.5265,3.1345
2,0.442831,-0.202768,0.855478,0.000759684,-2.52799,3.13449
2,0.442757,-0.203524,0.854773,0.000758912,-2.52947,3.13449
2,0.442684,-0.20428,0.854069,0.000758146,-2.53094,3.13449
2,0.442611,-0.205035,0.853365,0.000757386,-2.53241,3.13449
2,0.442538,-0.205791,0.852661,0.000756632,-2.53388,3.13449
2,0.442465,-0.206547,0.851958,0.000755884,-2.53533,3.13449
2,0.442393,-0.207302,0.851255,0.000755143,-2.53678,3.13449
2,0.442321,-0.208058,0.850552,0.000754407,-2.53823,3.13448
2,0.442249,-0.208814,0.849849,0.000753677,-2.53967,3.13448
2,0.442177,-0.20957,0.849147,0.000752952,-2.5411,3.13448
2,0.442105,-0.210325,0.848445,0.000752234,-2.54253,3.13448
2,0.442034,-0.211081,0.847744,0.000751521,-2.54395,3.13448
2,0.441963,-0.211837,0.847042,0.000750813,-2.54537,3.13448
2,0.441892,-0.212592,0.846341,0.000750111,-2.54678,3.13448
2,0.441821,-0.213348,0.84564,0.000749414,-2.54819,3.13448
2,0.441751,-0.214104,0.84494,0.000748723,-2.54959,3.13447
2,0.44168,-0.214859,0.84424,0.000748037,-2.55099,3.13447
2,0.44161,-0.215615,0.84354,0.000747356,-2.55238,3.13447
2,0.44154,-0.216371,0.84284,0.000746681,-2.55376,3.13447
2,0.441471,-0.217126,0.842141,0.00074601,-2.55514,3.13447
2,0.441401,-0.217882,0.841441,0.000745345,-2.55652,3.13447
2,0.441332,-0.218638,0.840743,0.000744684,-2.55789,3.13447
2,0.441262,-0.219393,0.840044,0.000744028,-2.55926,3.13447
2,0.441193,-0.220149,0.839346,0.000743377,-2.56062,3.13446
2,0.441125,-0.220905,0.838647,0.000742731,-2.56197,3.13446
2,0.441056,-0.22166,0.83795,0.00074209,-2.56332,3.13446
2,0.440988,-0.222416,0.837252,0.000741454,-2.56467,3.13446
2,0.440919,-0.223172,0.836555,0.000740822,-2.56601,3.13446
2,0.440851,-0.223927,0.835858,0.000740194,-2.56735,3.13446
2,0.440783,-0.224683,0.835161,0.000739571,-2.56868,3.13446
2,0.440716,-0.225439,0.834464,0.000738953,-2.57001,3.13446
2,0.440648,-0.226194,0.833768,0.000738339,-2.57133,3.13446
2,0.440581,-0.22695,0.833071,0.000737729,-2.57265,3.13445
2,0.440513,-0.227705,0.832376,0.000737124,-2.57396,3.13445
2,0.440446,-0.228461,0.83168,0.000736523,-2.57527,3.13445
2,0.440379,-0.229217,0.830984,0.000735926,-2.57658,3.13445
2,0.440313,-0.229972,0.830289,0.000735333,-2.57788,3.13445
2,0.440246,-0.230728,0.829594,0.000734745,-2.57917,3.13445
2,0.44018,-0.231484,0.828899,0.00073416,-2.58047,3.13445
2,0.440114,-0.232239,0.828205,0.00073358,-2.58175,3.13445
2,0.440048,-0.232995,0.827511,0.000733003,-2.58304,3.13445
2,0.439982,-0.23375,0.826816,0.000732431,-2.58432,3.13444
2,0.439916,-0.234506,0.826123,0.000731862,-2.58559,3.13444
2,0.43985,-0.235262,0.825429,0.000731297,-2.58686,3.13444
2,0.439785,-0.236017,0.824735,0.000730736,-2.58813,3.13444
2,0.43972,-0.236773,0.824042,0.000730179,-2.5894,3.13444
2,0.439655,-0.237529,0.823349,0.000729625,-2.59065,3.13444
2,0.43959,-0.238284,0.822656,0.000729076,-2.59191,3.13444
2,0.439525,-0.23904,0.821964,0.000728529,-2.59316,3.13444
2,0.43946,-0.239795,0.821271,0.000727987,-2.59441,3.13444
2,0.439396,-0.240551,0.820579,0.000727448,-2.59565,3.13444
2,0.439331,-0.241307,0.819887,0.000726912,-2.59689,3.13443
2,0.439267,-0.242062,0.819195,0.00072638,-2.59813,3.13443
2,0.439203,-0.242818,0.818503,0.000725852,-2.59936,3.13443
2,0.439139,-0.243573,0.817812,0.000725327,-2.60059,3.13443
2,0.439075,-0.244329,0.817121,0.000724805,-2.60182,3.13443
2,0.439012,-0.245085,0.81643,0.000724287,-2.60304,3.13443
2,0.438948,-0.24584,0.815739,0.000723772,-2.60426,3.13443
2,0.438885,-0.246596,0.815048,0.00072326,-2.60547,3.13443
2,0.438822,-0.247351,0.814357,0.000722752,-2.60668,3.13443
2,0.438759,-0.248107,0.813667,0.000722246,-2.60789,3.13442
2,0.438696,-0.248863,0.812977,0.000721744,-2.6091,3.13442
2,0.438633,-0.249618,0.812287,0.000721245,-2.6103,3.13442
2,0.43857,-0.250374,0.811597,0.000720749,-2.6115,3.13442
2,0.438508,-0.251129,0.810908,0.000720257,-2.61269,3.13442
2,0.438445,-0.251885,0.810218,0.000719767,-2.61388,3.13442
2,0.438383,-0.252641,0.809529,0.00071928,-2.61507,3.13442
2,0.438321,-0.253396,0.80884,0.000718797,-2.61625,3.13442
2,0.438259,-0.254152,0.808151,0.000718316,-2.61743,3.13442
2,0.438197,-0.254907,0.807462,0.000717838,-2.61861,3.13442
2,0.438135,-0.255663,0.806774,0.000717363,-2.61979,3.13442
2,0.438073,-0.256419,0.806085,0.000716891,-2.62096,3.13441
2,0.438012,-0.257174,0.805397,0.000716422,-2.62212,3.13441
2,0.43795,-0.25793,0.804709,0.000715956,-2.62329,3.13441
2,0.437889,-0.258685,0.804021,0.000715492,-2.62445,3.13441
2,0.437828,-0.259441,0.803333,0.000715032,-2.62561,3.13441
2,0.437767,-0.260196,0.802646,0.000714574,-2.62677,3.13441
2,0.437706,-0.260952,0.801958,0.000714119,-2.62792,3.13441
2,0.437645,-0.261708,0.801271,0.000713666,-2.62907,3.13441
2,0.437584,-0.262463,0.800584,0.000713216,-2.63022,3.13441
2,0.437524,-0.263219,0.799897,0.000712769,-2.63136,3.13441
2,0.437463,-0.263974,0.79921,0.000712324,-2.6325,3.13441
2,0.437403,-0.26473,0.798524,0.000711882,-2.63364,3.1344
2,0.437343,-0.265485,0.797837,0.000711443,-2.63478,3.1344
2,0.437283,-0.266241,0.797151,0.000711006,-2.63591,3.1344
2,0.437223,-0.266997,0.796465,0.000710571,-2.63704,3.1344
2,0.437163,-0.267752,0.795779,0.000710139,-2.63816,3.1344
2,0.437103,-0.268508,0.795093,0.00070971,-2.63929,3.1344
2,0.437043,-0.269263,0.794407,0.000709283,-2.64041,3.1344
2,0.436984,-0.270019,0.793721,0.000708859,-2.64153,3.1344
2,0.436924,-0.270774,0.793036,0.000708437,-2.64264,3.1344
2,0.436865,-0.27153,0.792351,0.000708017,-2.64376,3.1344
2,0.436806,-0.272285,0.791666,0.0007076,-2.64487,3.1344
2,0.436747,-0.273041,0.790981,0.000707185,-2.64598,3.13439
2,0.436688,-0.273797,0.790296,0.000706772,-2.64708,3.13439
2,0.436629,-0.274552,0.789611,0.000706362,-2.64818,3.13439
2,0.43657,-0.275308,0.788926,0.000705954,-2.64928,3.13439
2,0.436511,-0.276063,0.788242,0.000705548,-2.65038,3.13439
2,0.436453,-0.276819,0.787558,0.000705145,-2.65147,3.13439
2,0.436394,-0.277574,0.786873,0.000704743,-2.65257,3.13439
2,0.436336,-0.27833,0.786189,0.000704344,-2.65366,3.13439
2,0.436278,-0.279085,0.785506,0.000703947,-2.65474,3.13439
2,0.436219,-0.279841,0.784822,0.000703553,-2.65583,3.13439
2,0.436161,-0.280597,0.784138,0.00070316,-2.65691,3.13439
2,0.436103,-0.281352,0.783455,0.00070277,-2.65799,3.13439
2,0.436045,-0.282108,0.782771,0.000702382,-2.65907,3.13438
2,0.435988,-0.282863,0.782088,0.000701996,-2.66014,3.13438
2,0.43593,-0.283619,0.781405,0.000701612,-2.66121,3.13438
2,0.435872,-0.284374,0.780722,0.00070123,-2.66228,3.13438
2,0.435815,-0.28513,0.780039,0.00070085,-2.66335,3.13438
2,0.435757,-0.285885,0.779356,0.000700472,-2.66442,3.13438
2,0.4357,-0.286641,0.778674,0.000700096,-2.66548,3.13438
2,0.435643,-0.287396,0.777991,0.000699722,-2.66654,3.13438
2,0.435586,-0.288152,0.777309,0.00069935,-2.6676,3.13438
2,0.435529,-0.288907,0.776627,0.000698981,-2.66865,3.13438
2,0.435472,-0.289663,0.775945,0.000698613,-2.66971,3.13438
2,0.435415,-0.290418,0.775263,0.000698247,-2.67076,3.13438
2,0.435358,-0.291174,0.774581,0.000697883,-2.67181,3.13437
2,0.435301,-0.29193,0.773899,0.000697521,-2.67285,3.13437
2,0.435245,-0.292685,0.773218,0.00069716,-2.6739,3.13437
2,0.435188,-0.293441,0.772536,0.000696802,-2.67494,3.13437
2,0.435132,-0.294196,0.771855,0.000696446,-2.67598,3.13437
2,0.435076,-0.294952,0.771173,0.000696091,-2.67702,3.13437
2,0.435019,-0.295707,0.770492,0.000695738,-2.67805,3.13437
2,0.434963,-0.296463,0.769811,0.000695388,-2.67909,3.13437
2,0.434907,-0.297218,0.76913,0.000695039,-2.68012,3.13437
2,0.434851,-0.297974,0.76845,0.000694691,-2.68115,3.13437
2,0.434796,-0.298729,0.767769,0.000694346,-2.68217,3.13437
2,0.43474,-0.299485,0.767088,0.000694002,-2.6832,3.13437
2,0.43474,-0.299485,0.767088,0.000694002,-2.6832,3.13437
2,0.434221,-0.299485,0.767088,0.000693247,-2.6832,3.13436
2,0.433703,-0.299485,0.767088,0.000692751,-2.68319,3.13436
2,0.433652,-0.30026,0.766462,0.000693328,-2.68411,3.13436
2,0.433602,-0.301035,0.765836,0.000693031,-2.68502,3.13436
2,0.433553,-0.30181,0.765211,0.000692728,-2.68593,3.13436
2,0.433503,-0.302585,0.764585,0.000692427,-2.68683,3.13436
2,0.433454,-0.30336,0.763959,0.000692127,-2.68774,3.13436
2,0.433405,-0.304136,0.763334,0.000691829,-2.68864,3.13436
2,0.433356,-0.304911,0.762708,0.000691532,-2.68954,3.13436
2,0.433306,-0.305686,0.762083,0.000691237,-2.69044,3.13436
2,0.433257,-0.306461,0.761458,0.000690943,-2.69134,3.13436
2,0.433208,-0.307237,0.760833,0.00069065,-2.69224,3.13436
2,0.433159,-0.308012,0.760208,0.000690359,-2.69313,3.13436
2,0.433111,-0.308787,0.759583,0.000690069,-2.69403,3.13436
2,0.433062,-0.309562,0.758958,0.000689781,-2.69492,3.13436
2,0.433013,-0.310338,0.758333,0.000689493,-2.6958,3.13436
2,0.432965,-0.311113,0.757708,0.000689208,-2.69669,3.13435
2,0.432916,-0.311888,0.757084,0.000688923,-2.69758,3.13435
2,0.432868,-0.312663,0.756459,0.000688641,-2.69846,3.13435
2,0.432819,-0.313439,0.755835,0.000688359,-2.69934,3.13435
2,0.432771,-0.314214,0.75521,0.000688078,-2.70022,3.13435
2,0.432723,-0.314989,0.754586,0.000687799,-2.7011,3.13435
2,0.432675,-0.315764,0.753962,0.000687522,-2.70198,3.13435
2,0.432627,-0.316539,0.753338,0.000687245,-2.70285,3.13435
2,0.432579,-0.317315,0.752714,0.00068697,-2.70372,3.13435
2,0.432531,-0.31809,0.75209,0.000686696,-2.70459,3.13435
2,0.432483,-0.318865,0.751466,0.000686424,-2.70546,3.13435
2,0.432435,-0.31964,0.750842,0.000686153,-2.70633,3.13435
2,0.432388,-0.320416,0.750219,0.000685882,-2.7072,3.13435
2,0.43234,-0.321191,0.749595,0.000685614,-2.70806,3.13435
2,0.432293,-0.321966,0.748972,0.000685346,-2.70892,3.13435
2,0.432245,-0.322741,0.748348,0.000685079,-2.70978,3.13434
2,0.432198,-0.323516,0.747725,0.000684815,-2.71064,3.13434
2,0.432151,-0.324292,0.747102,0.000684551,-2.7115,3.13434
2,0.432103,-0.325067,0.746479,0.000684288,-2.71236,3.13434
2,0.432056,-0.325842,0.745856,0.000684027,-2.71321,3.13434
2,0.432009,-0.326617,0.745233,0.000683766,-2.71406,3.13434
2,0.431962,-0.327392,0.74461,0.000683507,-2.71491,3.13434
2,0.431915,-0.328168,0.743987,0.000683249,-2.71576,3.13434
2,0.431868,-0.328943,0.743364,0.000682993,-2.71661,3.13434
2,0.431822,-0.329718,0.742742,0.000682737,-2.71746,3.13434
2,0.431775,-0.330493,0.742119,0.000682483,-2.7183,3.13434
2,0.431728,-0.331269,0.741497,0.000682229,-2.71914,3.13434
2,0.431682,-0.332044,0.740874,0.000681978,-2.71998,3.13434
2,0.431635,-0.332819,0.740252,0.000681726,-2.72082,3.13434
2,0.431589,-0.333594,0.73963,0.000681477,-2.72166,3.13434
2,0.431542,-0.334369,0.739007,0.000681228,-2.7225,3.13434
2,0.431496,-0.335145,0.738385,0.00068098,-2.72333,3.13434
2,0.43145,-0.33592,0.737763,0.000680734,-2.72417,3.13433
2,0.431404,-0.336695,0.737141,0.000680489,-2.725,3.13433
3,0.390735,-0.335863,0.85117,-0.000644739,0.268582,3.13423
3,0.390648,-0.3351,0.851793,-0.000644861,0.269942,3.13423
3,0.390563,-0.334338,0.852415,-0.000645109,0.271303,3.13423
3,0.390478,-0.333575,0.853038,-0.000645359,0.272665,3.13424
3,0.390392,-0.332812,0.85366,-0.000645612,0.274027,3.13424
3,0.390307,-0.332049,0.854283,-0.000645865,0.275391,3.13424
3,0.390222,-0.331287,0.854905,-0.000646121,0.276756,3.13424
3,0.390136,-0.330524,0.855527,-0.000646378,0.278121,3.13424
3,0.390051,-0.329761,0.856149,-0.000646637,0.279488,3.13424
3,0.389966,-0.328998,0.856771,-0.000646897,0.280855,3.13424
3,0.38988,-0.328236,0.857392,-0.00064716,0.282224,3.13424
3,0.389795,-0.327473,0.858014,-0.000647423,0.283593,3.13424
3,0.389709,-0.32671,0.858635,-0.000647689,0.284964,3.13424
3,0.389624,-0.325947,0.859257,-0.000647956,0.286336,3.13424
3,0.389538,-0.325185,0.859878,-0.000648225,0.287708,3.13425
3,0.389452,-0.324422,0.860499,-0.000648496,0.289082,3.13425
3,0.389367,-0.323659,0.86112,-0.000648768,0.290457,3.13425
3,0.389281,-0.322896,0.861741,-0.000649042,0.291833,3.13425
3,0.389195,-0.322133,0.862361,-0.000649318,0.29321,3.13425
3,0.38911,-0.321371,0.862982,-0.000649595,0.294589,3.13425
3,0.389024,-0.320608,0.863602,-0.000649875,0.295968,3.13425
3,0.388938,-0.319845,0.864223,-0.000650156,0.297349,3.13425
3,0.388852,-0.319082,0.864843,-0.000650439,0.298731,3.13425
3,0.388767,-0.31832,0.865463,-0.000650723,0.300114,3.13425
3,0.388681,-0.317557,0.866083,-0.00065101,0.301498,3.13425
3,0.388595,-0.316794,0.866702,-0.000651298,0.302883,3.13426
3,0.388509,-0.316032,0.867322,-0.000651588,0.30427,3.13426
3,0.388423,-0.315269,0.867941,-0.00065188,0.305658,3.13426
3,0.388337,-0.314506,0.868561,-0.000652174,0.307047,3.13426
3,0.388251,-0.313743,0.86918,-0.000652469,0.308438,3.13426
3,0.388164,-0.312981,0.869799,-0.000652767,0.309829,3.13426
3,0.388078,-0.312218,0.870418,-0.000653066,0.311222,3.13426
3,0.387992,-0.311455,0.871037,-0.000653367,0.312617,3.13426
3,0.387906,-0.310692,0.871656,-0.00065367,0.314013,3.13426
3,0.38782,-0.30993,0.872274,-0.000653975,0.31541,3.13426
3,0.387733,-0.309167,0.872892,-0.000654282,0.316808,3.13427
3,0.387647,-0.308404,0.873511,-0.00065459,0.318208,3.13427
3,0.387561,-0.307641,0.874129,-0.000654901,0.319609,3.13427
3,0.387474,-0.306879,0.874747,-0.000655213,0.321011,3.13427
3,0.387388,-0.306116,0.875365,-0.000655528,0.322415,3.13427
3,0.387301,-0.305353,0.875982,-0.000655844,0.323821,3.13427
3,0.387214,-0.30459,0.8766,-0.000656163,0.325227,3.13427
3,0.387128,-0.303828,0.877217,-0.000656483,0.326636,3.13427
3,0.387041,-0.303065,0.877834,-0.000656805,0.328045,3.13427
3,0.386954,-0.302302,0.878452,-0.000657129,0.329456,3.13427
3,0.386868,-0.30154,0.879069,-0.000657456,0.330869,3.13427
3,0.386781,-0.300777,0.879685,-0.000657784,0.332283,3.13428
3,0.386694,-0.300014,0.880302,-0.000658114,0.333699,3.13428
3,0.386607,-0.299251,0.880919,-0.000658447,0.335116,3.13428
3,0.38652,-0.298489,0.881535,-0.000658781,0.336534,3.13428
3,0.386433,-0.297726,0.882151,-0.000659118,0.337954,3.13428
3,0.386346,-0.296963,0.882767,-0.000659456,0.339376,3.13428
3,0.386259,-0.296201,0.883383,-0.000659797,0.340799,3.13428
3,0.386172,-0.295438,0.883999,-0.000660139,0.342224,3.13428
3,0.386085,-0.294675,0.884615,-0.000660484,0.34365,3.13428
3,0.385998,-0.293912,0.88523,-0.000660831,0.345078,3.13428
3,0.38591,-0.29315,0.885846,-0.00066118,0.346508,3.13429
3,0.385823,-0.292387,0.886461,-0.000661531,0.347939,3.13429
3,0.385736,-0.291624,0.887076,-0.000661885,0.349372,3.13429
3,0.385648,-0.290862,0.887691,-0.00066224,0.350806,3.13429
3,0.385561,-0.290099,0.888306,-0.000662598,0.352242,3.13429
3,0.385473,-0.289336,0.88892,-0.000662958,0.35368,3.13429
3,0.385386,-0.288573,0.889535,-0.00066332,0.355119,3.13429
3,0.385298,-0.287811,0.890149,-0.000663684,0.35656,3.13429
3,0.38521,-0.287048,0.890763,-0.000664051,0.358003,3.13429
3,0.385123,-0.286285,0.891377,-0.000664419,0.359448,3.13429
3,0.385035,-0.285523,0.891991,-0.00066479,0.360894,3.1343
3,0.384947,-0.28476,0.892605,-0.000665164,0.362341,3.1343
3,0.384859,-0.283997,0.893218,-0.000665539,0.363791,3.1343
3,0.384771,-0.283235,0.893832,-0.000665917,0.365242,3.1343
3,0.384683,-0.282472,0.894445,-0.000666297,0.366695,3.1343
3,0.384595,-0.281709,0.895058,-0.00066668,0.36815,3.1343
3,0.384507,-0.280946,0.895671,-0.000667065,0.369607,3.1343
3,0.384419,-0.280184,0.896283,-0.000667452,0.371065,3.1343
3,0.38433,-0.279421,0.896896,-0.000667841,0.372526,3.1343
3,0.384242,-0.278658,0.897508,-0.000668233,0.373988,3.1343
3,0.384154,-0.277896,0.898121,-0.000668627,0.375451,3.13431
3,0.384065,-0.277133,0.898733,-0.000669024,0.376917,3.13431
3,0.383977,-0.27637,0.899345,-0.000669423,0.378385,3.13431
3,0.383889,-0.275608,0.899956,-0.000669825,0.379854,3.13431
3,0.3838,-0.274845,0.900568,-0.000670229,0.381325,3.13431
3,0.383711,-0.274082,0.901179,-0.000670635,0.382798,3.13431
3,0.383623,-0.27332,0.901791,-0.000671044,0.384273,3.13431
3,0.383534,-0.272557,0.902402,-0.000671456,0.38575,3.13431
3,0.383445,-0.271794,0.903013,-0.00067187,0.387229,3.13431
3,0.383356,-0.271032,0.903624,-0.000672286,0.38871,3.13432
3,0.383267,-0.270269,0.904234,-0.000672705,0.390193,3.13432
3,0.383178,-0.269506,0.904845,-0.000673127,0.391677,3.13432
3,0.383089,-0.268744,0.905455,-0.000673551,0.393164,3.13432
3,0.383,-0.267981,0.906065,-0.000673978,0.394652,3.13432
3,0.382911,-0.267218,0.906675,-0.000674408,0.396143,3.13432
3,0.382822,-0.266456,0.907285,-0.00067484,0.397636,3.13432
3,0.382733,-0.265693,0.907894,-0.000675274,0.39913,3.13432
3,0.382643,-0.26493,0.908504,-0.000675712,0.400627,3.13432
3,0.382554,-0.264168,0.909113,-0.000676152,0.402126,3.13433
3,0.382465,-0.263405,0.909722,-0.000676595,0.403626,3.13433
3,0.382375,-0.262642,0.910331,-0.00067704,0.405129,3.13433
3,0.382286,-0.26188,0.910939,-0.000677489,0.406634,3.13433
3,0.382196,-0.261117,0.911548,-0.00067794,0.408141,3.13433
3,0.382106,-0.260354,0.912156,-0.000678394,0.40965,3.13433
3,0.382016,-0.259592,0.912764,-0.00067885,0.411161,3.13433
3,0.381927,-0.258829,0.913372,-0.00067931,0.412675,3.13433
3,0.381837,-0.258066,0.91398,-0.000679772,0.41419,3.13433
3,0.381747,-0.257304,0.914588,-0.000680238,0.415708,3.13434
3,0.381657,-0.256541,0.915195,-0.000680706,0.417228,3.13434
3,0.381567,-0.255778,0.915803,-0.000681177,0.41875,3.13434
3,0.381477,-0.255016,0.91641,-0.000681651,0.420274,3.13434
3,0.381386,-0.254253,0.917017,-0.000682128,0.421801,3.13434
3,0.381296,-0.253491,0.917623,-0.000682608,0.42333,3.13434
3,0.381206,-0.252728,0.91823,-0.000683091,0.424861,3.13434
3,0.381115,-0.251965,0.918836,-0.000683576,0.426394,3.13434
3,0.381025,-0.251203,0.919442,-0.000684065,0.42793,3.13434
3,0.380934,-0.25044,0.920048,-0.000684558,0.429467,3.13435
3,0.380844,-0.249677,0.920654,-0.000685053,0.431008,3.13435
3,0.380753,-0.248915,0.92126,-0.000685551,0.43255,3.13435
3,0.380662,-0.248152,0.921865,-0.000686052,0.434095,3.13435
3,0.380571,-0.247389,0.92247,-0.000686557,0.435643,3.13435
3,0.380481,-0.246627,0.923075,-0.000687065,0.437192,3.13435
3,0.38039,-0.245864,0.92368,-0.000687576,0.438744,3.13435
3,0.380299,-0.245102,0.924285,-0.00068809,0.440299,3.13435
3,0.380207,-0.244339,0.924889,-0.000688607,0.441856,3.13435
3,0.380116,-0.243576,0.925493,-0.000689128,0.443415,3.13436
3,0.380025,-0.242814,0.926097,-0.000689652,0.444977,3.13436
3,0.379934,-0.242051,0.926701,-0.00069018,0.446542,3.13436
3,0.379842,-0.241288,0.927305,-0.00069071,0.448109,3.13436
3,0.379751,-0.240526,0.927908,-0.000691245,0.449678,3.13436
3,0.379659,-0.239763,0.928511,-0.000691782,0.45125,3.13436
3,0.379568,-0.239001,0.929114,-0.000692323,0.452825,3.13436
3,0.379476,-0.238238,0.929717,-0.000692868,0.454402,3.13436
3,0.379384,-0.237475,0.93032,-0.000693416,0.455982,3.13437
3,0.379292,-0.236713,0.930922,-0.000693968,0.457564,3.13437
3,0.3792,-0.23595,0.931524,-0.000694523,0.45915,3.13437
3,0.379108,-0.235188,0.932126,-0.000695082,0.460737,3.13437
3,0.379016,-0.234425,0.932728,-0.000695644,0.462328,3.13437
3,0.378924,-0.233662,0.93333,-0.00069621,0.463921,3.13437
3,0.378832,-0.2329,0.933931,-0.00069678,0.465517,3.13437
3,0.37874,-0.232137,0.934532,-0.000697354,0.467116,3.13437
3,0.378647,-0.231375,0.935133,-0.000697931,0.468717,3.13438
3,0.378555,-0.230612,0.935734,-0.000698512,0.470321,3.13438
3,0.378462,-0.229849,0.936334,-0.000699097,0.471928,3.13438
3,0.37837,-0.229087,0.936935,-0.000699686,0.473538,3.13438
3,0.378277,-0.228324,0.937535,-0.000700279,0.475151,3.13438
3,0.378184,-0.227562,0.938135,-0.000700875,0.476767,3.13438
3,0.378091,-0.226799,0.938734,-0.000701476,0.478385,3.13438
3,0.377998,-0.226037,0.939334,-0.00070208,0.480007,3.13438
3,0.377905,-0.225274,0.939933,-0.000702689,0.481631,3.13439
3,0.377812,-0.224511,0.940532,-0.000703301,0.483259,3.13439
3,0.377719,-0.223749,0.94113,-0.000703918,0.484889,3.13439
3,0.377625,-0.222986,0.941729,-0.000704539,0.486523,3.13439
3,0.377532,-0.222224,0.942327,-0.000705164,0.488159,3.13439
3,0.377438,-0.221461,0.942925,-0.000705793,0.489799,3.13439
3,0.377345,-0.220699,0.943523,-0.000706427,0.491442,3.13439
3,0.377251,-0.219936,0.94412,-0.000707065,0.493087,3.13439
3,0.377157,-0.219173,0.944718,-0.000707707,0.494736,3.1344
3,0.377064,-0.218411,0.945315,-0.000708354,0.496388,3.1344
3,0.37697,-0.217648,0.945912,-0.000709005,0.498044,3.1344
3,0.376876,-0.216886,0.946508,-0.00070966,0.499702,3.1344
3,0.376781,-0.216123,0.947105,-0.00071032,0.501364,3.1344
3,0.376687,-0.215361,0.947701,-0.000710984,0.503029,3.1344
3,0.376593,-0.214598,0.948297,-0.000711653,0.504697,3.1344
3,0.376498,-0.213835,0.948892,-0.000712327,0.506369,3.13441
3,0.376404,-0.213073,0.949488,-0.000713006,0.508044,3.13441
3,0.376309,-0.21231,0.950083,-0.000713689,0.509722,3.13441
3,0.376215,-0.211548,0.950678,-0.000714377,0.511404,3.13441
3,0.37612,-0.210785,0.951272,-0.000715069,0.513089,3.13441
3,0.376025,-0.210023,0.951867,-0.000715767,0.514778,3.13441
3,0.37593,-0.20926,0.952461,-0.000716469,0.51647,3.13441
3,0.375835,-0.208498,0.953055,-0.000717176,0.518166,3.13442
3,0.37574,-0.207735,0.953648,-0.000717889,0.519865,3.13442
3,0.375644,-0.206973,0.954242,-0.000718606,0.521567,3.13442
3,0.375549,-0.20621,0.954835,-0.000719329,0.523274,3.13442
3,0.375453,-0.205448,0.955428,-0.000720056,0.524984,3.13442
3,0.375358,-0.204685,0.95602,-0.000720789,0.526697,3.13442
3,0.375262,-0.203923,0.956612,-0.000721527,0.528414,3.13442
3,0.375166,-0.20316,0.957204,-0.000722271,0.530135,3.13443
3,0.37507,-0.202397,0.957796,-0.000723019,0.53186,3.13443
3,0.374974,-0.201635,0.958388,-0.000723774,0.533588,3.13443
3,0.374878,-0.200872,0.958979,-0.000724533,0.535321,3.13443
3,0.374782,-0.20011,0.95957,-0.000725298,0.537057,3.13443
3,0.374686,-0.199347,0.96016,-0.000726069,0.538796,3.13443
3,0.374589,-0.198585,0.960751,-0.000726845,0.54054,3.13443
3,0.374493,-0.197822,0.961341,-0.000727627,0.542288,3.13444
3,0.374396,-0.19706,0.961931,-0.000728415,0.544039,3.13444
3,0.374299,-0.196297,0.96252,-0.000729208,0.545795,3.13444
3,0.374202,-0.195535,0.963109,-0.000730008,0.547555,3.13444
3,0.374105,-0.194772,0.963698,-0.000730813,0.549318,3.13444
3,0.374008,-0.19401,0.964287,-0.000731625,0.551086,3.13444
3,0.373911,-0.193247,0.964875,-0.000732442,0.552858,3.13444
3,0.373814,-0.192485,0.965464,-0.000733265,0.554634,3.13445
3,0.373716,-0.191722,0.966051,-0.000734095,0.556414,3.13445
3,0.373619,-0.19096,0.966639,-0.000734931,0.558198,3.13445
3,0.373521,-0.190197,0.967226,-0.000735773,0.559986,3.13445
3,0.373423,-0.189435,0.967813,-0.000736622,0.561779,3.13445
3,0.373325,-0.188672,0.968399,-0.000737477,0.563576,3.13445
3,0.373227,-0.18791,0.968986,-0.000738339,0.565378,3.13446
3,0.373129,-0.187148,0.969572,-0.000739207,0.567183,3.13446
3,0.373031,-0.186385,0.970157,-0.000740082,0.568993,3.13446
3,0.372933,-0.185623,0.970743,-0.000740964,0.570808,3.13446
3,0.372834,-0.18486,0.971328,-0.000741852,0.572627,3.13446
3,0.372736,-0.184098,0.971912,-0.000742747,0.57445,3.13446
3,0.372637,-0.183335,0.972497,-0.000743649,0.576279,3.13446
3,0.372538,-0.182573,0.973081,-0.000744559,0.578111,3.13447
3,0.372439,-0.18181,0.973665,-0.000745475,0.579948,3.13447
3,0.37234,-0.181048,0.974248,-0.000746399,0.58179,3.13447
3,0.372241,-0.180285,0.974831,-0.00074733,0.583637,3.13447
3,0.372141,-0.179523,0.975414,-0.000748268,0.585488,3.13447
3,0.372042,-0.178761,0.975996,-0.000749214,0.587344,3.13447
3,0.371942,-0.177998,0.976578,-0.000750167,0.589205,3.13448
3,0.371843,-0.177236,0.97716,-0.000751128,0.591071,3.13448
3,0.371743,-0.176473,0.977741,-0.000752096,0.592941,3.13448
3,0.371643,-0.175711,0.978322,-0.000753073,0.594817,3.13448
3,0.371543,-0.174948,0.978903,-0.000754057,0.596697,3.13448
3,0.371442,-0.174186,0.979484,-0.000755049,0.598583,3.13449
3,0.371342,-0.173423,0.980064,-0.00075605,0.600473,3.13449
3,0.371241,-0.172661,0.980643,-0.000757058,0.602369,3.13449
3,0.371141,-0.171899,0.981223,-0.000758075,0.604269,3.13449
3,0.37104,-0.171136,0.981801,-0.0007591,0.606175,3.13449
3,0.370939,-0.170374,0.98238,-0.000760134,0.608086,3.13449
3,0.370838,-0.169611,0.982958,-0.000761176,0.610003,3.1345
3,0.370737,-0.168849,0.983536,-0.000762227,0.611924,3.1345
3,0.370636,-0.168087,0.984114,-0.000763287,0.613851,3.1345
3,0.370534,-0.167324,0.984691,-0.000764355,0.615783,3.1345
3,0.371262,-0.167328,0.984663,-0.000765658,0.61651,3.13451
3,0.371988,-0.167329,0.984638,-0.000765065,0.617243,3.13451
3,0.372714,-0.167329,0.984612,-0.00076446,0.61798,3.1345
3,0.372811,-0.168083,0.984027,-0.000766576,0.616009,3.13451
3,0.372908,-0.168838,0.983443,-0.00076545,0.614048,3.1345
3,0.373005,-0.169593,0.982858,-0.000764359,0.612092,3.1345
3,0.373102,-0.170347,0.982273,-0.000763276,0.610142,3.1345
3,0.373199,-0.171102,0.981688,-0.000762202,0.608197,3.1345
3,0.373295,-0.171857,0.981102,-0.000761137,0.606258,3.1345
3,0.373392,-0.172611,0.980516,-0.000760081,0.604324,3.1345
3,0.373488,-0.173366,0.979929,-0.000759034,0.602395,3.13449
3,0.373585,-0.174121,0.979342,-0.000757995,0.600471,3.13449
3,0.373681,-0.174875,0.978755,-0.000756964,0.598552,3.13449
3,0.373777,-0.17563,0.978168,-0.000755942,0.596638,3.13449
3,0.373873,-0.176385,0.97758,-0.000754928,0.59473,3.13449
3,0.373968,-0.17714,0.976991,-0.000753922,0.592826,3.13448
3,0.374064,-0.177894,0.976403,-0.000752925,0.590928,3.13448
3,0.374159,-0.178649,0.975814,-0.000751935,0.589034,3.13448
3,0.374255,-0.179404,0.975224,-0.000750953,0.587146,3.13448
3,0.37435,-0.180158,0.974635,-0.000749979,0.585262,3.13448
3,0.374445,-0.180913,0.974044,-0.000749012,0.583383,3.13448
3,0.37454,-0.181668,0.973454,-0.000748053,0.581508,3.13447
3,0.374635,-0.182422,0.972863,-0.000747102,0.579639,3.13447
3,0.37473,-0.183177,0.972272,-0.000746158,0.577774,3.13447
3,0.374824,-0.183932,0.971681,-0.000745222,0.575914,3.13447
3,0.374919,-0.184687,0.971089,-0.000744292,0.574058,3.13447
3,0.375013,-0.185441,0.970497,-0.00074337,0.572207,3.13447
3,0.375108,-0.186196,0.969905,-0.000742455,0.570361,3.13446
3,0.375202,-0.186951,0.969312,-0.000741547,0.568519,3.13446
3,0.375296,-0.187706,0.968719,-0.000740645,0.566682,3.13446
3,0.37539,-0.18846,0.968126,-0.000739751,0.564849,3.13446
3,0.375483,-0.189215,0.967532,-0.000738864,0.56302,3.13446
3,0.375577,-0.18997,0.966938,-0.000737983,0.561196,3.13446
3,0.375671,-0.190724,0.966344,-0.000737109,0.559376,3.13445
3,0.375764,-0.191479,0.965749,-0.000736241,0.55756,3.13445
3,0.375857,-0.192234,0.965154,-0.00073538,0.555749,3.13445
3,0.375951,-0.192989,0.964559,-0.000734526,0.553942,3.13445
3,0.376044,-0.193743,0.963964,-0.000733677,0.552139,3.13445
3,0.376137,-0.194498,0.963368,-0.000732836,0.55034,3.13445
3,0.37623,-0.195253,0.962772,-0.000732,0.548546,3.13444
3,0.376322,-0.196008,0.962175,-0.00073117,0.546755,3.13444
3,0.376415,-0.196762,0.961579,-0.000730347,0.544969,3.13444
3,0.376508,-0.197517,0.960982,-0.000729529,0.543187,3.13444
3,0.3766,-0.198272,0.960384,-0.000728718,0.541408,3.13444
3,0.376692,-0.199027,0.959787,-0.000727912,0.539634,3.13444
3,0.376785,-0.199782,0.959189,-0.000727113,0.537863,3.13444
3,0.376877,-0.200536,0.958591,-0.000726319,0.536097,3.13443
3,0.376969,-0.201291,0.957993,-0.000725531,0.534334,3.13443
3,0.377061,-0.202046,0.957394,-0.000724748,0.532575,3.13443
3,0.377152,-0.202801,0.956795,-0.000723971,0.53082,3.13443
3,0.377244,-0.203555,0.956196,-0.0007232,0.529069,3.13443
3,0.377336,-0.20431,0.955596,-0.000722434,0.527322,3.13443
3,0.377427,-0.205065,0.954996,-0.000721674,0.525578,3.13442
3,0.377519,-0.20582,0.954396,-0.000720919,0.523838,3.13442
3,0.37761,-0.206575,0.953796,-0.000720169,0.522102,3.13442
3,0.377701,-0.207329,0.953195,-0.000719425,0.520369,3.13442
3,0.377792,-0.208084,0.952594,-0.000718686,0.51864,3.13442
3,0.377883,-0.208839,0.951993,-0.000717952,0.516915,3.13442
3,0.377974,-0.209594,0.951392,-0.000717223,0.515193,3.13442
3,0.378065,-0.210348,0.95079,-0.0007165,0.513474,3.13441
3,0.378156,-0.211103,0.950188,-0.000715781,0.511759,3.13441
3,0.378246,-0.211858,0.949586,-0.000715067,0.510048,3.13441
3,0.378337,-0.212613,0.948984,-0.000714359,0.50834,3.13441
3,0.378427,-0.213368,0.948381,-0.000713655,0.506635,3.13441
3,0.378517,-0.214123,0.947778,-0.000712956,0.504934,3.13441
3,0.378608,-0.214877,0.947175,-0.000712262,0.503236,3.13441
3,0.378698,-0.215632,0.946571,-0.000711572,0.501542,3.1344
3,0.378788,-0.216387,0.945968,-0.000710888,0.499851,3.1344
3,0.378878,-0.217142,0.945364,-0.000710207,0.498163,3.1344
3,0.378968,-0.217897,0.94476,-0.000709532,0.496478,3.1344
3,0.379057,-0.218651,0.944155,-0.000708861,0.494797,3.1344
3,0.379147,-0.219406,0.94355,-0.000708195,0.493119,3.1344
3,0.379237,-0.220161,0.942945,-0.000707533,0.491444,3.1344
3,0.379326,-0.220916,0.94234,-0.000706876,0.489772,3.13439
3,0.379416,-0.221671,0.941735,-0.000706223,0.488103,3.13439
3,0.379505,-0.222426,0.941129,-0.000705575,0.486438,3.13439
3,0.379594,-0.22318,0.940523,-0.00070493,0.484775,3.13439
3,0.379683,-0.223935,0.939917,-0.00070429,0.483116,3.13439
3,0.379772,-0.22469,0.939311,-0.000703655,0.481459,3.13439
3,0.379861,-0.225445,0.938704,-0.000703023,0.479806,3.13439
3,0.37995,-0.2262,0.938098,-0.000702396,0.478155,3.13439
3,0.380039,-0.226955,0.937491,-0.000701773,0.476508,3.13438
3,0.380128,-0.227709,0.936883,-0.000701154,0.474863,3.13438
3,0.380216,-0.228464,0.936276,-0.000700539,0.473222,3.13438
3,0.380305,-0.229219,0.935668,-0.000699928,0.471583,3.13438
3,0.380393,-0.229974,0.93506,-0.000699321,0.469947,3.13438
3,0.380482,-0.230729,0.934452,-0.000698718,0.468314,3.13438
3,0.38057,-0.231484,0.933844,-0.000698119,0.466683,3.13438
3,0.380658,-0.232239,0.933235,-0.000697524,0.465056,3.13437
3,0.380747,-0.232993,0.932626,-0.000696932,0.463431,3.13437
3,0.380835,-0.233748,0.932017,-0.000696345,0.461809,3.13437
3,0.380923,-0.234503,0.931408,-0.000695761,0.46019,3.13437
3,0.381011,-0.235258,0.930798,-0.000695181,0.458574,3.13437
3,0.381098,-0.236013,0.930189,-0.000694605,0.45696,3.13437
3,0.381186,-0.236768,0.929579,-0.000694032,0.455349,3.13437
3,0.381274,-0.237523,0.928969,-0.000693464,0.45374,3.13437
3,0.381362,-0.238277,0.928358,-0.000692898,0.452134,3.13436
3,0.381449,-0.239032,0.927748,-0.000692337,0.450531,3.13436
3,0.381537,-0.239787,0.927137,-0.000691779,0.44893,3.13436
3,0.381624,-0.240542,0.926526,-0.000691224,0.447332,3.13436
3,0.381711,-0.241297,0.925915,-0.000690673,0.445736,3.13436
3,0.381799,-0.242052,0.925304,-0.000690126,0.444143,3.13436
3,0.381886,-0.242807,0.924692,-0.000689582,0.442552,3.13436
3,0.381973,-0.243562,0.92408,-0.000689041,0.440964,3.13436
3,0.38206,-0.244316,0.923468,-0.000688504,0.439378,3.13435
3,0.382147,-0.245071,0.922856,-0.00068797,0.437795,3.13435
3,0.382234,-0.245826,0.922244,-0.00068744,0.436214,3.13435
3,0.382321,-0.246581,0.921631,-0.000686912,0.434636,3.13435
3,0.382408,-0.247336,0.921018,-0.000686389,0.43306,3.13435
3,0.382494,-0.248091,0.920405,-0.000685868,0.431486,3.13435
3,0.382581,-0.248846,0.919792,-0.000685351,0.429915,3.13435
3,0.382668,-0.249601,0.919179,-0.000684836,0.428345,3.13435
3,0.382754,-0.250356,0.918565,-0.000684325,0.426779,3.13434
3,0.382841,-0.25111,0.917952,-0.000683818,0.425214,3.13434
3,0.382927,-0.251865,0.917338,-0.000683313,0.423652,3.13434
3,0.383013,-0.25262,0.916724,-0.000682811,0.422092,3.13434
3,0.3831,-0.253375,0.916109,-0.000682313,0.420534,3.13434
3,0.383186,-0.25413,0.915495,-0.000681818,0.418979,3.13434
3,0.383272,-0.254885,0.91488,-0.000681325,0.417425,3.13434
3,0.383358,-0.25564,0.914265,-0.000680836,0.415874,3.13434
3,0.383444,-0.256395,0.91365,-0.00068035,0.414325,3.13434
3,0.38353,-0.25715,0.913035,-0.000679866,0.412778,3.13433
3,0.383616,-0.257905,0.912419,-0.000679386,0.411234,3.13433
3,0.383702,-0.258659,0.911804,-0.000678909,0.409691,3.13433
3,0.383788,-0.259414,0.911188,-0.000678434,0.408151,3.13433
3,0.383873,-0.260169,0.910572,-0.000677962,0.406612,3.13433
3,0.383959,-0.260924,0.909956,-0.000677494,0.405076,3.13433
3,0.384045,-0.261679,0.90934,-0.000677028,0.403542,3.13433
3,0.38413,-0.262434,0.908723,-0.000676565,0.402009,3.13433
3,0.384216,-0.263189,0.908106,-0.000676104,0.400479,3.13432
3,0.384301,-0.263944,0.907489,-0.000675647,0.398951,3.13432
3,0.384386,-0.264699,0.906872,-0.000675192,0.397425,3.13432
3,0.384472,-0.265454,0.906255,-0.00067474,0.3959,3.13432
3,0.384557,-0.266209,0.905638,-0.000674291,0.394378,3.13432
3,0.384642,-0.266964,0.90502,-0.000673844,0.392858,3.13432
3,0.384727,-0.267719,0.904402,-0.000673401,0.391339,3.13432
3,0.384813,-0.268473,0.903784,-0.000672959,0.389823,3.13432
3,0.384898,-0.269228,0.903166,-0.000672521,0.388308,3.13432
3,0.384983,-0.269983,0.902548,-0.000672085,0.386795,3.13431
3,0.385068,-0.270738,0.90193,-0.000671652,0.385284,3.13431
3,0.385152,-0.271493,0.901311,-0.000671221,0.383775,3.13431
3,0.385237,-0.272248,0.900692,-0.000670793,0.382268,3.13431
3,0.385322,-0.273003,0.900073,-0.000670368,0.380763,3.13431
3,0.385407,-0.273758,0.899454,-0.000669945,0.379259,3.13431
3,0.385492,-0.274513,0.898835,-0.000669525,0.377758,3.13431
3,0.385576,-0.275268,0.898215,-0.000669107,0.376258,3.13431
3,0.385661,-0.276023,0.897596,-0.000668691,0.374759,3.13431
3,0.385745,-0.276778,0.896976,-0.000668278,0.373263,3.1343
3,0.38583,-0.277533,0.896356,-0.000667868,0.371768,3.1343
3,0.385914,-0.278288,0.895736,-0.00066746,0.370276,3.1343
3,0.385999,-0.279043,0.895115,-0.000667055,0.368784,3.1343
3,0.386083,-0.279798,0.894495,-0.000666651,0.367295,3.1343
3,0.386167,-0.280553,0.893874,-0.000666251,0.365807,3.1343
3,0.386252,-0.281307,0.893254,-0.000665853,0.364321,3.1343
3,0.386336,-0.282062,0.892633,-0.000665457,0.362837,3.1343
3,0.38642,-0.282817,0.892012,-0.000665063,0.361354,3.1343
3,0.386504,-0.283572,0.89139,-0.000664672,0.359873,3.13429
3,0.386588,-0.284327,0.890769,-0.000664283,0.358393,3.13429
3,0.386672,-0.285082,0.890147,-0.000663897,0.356915,3.13429
3,0.386756,-0.285837,0.889526,-0.000663512,0.355439,3.13429
3,0.38684,-0.286592,0.888904,-0.00066313,0.353964,3.13429
3,0.386924,-0.287347,0.888282,-0.000662751,0.352491,3.13429
3,0.387008,-0.288102,0.887659,-0.000662373,0.35102,3.13429
3,0.387091,-0.288857,0.887037,-0.000661998,0.34955,3.13429
3,0.387175,-0.289612,0.886414,-0.000661625,0.348082,3.13429
3,0.387259,-0.290367,0.885792,-0.000661255,0.346615,3.13429
3,0.387343,-0.291122,0.885169,-0.000660886,0.345149,3.13428
3,0.387426,-0.291877,0.884546,-0.00066052,0.343686,3.13428
3,0.38751,-0.292632,0.883923,-0.000660156,0.342223,3.13428
3,0.387593,-0.293387,0.8833,-0.000659794,0.340763,3.13428
3,0.387677,-0.294142,0.882676,-0.000659435,0.339303,3.13428
3,0.38776,-0.294897,0.882053,-0.000659077,0.337845,3.13428
3,0.387844,-0.295652,0.881429,-0.000658722,0.336389,3.13428
3,0.387927,-0.296407,0.880805,-0.000658368,0.334934,3.13428
3,0.38801,-0.297162,0.880181,-0.000658017,0.33348,3.13428
3,0.388094,-0.297917,0.879557,-0.000657668,0.332028,3.13427
3,0.388177,-0.298672,0.878932,-0.000657321,0.330577,3.13427
3,0.388177,-0.298672,0.878932,-0.000657321,0.330577,3.13427
3,0.387684,-0.298673,0.87894,-0.000657576,0.330141,3.13427
3,0.38719,-0.298673,0.878948,-0.000657332,0.329709,3.13427
3,0.387264,-0.299448,0.878372,-0.000657243,0.328408,3.13427
3,0.387338,-0.300223,0.877796,-0.000656924,0.327109,3.13427
3,0.387413,-0.300997,0.87722,-0.000656617,0.325812,3.13427
3,0.387487,-0.301772,0.876644,-0.000656312,0.324516,3.13427
3,0.387562,-0.302547,0.876067,-0.000656009,0.323222,3.13427
3,0.387636,-0.303322,0.875491,-0.000655707,0.321929,3.13427
3,0.387711,-0.304096,0.874914,-0.000655408,0.320638,3.13427
3,0.387785,-0.304871,0.874337,-0.000655109,0.319348,3.13427
3,0.387859,-0.305646,0.87376,-0.000654813,0.31806,3.13427
3,0.387933,-0.306421,0.873183,-0.000654518,0.316773,3.13427
3,0.388008,-0.307195,0.872606,-0.000654226,0.315488,3.13427
3,0.388082,-0.30797,0.872028,-0.000653934,0.314205,3.13426
3,0.388156,-0.308745,0.871451,-0.000653645,0.312923,3.13426
3,0.38823,-0.30952,0.870873,-0.000653357,0.311642,3.13426
3,0.388304,-0.310294,0.870295,-0.00065307,0.310363,3.13426
3,0.388377,-0.311069,0.869718,-0.000652786,0.309085,3.13426
3,0.388451,-0.311844,0.86914,-0.000652503,0.307809,3.13426
3,0.388525,-0.312619,0.868562,-0.000652222,0.306534,3.13426
3,0.388599,-0.313394,0.867983,-0.000651942,0.30526,3.13426
3,0.388672,-0.314168,0.867405,-0.000651664,0.303988,3.13426
3,0.388746,-0.314943,0.866827,-0.000651387,0.302718,3.13426
3,0.388819,-0.315718,0.866248,-0.000651112,0.301449,3.13425
3,0.388893,-0.316493,0.865669,-0.000650839,0.300181,3.13425
3,0.388966,-0.317267,0.865091,-0.000650567,0.298914,3.13425
3,0.38904,-0.318042,0.864512,-0.000650297,0.297649,3.13425
3,0.389113,-0.318817,0.863933,-0.000650029,0.296385,3.13425
3,0.389186,-0.319592,0.863353,-0.000649762,0.295123,3.13425
3,0.38926,-0.320367,0.862774,-0.000649496,0.293862,3.13425
3,0.389333,-0.321141,0.862195,-0.000649233,0.292602,3.13425
3,0.389406,-0.321916,0.861615,-0.00064897,0.291344,3.13425
3,0.389479,-0.322691,0.861036,-0.000648709,0.290087,3.13425
3,0.389552,-0.323466,0.860456,-0.00064845,0.288831,3.13425
3,0.389625,-0.32424,0.859876,-0.000648192,0.287576,3.13424
3,0.389698,-0.325015,0.859296,-0.000647936,0.286323,3.13424
3,0.389771,-0.32579,0.858716,-0.000647681,0.285071,3.13424
3,0.389844,-0.326565,0.858136,-0.000647428,0.28382,3.13424
3,0.389917,-0.32734,0.857556,-0.000647176,0.28257,3.13424
3,0.389989,-0.328114,0.856975,-0.000646926,0.281322,3.13424
3,0.390062,-0.328889,0.856395,-0.000646677,0.280075,3.13424
3,0.390135,-0.329664,0.855814,-0.00064643,0.278829,3.13424
3,0.390207,-0.330439,0.855233,-0.000646184,0.277584,3.13424
3,0.39028,-0.331213,0.854653,-0.00064594,0.276341,3.13424
3,0.390353,-0.331988,0.854072,-0.000645697,0.275098,3.13424
3,0.390425,-0.332763,0.853491,-0.000645455,0.273857,3.13424
3,0.390498,-0.333538,0.852909,-0.000645215,0.272617,3.13423
3,0.39057,-0.334313,0.852328,-0.000644976,0.271377,3.13423
3,0.390642,-0.335087,0.851747,-0.000644739,0.270139,3.13423
3,0.390715,-0.335862,0.851165,-0.000644503,0.268903,3.13423
3,0.390715,-0.335862,0.851165,-0.000644503,0.268903,3.13423
3,0.391608,-0.335866,0.851149,-0.000646165,0.269717,3.13424
3,0.3925,-0.335866,0.851135,-0.000646362,0.270538,3.13424
3,0.393391,-0.335866,0.851122,-0.000646537,0.271364,3.13424
3,0.394283,-0.335866,0.851109,-0.000646713,0.272194,3.13424
3,0.395174,-0.335866,0.851095,-0.00064689,0.273029,3.13424
3,0.396065,-0.335866,0.851081,-0.000647067,0.273868,3.13424
3,0.396955,-0.335866,0.851068,-0.000647246,0.274711,3.13424
3,0.397846,-0.335866,0.851054,-0.000647425,0.275557,3.13424
3,0.398736,-0.335866,0.85104,-0.000647606,0.276407,3.13424
3,0.399626,-0.335867,0.851025,-0.000647787,0.277261,3.13424
3,0.39975,-0.335061,0.850474,-0.000648085,0.275105,3.13424
3,0.399875,-0.334254,0.849922,-0.000647649,0.27296,3.13424
3,0.4,-0.333448,0.84937,-0.000647236,0.270825,3.13424
3,0.400125,-0.332642,0.848817,-0.000646829,0.2687,3.13423
3,0.400248,-0.331836,0.848264,-0.000646427,0.266584,3.13423
3,0.400372,-0.33103,0.847711,-0.00064603,0.264479,3.13423
3,0.400495,-0.330224,0.847157,-0.000645637,0.262383,3.13423
3,0.400617,-0.329417,0.846602,-0.00064525,0.260296,3.13423
3,0.400739,-0.328611,0.846047,-0.000644868,0.25822,3.13423
3,0.40086,-0.327805,0.845492,-0.000644491,0.256153,3.13423
3,0.400981,-0.326999,0.844936,-0.000644119,0.254096,3.13422
3,0.401101,-0.326193,0.84438,-0.000643752,0.252048,3.13422
3,0.401221,-0.325387,0.843824,-0.000643389,0.250011,3.13422
3,0.40134,-0.324581,0.843267,-0.000643031,0.247982,3.13422
3,0.401459,-0.323774,0.84271,-0.000642678,0.245964,3.13422
3,0.401577,-0.322968,0.842153,-0.000642329,0.243955,3.13422
3,0.401695,-0.322162,0.841595,-0.000641985,0.241956,3.13422
3,0.401812,-0.321356,0.841036,-0.000641646,0.239967,3.13421
3,0.401929,-0.32055,0.840478,-0.000641311,0.237987,3.13421
3,0.402045,-0.319744,0.839919,-0.00064098,0.236017,3.13421
3,0.402161,-0.318938,0.839359,-0.000640654,0.234056,3.13421
3,0.402276,-0.318132,0.838799,-0.000640332,0.232105,3.13421
3,0.402391,-0.317326,0.838239,-0.000640014,0.230163,3.13421
3,0.402505,-0.31652,0.837679,-0.000639701,0.228231,3.13421
3,0.402619,-0.315713,0.837118,-0.000639391,0.226308,3.13421
3,0.402732,-0.314907,0.836557,-0.000639086,0.224395,3.1342
3,0.402845,-0.314101,0.835995,-0.000638785,0.222491,3.1342
3,0.402957,-0.313295,0.835433,-0.000638488,0.220597,3.1342
3,0.402981,-0.312488,0.834852,-0.00064024,0.22022,3.1342
3,0.402981,-0.311683,0.834264,-0.000638199,0.220218,3.1342
3,0.40298,-0.310875,0.833678,-0.000641516,0.220222,3.1342
3,0.40298,-0.31007,0.833091,-0.00064121,0.220222,3.1342
3,0.402981,-0.309264,0.832503,-0.000640589,0.220221,3.1342
3,0.40298,-0.308458,0.831917,-0.000641537,0.220222,3.1342
3,0.402981,-0.307653,0.831329,-0.000640317,0.22022,3.1342
3,0.402981,-0.306847,0.830742,-0.000640756,0.220221,3.1342
3,0.402981,-0.306041,0.830155,-0.000640659,0.220221,3.1342
3,0.402981,-0.305236,0.829567,-0.000639948,0.22022,3.1342
3,0.402981,-0.30443,0.82898,-0.000640561,0.220221,3.1342
3,0.402981,-0.303624,0.828393,-0.000640055,0.22022,3.1342
3,0.402981,-0.302818,0.827806,-0.000640574,0.220221,3.1342
3,0.402981,-0.302012,0.827219,-0.000641225,0.220221,3.1342
3,0.402981,-0.301207,0.826632,-0.000640041,0.22022,3.1342
3,0.402981,-0.300401,0.826045,-0.000640184,0.22022,3.1342
3,0.402981,-0.299595,0.825457,-0.000639687,0.22022,3.1342
3,0.402981,-0.298789,0.824871,-0.000641342,0.220221,3.1342
3,0.402981,-0.297984,0.824283,-0.0006396,0.22022,3.1342
3,0.402981,-0.297177,0.823696,-0.000641014,0.220221,3.1342
3,0.402981,-0.296372,0.823109,-0.000640287,0.22022,3.1342
3,0.402981,-0.295566,0.822522,-0.000640163,0.22022,3.1342
3,0.402981,-0.29476,0.821935,-0.000640109,0.22022,3.1342
3,0.402981,-0.293955,0.821347,-0.000639692,0.22022,3.1342
3,0.402981,-0.293149,0.82076,-0.000639799,0.22022,3.1342
3,0.402981,-0.292343,0.820173,-0.000639699,0.22022,3.1342
3,0.402981,-0.291538,0.819586,-0.000638539,0.220219,3.1342
3,0.402981,-0.290732,0.818999,-0.000639294,0.220219,3.1342
3,0.402981,-0.289925,0.818412,-0.000640012,0.22022,3.1342
3,0.402981,-0.28912,0.817824,-0.000639316,0.220219,3.1342
3,0.402981,-0.288314,0.817237,-0.000639245,0.220219,3.1342
3,0.402981,-0.287508,0.81665,-0.000639112,0.220219,3.1342
3,0.402981,-0.286703,0.816063,-0.000639125,0.220219,3.1342
3,0.402981,-0.285897,0.815476,-0.00063932,0.220219,3.1342
3,0.402981,-0.285091,0.814889,-0.000639248,0.220219,3.1342
3,0.402981,-0.284285,0.814301,-0.000638901,0.220219,3.1342
3,0.402981,-0.283479,0.813714,-0.000639263,0.220219,3.1342
3,0.402981,-0.282674,0.813127,-0.000638792,0.220219,3.1342
3,0.402981,-0.281868,0.81254,-0.000639414,0.22022,3.1342
3,0.402981,-0.281062,0.811953,-0.000639075,0.220219,3.1342
3,0.402981,-0.280256,0.811366,-0.000638973,0.220219,3.1342
3,0.402981,-0.27945,0.810779,-0.000639239,0.220219,3.1342
3,0.402981,-0.278645,0.810192,-0.000638965,0.220219,3.1342
3,0.402981,-0.277839,0.809604,-0.000639324,0.22022,3.1342
3,0.402981,-0.277033,0.809017,-0.000638726,0.220219,3.1342
3,0.402981,-0.276227,0.80843,-0.000639505,0.22022,3.1342
3,0.402981,-0.275421,0.807843,-0.000639356,0.22022,3.1342
3,0.402981,-0.274616,0.807256,-0.000638676,0.220219,3.1342
3,0.402981,-0.27381,0.806669,-0.000639031,0.220219,3.1342
3,0.402981,-0.273004,0.806082,-0.000638285,0.220219,3.1342
3,0.402981,-0.272198,0.805494,-0.000638933,0.220219,3.1342
3,0.402981,-0.271392,0.804907,-0.000638765,0.220219,3.1342
3,0.402981,-0.270587,0.80432,-0.000638166,0.220219,3.1342
3,0.402981,-0.269781,0.803733,-0.000638133,0.220219,3.1342
3,0.402981,-0.268975,0.803146,-0.000638554,0.220219,3.1342
3,0.402981,-0.268169,0.802559,-0.00063814,0.220219,3.1342
3,0.402981,-0.267363,0.801972,-0.000638773,0.220219,3.1342
3,0.402981,-0.266557,0.801384,-0.000638505,0.220219,3.1342
3,0.402981,-0.265752,0.800797,-0.000638403,0.220219,3.1342
3,0.402981,-0.264946,0.80021,-0.000638463,0.220219,3.1342
3,0.402981,-0.26414,0.799623,-0.000638802,0.220219,3.1342
3,0.402981,-0.263334,0.799036,-0.000638263,0.220219,3.1342
3,0.402981,-0.262528,0.798449,-0.000638538,0.220219,3.1342
3,0.402981,-0.261723,0.797862,-0.000638323,0.220219,3.1342
3,0.402981,-0.260917,0.797275,-0.000638598,0.220219,3.1342
3,0.402981,-0.260111,0.796687,-0.00063831,0.220219,3.1342
3,0.402981,-0.259305,0.7961,-0.000638167,0.220219,3.1342
3,0.402981,-0.258499,0.795513,-0.000638142,0.220219,3.1342
3,0.402981,-0.257693,0.794926,-0.000638415,0.220219,3.1342
3,0.402981,-0.256888,0.794339,-0.000638197,0.220219,3.1342
3,0.402981,-0.256082,0.793752,-0.000638125,0.220219,3.1342
3,0.402981,-0.255276,0.793165,-0.000638309,0.220219,3.1342
3,0.402981,-0.25447,0.792577,-0.000638355,0.220219,3.1342
3,0.402981,-0.253664,0.79199,-0.000638409,0.220219,3.1342
3,0.402981,-0.252859,0.791403,-0.000638173,0.220219,3.1342
3,0.402981,-0.252053,0.790816,-0.000638065,0.220219,3.1342
3,0.402981,-0.251247,0.790229,-0.00063826,0.220219,3.1342
3,0.402981,-0.250441,0.789642,-0.000638305,0.220219,3.1342
3,0.402981,-0.249635,0.789055,-0.000638001,0.220219,3.1342
3,0.402981,-0.24883,0.788468,-0.000637977,0.220219,3.1342
3,0.402981,-0.248024,0.78788,-0.000638335,0.22022,3.1342
3,0.402981,-0.247218,0.787293,-0.000638253,0.22022,3.1342
3,0.402981,-0.246412,0.786706,-0.000638011,0.220219,3.1342
3,0.402981,-0.245606,0.786119,-0.000638333,0.22022,3.1342
3,0.402981,-0.2448,0.785532,-0.000638532,0.22022,3.1342
3,0.402981,-0.243995,0.784945,-0.000637959,0.220219,3.1342
3,0.402981,-0.243189,0.784358,-0.000637819,0.220219,3.1342
3,0.402981,-0.242383,0.78377,-0.000638119,0.22022,3.1342
3,0.402981,-0.241577,0.783183,-0.000637892,0.22022,3.1342
3,0.402981,-0.240771,0.782596,-0.000637865,0.22022,3.1342
3,0.402981,-0.239966,0.782009,-0.000637905,0.22022,3.1342
3,0.402981,-0.23916,0.781422,-0.000637956,0.22022,3.1342
3,0.402981,-0.238354,0.780835,-0.000637869,0.22022,3.1342
3,0.402981,-0.237548,0.780248,-0.000637843,0.22022,3.1342
3,0.402981,-0.236742,0.779661,-0.000637897,0.22022,3.1342
3,0.402981,-0.235936,0.779073,-0.000637885,0.22022,3.1342
3,0.402981,-0.235131,0.778486,-0.000638107,0.22022,3.1342
3,0.402981,-0.234325,0.777899,-0.00063806,0.22022,3.1342
3,0.402981,-0.233519,0.777312,-0.000637829,0.22022,3.1342
3,0.402981,-0.232713,0.776725,-0.000637896,0.22022,3.1342
3,0.402981,-0.231907,0.776138,-0.000637953,0.22022,3.1342
3,0.402981,-0.231102,0.775551,-0.000637938,0.22022,3.1342
3,0.402981,-0.230296,0.774963,-0.000637923,0.22022,3.1342
3,0.402981,-0.22949,0.774376,-0.000637908,0.22022,3.1342
3,0.402981,-0.228684,0.773789,-0.000637893,0.22022,3.1342
3,0.402981,-0.227878,0.773202,-0.000637878,0.22022,3.1342
3,0.402981,-0.227072,0.772615,-0.000637863,0.22022,3.1342
3,0.402981,-0.226267,0.772028,-0.000637849,0.22022,3.1342
3,0.402981,-0.225461,0.771441,-0.000637834,0.22022,3.1342
3,0.402981,-0.224655,0.770854,-0.00063782,0.22022,3.1342
3,0.402981,-0.223849,0.770266,-0.000637806,0.22022,3.1342
3,0.402981,-0.223043,0.769679,-0.000637791,0.22022,3.1342
3,0.402981,-0.222238,0.769092,-0.000637777,0.22022,3.1342
3,0.402981,-0.221432,0.768505,-0.000637763,0.22022,3.1342
3,0.402981,-0.220626,0.767918,-0.000637749,0.22022,3.1342
3,0.402981,-0.21982,0.767331,-0.000637736,0.22022,3.1342
3,0.402981,-0.219014,0.766744,-0.000637722,0.22022,3.1342
3,0.402981,-0.218208,0.766157,-0.000637708,0.22022,3.1342
3,0.402981,-0.217403,0.765569,-0.000637695,0.22022,3.1342
3,0.402981,-0.216597,0.764982,-0.000637681,0.22022,3.1342
3,0.402981,-0.215791,0.764395,-0.000637668,0.22022,3.1342
3,0.402981,-0.214985,0.763808,-0.000637655,0.22022,3.1342
3,0.402981,-0.214179,0.763221,-0.000637642,0.22022,3.1342
3,0.402981,-0.213374,0.762634,-0.000637629,0.22022,3.1342
3,0.402981,-0.212568,0.762047,-0.000637615,0.22022,3.1342
3,0.402981,-0.211762,0.761459,-0.000637603,0.22022,3.1342
3,0.402981,-0.210956,0.760872,-0.00063759,0.22022,3.1342
3,0.402981,-0.21015,0.760285,-0.000637577,0.22022,3.1342
3,0.402981,-0.209345,0.759698,-0.000637564,0.22022,3.1342
3,0.402981,-0.208539,0.759111,-0.000637551,0.22022,3.1342
3,0.402981,-0.207733,0.758524,-0.000637539,0.22022,3.1342
3,0.402981,-0.206927,0.757937,-0.000637526,0.22022,3.1342
3,0.402981,-0.206121,0.75735,-0.000637514,0.22022,3.1342
3,0.402981,-0.205315,0.756762,-0.000637501,0.22022,3.1342
3,0.402981,-0.20451,0.756175,-0.000637489,0.22022,3.1342
3,0.402981,-0.203704,0.755588,-0.000637477,0.22022,3.1342
3,0.402981,-0.202898,0.755001,-0.000637464,0.22022,3.1342
3,0.402981,-0.202092,0.754414,-0.000637452,0.22022,3.1342
3,0.402981,-0.201286,0.753827,-0.00063744,0.22022,3.1342
3,0.402981,-0.200481,0.75324,-0.000637428,0.22022,3.1342
3,0.402981,-0.199675,0.752652,-0.000637416,0.22022,3.1342
3,0.402981,-0.198869,0.752065,-0.000637404,0.22022,3.1342
3,0.402981,-0.198063,0.751478,-0.000637392,0.22022,3.1342
3,0.402981,-0.197257,0.750891,-0.00063738,0.22022,3.1342
3,0.402981,-0.196451,0.750304,-0.000637368,0.22022,3.1342
3,0.402981,-0.195646,0.749717,-0.000637357,0.22022,3.1342
3,0.402981,-0.19484,0.74913,-0.000637345,0.22022,3.1342
3,0.402981,-0.194034,0.748543,-0.000637333,0.22022,3.1342
3,0.402981,-0.193228,0.747955,-0.000637321,0.22022,3.1342
3,0.402981,-0.192422,0.747368,-0.00063731,0.22022,3.1342
3,0.402981,-0.191617,0.746781,-0.000637298,0.22022,3.1342
3,0.402981,-0.190811,0.746194,-0.000637287,0.22022,3.1342
3,0.402981,-0.190005,0.745607,-0.000637275,0.22022,3.1342
3,0.402981,-0.189199,0.74502,-0.000637264,0.22022,3.1342
4,0.357007,-0.189574,0.699053,-0.00284368,1.35048,3.13683
4,0.356957,-0.189487,0.700015,-0.00285547,1.351,3.13685
4,0.356908,-0.189399,0.700978,-0.00286206,1.35151,3.13685
4,0.356858,-0.189312,0.701942,-0.00286863,1.35202,3.13686
4,0.356809,-0.189225,0.702905,-0.00287516,1.35253,3.13687
4,0.35676,-0.189138,0.703869,-0.00288167,1.35303,3.13687
4,0.356712,-0.18905,0.704833,-0.00288814,1.35353,3.13688
4,0.356663,-0.188963,0.705797,-0.00289458,1.35402,3.13689
4,0.356614,-0.188876,0.706762,-0.00290099,1.3545,3.13689
4,0.356565,-0.188789,0.707727,-0.00290736,1.35499,3.1369
4,0.356517,-0.188701,0.708692,-0.00291369,1.35546,3.13691
4,0.356468,-0.188614,0.709657,-0.00292,1.35593,3.13691
4,0.35642,-0.188527,0.710623,-0.00292626,1.3564,3.13692
4,0.356371,-0.188439,0.711589,-0.00293249,1.35686,3.13692
4,0.356323,-0.188352,0.712555,-0.00293868,1.35732,3.13693
4,0.356275,-0.188265,0.713522,-0.00294483,1.35777,3.13694
4,0.356227,-0.188178,0.714489,-0.00295095,1.35822,3.13694
4,0.356179,-0.18809,0.715456,-0.00295702,1.35867,3.13695
4,0.356131,-0.188003,0.716423,-0.00296306,1.3591,3.13696
4,0.356083,-0.187916,0.717391,-0.00296905,1.35954,3.13696
4,0.356035,-0.187828,0.718359,-0.002975,1.35997,3.13697
4,0.355987,-0.187741,0.719327,-0.00298091,1.36039,3.13697
4,0.355939,-0.187654,0.720296,-0.00298678,1.36081,3.13698
4,0.355892,-0.187567,0.721265,-0.00299261,1.36123,3.13699
4,0.355844,-0.187479,0.722234,-0.00299839,1.36164,3.13699
4,0.355796,-0.187392,0.723203,-0.00300413,1.36204,3.137
4,0.355749,-0.187305,0.724173,-0.00300982,1.36244,3.137
4,0.355702,-0.187217,0.725143,-0.00301547,1.36284,3.13701
4,0.355654,-0.18713,0.726113,-0.00302107,1.36323,3.13702
4,0.355607,-0.187043,0.727083,-0.00302662,1.36362,3.13702
4,0.35556,-0.186955,0.728054,-0.00303213,1.364,3.13703
4,0.355513,-0.186868,0.729025,-0.00303759,1.36437,3.13703
4,0.355466,-0.186781,0.729997,-0.00304299,1.36475,3.13704
4,0.355419,-0.186693,0.730968,-0.00304835,1.36511,3.13704
4,0.355372,-0.186606,0.73194,-0.00305366,1.36548,3.13705
4,0.355325,-0.186519,0.732912,-0.00305892,1.36584,3.13705
4,0.355278,-0.186431,0.733885,-0.00306413,1.36619,3.13706
4,0.355232,-0.186344,0.734857,-0.00306928,1.36654,3.13706
4,0.355185,-0.186257,0.73583,-0.00307438,1.36688,3.13707
4,0.355138,-0.186169,0.736804,-0.00307943,1.36722,3.13707
4,0.355092,-0.186082,0.737777,-0.00308443,1.36755,3.13708
4,0.355045,-0.185995,0.738751,-0.00308937,1.36788,3.13708
4,0.354999,-0.185907,0.739725,-0.00309426,1.36821,3.13709
4,0.354953,-0.18582,0.7407,-0.00309909,1.36853,3.13709
4,0.354906,-0.185733,0.741674,-0.00310386,1.36884,3.1371
4,0.35486,-0.185645,0.742649,-0.00310858,1.36915,3.1371
4,0.354814,-0.185558,0.743625,-0.00311324,1.36946,3.13711
4,0.354768,-0.185471,0.7446,-0.00311784,1.36976,3.13711
4,0.354722,-0.185383,0.745576,-0.00312238,1.37006,3.13712
4,0.354676,-0.185296,0.746552,-0.00312686,1.37035,3.13712
4,0.35463,-0.185208,0.747528,-0.00313129,1.37064,3.13713
4,0.354584,-0.185121,0.748505,-0.00313565,1.37092,3.13713
4,0.354539,-0.185034,0.749482,-0.00313995,1.3712,3.13714
4,0.354493,-0.184946,0.750459,-0.00314419,1.37147,3.13714
4,0.354447,-0.184859,0.751437,-0.00314837,1.37174,3.13715
4,0.354402,-0.184772,0.752414,-0.00315249,1.372,3.13715
4,0.354356,-0.184684,0.753392,-0.00315654,1.37226,3.13715
4,0.354311,-0.184597,0.754371,-0.00316053,1.37251,3.13716
4,0.354265,-0.18451,0.755349,-0.00316446,1.37276,3.13716
4,0.35422,-0.184422,0.756328,-0.00316832,1.37301,3.13717
4,0.354175,-0.184335,0.757308,-0.00317211,1.37325,3.13717
4,0.35413,-0.184247,0.758287,-0.00317584,1.37348,3.13717
4,0.354084,-0.18416,0.759267,-0.0031795,1.37371,3.13718
4,0.354039,-0.184073,0.760247,-0.0031831,1.37394,3.13718
4,0.353994,-0.183985,0.761227,-0.00318663,1.37416,3.13718
4,0.353949,-0.183898,0.762208,-0.00319009,1.37437,3.13719
4,0.353904,-0.18381,0.763189,-0.00319348,1.37458,3.13719
4,0.35386,-0.183723,0.76417,-0.0031968,1.37479,3.13719
4,0.353815,-0.183636,0.765151,-0.00320005,1.37499,3.1372
4,0.35377,-0.183548,0.766133,-0.00320324,1.37519,3.1372
4,0.353725,-0.183461,0.767115,-0.00320635,1.37538,3.1372
4,0.353681,-0.183373,0.768097,-0.00320939,1.37557,3.13721
4,0.353636,-0.183286,0.76908,-0.00321236,1.37575,3.13721
4,0.353592,-0.183199,0.770062,-0.00321526,1.37593,3.13721
4,0.353547,-0.183111,0.771046,-0.00321809,1.3761,3.13722
4,0.353503,-0.183024,0.772029,-0.00322084,1.37627,3.13722
4,0.353459,-0.182936,0.773013,-0.00322352,1.37644,3.13722
4,0.353414,-0.182849,0.773997,-0.00322613,1.37659,3.13722
4,0.35337,-0.182761,0.774981,-0.00322867,1.37675,3.13723
4,0.353326,-0.182674,0.775965,-0.00323113,1.3769,3.13723
4,0.353282,-0.182587,0.77695,-0.00323351,1.37704,3.13723
4,0.353238,-0.182499,0.777935,-0.00323582,1.37718,3.13723
4,0.353194,-0.182412,0.778921,-0.00323805,1.37732,3.13724
4,0.35315,-0.182324,0.779907,-0.00324021,1.37745,3.13724
4,0.353106,-0.182237,0.780892,-0.0032423,1.37757,3.13724
4,0.353062,-0.182149,0.781879,-0.0032443,1.37769,3.13724
4,0.353018,-0.182062,0.782865,-0.00324623,1.37781,3.13724
4,0.352975,-0.181975,0.783852,-0.00324808,1.37792,3.13725
4,0.352931,-0.181887,0.784839,-0.00324985,1.37803,3.13725
4,0.352887,-0.1818,0.785827,-0.00325155,1.37813,3.13725
4,0.352844,-0.181712,0.786814,-0.00325317,1.37823,3.13725
4,0.3528,-0.181625,0.787802,-0.00325471,1.37832,3.13725
4,0.352757,-0.181537,0.78879,-0.00325617,1.37841,3.13726
4,0.352714,-0.18145,0.789779,-0.00325755,1.37849,3.13726
4,0.35267,-0.181362,0.790768,-0.00325885,1.37857,3.13726
4,0.352627,-0.181275,0.791757,-0.00326007,1.37864,3.13726
4,0.352584,-0.181187,0.792746,-0.00326121,1.37871,3.13726
4,0.352541,-0.1811,0.793736,-0.00326228,1.37877,3.13726
4,0.352498,-0.181013,0.794726,-0.00326326,1.37883,3.13726
4,0.352455,-0.180925,0.795716,-0.00326416,1.37888,3.13726
4,0.352412,-0.180838,0.796707,-0.00326498,1.37893,3.13726
4,0.352369,-0.18075,0.797698,-0.00326572,1.37897,3.13726
4,0.352326,-0.180663,0.798689,-0.00326637,1.37901,3.13727
4,0.352283,-0.180575,0.79968,-0.00326695,1.37905,3.13727
4,0.35224,-0.180488,0.800672,-0.00326744,1.37908,3.13727
4,0.352198,-0.1804,0.801664,-0.00326786,1.3791,3.13727
4,0.352155,-0.180313,0.802656,-0.00326819,1.37912,3.13727
4,0.352112,-0.180225,0.803649,-0.00326844,1.37913,3.13727
4,0.35207,-0.180138,0.804642,-0.0032686,1.37914,3.13727
4,0.352027,-0.18005,0.805635,-0.00326869,1.37915,3.13727
4,0.351985,-0.179963,0.806628,-0.00326869,1.37915,3.13727
4,0.351943,-0.179875,0.807622,-0.00326861,1.37914,3.13727
4,0.3519,-0.179788,0.808616,-0.00326844,1.37913,3.13727
4,0.351858,-0.1797,0.80961,-0.00326819,1.37912,3.13727
4,0.351816,-0.179613,0.810605,-0.00326786,1.3791,3.13727
4,0.351774,-0.179525,0.8116,-0.00326745,1.37907,3.13727
4,0.351732,-0.179438,0.812595,-0.00326695,1.37904,3.13727
4,0.35169,-0.17935,0.813591,-0.00326638,1.37901,3.13727
4,0.351648,-0.179263,0.814586,-0.00326571,1.37897,3.13726
4,0.351606,-0.179175,0.815582,-0.00326497,1.37892,3.13726
4,0.351564,-0.179088,0.816579,-0.00326414,1.37888,3.13726
4,0.351522,-0.179,0.817576,-0.00326323,1.37882,3.13726
4,0.351481,-0.178913,0.818573,-0.00326223,1.37876,3.13726
4,0.351439,-0.178825,0.81957,-0.00326115,1.3787,3.13726
4,0.351397,-0.178738,0.820567,-0.00325999,1.37863,3.13726
4,0.351356,-0.17865,0.821565,-0.00325875,1.37855,3.13726
4,0.351314,-0.178563,0.822564,-0.00325742,1.37847,3.13726
4,0.351273,-0.178475,0.823562,-0.00325601,1.37839,3.13725
4,0.351231,-0.178388,0.824561,-0.00325451,1.3783,3.13725
4,0.35119,-0.1783,0.82556,-0.00325293,1.3782,3.13725
4,0.351149,-0.178212,0.826559,-0.00325127,1.3781,3.13725
4,0.351108,-0.178125,0.827559,-0.00324953,1.378,3.13725
4,0.351067,-0.178037,0.828559,-0.0032477,1.37789,3.13725
4,0.351025,-0.17795,0.829559,-0.00324579,1.37777,3.13724
4,0.350984,-0.177862,0.83056,-0.0032438,1.37765,3.13724
4,0.350943,-0.177775,0.831561,-0.00324173,1.37753,3.13724
4,0.350903,-0.177687,0.832562,-0.00323957,1.3774,3.13724
4,0.350862,-0.1776,0.833564,-0.00323734,1.37726,3.13724
4,0.350821,-0.177512,0.834565,-0.00323502,1.37712,3.13723
4,0.35078,-0.177425,0.835568,-0.00323261,1.37697,3.13723
4,0.35074,-0.177337,0.83657,-0.00323013,1.37682,3.13723
4,0.350699,-0.177249,0.837573,-0.00322757,1.37667,3.13723
4,0.350659,-0.177162,0.838576,-0.00322492,1.3765,3.13722
4,0.350618,-0.177074,0.839579,-0.00322219,1.37634,3.13722
4,0.350578,-0.176987,0.840583,-0.00321938,1.37616,3.13722
4,0.350537,-0.176899,0.841587,-0.0032165,1.37599,3.13721
4,0.350497,-0.176812,0.842591,-0.00321353,1.3758,3.13721
4,0.350457,-0.176724,0.843596,-0.00321048,1.37562,3.13721
4,0.350417,-0.176636,0.844601,-0.00320735,1.37542,3.13721
4,0.350377,-0.176549,0.845606,-0.00320414,1.37522,3.1372
4,0.350337,-0.176461,0.846612,-0.00320085,1.37502,3.1372
4,0.350297,-0.176374,0.847618,-0.00319748,1.37481,3.1372
4,0.350257,-0.176286,0.848624,-0.00319404,1.3746,3.13719
4,0.350217,-0.176198,0.84963,-0.00319051,1.37438,3.13719
4,0.350177,-0.176111,0.850637,-0.00318691,1.37415,3.13718
4,0.350138,-0.176023,0.851644,-0.00318323,1.37392,3.13718
4,0.350098,-0.175936,0.852652,-0.00317947,1.37368,3.13718
4,0.350059,-0.175848,0.85366,-0.00317563,1.37344,3.13717
4,0.350019,-0.17576,0.854668,-0.00317172,1.3732,3.13717
4,0.34998,-0.175673,0.855676,-0.00316773,1.37294,3.13717
4,0.34994,-0.175585,0.856685,-0.00316366,1.37268,3.13716
4,0.349901,-0.175498,0.857694,-0.00315952,1.37242,3.13716
4,0.349862,-0.17541,0.858704,-0.0031553,1.37215,3.13715
4,0.349823,-0.175322,0.859714,-0.00315101,1.37188,3.13715
4,0.349784,-0.175235,0.860724,-0.00314664,1.3716,3.13714
4,0.349745,-0.175147,0.861734,-0.0031422,1.37131,3.13714
4,0.349706,-0.17506,0.862745,-0.00313768,1.37102,3.13713
4,0.349667,-0.174972,0.863756,-0.00313309,1.37072,3.13713
4,0.349628,-0.174884,0.864768,-0.00312843,1.37042,3.13712
4,0.34959,-0.174797,0.865779,-0.00312369,1.37011,3.13712
4,0.349551,-0.174709,0.866791,-0.00311888,1.3698,3.13712
4,0.349512,-0.174621,0.867804,-0.003114,1.36948,3.13711
4,0.349474,-0.174534,0.868817,-0.00310904,1.36915,3.13711
4,0.349436,-0.174446,0.86983,-0.00310402,1.36882,3.1371
4,0.349397,-0.174358,0.870843,-0.00309892,1.36848,3.13709
4,0.349359,-0.174271,0.871857,-0.00309375,1.36814,3.13709
4,0.349321,-0.174183,0.872871,-0.00308851,1.36779,3.13708
4,0.349283,-0.174095,0.873886,-0.00308321,1.36743,3.13708
4,0.349245,-0.174008,0.874901,-0.00307783,1.36707,3.13707
4,0.349207,-0.17392,0.875916,-0.00307239,1.3667,3.13707
4,0.349169,-0.173833,0.876932,-0.00306687,1.36633,3.13706
4,0.349131,-0.173745,0.877948,-0.00306129,1.36595,3.13706
4,0.349094,-0.173657,0.878964,-0.00305564,1.36557,3.13705
4,0.349056,-0.17357,0.879981,-0.00304993,1.36518,3.13704
4,0.349019,-0.173482,0.880998,-0.00304415,1.36478,3.13704
4,0.348981,-0.173394,0.882015,-0.0030383,1.36438,3.13703
4,0.348944,-0.173307,0.883033,-0.00303238,1.36397,3.13703
4,0.348907,-0.173219,0.884051,-0.0030264,1.36355,3.13702
4,0.34887,-0.173131,0.885069,-0.00302036,1.36313,3.13701
4,0.348832,-0.173043,0.886088,-0.00301425,1.3627,3.13701
4,0.348796,-0.172956,0.887108,-0.00300808,1.36227,3.137
4,0.348759,-0.172868,0.888127,-0.00300185,1.36183,3.137
4,0.348722,-0.17278,0.889147,-0.00299555,1.36138,3.13699
4,0.348685,-0.172693,0.890167,-0.00298919,1.36093,3.13698
4,0.348649,-0.172605,0.891188,-0.00298277,1.36047,3.13698
4,0.348612,-0.172517,0.892209,-0.00297629,1.36,3.13697
4,0.348576,-0.17243,0.893231,-0.00296975,1.35953,3.13696
4,0.348539,-0.172342,0.894253,-0.00296314,1.35905,3.13696
4,0.348503,-0.172254,0.895275,-0.00295648,1.35857,3.13695
4,0.348467,-0.172166,0.896297,-0.00294976,1.35808,3.13694
4,0.348431,-0.172079,0.89732,-0.00294298,1.35758,3.13694
4,0.348395,-0.171991,0.898344,-0.00293614,1.35707,3.13693
4,0.348359,-0.171903,0.899368,-0.00292925,1.35656,3.13692
4,0.348324,-0.171816,0.900392,-0.00292229,1.35604,3.13691
4,0.348288,-0.171728,0.901416,-0.00291529,1.35552,3.13691
4,0.348252,-0.17164,0.902441,-0.00290822,1.35498,3.1369
4,0.348217,-0.171552,0.903467,-0.0029011,1.35444,3.13689
4,0.348182,-0.171465,0.904493,-0.00289392,1.3539,3.13689
4,0.348147,-0.171377,0.905519,-0.00288669,1.35334,3.13688
4,0.348111,-0.171289,0.906546,-0.00287941,1.35278,3.13687
4,0.348077,-0.171201,0.907573,-0.00287207,1.35222,3.13686
4,0.348042,-0.171114,0.9086,-0.00286468,1.35164,3.13686
4,0.348007,-0.171026,0.909628,-0.00285723,1.35106,3.13685
4,0.347972,-0.170938,0.910656,-0.00284974,1.35047,3.13684
4,0.347938,-0.17085,0.911685,-0.00284219,1.34988,3.13683
4,0.347903,-0.170763,0.912714,-0.00283459,1.34927,3.13682
4,0.347869,-0.170675,0.913744,-0.00282694,1.34866,3.13682
4,0.347835,-0.170587,0.914774,-0.00281925,1.34804,3.13681
4,0.347801,-0.170499,0.915804,-0.0028115,1.34742,3.1368
4,0.347767,-0.170412,0.916835,-0.0028037,1.34678,3.13679
4,0.347733,-0.170324,0.917867,-0.00279586,1.34614,3.13679
4,0.3477,-0.170236,0.918898,-0.00278796,1.3455,3.13678
4,0.347666,-0.170148,0.919931,-0.00278002,1.34484,3.13677
4,0.347633,-0.17006,0.920963,-0.00277203,1.34418,3.13676
4,0.3476,-0.169973,0.921997,-0.002764,1.3435,3.13675
4,0.347566,-0.169885,0.92303,-0.00275592,1.34282,3.13674
4,0.347534,-0.169797,0.924064,-0.00274779,1.34214,3.13674
4,0.347501,-0.169709,0.925099,-0.00273962,1.34144,3.13673
4,0.347468,-0.169621,0.926134,-0.0027314,1.34074,3.13672
4,0.347435,-0.169534,0.927169,-0.00272314,1.34002,3.13671
4,0.347403,-0.169446,0.928205,-0.00271484,1.3393,3.1367
4,0.347371,-0.169358,0.929242,-0.00270649,1.33857,3.13669
4,0.347339,-0.16927,0.930279,-0.0026981,1.33784,3.13668
4,0.347307,-0.169182,0.931316,-0.00268967,1.33709,3.13668
4,0.347275,-0.169095,0.932354,-0.00268119,1.33634,3.13667
4,0.347243,-0.169007,0.933393,-0.00267267,1.33557,3.13666
4,0.347212,-0.168919,0.934432,-0.00266412,1.3348,3.13665
4,0.34718,-0.168831,0.935471,-0.00265552,1.33402,3.13664
4,0.347149,-0.168743,0.936511,-0.00264688,1.33323,3.13663
4,0.347118,-0.168655,0.937552,-0.0026382,1.33243,3.13662
4,0.347088,-0.168568,0.938593,-0.00262949,1.33162,3.13661
4,0.347057,-0.16848,0.939635,-0.00262073,1.33081,3.13661
4,0.347026,-0.168392,0.940677,-0.00261193,1.32998,3.1366
4,0.346996,-0.168304,0.94172,-0.0026031,1.32914,3.13659
4,0.346966,-0.168216,0.942763,-0.00259423,1.3283,3.13658
4,0.346936,-0.168128,0.943807,-0.00258532,1.32744,3.13657
4,0.346906,-0.16804,0.944851,-0.00257637,1.32658,3.13656
4,0.346877,-0.167953,0.945896,-0.00256739,1.3257,3.13655
4,0.346847,-0.167865,0.946942,-0.00255837,1.32482,3.13654
4,0.346818,-0.167777,0.947988,-0.00254932,1.32392,3.13653
4,0.346789,-0.167689,0.949034,-0.00254023,1.32302,3.13652
4,0.34676,-0.167601,0.950082,-0.0025311,1.3221,3.13651
4,0.347549,-0.1676,0.950185,-0.00251277,1.32033,3.13649
4,0.348339,-0.167598,0.95029,-0.0024934,1.31855,3.13647
4,0.349128,-0.167597,0.950395,-0.00247427,1.31677,3.13645
4,0.349118,-0.168354,0.949709,-0.00247452,1.31733,3.13645
4,0.34911,-0.169109,0.949024,-0.00247977,1.31788,3.13646
4,0.349101,-0.169865,0.948339,-0.00248497,1.31842,3.13647
4,0.349093,-0.17062,0.947655,-0.00249012,1.31895,3.13647
4,0.349085,-0.171376,0.946971,-0.00249523,1.31948,3.13648
4,0.349078,-0.172131,0.946287,-0.0025003,1.32,3.13648
4,0.34907,-0.172887,0.945604,-0.00250532,1.32051,3.13649
4,0.349062,-0.173642,0.944921,-0.0025103,1.32102,3.13649
4,0.349055,-0.174398,0.944239,-0.00251524,1.32152,3.1365
4,0.349047,-0.175153,0.943557,-0.00252012,1.32201,3.1365
4,0.34904,-0.175909,0.942875,-0.00252497,1.3225,3.13651
4,0.349033,-0.176664,0.942194,-0.00252977,1.32298,3.13651
4,0.349026,-0.17742,0.941513,-0.00253452,1.32345,3.13652
4,0.349019,-0.178175,0.940833,-0.00253923,1.32392,3.13652
4,0.349012,-0.178931,0.940152,-0.00254389,1.32438,3.13653
4,0.349005,-0.179686,0.939473,-0.00254851,1.32484,3.13653
4,0.348999,-0.180441,0.938793,-0.00255308,1.32529,3.13654
4,0.348992,-0.181197,0.938114,-0.0025576,1.32573,3.13654
4,0.348986,-0.181952,0.937435,-0.00256208,1.32617,3.13654
4,0.34898,-0.182708,0.936757,-0.00256651,1.3266,3.13655
4,0.348973,-0.183463,0.936079,-0.0025709,1.32702,3.13655
4,0.348967,-0.184219,0.935401,-0.00257524,1.32744,3.13656
4,0.348961,-0.184974,0.934724,-0.00257953,1.32786,3.13656
4,0.348955,-0.18573,0.934047,-0.00258377,1.32826,3.13657
4,0.348949,-0.186485,0.933371,-0.00258797,1.32866,3.13657
4,0.348944,-0.18724,0.932694,-0.00259212,1.32906,3.13658
4,0.348938,-0.187996,0.932018,-0.00259622,1.32945,3.13658
4,0.348932,-0.188751,0.931343,-0.00260028,1.32983,3.13658
4,0.348927,-0.189507,0.930668,-0.00260429,1.33021,3.13659
4,0.348922,-0.190262,0.929993,-0.00260825,1.33058,3.13659
4,0.348916,-0.191018,0.929318,-0.00261216,1.33095,3.1366
4,0.348911