1.42517,0.0374489,0.0229255,0.0750819,0.0189051,0.0349968,-1.46684
1.41552,0.0529755,0.0325587,0.106303,0.0276413,0.048069,-1.47537
1.40779,0.0647038,0.0399064,0.129914,0.0346273,0.0573399,-1.48176
1.40096,0.0746242,0.0461706,0.149899,0.0407799,0.0647999,-1.48713
1.39472,0.0833505,0.0517232,0.167485,0.0463848,0.0710624,-1.49182
1.38891,0.0912249,0.0567704,0.183357,0.0515999,0.0764697,-1.49603
1.38341,0.0984531,0.061436,0.197927,0.0565195,0.0812272,-1.49986
1.37815,0.105169,0.0658004,0.211463,0.0612052,0.0854689,-1.50339
1.3731,0.111467,0.0699197,0.224153,0.0656996,0.0892884,-1.50667
1.3682,0.117415,0.0738345,0.236133,0.0700336,0.0927535,-1.50974
1.36345,0.123063,0.0775754,0.247506,0.0742306,0.0959158,-1.51264
1.35881,0.128453,0.0811664,0.258352,0.0783085,0.098815,-1.51537
1.35428,0.133616,0.0846262,0.268736,0.0822816,0.101483,-1.51796
1.34984,0.138577,0.0879701,0.278708,0.0861614,0.103946,-1.52043
1.34547,0.143359,0.0912107,0.288311,0.0899574,0.106224,-1.52278
1.34118,0.147979,0.0943584,0.297581,0.0936774,0.108335,-1.52502
1.33695,0.152452,0.0974222,0.306549,0.0973281,0.110296,-1.52717
1.33277,0.15679,0.100409,0.315239,0.100915,0.112117,-1.52922
1.32865,0.161006,0.103327,0.323675,0.104443,0.113811,-1.5312
1.32458,0.165109,0.10618,0.331875,0.107916,0.115386,-1.53309
1.32054,0.169107,0.108973,0.339857,0.111338,0.116852,-1.53491
1.31655,0.173007,0.111711,0.347636,0.114713,0.118216,-1.53667
1.3126,0.176818,0.114399,0.355225,0.118042,0.119484,-1.53835
1.30865,0.180585,0.117061,0.362722,0.121344,0.120707,-1.53999
1.30476,0.184228,0.119654,0.369958,0.124589,0.121797,-1.54156
1.3009,0.187797,0.122205,0.377039,0.127795,0.122809,-1.54307
1.29707,0.191297,0.124717,0.383972,0.130966,0.123746,-1.54452
1.29326,0.194731,0.127191,0.390763,0.134101,0.124612,-1.54592
1.28948,0.198103,0.129631,0.397421,0.137203,0.12541,-1.54728
1.28572,0.201415,0.132036,0.403952,0.140272,0.126144,-1.54858
1.28198,0.204671,0.134411,0.410361,0.143311,0.126816,-1.54984
1.27826,0.207875,0.136755,0.416656,0.146319,0.127429,-1.55105
1.27456,0.211027,0.13907,0.42284,0.149299,0.127985,-1.55222
1.27088,0.214131,0.141358,0.428918,0.15225,0.128488,-1.55335
1.26722,0.217189,0.14362,0.434895,0.155174,0.128939,-1.55444
1.26357,0.220203,0.145857,0.440775,0.158072,0.12934,-1.55549
1.25994,0.223175,0.14807,0.446561,0.160944,0.129694,-1.5565
1.25632,0.226107,0.15026,0.452258,0.16379,0.130001,-1.55748
1.25272,0.229,0.152427,0.457869,0.166613,0.130263,-1.55841
1.24913,0.231855,0.154574,0.463396,0.169411,0.130482,-1.55932
1.24556,0.234676,0.156699,0.468843,0.172186,0.13066,-1.56018
1.242,0.237461,0.158806,0.474212,0.174937,0.130797,-1.56102
1.23845,0.240214,0.160893,0.479506,0.177667,0.130896,-1.56182
1.23492,0.242935,0.162961,0.484727,0.180374,0.130956,-1.56259
1.23139,0.245625,0.165012,0.489878,0.183059,0.13098,-1.56333
1.22788,0.248286,0.167045,0.494961,0.185723,0.130969,-1.56404
1.22438,0.250918,0.169062,0.499978,0.188366,0.130922,-1.56471
1.22089,0.253523,0.171063,0.50493,0.190988,0.130842,-1.56536
1.21741,0.256101,0.173048,0.509821,0.19359,0.130729,-1.56598
1.21394,0.258654,0.175017,0.514651,0.196172,0.130585,-1.56657
1.21048,0.261181,0.176972,0.519422,0.198734,0.130409,-1.56713
1.20704,0.263685,0.178913,0.524135,0.201276,0.130202,-1.56767
1.2036,0.266165,0.180839,0.528793,0.203798,0.129967,-1.56818
1.20017,0.268622,0.182752,0.533397,0.206302,0.129702,-1.56866
1.19675,0.271058,0.184651,0.537948,0.208786,0.129409,-1.56912
1.19334,0.273472,0.186538,0.542447,0.211252,0.129088,-1.56955
1.18994,0.275866,0.188412,0.546896,0.213699,0.128741,-1.56995
1.18655,0.278239,0.190273,0.551295,0.216128,0.128367,-1.57033
1.18317,0.280593,0.192123,0.555647,0.218538,0.127968,-1.57069
1.17979,0.282929,0.19396,0.559952,0.22093,0.127543,-1.57102
1.17643,0.285245,0.195786,0.564211,0.223304,0.127093,-1.57133
1.17307,0.287544,0.197601,0.568425,0.225661,0.126619,-1.57162
1.16973,0.289825,0.199405,0.572595,0.227999,0.126122,-1.57188
1.16639,0.29209,0.201198,0.576722,0.23032,0.125601,-1.57213
1.16306,0.294338,0.202981,0.580807,0.232624,0.125057,-1.57234
1.15974,0.296569,0.204753,0.584852,0.23491,0.124491,-1.57254
1.15643,0.298786,0.206515,0.588855,0.237178,0.123902,-1.57272
1.15313,0.300986,0.208267,0.59282,0.23943,0.123293,-1.57287
1.14983,0.303172,0.21001,0.596745,0.241665,0.122662,-1.57301
1.14654,0.305343,0.211742,0.600633,0.243882,0.12201,-1.57312
1.14327,0.307501,0.213466,0.604483,0.246083,0.121337,-1.57321
1.14,0.309644,0.21518,0.608297,0.248267,0.120645,-1.57329
1.13674,0.311773,0.216885,0.612075,0.250435,0.119932,-1.57334
1.13349,0.31389,0.218581,0.615817,0.252585,0.1192,-1.57338
1.13024,0.315993,0.220268,0.619525,0.25472,0.118449,-1.57339
1.12701,0.318084,0.221947,0.623199,0.256837,0.11768,-1.57339
1.12378,0.320163,0.223617,0.62684,0.258939,0.116891,-1.57337
1.12056,0.322229,0.225279,0.630448,0.261024,0.116085,-1.57332
1.11735,0.324284,0.226933,0.634023,0.263093,0.11526,-1.57327
1.11415,0.326326,0.228579,0.637566,0.265145,0.114417,-1.57319
1.11096,0.328358,0.230217,0.641079,0.267182,0.113558,-1.5731
1.10778,0.330379,0.231847,0.64456,0.269202,0.112681,-1.57298
1.1046,0.332388,0.233469,0.648011,0.271207,0.111787,-1.57286
1.10144,0.334387,0.235084,0.651433,0.273196,0.110876,-1.57271
1.09828,0.336376,0.236691,0.654825,0.275168,0.109949,-1.57255
1.09513,0.338354,0.238291,0.658188,0.277126,0.109006,-1.57237
1.09199,0.340322,0.239883,0.661523,0.279067,0.108046,-1.57217
1.08886,0.342281,0.241469,0.664829,0.280993,0.107071,-1.57196
1.08574,0.344229,0.243047,0.668108,0.282903,0.106081,-1.57174
1.08262,0.346169,0.244619,0.67136,0.284798,0.105075,-1.57149
1.07952,0.348099,0.246183,0.674585,0.286677,0.104054,-1.57124
1.07642,0.350019,0.247741,0.677783,0.288541,0.103018,-1.57096
1.07333,0.351931,0.249292,0.680955,0.290389,0.101967,-1.57068
1.07026,0.353834,0.250837,0.684102,0.292222,0.100902,-1.57037
1.06719,0.355728,0.252375,0.687223,0.29404,0.0998222,-1.57006
1.06413,0.357614,0.253907,0.690319,0.295843,0.0987285,-1.56972
1.06108,0.359492,0.255432,0.69339,0.297631,0.0976208,-1.56938
1.05804,0.361361,0.256952,0.696436,0.299403,0.0964993,-1.56902
1.055,0.363222,0.258465,0.699459,0.301161,0.0953642,-1.56865
1.05198,0.365075,0.259972,0.702457,0.302904,0.0942157,-1.56826
1.04897,0.36692,0.261473,0.705432,0.304632,0.0930539,-1.56786
1.04596,0.368757,0.262968,0.708384,0.306345,0.0918789,-1.56745
1.04297,0.370587,0.264457,0.711313,0.308043,0.0906911,-1.56702
1.03998,0.372409,0.265941,0.714219,0.309727,0.0894904,-1.56658
1.03701,0.374224,0.267418,0.717103,0.311396,0.0882771,-1.56613
1.03404,0.376032,0.268891,0.719964,0.31305,0.0870513,-1.56566
1.03108,0.377832,0.270357,0.722804,0.31469,0.0858132,-1.56519
1.02813,0.379625,0.271819,0.725622,0.316316,0.084563,-1.5647
1.0252,0.381412,0.273275,0.728418,0.317927,0.0833007,-1.5642
1.02227,0.383191,0.274725,0.731194,0.319524,0.0820265,-1.56369
1.01935,0.384964,0.276171,0.733948,0.321106,0.0807406,-1.56316
1.01644,0.386729,0.277611,0.736682,0.322675,0.0794431,-1.56263
1.01354,0.388489,0.279046,0.739395,0.324229,0.0781341,-1.56208
1.01065,0.390241,0.280476,0.742088,0.325769,0.0768138,-1.56152
1.00777,0.391988,0.281901,0.74476,0.327295,0.0754822,-1.56096
1.0049,0.393727,0.283321,0.747413,0.328808,0.0741396,-1.56038
1.00204,0.395461,0.284736,0.750046,0.330306,0.0727861,-1.55979
0.999187,0.397188,0.286146,0.75266,0.331791,0.0714218,-1.55919
0.996346,0.398909,0.287552,0.755255,0.333262,0.0700468,-1.55858
0.993515,0.400624,0.288953,0.75783,0.334719,0.0686612,-1.55796
0.990694,0.402333,0.290349,0.760387,0.336163,0.0672652,-1.55733
0.987883,0.404036,0.291741,0.762924,0.337593,0.0658588,-1.55669
0.985082,0.405733,0.293129,0.765444,0.33901,0.0644423,-1.55604
0.982291,0.407424,0.294511,0.767945,0.340414,0.0630156,-1.55538
0.97951,0.40911,0.29589,0.770427,0.341804,0.061579,-1.55471
0.976739,0.410789,0.297264,0.772892,0.343181,0.0601326,-1.55404
0.973978,0.412463,0.298634,0.775339,0.344544,0.0586764,-1.55335
0.971227,0.414132,0.3,0.777768,0.345895,0.0572105,-1.55266
0.968486,0.415795,0.301362,0.78018,0.347233,0.0557352,-1.55195
0.965755,0.417452,0.302719,0.782574,0.348557,0.0542504,-1.55124
0.963034,0.419104,0.304073,0.784952,0.349869,0.0527563,-1.55052
0.960324,0.42075,0.305423,0.787312,0.351168,0.051253,-1.54979
0.957623,0.422391,0.306768,0.789655,0.352455,0.0497406,-1.54906
0.954933,0.424027,0.30811,0.791981,0.353728,0.0482192,-1.54831
0.952253,0.425657,0.309448,0.794291,0.354989,0.0466889,-1.54756
0.949583,0.427282,0.310783,0.796584,0.356238,0.0451498,-1.5468
0.946923,0.428902,0.312113,0.798861,0.357474,0.043602,-1.54603
0.944274,0.430517,0.31344,0.801122,0.358698,0.0420456,-1.54526
0.941634,0.432126,0.314764,0.803367,0.35991,0.0404807,-1.54447
0.939005,0.433731,0.316084,0.805595,0.361109,0.0389073,-1.54368
0.936386,0.43533,0.3174,0.807808,0.362296,0.0373257,-1.54289
0.933778,0.436925,0.318713,0.810005,0.363471,0.0357358,-1.54208
0.931179,0.438514,0.320023,0.812187,0.364635,0.0341378,-1.54127
0.928591,0.440098,0.321329,0.814353,0.365786,0.0325317,-1.54046
0.926012,0.441678,0.322632,0.816504,0.366926,0.0309177,-1.53963
0.923444,0.443252,0.323932,0.818639,0.368054,0.0292958,-1.53881
0.920887,0.444822,0.325228,0.82076,0.36917,0.0276661,-1.53797
0.918339,0.446387,0.326522,0.822865,0.370275,0.0260287,-1.53713
0.915801,0.447947,0.327812,0.824956,0.371368,0.0243837,-1.53628
0.913274,0.449502,0.3291,0.827032,0.37245,0.0227312,-1.53542
0.910757,0.451053,0.330384,0.829093,0.37352,0.0210713,-1.53457
0.90825,0.452598,0.331666,0.831139,0.374579,0.019404,-1.5337
0.905753,0.454139,0.332945,0.833171,0.375627,0.0177294,-1.53283
0.903267,0.455676,0.33422,0.835189,0.376664,0.0160475,-1.53195
0.90079,0.457207,0.335494,0.837193,0.37769,0.0143586,-1.53107
0.898324,0.458734,0.336764,0.839182,0.378705,0.0126627,-1.53018
0.895868,0.460257,0.338032,0.841157,0.379709,0.0109597,-1.52929
0.893421,0.461774,0.339297,0.843119,0.380703,0.00924989,-1.52839
0.890985,0.463288,0.340559,0.845066,0.381685,0.00753325,-1.52749
0.888559,0.464796,0.341819,0.847,0.382657,0.00580987,-1.52658
0.886143,0.4663,0.343077,0.84892,0.383619,0.00407982,-1.52567
0.883737,0.4678,0.344332,0.850826,0.38457,0.00234318,-1.52476
0.881341,0.469295,0.345585,0.852719,0.385511,0.000600023,-1.52383
0.878955,0.470785,0.346835,0.854599,0.386441,-0.00114959,-1.52291
0.876579,0.472271,0.348083,0.856465,0.387362,-0.00290558,-1.52198
0.874212,0.473753,0.349329,0.858317,0.388272,-0.00466788,-1.52105
0.871856,0.47523,0.350572,0.860157,0.389172,-0.00643642,-1.52011
0.86951,0.476702,0.351814,0.861984,0.390062,-0.00821113,-1.51916
0.867173,0.47817,0.353053,0.863797,0.390942,-0.00999195,-1.51822
0.864847,0.479634,0.35429,0.865598,0.391812,-0.0117788,-1.51727
0.86253,0.481093,0.355525,0.867386,0.392673,-0.0135716,-1.51631
0.860223,0.482548,0.356759,0.869161,0.393524,-0.0153704,-1.51536
0.857925,0.483999,0.35799,0.870923,0.394366,-0.0171749,-1.5144
0.855638,0.485445,0.359219,0.872673,0.395197,-0.0189853,-1.51343
0.85336,0.486887,0.360447,0.87441,0.39602,-0.0208014,-1.51246
0.851091,0.488325,0.361672,0.876135,0.396833,-0.0226231,-1.51149
0.848833,0.489758,0.362896,0.877847,0.397637,-0.0244504,-1.51052
0.846584,0.491187,0.364118,0.879547,0.398432,-0.0262833,-1.50954
0.844344,0.492611,0.365339,0.881235,0.399218,-0.0281216,-1.50856
0.842115,0.494032,0.366558,0.88291,0.399994,-0.0299654,-1.50757
0.839894,0.495448,0.367775,0.884574,0.400762,-0.0318145,-1.50659
0.837683,0.49686,0.368991,0.886225,0.401521,-0.0336688,-1.5056
0.835482,0.498267,0.370205,0.887864,0.402271,-0.0355285,-1.5046
0.83329,0.49967,0.371418,0.889492,0.403012,-0.0373933,-1.50361
0.831107,0.501069,0.372629,0.891107,0.403745,-0.0392632,-1.50261
0.828934,0.502464,0.373839,0.892711,0.404469,-0.0411382,-1.50161
0.82677,0.503854,0.375047,0.894303,0.405184,-0.0430183,-1.5006
0.824615,0.50524,0.376254,0.895883,0.405892,-0.0449033,-1.4996
0.82247,0.506622,0.37746,0.897452,0.406591,-0.0467931,-1.49859
0.820334,0.508,0.378665,0.899009,0.407281,-0.0486879,-1.49758
0.818206,0.509374,0.379868,0.900555,0.407964,-0.0505874,-1.49657
0.816088,0.510743,0.38107,0.902089,0.408638,-0.0524917,-1.49555
0.81398,0.512108,0.382271,0.903612,0.409304,-0.0544007,-1.49453
0.81188,0.513469,0.383471,0.905123,0.409962,-0.0563144,-1.49351
0.809789,0.514826,0.38467,0.906623,0.410613,-0.0582326,-1.49249
0.807707,0.516178,0.385868,0.908112,0.411255,-0.0601554,-1.49147
0.805634,0.517527,0.387065,0.90959,0.41189,-0.0620827,-1.49044
0.80357,0.518871,0.388261,0.911057,0.412517,-0.0640145,-1.48942
0.801514,0.520211,0.389456,0.912512,0.413137,-0.0659506,-1.48839
0.799468,0.521547,0.39065,0.913957,0.413749,-0.0678911,-1.48736
0.79743,0.522878,0.391844,0.915391,0.414354,-0.0698359,-1.48632
0.795401,0.524206,0.393036,0.916813,0.414951,-0.071785,-1.48529
0.79338,0.525529,0.394228,0.918225,0.415541,-0.0737383,-1.48426
0.791369,0.526849,0.395419,0.919627,0.416123,-0.0756958,-1.48322
0.789366,0.528164,0.39661,0.921017,0.416699,-0.0776574,-1.48218
0.787371,0.529475,0.3978,0.922397,0.417267,-0.079623,-1.48114
0.785385,0.530781,0.398989,0.923766,0.417829,-0.0815927,-1.4801
0.783407,0.532084,0.400177,0.925124,0.418383,-0.0835665,-1.47905
0.781438,0.533383,0.401365,0.926472,0.41893,-0.0855441,-1.47801
0.779477,0.534677,0.402553,0.927809,0.419471,-0.0875257,-1.47697
0.777524,0.535967,0.40374,0.929136,0.420005,-0.0895111,-1.47592
0.77558,0.537254,0.404926,0.930453,0.420532,-0.0915004,-1.47487
0.773643,0.538536,0.406112,0.931759,0.421052,-0.0934934,-1.47382
0.771716,0.539814,0.407298,0.933055,0.421566,-0.0954902,-1.47277
0.769796,0.541087,0.408483,0.93434,0.422074,-0.0974907,-1.47172
0.767884,0.542357,0.409668,0.935615,0.422575,-0.0994949,-1.47067
0.76598,0.543623,0.410853,0.93688,0.42307,-0.101503,-1.46962
0.764084,0.544884,0.412038,0.938135,0.423558,-0.103514,-1.46856
0.762197,0.546142,0.413222,0.93938,0.42404,-0.105529,-1.46751
0.760317,0.547395,0.414406,0.940614,0.424516,-0.107547,-1.46645
0.758445,0.548644,0.41559,0.941839,0.424986,-0.109569,-1.4654
0.75658,0.549889,0.416774,0.943054,0.425449,-0.111595,-1.46434
0.754724,0.55113,0.417957,0.944258,0.425907,-0.113623,-1.46328
0.752875,0.552367,0.419141,0.945453,0.426359,-0.115656,-1.46222
0.751034,0.5536,0.420324,0.946638,0.426805,-0.117691,-1.46116
0.749201,0.554829,0.421508,0.947813,0.427245,-0.11973,-1.4601
0.747375,0.556053,0.422692,0.948978,0.42768,-0.121772,-1.45904
0.745556,0.557274,0.423875,0.950134,0.428108,-0.123817,-1.45798
0.743745,0.55849,0.425059,0.951279,0.428531,-0.125865,-1.45692
0.741942,0.559703,0.426243,0.952415,0.428949,-0.127917,-1.45586
0.740146,0.560911,0.427427,0.953542,0.429361,-0.129971,-1.4548
0.738357,0.562115,0.428611,0.954658,0.429768,-0.132029,-1.45374
0.736576,0.563315,0.429795,0.955766,0.430169,-0.13409,-1.45267
0.734801,0.564511,0.430979,0.956863,0.430565,-0.136154,-1.45161
0.733034,0.565703,0.432164,0.957951,0.430955,-0.138221,-1.45055
0.731274,0.566891,0.433349,0.95903,0.431341,-0.14029,-1.44948
0.729521,0.568075,0.434535,0.960099,0.431721,-0.142363,-1.44842
0.727776,0.569255,0.43572,0.961159,0.432096,-0.144439,-1.44735
0.726037,0.570431,0.436906,0.962209,0.432466,-0.146517,-1.44629
0.724305,0.571602,0.438093,0.96325,0.432832,-0.148598,-1.44522
0.72258,0.57277,0.43928,0.964282,0.433192,-0.150683,-1.44416
0.720862,0.573933,0.440467,0.965304,0.433547,-0.152769,-1.44309
0.719151,0.575093,0.441655,0.966317,0.433898,-0.154859,-1.44203
0.717446,0.576248,0.442843,0.967321,0.434243,-0.156951,-1.44096
0.715748,0.577399,0.444032,0.968316,0.434584,-0.159046,-1.4399
0.714057,0.578547,0.445221,0.969301,0.434921,-0.161144,-1.43883
0.712372,0.57969,0.446411,0.970278,0.435252,-0.163244,-1.43777
0.710694,0.580829,0.447601,0.971245,0.43558,-0.165347,-1.4367
0.709023,0.581964,0.448792,0.972203,0.435902,-0.167453,-1.43563
0.707358,0.583095,0.449984,0.973152,0.436221,-0.169561,-1.43457
0.705699,0.584222,0.451177,0.974093,0.436534,-0.171671,-1.4335
0.704047,0.585345,0.45237,0.975024,0.436844,-0.173784,-1.43244
0.702401,0.586463,0.453564,0.975946,0.437149,-0.175899,-1.43137
0.700761,0.587578,0.454758,0.976859,0.43745,-0.178017,-1.43031
0.699128,0.588689,0.455954,0.977764,0.437747,-0.180138,-1.42924
0.697501,0.589795,0.45715,0.978659,0.438039,-0.18226,-1.42818
0.695879,0.590898,0.458347,0.979546,0.438328,-0.184385,-1.42711
0.694264,0.591996,0.459545,0.980424,0.438612,-0.186513,-1.42605
0.692655,0.593091,0.460743,0.981293,0.438893,-0.188642,-1.42498
0.691052,0.594181,0.461943,0.982153,0.439169,-0.190774,-1.42392
0.689455,0.595267,0.463143,0.983005,0.439442,-0.192909,-1.42286
0.687864,0.59635,0.464345,0.983848,0.439711,-0.195045,-1.42179
0.686279,0.597428,0.465547,0.984682,0.439976,-0.197184,-1.42073
0.684699,0.598502,0.466751,0.985507,0.440237,-0.199325,-1.41967
0.683125,0.599572,0.467955,0.986324,0.440494,-0.201468,-1.4186
0.681557,0.600638,0.469161,0.987132,0.440748,-0.203613,-1.41754
0.679995,0.6017,0.470367,0.987932,0.440998,-0.20576,-1.41648
0.678438,0.602758,0.471575,0.988723,0.441245,-0.20791,-1.41542
0.676887,0.603812,0.472783,0.989506,0.441488,-0.210061,-1.41435
0.675341,0.604862,0.473993,0.99028,0.441728,-0.212215,-1.41329
0.6738,0.605908,0.475204,0.991045,0.441964,-0.21437,-1.41223
0.672265,0.60695,0.476416,0.991802,0.442196,-0.216528,-1.41117
0.670736,0.607988,0.477629,0.992551,0.442426,-0.218687,-1.41011
0.669212,0.609021,0.478844,0.993291,0.442652,-0.220849,-1.40905
0.667693,0.610051,0.480059,0.994023,0.442875,-0.223012,-1.40799
0.666179,0.611076,0.481276,0.994746,0.443094,-0.225177,-1.40693
0.664671,0.612098,0.482495,0.995462,0.443311,-0.227345,-1.40588
0.663167,0.613116,0.483714,0.996168,0.443524,-0.229514,-1.40482
0.661669,0.614129,0.484935,0.996867,0.443734,-0.231685,-1.40376
0.660176,0.615139,0.486157,0.997557,0.443941,-0.233858,-1.4027
0.658687,0.616144,0.48738,0.998239,0.444145,-0.236032,-1.40165
0.657204,0.617145,0.488605,0.998912,0.444346,-0.238209,-1.40059
0.655726,0.618143,0.489831,0.999578,0.444545,-0.240387,-1.39954
0.654252,0.619136,0.491059,1.00023,0.44474,-0.242567,-1.39848
0.652783,0.620125,0.492288,1.00088,0.444932,-0.244749,-1.39743
0.651319,0.621111,0.493518,1.00152,0.445122,-0.246932,-1.39637
0.64986,0.622092,0.49475,1.00216,0.445309,-0.249117,-1.39532
0.648405,0.623069,0.495984,1.00278,0.445493,-0.251304,-1.39427
0.646956,0.624042,0.497219,1.0034,0.445674,-0.253493,-1.39321
0.64551,0.625011,0.498455,1.00401,0.445853,-0.255683,-1.39216
0.644069,0.625977,0.499693,1.00461,0.446029,-0.257874,-1.39111
0.642633,0.626938,0.500933,1.0052,0.446203,-0.260068,-1.39006
0.641201,0.627895,0.502174,1.00578,0.446374,-0.262263,-1.38901
0.639774,0.628848,0.503417,1.00636,0.446543,-0.264459,-1.38796
0.638351,0.629797,0.504661,1.00693,0.446709,-0.266657,-1.38691
0.636932,0.630742,0.505907,1.00749,0.446872,-0.268857,-1.38586
0.635517,0.631683,0.507155,1.00804,0.447034,-0.271058,-1.38482
0.634107,0.63262,0.508404,1.00858,0.447192,-0.273261,-1.38377
0.632701,0.633553,0.509655,1.00912,0.447349,-0.275465,-1.38272
0.631299,0.634482,0.510908,1.00965,0.447503,-0.277671,-1.38168
0.629901,0.635407,0.512162,1.01017,0.447655,-0.279878,-1.38063
0.628507,0.636328,0.513418,1.01068,0.447805,-0.282086,-1.37959
0.627117,0.637245,0.514676,1.01119,0.447953,-0.284296,-1.37854
0.625731,0.638158,0.515936,1.01168,0.448099,-0.286508,-1.3775
0.624349,0.639067,0.517197,1.01217,0.448242,-0.28872,-1.37646
0.622971,0.639972,0.51846,1.01265,0.448384,-0.290935,-1.37542
0.621597,0.640873,0.519726,1.01313,0.448523,-0.29315,-1.37437
0.620226,0.641769,0.520992,1.01359,0.44866,-0.295367,-1.37333
0.61886,0.642662,0.522261,1.01405,0.448796,-0.297585,-1.37229
0.617497,0.643551,0.523532,1.0145,0.448929,-0.299805,-1.37125
0.616137,0.644436,0.524804,1.01495,0.449061,-0.302026,-1.37022
0.614781,0.645317,0.526079,1.01538,0.44919,-0.304248,-1.36918
0.613429,0.646194,0.527355,1.01581,0.449318,-0.306471,-1.36814
0.61208,0.647067,0.528634,1.01623,0.449444,-0.308696,-1.3671
0.610735,0.647936,0.529914,1.01664,0.449569,-0.310921,-1.36607
0.609393,0.648801,0.531196,1.01704,0.449691,-0.313149,-1.36503
0.608055,0.649662,0.53248,1.01744,0.449812,-0.315377,-1.364
0.60672,0.650519,0.533767,1.01783,0.449932,-0.317606,-1.36296
0.605388,0.651372,0.535055,1.01821,0.450049,-0.319837,-1.36193
0.604059,0.652222,0.536345,1.01858,0.450165,-0.322069,-1.3609
0.602734,0.653067,0.537638,1.01895,0.45028,-0.324302,-1.35987
0.601412,0.653908,0.538932,1.01931,0.450393,-0.326536,-1.35884
0.600093,0.654745,0.540228,1.01966,0.450504,-0.328772,-1.35781
0.598777,0.655578,0.541527,1.02,0.450614,-0.331008,-1.35678
0.597464,0.656408,0.542828,1.02034,0.450722,-0.333246,-1.35575
0.596154,0.657233,0.54413,1.02067,0.45083,-0.335484,-1.35472
0.594847,0.658054,0.545435,1.02099,0.450935,-0.337724,-1.35369
0.593543,0.658872,0.546743,1.0213,0.45104,-0.339965,-1.35267
0.592242,0.659685,0.548052,1.02161,0.451143,-0.342207,-1.35164
0.590944,0.660495,0.549363,1.02191,0.451244,-0.34445,-1.35061
0.589648,0.661301,0.550677,1.0222,0.451345,-0.346694,-1.34959
0.588356,0.662102,0.551993,1.02248,0.451444,-0.348939,-1.34857
0.587066,0.6629,0.553311,1.02276,0.451542,-0.351185,-1.34754
0.585778,0.663694,0.554631,1.02303,0.451639,-0.353432,-1.34652
0.584494,0.664484,0.555954,1.02329,0.451735,-0.35568,-1.3455
0.583211,0.66527,0.557278,1.02354,0.451829,-0.357929,-1.34448
0.581932,0.666052,0.558606,1.02379,0.451923,-0.360179,-1.34346
0.580655,0.66683,0.559935,1.02403,0.452015,-0.36243,-1.34244
0.57938,0.667604,0.561267,1.02426,0.452107,-0.364682,-1.34142
0.578108,0.668374,0.562601,1.02448,0.452197,-0.366935,-1.3404
0.576838,0.669141,0.563937,1.0247,0.452287,-0.369188,-1.33939
0.57557,0.669903,0.565276,1.02491,0.452375,-0.371443,-1.33837
0.574305,0.670662,0.566617,1.02511,0.452463,-0.373698,-1.33735
0.573042,0.671416,0.56796,1.02531,0.45255,-0.375955,-1.33634
0.571781,0.672167,0.569306,1.0255,0.452635,-0.378212,-1.33532
0.570523,0.672914,0.570654,1.02568,0.452721,-0.38047,-1.33431
0.569266,0.673657,0.572005,1.02585,0.452805,-0.382729,-1.3333
0.568012,0.674396,0.573358,1.02602,0.452888,-0.384989,-1.33229
0.56676,0.675131,0.574713,1.02618,0.452971,-0.38725,-1.33127
0.565509,0.675863,0.576071,1.02633,0.453053,-0.389512,-1.33026
0.564261,0.67659,0.577432,1.02647,0.453134,-0.391774,-1.32925
0.563015,0.677314,0.578795,1.02661,0.453215,-0.394037,-1.32824
0.56177,0.678034,0.58016,1.02674,0.453295,-0.396301,-1.32724
0.560527,0.678749,0.581528,1.02687,0.453374,-0.398566,-1.32623
0.559286,0.679462,0.582898,1.02698,0.453453,-0.400832,-1.32522
0.558047,0.68017,0.584271,1.02709,0.453531,-0.403098,-1.32422
0.55681,0.680874,0.585646,1.02719,0.453609,-0.405365,-1.32321
0.555574,0.681575,0.587024,1.02729,0.453686,-0.407633,-1.32221
0.55434,0.682271,0.588405,1.02737,0.453763,-0.409902,-1.3212
0.553108,0.682964,0.589788,1.02745,0.453839,-0.412171,-1.3202
0.551877,0.683653,0.591174,1.02753,0.453915,-0.414441,-1.3192
0.550647,0.684339,0.592562,1.02759,0.45399,-0.416712,-1.31819
0.549419,0.68502,0.593953,1.02765,0.454065,-0.418983,-1.31719
0.548193,0.685698,0.595346,1.0277,0.454139,-0.421256,-1.31619
0.546968,0.686372,0.596743,1.02775,0.454214,-0.423529,-1.31519
0.545744,0.687042,0.598141,1.02778,0.454288,-0.425802,-1.31419
0.544522,0.687708,0.599543,1.02781,0.454361,-0.428077,-1.3132
0.543301,0.68837,0.600947,1.02784,0.454435,-0.430352,-1.3122
0.542081,0.689029,0.602354,1.02785,0.454508,-0.432627,-1.3112
0.540862,0.689684,0.603763,1.02786,0.454581,-0.434904,-1.31021
0.539645,0.690335,0.605175,1.02787,0.454654,-0.437181,-1.30921
0.538428,0.690983,0.60659,1.02786,0.454726,-0.439458,-1.30822
0.537213,0.691626,0.608008,1.02785,0.454799,-0.441736,-1.30722
0.535999,0.692266,0.609428,1.02783,0.454871,-0.444015,-1.30623
0.534786,0.692902,0.610851,1.0278,0.454944,-0.446295,-1.30524
0.533573,0.693535,0.612277,1.02777,0.455016,-0.448575,-1.30425
0.532362,0.694163,0.613705,1.02773,0.455088,-0.450856,-1.30325
0.531152,0.694788,0.615136,1.02768,0.45516,-0.453137,-1.30226
0.529942,0.695409,0.61657,1.02763,0.455232,-0.455419,-1.30128
0.528733,0.696027,0.618007,1.02757,0.455304,-0.457701,-1.30029
0.527525,0.696641,0.619447,1.0275,0.455377,-0.459985,-1.2993
0.526318,0.697251,0.62089,1.02743,0.455449,-0.462268,-1.29831
0.525111,0.697857,0.622335,1.02734,0.455521,-0.464552,-1.29732
0.523905,0.69846,0.623783,1.02725,0.455594,-0.466837,-1.29634
0.5227,0.699059,0.625234,1.02716,0.455667,-0.469123,-1.29535
0.521495,0.699655,0.626688,1.02706,0.45574,-0.471409,-1.29437
0.520291,0.700246,0.628144,1.02695,0.455813,-0.473695,-1.29338
0.519087,0.700835,0.629604,1.02683,0.455886,-0.475982,-1.2924
0.517884,0.701419,0.631066,1.02671,0.455959,-0.47827,-1.29142
0.516681,0.702,0.632532,1.02658,0.456033,-0.480558,-1.29044
0.515479,0.702577,0.634,1.02644,0.456107,-0.482846,-1.28946
0.514276,0.703151,0.635471,1.02629,0.456182,-0.485135,-1.28848
0.513075,0.70372,0.636945,1.02614,0.456256,-0.487425,-1.2875
0.511873,0.704287,0.638422,1.02598,0.456331,-0.489715,-1.28652
0.510672,0.70485,0.639902,1.02582,0.456407,-0.492006,-1.28554
0.509471,0.705409,0.641385,1.02565,0.456482,-0.494297,-1.28456
0.508269,0.705964,0.64287,1.02547,0.456559,-0.496588,-1.28358
0.507069,0.706516,0.644359,1.02528,0.456635,-0.49888,-1.28261
0.505868,0.707065,0.645851,1.02509,0.456713,-0.501173,-1.28163
0.504667,0.707609,0.647346,1.02489,0.45679,-0.503466,-1.28066
0.503466,0.708151,0.648843,1.02468,0.456868,-0.50576,-1.27968
0.502265,0.708689,0.650344,1.02447,0.456947,-0.508054,-1.27871
0.501064,0.709223,0.651848,1.02425,0.457026,-0.510348,-1.27774
0.499863,0.709753,0.653354,1.02402,0.457106,-0.512643,-1.27676
0.498662,0.710281,0.654864,1.02379,0.457186,-0.514938,-1.27579
0.497461,0.710804,0.656377,1.02355,0.457267,-0.517234,-1.27482
0.496259,0.711324,0.657893,1.0233,0.457349,-0.51953,-1.27385
0.495057,0.711841,0.659411,1.02305,0.457431,-0.521827,-1.27288
0.493855,0.712354,0.660933,1.02278,0.457514,-0.524124,-1.27191
0.492652,0.712864,0.662458,1.02252,0.457598,-0.526422,-1.27094
0.491449,0.71337,0.663986,1.02224,0.457682,-0.52872,-1.26998
0.490246,0.713873,0.665517,1.02196,0.457767,-0.531018,-1.26901
0.489042,0.714373,0.667052,1.02167,0.457853,-0.533317,-1.26804
0.487837,0.714869,0.668589,1.02138,0.45794,-0.535616,-1.26708
0.486632,0.715361,0.670129,1.02107,0.458028,-0.537916,-1.26611
0.485427,0.71585,0.671673,1.02076,0.458116,-0.540216,-1.26515
0.48422,0.716336,0.673219,1.02045,0.458205,-0.542517,-1.26418
0.483014,0.716818,0.674769,1.02012,0.458295,-0.544818,-1.26322
0.481806,0.717297,0.676322,1.01979,0.458386,-0.547119,-1.26226
0.480598,0.717773,0.677878,1.01946,0.458478,-0.549421,-1.2613
0.479389,0.718245,0.679437,1.01911,0.458571,-0.551723,-1.26034
0.478179,0.718714,0.680999,1.01876,0.458665,-0.554025,-1.25938
0.476968,0.71918,0.682565,1.01841,0.45876,-0.556328,-1.25842
0.475757,0.719642,0.684133,1.01804,0.458855,-0.558632,-1.25746
0.474544,0.720101,0.685705,1.01767,0.458952,-0.560936,-1.2565
0.473331,0.720556,0.68728,1.0173,0.45905,-0.56324,-1.25554
0.472116,0.721009,0.688858,1.01691,0.459149,-0.565544,-1.25458
0.4709,0.721458,0.690439,1.01652,0.459249,-0.567849,-1.25362
0.469684,0.721903,0.692024,1.01612,0.45935,-0.570154,-1.25267
0.468466,0.722346,0.693612,1.01572,0.459452,-0.57246,-1.25171
0.467247,0.722785,0.695203,1.01531,0.459556,-0.574766,-1.25076
0.466027,0.723221,0.696797,1.01489,0.45966,-0.577072,-1.2498
0.464806,0.723654,0.698394,1.01446,0.459766,-0.579379,-1.24885
0.463583,0.724084,0.699995,1.01403,0.459873,-0.581686,-1.2479
0.462359,0.72451,0.701599,1.01359,0.459981,-0.583994,-1.24694
0.461134,0.724933,0.703206,1.01315,0.460091,-0.586302,-1.24599
0.459907,0.725353,0.704816,1.01269,0.460201,-0.58861,-1.24504
0.458679,0.72577,0.70643,1.01223,0.460313,-0.590919,-1.24409
0.45745,0.726184,0.708046,1.01177,0.460427,-0.593228,-1.24314
0.456219,0.726595,0.709667,1.0113,0.460541,-0.595537,-1.24219
0.454986,0.727002,0.71129,1.01082,0.460657,-0.597847,-1.24124
0.453752,0.727406,0.712917,1.01033,0.460775,-0.600157,-1.24029
0.452517,0.727808,0.714547,1.00984,0.460894,-0.602467,-1.23934
0.451279,0.728206,0.71618,1.00934,0.461014,-0.604778,-1.23839
0.45004,0.728601,0.717816,1.00883,0.461136,-0.60709,-1.23745
0.448799,0.728993,0.719456,1.00832,0.461259,-0.609401,-1.2365
0.447557,0.729382,0.721099,1.0078,0.461383,-0.611713,-1.23556
0.446312,0.729768,0.722746,1.00727,0.461509,-0.614025,-1.23461
0.445066,0.730151,0.724396,1.00673,0.461637,-0.616338,-1.23367
0.443818,0.730531,0.726049,1.00619,0.461766,-0.618651,-1.23272
0.442568,0.730908,0.727705,1.00564,0.461897,-0.620964,-1.23178
0.441316,0.731282,0.729365,1.00509,0.462029,-0.623278,-1.23083
0.440062,0.731653,0.731028,1.00453,0.462163,-0.625592,-1.22989
0.438806,0.732021,0.732694,1.00396,0.462299,-0.627907,-1.22895
0.437548,0.732387,0.734364,1.00339,0.462436,-0.630222,-1.22801
0.436288,0.732749,0.736037,1.0028,0.462575,-0.632537,-1.22707
0.435026,0.733108,0.737713,1.00221,0.462716,-0.634853,-1.22613
0.433762,0.733465,0.739393,1.00162,0.462858,-0.637169,-1.22519
0.432495,0.733818,0.741076,1.00102,0.463002,-0.639485,-1.22425
0.431226,0.734169,0.742763,1.00041,0.463148,-0.641802,-1.22331
0.429955,0.734517,0.744452,0.99979,0.463295,-0.644119,-1.22237
0.428681,0.734862,0.746146,0.999167,0.463445,-0.646436,-1.22143
0.427406,0.735205,0.747842,0.998537,0.463596,-0.648754,-1.2205
0.426127,0.735544,0.749542,0.9979,0.463749,-0.651072,-1.21956
0.424847,0.735881,0.751245,0.997256,0.463904,-0.653391,-1.21862
0.423563,0.736215,0.752952,0.996606,0.46406,-0.65571,-1.21769
0.422278,0.736546,0.754662,0.995948,0.464219,-0.658029,-1.21675
0.42099,0.736875,0.756376,0.995284,0.464379,-0.660349,-1.21582
0.419699,0.737201,0.758092,0.994613,0.464542,-0.662669,-1.21488
0.418405,0.737524,0.759813,0.993934,0.464706,-0.66499,-1.21395
0.417109,0.737844,0.761536,0.993249,0.464873,-0.66731,-1.21302
0.41581,0.738162,0.763263,0.992557,0.465041,-0.669632,-1.21208
0.414509,0.738477,0.764994,0.991859,0.465212,-0.671953,-1.21115
0.413204,0.73879,0.766728,0.991153,0.465384,-0.674276,-1.21022
0.411897,0.7391,0.768465,0.99044,0.465559,-0.676598,-1.20929
0.410587,0.739407,0.770205,0.98972,0.465735,-0.678921,-1.20836
0.409274,0.739712,0.771949,0.988994,0.465914,-0.681244,-1.20743
0.407958,0.740014,0.773697,0.98826,0.466095,-0.683568,-1.2065
0.40664,0.740314,0.775448,0.98752,0.466278,-0.685892,-1.20557
0.405318,0.740611,0.777202,0.986772,0.466463,-0.688217,-1.20464
0.403993,0.740906,0.77896,0.986018,0.466651,-0.690542,-1.20371
0.402665,0.741198,0.780721,0.985257,0.46684,-0.692867,-1.20278
0.401334,0.741488,0.782485,0.984488,0.467032,-0.695193,-1.20185
0.4,0.741775,0.784253,0.983713,0.467226,-0.697519,-1.20092
0.398662,0.74206,0.786024,0.982931,0.467423,-0.699846,-1.2
0.397322,0.742342,0.787799,0.982141,0.467621,-0.702173,-1.19907
0.395978,0.742622,0.789577,0.981345,0.467822,-0.7045,-1.19814
0.394631,0.7429,0.791359,0.980542,0.468026,-0.706828,-1.19722
0.39328,0.743175,0.793144,0.979732,0.468231,-0.709157,-1.19629
0.391926,0.743448,0.794932,0.978914,0.468439,-0.711486,-1.19537
0.390569,0.743719,0.796724,0.97809,0.46865,-0.713815,-1.19444
0.389208,0.743987,0.79852,0.977259,0.468863,-0.716145,-1.19352
0.387844,0.744253,0.800318,0.97642,0.469078,-0.718475,-1.1926
0.386476,0.744517,0.80212,0.975575,0.469296,-0.720806,-1.19167
0.385105,0.744779,0.803926,0.974722,0.469516,-0.723137,-1.19075
0.38373,0.745038,0.805735,0.973863,0.469739,-0.725469,-1.18983
0.382352,0.745296,0.807547,0.972996,0.469964,-0.727801,-1.1889
0.380969,0.745551,0.809363,0.972122,0.470192,-0.730134,-1.18798
0.379583,0.745804,0.811182,0.971241,0.470423,-0.732467,-1.18706
0.378194,0.746054,0.813005,0.970353,0.470656,-0.7348,-1.18614
0.3768,0.746303,0.814831,0.969458,0.470892,-0.737135,-1.18522
0.375403,0.74655,0.816661,0.968556,0.47113,-0.739469,-1.1843
0.374002,0.746794,0.818494,0.967646,0.471371,-0.741805,-1.18338
0.372597,0.747037,0.82033,0.96673,0.471615,-0.74414,-1.18246
0.371188,0.747277,0.82217,0.965806,0.471861,-0.746477,-1.18154
0.369775,0.747515,0.824013,0.964875,0.47211,-0.748813,-1.18062
0.368358,0.747752,0.825859,0.963937,0.472362,-0.751151,-1.1797
0.366937,0.747986,0.827709,0.962992,0.472617,-0.753489,-1.17878
0.365512,0.748219,0.829563,0.962039,0.472875,-0.755827,-1.17787
0.364083,0.748449,0.831419,0.961079,0.473135,-0.758166,-1.17695
0.362649,0.748678,0.83328,0.960112,0.473398,-0.760506,-1.17603
0.361212,0.748905,0.835143,0.959138,0.473664,-0.762846,-1.17511
0.35977,0.74913,0.83701,0.958157,0.473933,-0.765187,-1.1742
0.358324,0.749353,0.838881,0.957168,0.474205,-0.767528,-1.17328
0.356874,0.749574,0.840754,0.956172,0.47448,-0.76987,-1.17236
0.355419,0.749794,0.842631,0.955169,0.474757,-0.772212,-1.17145
0.35396,0.750012,0.844512,0.954158,0.475038,-0.774556,-1.17053
0.352497,0.750228,0.846396,0.95314,0.475322,-0.776899,-1.16961
0.351029,0.750442,0.848283,0.952115,0.475608,-0.779244,-1.1687
0.349556,0.750655,0.850174,0.951082,0.475898,-0.781589,-1.16778
0.34808,0.750866,0.852068,0.950042,0.476191,-0.783935,-1.16687
0.346598,0.751075,0.853965,0.948994,0.476487,-0.786281,-1.16595
0.345112,0.751282,0.855866,0.94794,0.476786,-0.788628,-1.16504
0.343622,0.751489,0.85777,0.946877,0.477088,-0.790976,-1.16413
0.342126,0.751693,0.859677,0.945808,0.477393,-0.793324,-1.16321
0.340626,0.751896,0.861588,0.944731,0.477702,-0.795673,-1.1623
0.339121,0.752097,0.863502,0.943646,0.478014,-0.798023,-1.16138
0.337612,0.752297,0.86542,0.942554,0.478329,-0.800373,-1.16047
0.336098,0.752496,0.867341,0.941455,0.478647,-0.802724,-1.15956
0.334578,0.752693,0.869265,0.940348,0.478968,-0.805076,-1.15864
0.333054,0.752888,0.871192,0.939233,0.479293,-0.807429,-1.15773
0.331525,0.753082,0.873123,0.938111,0.479621,-0.809782,-1.15682
0.329991,0.753275,0.875057,0.936981,0.479953,-0.812136,-1.15591
0.328452,0.753466,0.876994,0.935844,0.480287,-0.814491,-1.15499
0.326908,0.753657,0.878935,0.934699,0.480626,-0.816846,-1.15408
0.325359,0.753845,0.880879,0.933547,0.480967,-0.819203,-1.15317
0.323805,0.754033,0.882826,0.932387,0.481312,-0.82156,-1.15226
0.322246,0.754219,0.884777,0.931219,0.481661,-0.823918,-1.15134
0.320682,0.754404,0.886731,0.930044,0.482013,-0.826277,-1.15043
0.319112,0.754588,0.888688,0.928861,0.482368,-0.828636,-1.14952
0.317537,0.75477,0.890648,0.92767,0.482727,-0.830997,-1.14861
0.315957,0.754952,0.892612,0.926471,0.48309,-0.833358,-1.1477
0.314371,0.755132,0.894579,0.925265,0.483456,-0.83572,-1.14679
0.312781,0.755311,0.896549,0.924051,0.483826,-0.838083,-1.14587
0.311184,0.755489,0.898522,0.922829,0.484199,-0.840447,-1.14496
0.309583,0.755666,0.900499,0.9216,0.484576,-0.842811,-1.14405
0.307976,0.755842,0.902478,0.920362,0.484957,-0.845177,-1.14314
0.306363,0.756017,0.904461,0.919117,0.485342,-0.847544,-1.14223
0.304745,0.756191,0.906447,0.917864,0.48573,-0.849911,-1.14132
0.303121,0.756364,0.908437,0.916603,0.486122,-0.852279,-1.14041
0.301492,0.756536,0.910429,0.915334,0.486518,-0.854649,-1.13949
0.299857,0.756708,0.912425,0.914057,0.486917,-0.857019,-1.13858
0.298216,0.756878,0.914424,0.912772,0.48732,-0.85939,-1.13767
0.29657,0.757048,0.916426,0.911479,0.487728,-0.861762,-1.13676
0.294918,0.757216,0.918431,0.910178,0.488139,-0.864136,-1.13585
0.29326,0.757384,0.920439,0.908869,0.488554,-0.86651,-1.13494
0.291596,0.757551,0.92245,0.907552,0.488972,-0.868885,-1.13402
0.289927,0.757718,0.924465,0.906227,0.489395,-0.871261,-1.13311
0.288251,0.757884,0.926482,0.904894,0.489822,-0.873638,-1.1322
0.28657,0.758049,0.928503,0.903553,0.490253,-0.876017,-1.13129
0.284883,0.758213,0.930527,0.902203,0.490688,-0.878396,-1.13038
0.283189,0.758377,0.932554,0.900845,0.491126,-0.880777,-1.12946
0.28149,0.75854,0.934584,0.89948,0.491569,-0.883158,-1.12855
0.279785,0.758703,0.936617,0.898105,0.492016,-0.885541,-1.12764
0.278073,0.758865,0.938653,0.896723,0.492467,-0.887925,-1.12672
0.276356,0.759026,0.940692,0.895332,0.492923,-0.89031,-1.12581
0.274632,0.759187,0.942734,0.893933,0.493382,-0.892696,-1.1249
0.272902,0.759348,0.944779,0.892526,0.493846,-0.895083,-1.12398
0.271166,0.759508,0.946827,0.89111,0.494314,-0.897472,-1.12307
0.269423,0.759668,0.948878,0.889685,0.494786,-0.899861,-1.12216
0.267674,0.759827,0.950932,0.888253,0.495262,-0.902252,-1.12124
0.265919,0.759986,0.952989,0.886812,0.495743,-0.904644,-1.12033
0.264158,0.760145,0.955049,0.885362,0.496228,-0.907038,-1.11941
0.26239,0.760303,0.957111,0.883904,0.496717,-0.909432,-1.1185
0.260615,0.760461,0.959177,0.882437,0.497211,-0.911828,-1.11758
0.258834,0.760619,0.961246,0.880961,0.497709,-0.914225,-1.11667
0.257047,0.760777,0.963317,0.879477,0.498211,-0.916624,-1.11575
0.255253,0.760934,0.965392,0.877984,0.498718,-0.919024,-1.11483
0.253452,0.761092,0.967469,0.876483,0.49923,-0.921425,-1.11391
0.251645,0.761249,0.969549,0.874973,0.499745,-0.923827,-1.113
0.249831,0.761406,0.971632,0.873454,0.500266,-0.926231,-1.11208
0.248011,0.761563,0.973718,0.871926,0.500791,-0.928636,-1.11116
0.246183,0.76172,0.975807,0.870389,0.50132,-0.931043,-1.11024
0.244349,0.761877,0.977898,0.868843,0.501855,-0.933451,-1.10932
0.242509,0.762034,0.979992,0.867289,0.502393,-0.935861,-1.1084
0.240661,0.762191,0.982089,0.865725,0.502937,-0.938272,-1.10748
0.238806,0.762348,0.984189,0.864153,0.503485,-0.940684,-1.10656
0.236945,0.762506,0.986291,0.862571,0.504038,-0.943098,-1.10564
0.23529,0.76293,0.987115,0.860194,0.504219,-0.944378,-1.10426
0.233631,0.763351,0.987939,0.857803,0.504402,-0.945662,-1.10288
0.231968,0.76377,0.988761,0.855403,0.504586,-0.946951,-1.1015
0.230301,0.764186,0.989583,0.852993,0.504771,-0.948245,-1.10012
0.229922,0.764969,0.990351,0.855171,0.505167,-0.946089,-1.10033
0.229531,0.765748,0.991127,0.857331,0.505564,-0.94394,-1.10053
0.229132,0.766524,0.99191,0.859478,0.505963,-0.941795,-1.10073
0.228725,0.767296,0.992699,0.861614,0.506364,-0.939655,-1.10092
0.228311,0.768066,0.993493,0.863737,0.506766,-0.937519,-1.10112
0.227889,0.768832,0.994292,0.865848,0.507169,-0.935388,-1.10131
0.227459,0.769595,0.995098,0.867947,0.507574,-0.933261,-1.10151
0.227022,0.770355,0.995909,0.870034,0.50798,-0.931138,-1.1017
0.226578,0.771113,0.996726,0.87211,0.508387,-0.92902,-1.10189
0.226125,0.771867,0.997548,0.874174,0.508796,-0.926907,-1.10207
0.225666,0.772618,0.998375,0.876226,0.509206,-0.924797,-1.10226
0.225199,0.773366,0.999208,0.878266,0.509618,-0.922692,-1.10244
0.224725,0.774112,1.00005,0.880295,0.51003,-0.920591,-1.10262
0.224244,0.774855,1.00089,0.882312,0.510444,-0.918494,-1.1028
0.223755,0.775594,1.00174,0.884318,0.51086,-0.916402,-1.10298
0.223259,0.776331,1.00259,0.886313,0.511277,-0.914313,-1.10316
0.222756,0.777066,1.00345,0.888296,0.511694,-0.912229,-1.10334
0.222247,0.777797,1.00432,0.890268,0.512114,-0.910149,-1.10351
0.22173,0.778526,1.00519,0.892229,0.512534,-0.908073,-1.10368
0.221206,0.779252,1.00606,0.894179,0.512956,-0.906001,-1.10385
0.220675,0.779975,1.00694,0.896117,0.513379,-0.903932,-1.10402
0.220138,0.780696,1.00783,0.898045,0.513803,-0.901868,-1.10419
0.219593,0.781414,1.00872,0.899962,0.514228,-0.899808,-1.10436
0.219042,0.78213,1.00961,0.901868,0.514655,-0.897752,-1.10452
0.218485,0.782843,1.01051,0.903763,0.515082,-0.8957,-1.10468
0.21792,0.783553,1.01142,0.905647,0.515511,-0.893652,-1.10485
0.217349,0.784261,1.01233,0.907521,0.515941,-0.891607,-1.10501
0.216771,0.784967,1.01324,0.909384,0.516373,-0.889567,-1.10517
0.216187,0.78567,1.01416,0.911236,0.516805,-0.88753,-1.10532
0.215596,0.786371,1.01509,0.913078,0.517239,-0.885497,-1.10548
0.214999,0.787069,1.01601,0.914909,0.517673,-0.883468,-1.10563
0.214395,0.787765,1.01695,0.91673,0.518109,-0.881442,-1.10579
0.213785,0.788459,1.01789,0.918541,0.518546,-0.879421,-1.10594
0.213169,0.78915,1.01883,0.920341,0.518984,-0.877403,-1.10609
0.212546,0.789839,1.01978,0.922131,0.519423,-0.875389,-1.10624
0.211917,0.790526,1.02073,0.92391,0.519863,-0.873378,-1.10638
0.211282,0.79121,1.02168,0.925679,0.520305,-0.871371,-1.10653
0.21064,0.791892,1.02265,0.927439,0.520747,-0.869368,-1.10667
0.209993,0.792572,1.02361,0.929188,0.52119,-0.867369,-1.10682
0.209339,0.79325,1.02458,0.930927,0.521635,-0.865373,-1.10696
0.208679,0.793926,1.02556,0.932656,0.522081,-0.86338,-1.1071
0.208013,0.7946,1.02653,0.934375,0.522527,-0.861392,-1.10724
0.207341,0.795271,1.02752,0.936084,0.522975,-0.859406,-1.10737
0.206663,0.795941,1.0285,0.937783,0.523424,-0.857425,-1.10751
0.205979,0.796608,1.0295,0.939472,0.523873,-0.855447,-1.10765
0.205289,0.797273,1.03049,0.941152,0.524324,-0.853472,-1.10778
0.204593,0.797937,1.03149,0.942821,0.524776,-0.851501,-1.10791
0.203892,0.798598,1.0325,0.944481,0.525229,-0.849533,-1.10804
0.203184,0.799258,1.0335,0.946132,0.525683,-0.847569,-1.10817
0.202471,0.799915,1.03452,0.947772,0.526138,-0.845608,-1.1083
0.201752,0.800571,1.03553,0.949403,0.526593,-0.843651,-1.10843
0.201027,0.801225,1.03655,0.951025,0.52705,-0.841697,-1.10855
0.200296,0.801876,1.03758,0.952637,0.527508,-0.839747,-1.10868
0.19956,0.802526,1.03861,0.954239,0.527967,-0.8378,-1.1088
0.198818,0.803175,1.03964,0.955832,0.528427,-0.835856,-1.10892
0.19807,0.803821,1.04068,0.957415,0.528887,-0.833916,-1.10904
0.197317,0.804466,1.04172,0.95899,0.529349,-0.831979,-1.10916
0.196558,0.805109,1.04276,0.960554,0.529812,-0.830045,-1.10928
0.195794,0.80575,1.04381,0.96211,0.530275,-0.828115,-1.1094
0.195024,0.806389,1.04486,0.963656,0.53074,-0.826188,-1.10951
0.194249,0.807027,1.04592,0.965193,0.531205,-0.824265,-1.10963
0.193468,0.807663,1.04698,0.96672,0.531672,-0.822344,-1.10974
0.192681,0.808298,1.04804,0.968239,0.532139,-0.820427,-1.10985
0.191889,0.808931,1.04911,0.969748,0.532608,-0.818513,-1.10996
0.191092,0.809562,1.05018,0.971248,0.533077,-0.816603,-1.11007
0.19029,0.810192,1.05126,0.972739,0.533547,-0.814696,-1.11018
0.189482,0.81082,1.05234,0.974221,0.534018,-0.812792,-1.11029
0.188668,0.811447,1.05342,0.975694,0.53449,-0.810891,-1.11039
0.18785,0.812072,1.05451,0.977158,0.534963,-0.808993,-1.1105
0.187026,0.812696,1.0556,0.978613,0.535436,-0.807099,-1.1106
0.186197,0.813318,1.05669,0.980059,0.535911,-0.805207,-1.1107
0.185363,0.813939,1.05779,0.981496,0.536387,-0.803319,-1.1108
0.184523,0.814558,1.05889,0.982925,0.536863,-0.801435,-1.1109
0.183678,0.815176,1.05999,0.984344,0.53734,-0.799553,-1.111
0.182828,0.815792,1.0611,0.985754,0.537819,-0.797674,-1.1111
0.181973,0.816408,1.06221,0.987156,0.538298,-0.795799,-1.1112
0.181113,0.817022,1.06332,0.988549,0.538778,-0.793927,-1.11129
0.180248,0.817634,1.06444,0.989933,0.539258,-0.792058,-1.11139
0.179377,0.818245,1.06556,0.991309,0.53974,-0.790192,-1.11148
0.178502,0.818856,1.06669,0.992676,0.540223,-0.788329,-1.11157
0.177621,0.819464,1.06782,0.994034,0.540706,-0.786469,-1.11166
0.176736,0.820072,1.06895,0.995383,0.54119,-0.784612,-1.11175
0.175845,0.820678,1.07008,0.996724,0.541675,-0.782759,-1.11184
0.17495,0.821283,1.07122,0.998056,0.542161,-0.780908,-1.11193
0.17405,0.821887,1.07236,0.99938,0.542648,-0.779061,-1.11201
0.173144,0.82249,1.0735,1.0007,0.543135,-0.777216,-1.1121
0.172234,0.823092,1.07465,1.002,0.543624,-0.775375,-1.11218
0.171319,0.823692,1.0758,1.0033,0.544113,-0.773537,-1.11227
0.170399,0.824292,1.07696,1.00459,0.544603,-0.771702,-1.11235
0.169474,0.82489,1.07811,1.00587,0.545094,-0.769869,-1.11243
0.168544,0.825488,1.07927,1.00714,0.545585,-0.76804,-1.11251
0.16761,0.826084,1.08044,1.00841,0.546078,-0.766214,-1.11259
0.16667,0.826679,1.0816,1.00966,0.546571,-0.764391,-1.11266
0.165726,0.827274,1.08277,1.01091,0.547065,-0.762571,-1.11274
0.164777,0.827867,1.08394,1.01215,0.54756,-0.760754,-1.11282
0.163823,0.82846,1.08512,1.01338,0.548056,-0.75894,-1.11289
0.162865,0.829051,1.0863,1.0146,0.548552,-0.757129,-1.11296
0.161902,0.829642,1.08748,1.01582,0.549049,-0.755321,-1.11303
0.160934,0.830231,1.08866,1.01702,0.549547,-0.753516,-1.11311
0.159962,0.83082,1.08985,1.01822,0.550046,-0.751714,-1.11317
0.158985,0.831408,1.09104,1.01941,0.550546,-0.749915,-1.11324
0.158003,0.831995,1.09223,1.02059,0.551046,-0.748119,-1.11331
0.157017,0.832582,1.09343,1.02177,0.551547,-0.746325,-1.11338
0.156026,0.833167,1.09463,1.02293,0.552049,-0.744535,-1.11344
0.15503,0.833752,1.09583,1.02409,0.552552,-0.742748,-1.11351
0.15403,0.834336,1.09703,1.02524,0.553055,-0.740964,-1.11357
0.153025,0.834919,1.09824,1.02638,0.553559,-0.739182,-1.11363
0.152016,0.835502,1.09945,1.02751,0.554064,-0.737404,-1.11369
0.151002,0.836084,1.10066,1.02864,0.55457,-0.735629,-1.11376
0.149984,0.836665,1.10188,1.02975,0.555076,-0.733856,-1.11381
0.148961,0.837246,1.1031,1.03086,0.555583,-0.732087,-1.11387
0.147934,0.837826,1.10432,1.03196,0.556091,-0.73032,-1.11393
0.146903,0.838405,1.10554,1.03305,0.5566,-0.728556,-1.11399
0.145867,0.838984,1.10677,1.03414,0.557109,-0.726796,-1.11404
0.144826,0.839562,1.10799,1.03521,0.557619,-0.725038,-1.11409
0.143781,0.84014,1.10922,1.03628,0.55813,-0.723283,-1.11415
0.142732,0.840717,1.11046,1.03734,0.558642,-0.721531,-1.1142
0.141678,0.841293,1.11169,1.0384,0.559154,-0.719782,-1.11425
0.14062,0.841869,1.11293,1.03944,0.559667,-0.718036,-1.1143
0.139558,0.842445,1.11417,1.04048,0.56018,-0.716292,-1.11435
0.138491,0.84302,1.11542,1.04151,0.560695,-0.714552,-1.1144
0.13742,0.843594,1.11666,1.04253,0.56121,-0.712815,-1.11444
0.136345,0.844169,1.11791,1.04354,0.561726,-0.71108,-1.11449
0.135266,0.844742,1.11916,1.04455,0.562242,-0.709349,-1.11453
0.134182,0.845316,1.12041,1.04555,0.562759,-0.70762,-1.11458
0.133094,0.845889,1.12167,1.04654,0.563277,-0.705894,-1.11462
0.132002,0.846461,1.12293,1.04752,0.563796,-0.704171,-1.11466
0.130905,0.847034,1.12419,1.04849,0.564315,-0.702451,-1.1147
0.129804,0.847606,1.12545,1.04946,0.564835,-0.700734,-1.11474
0.128699,0.848177,1.12672,1.05042,0.565355,-0.69902,-1.11478
0.12759,0.848749,1.12798,1.05137,0.565876,-0.697308,-1.11481
0.126477,0.84932,1.12925,1.05231,0.566398,-0.6956,-1.11485
0.12536,0.849891,1.13052,1.05325,0.566921,-0.693894,-1.11489
0.124238,0.850462,1.1318,1.05418,0.567444,-0.692192,-1.11492
0.123113,0.851032,1.13307,1.0551,0.567968,-0.690492,-1.11495
0.121983,0.851602,1.13435,1.05601,0.568492,-0.688795,-1.11499
0.120849,0.852173,1.13563,1.05691,0.569017,-0.687101,-1.11502
0.119711,0.852743,1.13691,1.05781,0.569543,-0.68541,-1.11505
0.118569,0.853312,1.1382,1.0587,0.57007,-0.683722,-1.11508
0.117424,0.853882,1.13948,1.05958,0.570597,-0.682036,-1.1151
0.116274,0.854452,1.14077,1.06046,0.571124,-0.680354,-1.11513
0.11512,0.855021,1.14206,1.06133,0.571653,-0.678674,-1.11516
0.113962,0.855591,1.14335,1.06219,0.572182,-0.676998,-1.11518
0.1128,0.85616,1.14465,1.06304,0.572711,-0.675324,-1.1152
0.111634,0.85673,1.14594,1.06388,0.573242,-0.673653,-1.11523
0.110464,0.857299,1.14724,1.06472,0.573772,-0.671985,-1.11525
0.10929,0.857868,1.14854,1.06555,0.574304,-0.67032,-1.11527
0.108112,0.858438,1.14984,1.06637,0.574836,-0.668658,-1.11529
0.10693,0.859007,1.15115,1.06718,0.575369,-0.666998,-1.11531
0.105745,0.859577,1.15245,1.06799,0.575902,-0.665342,-1.11532
0.104555,0.860147,1.15376,1.06879,0.576436,-0.663688,-1.11534
0.103362,0.860716,1.15507,1.06958,0.57697,-0.662037,-1.11536
0.102165,0.861286,1.15638,1.07037,0.577505,-0.66039,-1.11537
0.100963,0.861856,1.15769,1.07114,0.578041,-0.658745,-1.11538
0.0997585,0.862426,1.15901,1.07191,0.578577,-0.657103,-1.1154
0.0985498,0.862996,1.16032,1.07268,0.579114,-0.655464,-1.11541
0.0973372,0.863567,1.16164,1.07343,0.579651,-0.653827,-1.11542
0.0961209,0.864138,1.16296,1.07418,0.580189,-0.652194,-1.11543
0.0949008,0.864709,1.16428,1.07492,0.580727,-0.650564,-1.11543
0.0936769,0.86528,1.16561,1.07565,0.581266,-0.648936,-1.11544
0.0924492,0.865851,1.16693,1.07637,0.581806,-0.647311,-1.11545
0.0912179,0.866423,1.16826,1.07709,0.582346,-0.64569,-1.11545
0.0899828,0.866995,1.16959,1.0778,0.582887,-0.644071,-1.11546
0.0887439,0.867567,1.17091,1.07851,0.583428,-0.642455,-1.11546
0.0875014,0.86814,1.17225,1.0792,0.58397,-0.640842,-1.11546
0.0862552,0.868712,1.17358,1.07989,0.584512,-0.639232,-1.11546
0.0850053,0.869286,1.17491,1.08057,0.585055,-0.637625,-1.11546
0.0837518,0.869859,1.17625,1.08124,0.585598,-0.63602,-1.11546
0.0824946,0.870434,1.17758,1.08191,0.586142,-0.634419,-1.11545
0.0812338,0.871008,1.17892,1.08257,0.586687,-0.63282,-1.11545
0.0799694,0.871583,1.18026,1.08322,0.587232,-0.631225,-1.11545
0.0787013,0.872158,1.1816,1.08386,0.587777,-0.629632,-1.11544
0.0774297,0.872734,1.18294,1.0845,0.588323,-0.628043,-1.11543
0.0761545,0.87331,1.18429,1.08513,0.58887,-0.626456,-1.11542
