0,0,0,0,0,0,0
0.118503,0.035436,0.0161005,0.0695632,-0.0496248,0.0337573,-0.0848834
0.125923,0.0504561,0.0230077,0.0983178,-0.0705098,0.047096,-0.0782439
0.131806,0.062116,0.0284163,0.120367,-0.0866981,0.0570714,-0.0732716
0.13687,0.0720021,0.0330456,0.138883,-0.100422,0.0652701,-0.069171
0.14142,0.0807718,0.0371891,0.155177,-0.112601,0.0723493,-0.0656185
0.145605,0.0887425,0.0409887,0.169883,-0.123682,0.0786263,-0.0624571
0.149511,0.096105,0.0445297,0.183383,-0.133932,0.0842921,-0.0595927
0.153199,0.102984,0.0478673,0.195925,-0.143525,0.0894714,-0.0569641
0.156708,0.109467,0.0510402,0.207684,-0.152583,0.0942513,-0.0545286
0.160067,0.115617,0.0540764,0.218784,-0.161193,0.0986949,-0.052255
0.1633,0.121481,0.0569968,0.229323,-0.169423,0.10285,-0.0501199
0.166424,0.127098,0.059818,0.239373,-0.177324,0.106755,-0.0481051
0.169452,0.132496,0.0625529,0.248995,-0.184938,0.110437,-0.046196
0.172396,0.1377,0.0652121,0.258236,-0.192297,0.113923,-0.0443809
0.175265,0.14273,0.0678041,0.267135,-0.19943,0.117231,-0.0426499
0.178067,0.147601,0.0703363,0.275725,-0.206358,0.120377,-0.0409951
0.180808,0.152329,0.0728147,0.284035,-0.213103,0.123377,-0.0394094
0.183494,0.156925,0.0752446,0.292089,-0.219679,0.126242,-0.037887
0.18613,0.161399,0.0776304,0.299906,-0.226102,0.128983,-0.0364229
0.188721,0.165761,0.0799761,0.307506,-0.232383,0.131607,-0.0350124
0.191269,0.170019,0.082285,0.314903,-0.238535,0.134124,-0.0336519
0.193778,0.174179,0.0845603,0.322112,-0.244565,0.136541,-0.0323379
0.196251,0.178247,0.0868044,0.329145,-0.250484,0.138863,-0.0310672
0.198691,0.18223,0.0890199,0.336013,-0.256298,0.141096,-0.0298372
0.2011,0.186132,0.0912089,0.342726,-0.262015,0.143244,-0.0286454
0.20348,0.189957,0.0933733,0.349293,-0.26764,0.145314,-0.0274897
0.205833,0.193711,0.0955147,0.355721,-0.273179,0.147308,-0.026368
0.208161,0.197395,0.0976349,0.362019,-0.278637,0.14923,-0.0252784
0.210465,0.201014,0.0997353,0.368193,-0.284019,0.151084,-0.0242195
0.212747,0.204571,0.101817,0.374249,-0.289328,0.152872,-0.0231896
0.215008,0.208068,0.103882,0.380193,-0.294569,0.154598,-0.0221873
0.217249,0.211509,0.10593,0.38603,-0.299746,0.156264,-0.0212115
0.219472,0.214895,0.107963,0.391764,-0.304861,0.157872,-0.0202608
0.221678,0.218228,0.109982,0.3974,-0.309918,0.159425,-0.0193342
0.223867,0.221512,0.111987,0.402942,-0.314919,0.160925,-0.0184308
0.22604,0.224747,0.11398,0.408395,-0.319866,0.162373,-0.0175494
0.228199,0.227936,0.115961,0.41376,-0.324764,0.163772,-0.0166894
0.230344,0.231079,0.117931,0.419043,-0.329613,0.165122,-0.0158498
0.232477,0.23418,0.11989,0.424245,-0.334415,0.166426,-0.01503
0.234596,0.237238,0.12184,0.42937,-0.339174,0.167686,-0.0142291
0.236704,0.240256,0.12378,0.434421,-0.34389,0.168901,-0.0134465
0.238801,0.243234,0.125712,0.439399,-0.348565,0.170074,-0.0126817
0.240888,0.246174,0.127635,0.444308,-0.353202,0.171206,-0.0119339
0.242964,0.249077,0.129551,0.44915,-0.3578,0.172298,-0.0112027
0.245031,0.251945,0.13146,0.453927,-0.362363,0.173351,-0.0104876
0.247089,0.254777,0.133362,0.45864,-0.366891,0.174366,-0.00978795
0.249139,0.257575,0.135257,0.463292,-0.371386,0.175343,-0.0091034
0.251181,0.26034,0.137147,0.467885,-0.375849,0.176285,-0.00843348
0.253216,0.263073,0.139031,0.47242,-0.380281,0.177191,-0.00777778
0.255243,0.265774,0.140909,0.476899,-0.384683,0.178063,-0.0071359
0.257264,0.268445,0.142783,0.481323,-0.389056,0.178901,-0.00650748
0.259278,0.271085,0.144652,0.485694,-0.393401,0.179706,-0.00589215
0.261286,0.273696,0.146517,0.490014,-0.39772,0.180479,-0.0052896
0.263289,0.276279,0.148378,0.494283,-0.402012,0.18122,-0.00469949
0.265287,0.278833,0.150235,0.498504,-0.40628,0.181929,-0.00412152
0.26728,0.28136,0.152089,0.502676,-0.410524,0.182609,-0.00355541
0.269268,0.28386,0.153939,0.506802,-0.414744,0.183258,-0.00300089
0.271252,0.286334,0.155787,0.510882,-0.418941,0.183879,-0.0024577
0.273232,0.288781,0.157632,0.514918,-0.423117,0.18447,-0.00192559
0.275208,0.291204,0.159474,0.51891,-0.427271,0.185033,-0.00140432
0.27718,0.293601,0.161314,0.52286,-0.431405,0.185568,-0.000893674
0.27915,0.295974,0.163152,0.526768,-0.435519,0.186076,-0.000393441
0.281116,0.298323,0.164988,0.530636,-0.439613,0.186556,9.65831e-05
0.28308,0.300648,0.166823,0.534464,-0.443689,0.187011,0.000576591
0.285042,0.30295,0.168656,0.538253,-0.447747,0.187439,0.00104676
0.287005,0.30524,0.170489,0.542023,-0.451795,0.187853,0.00150712
0.288962,0.307497,0.17232,0.545736,-0.455818,0.18823,0.00195817
0.290918,0.309731,0.17415,0.549412,-0.459824,0.188581,0.00239989
0.292871,0.311943,0.175979,0.553053,-0.463815,0.188908,0.00283242
0.294824,0.314134,0.177807,0.556659,-0.46779,0.18921,0.00325592
0.296775,0.316304,0.179635,0.56023,-0.471749,0.189488,0.0036705
0.298726,0.318453,0.181463,0.563767,-0.475694,0.189743,0.0040763
0.300675,0.320581,0.18329,0.567271,-0.479625,0.189973,0.00447344
0.302624,0.322689,0.185118,0.570742,-0.483542,0.190181,0.00486204
0.304573,0.324776,0.186946,0.574181,-0.487446,0.190366,0.0052422
0.306522,0.326844,0.188774,0.577589,-0.491336,0.190527,0.00561403
0.308471,0.328892,0.190602,0.580965,-0.495214,0.190667,0.00597763
0.310419,0.330921,0.192431,0.584312,-0.499079,0.190784,0.00633308
0.312369,0.332931,0.194261,0.587628,-0.502933,0.190879,0.00668048
0.314319,0.334921,0.196092,0.590915,-0.506774,0.190952,0.00701989
0.316269,0.336893,0.197923,0.594173,-0.510605,0.191004,0.00735141
0.31822,0.338846,0.199755,0.597402,-0.514424,0.191034,0.0076751
0.320173,0.340781,0.201589,0.600603,-0.518233,0.191043,0.00799102
0.322127,0.342698,0.203424,0.603777,-0.522031,0.191031,0.00829923
0.324082,0.344597,0.20526,0.606924,-0.525819,0.190998,0.00859981
0.326038,0.346478,0.207098,0.610043,-0.529598,0.190944,0.00889278
0.327996,0.348341,0.208937,0.613137,-0.533366,0.19087,0.00917821
0.329956,0.350186,0.210778,0.616204,-0.537126,0.190775,0.00945614
0.331918,0.352015,0.212621,0.619245,-0.540876,0.19066,0.00972659
0.333882,0.353825,0.214466,0.622262,-0.544618,0.190526,0.00998962
0.335849,0.355619,0.216312,0.625253,-0.54835,0.190371,0.0102453
0.337818,0.357396,0.218161,0.62822,-0.552075,0.190196,0.0104935
0.339789,0.359156,0.220012,0.631163,-0.555791,0.190002,0.0107344
0.341763,0.360899,0.221865,0.634082,-0.5595,0.189788,0.010968
0.34374,0.362626,0.223721,0.636977,-0.5632,0.189555,0.0111942
0.34572,0.364336,0.225579,0.639849,-0.566894,0.189303,0.0114132
0.347703,0.36603,0.227439,0.642697,-0.570579,0.189031,0.0116248
0.349689,0.367707,0.229302,0.645524,-0.574258,0.188741,0.0118292
0.351679,0.369369,0.231168,0.648327,-0.57793,0.188431,0.0120262
0.353672,0.371014,0.233037,0.651109,-0.581595,0.188102,0.0122159
0.355669,0.372643,0.234909,0.653869,-0.585254,0.187755,0.0123984
0.35767,0.374256,0.236783,0.656607,-0.588906,0.187389,0.0125735
0.359674,0.375853,0.238661,0.659324,-0.592552,0.187004,0.0127412
0.361683,0.377435,0.240541,0.66202,-0.596191,0.186601,0.0129017
0.363696,0.379001,0.242425,0.664695,-0.599825,0.186179,0.0130547
0.365713,0.380551,0.244312,0.66735,-0.603453,0.185739,0.0132003
0.367735,0.382086,0.246202,0.669984,-0.607075,0.185281,0.0133385
0.369761,0.383605,0.248096,0.672598,-0.610692,0.184804,0.0134692
0.371792,0.385108,0.249994,0.675192,-0.614303,0.184309,0.0135924
0.373828,0.386597,0.251895,0.677766,-0.61791,0.183796,0.013708
0.375869,0.38807,0.253799,0.680321,-0.621511,0.183265,0.013816
0.377915,0.389527,0.255708,0.682857,-0.625107,0.182716,0.0139164
0.379966,0.39097,0.25762,0.685374,-0.628698,0.182149,0.0140091
0.382023,0.392397,0.259536,0.687871,-0.632284,0.181564,0.014094
0.384085,0.393809,0.261455,0.690351,-0.635865,0.180961,0.0141712
0.386152,0.395206,0.263379,0.692811,-0.639442,0.180341,0.0142404
0.388226,0.396588,0.265307,0.695254,-0.643015,0.179702,0.0143017
0.390305,0.397955,0.267239,0.697678,-0.646583,0.179046,0.0143549
0.392391,0.399307,0.269175,0.700085,-0.650147,0.178372,0.0144001
0.394482,0.400644,0.271116,0.702473,-0.653706,0.17768,0.014437
0.39658,0.401966,0.273061,0.704845,-0.657261,0.176971,0.0144658
0.398684,0.403273,0.27501,0.707198,-0.660812,0.176244,0.0144861
0.400795,0.404565,0.276964,0.709535,-0.664359,0.175499,0.0144981
0.402912,0.405842,0.278922,0.711854,-0.667902,0.174737,0.0145014
0.405036,0.407104,0.280885,0.714157,-0.671441,0.173958,0.0144962
0.407167,0.408352,0.282852,0.716443,-0.674977,0.17316,0.0144822
0.409305,0.409584,0.284824,0.718712,-0.678508,0.172345,0.0144594
0.41145,0.410802,0.286801,0.720965,-0.682035,0.171513,0.0144276
0.413602,0.412005,0.288783,0.723201,-0.685559,0.170663,0.0143867
0.415762,0.413193,0.29077,0.725421,-0.689079,0.169796,0.0143366
0.417929,0.414366,0.292761,0.727626,-0.692595,0.168911,0.0142772
0.420104,0.415525,0.294758,0.729814,-0.696108,0.168008,0.0142084
0.422286,0.416668,0.296759,0.731987,-0.699617,0.167089,0.0141299
0.424476,0.417797,0.298766,0.734144,-0.703122,0.166151,0.0140417
0.426675,0.418911,0.300778,0.736285,-0.706623,0.165196,0.0139437
0.428881,0.42001,0.302795,0.738411,-0.710121,0.164224,0.0138357
0.431096,0.421094,0.304818,0.740522,-0.713615,0.163234,0.0137174
0.433319,0.422163,0.306845,0.742618,-0.717105,0.162226,0.0135889
0.43555,0.423218,0.308879,0.744699,-0.720592,0.161201,0.0134499
0.43779,0.424257,0.310917,0.746765,-0.724075,0.160159,0.0133002
0.440038,0.425282,0.312961,0.748816,-0.727553,0.159099,0.0131397
0.442295,0.426291,0.315011,0.750853,-0.731028,0.158021,0.0129682
0.444561,0.427286,0.317066,0.752874,-0.734499,0.156926,0.0127855
0.446837,0.428266,0.319127,0.754882,-0.737967,0.155813,0.0125915
0.449121,0.429231,0.321194,0.756875,-0.74143,0.154683,0.0123859
0.451414,0.43018,0.323266,0.758854,-0.744888,0.153535,0.0121685
0.453717,0.431115,0.325344,0.760819,-0.748343,0.15237,0.0119392
0.456029,0.432035,0.327428,0.76277,-0.751793,0.151187,0.0116978
0.45835,0.432939,0.329518,0.764707,-0.755239,0.149986,0.011444
0.460681,0.433829,0.331614,0.76663,-0.758681,0.148767,0.0111776
0.463022,0.434703,0.333715,0.76854,-0.762118,0.147531,0.0108985
0.465372,0.435562,0.335823,0.770436,-0.76555,0.146277,0.0106063
0.467732,0.436406,0.337937,0.772318,-0.768977,0.145006,0.0103009
0.470102,0.437234,0.340056,0.774187,-0.772399,0.143716,0.00998201
0.472482,0.438048,0.342182,0.776043,-0.775817,0.142409,0.00964941
0.474873,0.438846,0.344314,0.777885,-0.779228,0.141084,0.00930285
0.477273,0.439628,0.346452,0.779714,-0.782635,0.139742,0.00894209
0.479683,0.440395,0.348597,0.78153,-0.786035,0.138381,0.00856687
0.482104,0.441147,0.350747,0.783333,-0.78943,0.137003,0.00817694
0.484535,0.441884,0.352904,0.785124,-0.792819,0.135607,0.00777205
0.486976,0.442605,0.355068,0.786901,-0.796202,0.134193,0.00735192
0.489428,0.44331,0.357237,0.788666,-0.799578,0.132761,0.00691629
0.49189,0.444,0.359413,0.790418,-0.802947,0.131312,0.00646488
0.494363,0.444674,0.361595,0.792157,-0.80631,0.129844,0.00599742
0.496846,0.445332,0.363784,0.793884,-0.809665,0.128359,0.00551363
0.499339,0.445975,0.365979,0.795598,-0.813013,0.126856,0.00501322
0.501843,0.446602,0.36818,0.797301,-0.816353,0.125334,0.00449592
0.504358,0.447214,0.370388,0.79899,-0.819685,0.123795,0.00396142
0.506883,0.447809,0.372602,0.800668,-0.823009,0.122238,0.00340944
0.509419,0.448389,0.374823,0.802333,-0.826324,0.120663,0.00283969
0.511965,0.448953,0.37705,0.803987,-0.829631,0.119071,0.00225185
0.514521,0.449501,0.379284,0.805628,-0.832928,0.11746,0.00164565
0.517088,0.450033,0.381524,0.807258,-0.836215,0.115832,0.00102078
0.519665,0.45055,0.38377,0.808875,-0.839493,0.114185,0.000376928
0.522253,0.45105,0.386023,0.810481,-0.84276,0.112521,-0.000286195
0.524851,0.451534,0.388282,0.812075,-0.846016,0.110839,-0.000968895
0.527458,0.452002,0.390548,0.813658,-0.849262,0.10914,-0.00167147
0.530076,0.452455,0.39282,0.815228,-0.852496,0.107422,-0.00239423
0.532704,0.452891,0.395099,0.816788,-0.855717,0.105687,-0.00313747
0.535341,0.453311,0.397384,0.818335,-0.858927,0.103935,-0.00390148
0.537988,0.453715,0.399675,0.819872,-0.862124,0.102164,-0.00468657
0.540645,0.454103,0.401972,0.821397,-0.865307,0.100377,-0.00549302
0.543311,0.454474,0.404276,0.82291,-0.868476,0.0985715,-0.00632113
0.545986,0.45483,0.406586,0.824413,-0.871632,0.096749,-0.00717118
0.54867,0.45517,0.408902,0.825904,-0.874772,0.0949091,-0.00804344
0.551363,0.455493,0.411225,0.827384,-0.877898,0.0930521,-0.0089382
0.554064,0.4558,0.413553,0.828853,-0.881007,0.091178,-0.00985571
0.556773,0.456092,0.415888,0.830311,-0.884101,0.0892868,-0.0107963
0.559491,0.456367,0.418229,0.831758,-0.887177,0.0873788,-0.0117601
0.562216,0.456626,0.420575,0.833194,-0.890236,0.085454,-0.0127474
0.564948,0.456869,0.422928,0.834619,-0.893277,0.0835126,-0.0137585
0.567688,0.457096,0.425286,0.836033,-0.8963,0.0815546,-0.0147935
0.570434,0.457307,0.42765,0.837437,-0.899304,0.0795803,-0.0158527
0.573187,0.457502,0.43002,0.83883,-0.902287,0.0775898,-0.0169364
0.575946,0.457682,0.432395,0.840212,-0.905251,0.0755833,-0.0180446
0.57871,0.457845,0.434776,0.841583,-0.908194,0.0735608,-0.0191775
0.58148,0.457993,0.437162,0.842944,-0.911115,0.0715227,-0.0203353
0.584254,0.458125,0.439554,0.844295,-0.914015,0.0694691,-0.0215182
0.587032,0.458241,0.441951,0.845635,-0.916891,0.0674003,-0.0227262
0.589815,0.458342,0.444353,0.846964,-0.919745,0.0653163,-0.0239595
0.592601,0.458427,0.44676,0.848284,-0.922575,0.0632175,-0.0252182
0.595389,0.458497,0.449172,0.849592,-0.92538,0.0611041,-0.0265023
0.59818,0.458551,0.45159,0.850891,-0.92816,0.0589763,-0.0278118
0.600973,0.45859,0.454011,0.852179,-0.930914,0.0568344,-0.0291469
0.603767,0.458615,0.456438,0.853457,-0.933643,0.0546786,-0.0305074
0.606562,0.458624,0.458869,0.854725,-0.936344,0.0525093,-0.0318935
0.609356,0.458618,0.461305,0.855983,-0.939018,0.0503267,-0.033305
0.61215,0.458598,0.463745,0.85723,-0.941664,0.048131,-0.0347419
0.614943,0.458563,0.466189,0.858468,-0.944282,0.0459227,-0.0362041
0.617734,0.458513,0.468637,0.859695,-0.94687,0.0437019,-0.0376914
0.620523,0.458449,0.471089,0.860913,-0.949429,0.0414691,-0.0392038
0.623308,0.458371,0.473545,0.862121,-0.951957,0.0392245,-0.0407411
0.62609,0.458279,0.476005,0.863319,-0.954455,0.0369685,-0.0423031
0.628867,0.458173,0.478469,0.864506,-0.956922,0.0347014,-0.0438896
0.631639,0.458054,0.480936,0.865685,-0.959357,0.0324236,-0.0455003
0.634404,0.45792,0.483406,0.866853,-0.961761,0.0301354,-0.047135
0.637164,0.457774,0.48588,0.868011,-0.964131,0.0278371,-0.0487933
0.639915,0.457614,0.488357,0.86916,-0.966469,0.0255293,-0.0504751
0.642659,0.457442,0.490837,0.870299,-0.968773,0.0232121,-0.0521798
0.645394,0.457256,0.49332,0.871429,-0.971044,0.020886,-0.0539073
0.648119,0.457059,0.495806,0.872549,-0.973281,0.0185513,-0.055657
0.650834,0.456848,0.498294,0.873659,-0.975484,0.0162085,-0.0574285
0.653538,0.456626,0.500785,0.87476,-0.977652,0.0138579,-0.0592215
0.65623,0.456391,0.503279,0.875851,-0.979785,0.0114999,-0.0610354
0.65891,0.456145,0.505775,0.876933,-0.981883,0.00913481,-0.0628699
0.661577,0.455888,0.508274,0.878006,-0.983946,0.0067631,-0.0647243
0.664229,0.455619,0.510775,0.879069,-0.985973,0.00438511,-0.0665983
0.666868,0.455339,0.513278,0.880122,-0.987965,0.00200123,-0.0684911
0.66949,0.455048,0.515783,0.881167,-0.989921,-0.000388183,-0.0704024
0.672097,0.454746,0.51829,0.882202,-0.991841,-0.00278275,-0.0723315
0.674687,0.454434,0.520799,0.883227,-0.993726,-0.0051821,-0.0742778
0.67726,0.454112,0.52331,0.884244,-0.995575,-0.00758587,-0.0762408
0.679815,0.45378,0.525822,0.885251,-0.997388,-0.00999371,-0.0782199
0.682351,0.453438,0.528337,0.886249,-0.999165,-0.0124053,-0.0802144
0.684868,0.453086,0.530853,0.887238,-1.00091,-0.0148202,-0.0822237
0.687365,0.452725,0.533371,0.888218,-1.00261,-0.0172381,-0.0842472
0.689842,0.452355,0.53589,0.889188,-1.00428,-0.0196588,-0.0862843
0.692298,0.451976,0.538411,0.89015,-1.00592,-0.0220817,-0.0883342
0.694733,0.451588,0.540934,0.891102,-1.00752,-0.0245068,-0.0903965
0.697145,0.451191,0.543458,0.892045,-1.00908,-0.0269336,-0.0924703
0.699535,0.450787,0.545984,0.89298,-1.01061,-0.0293618,-0.0945551
0.701902,0.450374,0.548511,0.893905,-1.01211,-0.0317912,-0.0966503
0.704245,0.449953,0.55104,0.894822,-1.01357,-0.0342214,-0.0987551
0.706565,0.449524,0.55357,0.895729,-1.015,-0.0366522,-0.100869
0.70886,0.449088,0.556102,0.896628,-1.01639,-0.0390833,-0.102991
0.71113,0.448645,0.558635,0.897518,-1.01775,-0.0415145,-0.105121
0.713376,0.448194,0.56117,0.898399,-1.01908,-0.0439456,-0.107258
0.715596,0.447737,0.563707,0.899271,-1.02038,-0.0463762,-0.109402
0.71779,0.447272,0.566245,0.900134,-1.02164,-0.0488061,-0.111551
0.719958,0.446801,0.568784,0.900989,-1.02287,-0.0512352,-0.113706
0.722099,0.446323,0.571326,0.901835,-1.02407,-0.0536633,-0.115866
0.724214,0.445839,0.573869,0.902672,-1.02524,-0.0560901,-0.118029
0.726302,0.445349,0.576414,0.9035,-1.02638,-0.0585154,-0.120197
0.728363,0.444852,0.578961,0.90432,-1.02749,-0.0609391,-0.122367
0.730396,0.44435,0.581509,0.905131,-1.02857,-0.063361,-0.124539
0.732402,0.443841,0.58406,0.905933,-1.02962,-0.065781,-0.126714
0.734379,0.443328,0.586612,0.906727,-1.03064,-0.0681988,-0.12889
0.736329,0.442808,0.589167,0.907512,-1.03164,-0.0706145,-0.131066
0.738251,0.442283,0.591724,0.908288,-1.0326,-0.0730277,-0.133243
0.740145,0.441753,0.594283,0.909056,-1.03354,-0.0754384,-0.13542
0.74201,0.441218,0.596845,0.909816,-1.03445,-0.0778466,-0.137596
0.743847,0.440678,0.599408,0.910567,-1.03534,-0.080252,-0.139772
0.745655,0.440132,0.601975,0.911309,-1.0362,-0.0826546,-0.141945
0.747435,0.439582,0.604544,0.912043,-1.03703,-0.0850542,-0.144117
0.749186,0.439027,0.607115,0.912769,-1.03784,-0.0874509,-0.146286
0.750908,0.438468,0.60969,0.913486,-1.03863,-0.0898445,-0.148453
0.752602,0.437903,0.612267,0.914194,-1.03939,-0.092235,-0.150616
0.754267,0.437335,0.614847,0.914894,-1.04013,-0.0946222,-0.152776
0.755903,0.436761,0.61743,0.915586,-1.04084,-0.0970062,-0.154932
0.75751,0.436184,0.620017,0.91627,-1.04154,-0.0993869,-0.157084
0.759089,0.435602,0.622606,0.916945,-1.04221,-0.101764,-0.159231
0.760639,0.435016,0.6252,0.917612,-1.04286,-0.104138,-0.161373
0.76216,0.434426,0.627796,0.91827,-1.04349,-0.106509,-0.16351
0.763652,0.433832,0.630397,0.91892,-1.0441,-0.108876,-0.165642
0.765116,0.433233,0.633001,0.919562,-1.04469,-0.111239,-0.167768
0.766551,0.432631,0.635609,0.920196,-1.04526,-0.113599,-0.169888
0.767958,0.432025,0.63822,0.920821,-1.04581,-0.115956,-0.172001
0.769337,0.431415,0.640836,0.921439,-1.04634,-0.118309,-0.174108
0.770687,0.430801,0.643457,0.922048,-1.04686,-0.120658,-0.176208
0.772008,0.430184,0.646081,0.922648,-1.04735,-0.123004,-0.178302
0.773302,0.429562,0.64871,0.923241,-1.04783,-0.125346,-0.180388
0.774567,0.428937,0.651344,0.923825,-1.0483,-0.127685,-0.182466
0.775805,0.428309,0.653982,0.924402,-1.04874,-0.13002,-0.184537
0.777014,0.427677,0.656625,0.92497,-1.04918,-0.132352,-0.1866
0.778196,0.427041,0.659274,0.92553,-1.04959,-0.13468,-0.188656
0.779349,0.426402,0.661927,0.926082,-1.04999,-0.137005,-0.190703
0.780475,0.425759,0.664585,0.926625,-1.05038,-0.139326,-0.192742
0.781574,0.425112,0.667249,0.927161,-1.05075,-0.141644,-0.194772
0.782645,0.424463,0.669918,0.927689,-1.0511,-0.143958,-0.196794
0.783689,0.42381,0.672593,0.928209,-1.05145,-0.146269,-0.198808
0.784706,0.423153,0.675274,0.92872,-1.05178,-0.148577,-0.200812
0.785695,0.422493,0.677961,0.929224,-1.0521,-0.150881,-0.202808
0.786657,0.42183,0.680653,0.929719,-1.0524,-0.153182,-0.204795
0.787593,0.421163,0.683352,0.930207,-1.05269,-0.155479,-0.206773
0.788502,0.420493,0.686057,0.930686,-1.05297,-0.157773,-0.208741
0.789384,0.41982,0.688769,0.931158,-1.05324,-0.160064,-0.210701
0.790239,0.419144,0.691487,0.931622,-1.0535,-0.162352,-0.212651
0.791068,0.418464,0.694211,0.932077,-1.05375,-0.164637,-0.214591
0.79187,0.417781,0.696943,0.932525,-1.05399,-0.166918,-0.216523
0.792647,0.417095,0.699681,0.932965,-1.05421,-0.169197,-0.218445
0.793397,0.416405,0.702427,0.933397,-1.05443,-0.171472,-0.220357
0.794121,0.415713,0.70518,0.933821,-1.05464,-0.173745,-0.222259
0.794819,0.415017,0.70794,0.934237,-1.05484,-0.176014,-0.224153
0.795491,0.414318,0.710708,0.934646,-1.05503,-0.178281,-0.226036
0.796138,0.413616,0.713483,0.935046,-1.05521,-0.180544,-0.22791
0.796759,0.41291,0.716266,0.935438,-1.05538,-0.182805,-0.229774
0.797354,0.412202,0.719057,0.935823,-1.05554,-0.185063,-0.231628
0.797924,0.41149,0.721857,0.9362,-1.0557,-0.187318,-0.233473
0.798468,0.410776,0.724664,0.936569,-1.05584,-0.189571,-0.235308
0.798987,0.410058,0.72748,0.93693,-1.05598,-0.19182,-0.237133
0.799481,0.409337,0.730304,0.937284,-1.05612,-0.194067,-0.238949
0.79995,0.408613,0.733137,0.937629,-1.05624,-0.196312,-0.240754
0.800394,0.407885,0.735979,0.937967,-1.05636,-0.198554,-0.24255
0.800812,0.407155,0.73883,0.938297,-1.05647,-0.200793,-0.244337
0.801206,0.406422,0.74169,0.93862,-1.05658,-0.20303,-0.246113
0.801575,0.405685,0.744559,0.938934,-1.05668,-0.205265,-0.24788
0.801919,0.404946,0.747437,0.939241,-1.05677,-0.207497,-0.249637
0.802239,0.404203,0.750325,0.93954,-1.05686,-0.209727,-0.251384
0.802534,0.403457,0.753223,0.939832,-1.05694,-0.211955,-0.253122
0.802804,0.402709,0.75613,0.940115,-1.05702,-0.21418,-0.25485
0.80305,0.401957,0.759048,0.940391,-1.05709,-0.216403,-0.256569
0.803272,0.401202,0.761975,0.940659,-1.05716,-0.218624,-0.258278
0.803469,0.400444,0.764913,0.94092,-1.05722,-0.220843,-0.259977
0.803641,0.399683,0.767862,0.941173,-1.05728,-0.223059,-0.261667
0.803789,0.39892,0.770821,0.941418,-1.05734,-0.225274,-0.263348
0.803914,0.398153,0.77379,0.941655,-1.05738,-0.227487,-0.265019
0.804013,0.397383,0.776771,0.941885,-1.05743,-0.229697,-0.266681
0.804089,0.39661,0.779763,0.942107,-1.05747,-0.231906,-0.268333
0.80414,0.395834,0.782766,0.942322,-1.05751,-0.234113,-0.269976
0.804168,0.395055,0.78578,0.942528,-1.05754,-0.236318,-0.27161
0.804171,0.394273,0.788806,0.942728,-1.05757,-0.238521,-0.273234
0.80415,0.393488,0.791843,0.942919,-1.0576,-0.240722,-0.27485
0.804105,0.392701,0.794893,0.943103,-1.05762,-0.242922,-0.276456
0.804035,0.39191,0.797954,0.943279,-1.05764,-0.24512,-0.278053
0.803942,0.391116,0.801028,0.943448,-1.05766,-0.247316,-0.279641
0.803825,0.39032,0.804114,0.943609,-1.05767,-0.24951,-0.28122
0.803683,0.38952,0.807212,0.943763,-1.05768,-0.251703,-0.28279
0.803518,0.388718,0.810324,0.943908,-1.05769,-0.253895,-0.284352
0.803328,0.387913,0.813448,0.944047,-1.0577,-0.256084,-0.285904
0.803114,0.387105,0.816585,0.944177,-1.0577,-0.258273,-0.287448
0.802876,0.386294,0.819735,0.944301,-1.05771,-0.260459,-0.288983
0.802614,0.38548,0.822899,0.944416,-1.05771,-0.262645,-0.29051
0.802328,0.384663,0.826076,0.944524,-1.0577,-0.264829,-0.292028
0.802018,0.383844,0.829267,0.944625,-1.0577,-0.267011,-0.293537
0.801683,0.383022,0.832472,0.944717,-1.05769,-0.269192,-0.295038
0.801324,0.382197,0.835691,0.944803,-1.05768,-0.271372,-0.296531
0.800941,0.381369,0.838924,0.94488,-1.05767,-0.273551,-0.298016
0.800533,0.380538,0.842172,0.944951,-1.05766,-0.275728,-0.299492
0.800101,0.379705,0.845435,0.945013,-1.05765,-0.277904,-0.30096
0.799645,0.378869,0.848712,0.945068,-1.05763,-0.280079,-0.30242
0.799164,0.37803,0.852004,0.945116,-1.05762,-0.282253,-0.303871
0.798658,0.377189,0.855312,0.945156,-1.0576,-0.284425,-0.305315
0.798127,0.376345,0.858634,0.945188,-1.05758,-0.286596,-0.306751
0.797572,0.375498,0.861973,0.945213,-1.05756,-0.288766,-0.308179
0.796992,0.374649,0.865327,0.945231,-1.05754,-0.290935,-0.3096
0.796388,0.373797,0.868697,0.945241,-1.05752,-0.293103,-0.311013
0.795758,0.372943,0.872083,0.945243,-1.05749,-0.29527,-0.312418
0.795103,0.372086,0.875486,0.945238,-1.05747,-0.297436,-0.313815
0.794423,0.371227,0.878905,0.945225,-1.05744,-0.299601,-0.315206
0.793717,0.370365,0.882341,0.945205,-1.05741,-0.301764,-0.316588
0.792986,0.369501,0.885794,0.945178,-1.05739,-0.303927,-0.317964
0.79223,0.368634,0.889264,0.945142,-1.05736,-0.306089,-0.319332
0.791448,0.367765,0.892752,0.9451,-1.05733,-0.308249,-0.320693
0.79064,0.366894,0.896257,0.94505,-1.0573,-0.310409,-0.322048
0.789806,0.36602,0.89978,0.944992,-1.05726,-0.312568,-0.323395
0.788946,0.365144,0.903321,0.944927,-1.05723,-0.314725,-0.324735
0.788061,0.364266,0.90688,0.944854,-1.0572,-0.316882,-0.326069
0.787148,0.363386,0.910458,0.944774,-1.05716,-0.319038,-0.327396
0.78621,0.362504,0.914054,0.944686,-1.05713,-0.321193,-0.328716
0.785244,0.36162,0.917669,0.944591,-1.05709,-0.323347,-0.330029
0.784252,0.360733,0.921303,0.944489,-1.05705,-0.3255,-0.331337
0.783233,0.359845,0.924956,0.944379,-1.05701,-0.327652,-0.332638
0.782187,0.358955,0.928629,0.944261,-1.05698,-0.329803,-0.333932
0.781113,0.358062,0.932322,0.944136,-1.05693,-0.331953,-0.335221
0.780012,0.357169,0.936035,0.944003,-1.05689,-0.334102,-0.336503
0.778884,0.356273,0.939767,0.943863,-1.05685,-0.336251,-0.33778
0.777727,0.355376,0.943521,0.943716,-1.05681,-0.338398,-0.33905
0.776542,0.354477,0.947294,0.94356,-1.05676,-0.340544,-0.340315
0.775329,0.353576,0.951089,0.943398,-1.05671,-0.342689,-0.341574
0.774088,0.352674,0.954905,0.943228,-1.05667,-0.344834,-0.342828
0.772818,0.35177,0.958742,0.94305,-1.05662,-0.346977,-0.344076
0.771519,0.350866,0.962601,0.942865,-1.05656,-0.349119,-0.345319
0.77019,0.34996,0.966482,0.942673,-1.05651,-0.35126,-0.346556
0.768833,0.349052,0.970384,0.942473,-1.05646,-0.3534,-0.347788
0.767445,0.348144,0.974309,0.942265,-1.0564,-0.355539,-0.349016
0.766028,0.347235,0.978256,0.94205,-1.05634,-0.357677,-0.350238
0.76458,0.346324,0.982226,0.941828,-1.05628,-0.359814,-0.351456
0.763102,0.345413,0.986219,0.941598,-1.05622,-0.361949,-0.352668
0.761594,0.344501,0.990235,0.94136,-1.05616,-0.364084,-0.353877
0.760054,0.343589,0.994275,0.941115,-1.05609,-0.366217,-0.355081
0.758483,0.342676,0.998338,0.940863,-1.05602,-0.368348,-0.35628
0.75688,0.341762,1.00243,0.940603,-1.05595,-0.370479,-0.357476
0.755246,0.340848,1.00654,0.940335,-1.05587,-0.372608,-0.358667
0.75358,0.339934,1.01067,0.94006,-1.05579,-0.374735,-0.359854
0.751881,0.33902,1.01483,0.939777,-1.05571,-0.376861,-0.361038
0.750149,0.338106,1.01902,0.939487,-1.05562,-0.378986,-0.362218
0.748384,0.337192,1.02323,0.93919,-1.05553,-0.381108,-0.363394
0.746585,0.336279,1.02746,0.938885,-1.05544,-0.38323,-0.364567
0.744753,0.335365,1.03172,0.938572,-1.05534,-0.385349,-0.365737
0.742887,0.334453,1.03601,0.938252,-1.05524,-0.387467,-0.366904
0.740987,0.333541,1.04032,0.937924,-1.05514,-0.389583,-0.368067
0.739051,0.33263,1.04466,0.937589,-1.05502,-0.391697,-0.369228
0.737081,0.33172,1.04902,0.937246,-1.05491,-0.393808,-0.370387
0.735074,0.330812,1.05341,0.936896,-1.05478,-0.395918,-0.371542
0.733033,0.329904,1.05783,0.936538,-1.05466,-0.398026,-0.372696
0.730954,0.328999,1.06228,0.936172,-1.05452,-0.400131,-0.373848
0.728839,0.328095,1.06675,0.935799,-1.05438,-0.402234,-0.374997
0.726688,0.327193,1.07125,0.935419,-1.05423,-0.404335,-0.376145
0.724498,0.326293,1.07577,0.935031,-1.05408,-0.406432,-0.377291
0.722272,0.325395,1.08033,0.934635,-1.05392,-0.408528,-0.378436
0.720006,0.3245,1.08491,0.934232,-1.05375,-0.41062,-0.379579
0.717703,0.323608,1.08952,0.933821,-1.05357,-0.41271,-0.380721
0.71536,0.322719,1.09416,0.933402,-1.05338,-0.414796,-0.381863
0.712978,0.321833,1.09882,0.932976,-1.05318,-0.416879,-0.383004
0.710557,0.320951,1.10351,0.932543,-1.05298,-0.41896,-0.384145
0.708095,0.320072,1.10824,0.932101,-1.05276,-0.421036,-0.385285
0.705593,0.319197,1.11299,0.931653,-1.05253,-0.423109,-0.386425
0.703049,0.318326,1.11777,0.931196,-1.0523,-0.425179,-0.387566
0.700465,0.31746,1.12257,0.930732,-1.05205,-0.427244,-0.388707
0.697839,0.316599,1.12741,0.93026,-1.05179,-0.429305,-0.389848
0.69517,0.315742,1.13227,0.929781,-1.05151,-0.431363,-0.390991
0.692459,0.314892,1.13717,0.929294,-1.05122,-0.433416,-0.392134
0.689706,0.314046,1.14209,0.928799,-1.05092,-0.435464,-0.393279
0.686909,0.313207,1.14704,0.928297,-1.0506,-0.437508,-0.394426
0.684068,0.312374,1.15202,0.927787,-1.05027,-0.439547,-0.395574
0.681184,0.311547,1.15702,0.927269,-1.04993,-0.44158,-0.396725
0.678255,0.310728,1.16206,0.926744,-1.04956,-0.443609,-0.397878
0.675281,0.309916,1.16712,0.926211,-1.04918,-0.445632,-0.399034
0.672262,0.309111,1.17221,0.92567,-1.04878,-0.447649,-0.400192
0.669198,0.308314,1.17733,0.925122,-1.04837,-0.449661,-0.401354
0.666089,0.307526,1.18248,0.924566,-1.04793,-0.451666,-0.402519
0.662933,0.306747,1.18766,0.924002,-1.04747,-0.453665,-0.403688
0.659731,0.305976,1.19286,0.92343,-1.047,-0.455658,-0.404861
0.656483,0.305216,1.19809,0.922851,-1.0465,-0.457644,-0.406038
0.653188,0.304465,1.20334,0.922264,-1.04598,-0.459623,-0.40722
0.649846,0.303724,1.20863,0.921669,-1.04543,-0.461595,-0.408407
0.646457,0.302994,1.21393,0.921067,-1.04487,-0.463559,-0.409599
0.64302,0.302275,1.21927,0.920456,-1.04427,-0.465516,-0.410797
0.639536,0.301568,1.22463,0.919838,-1.04366,-0.467464,-0.412
0.636005,0.300873,1.23001,0.919212,-1.04301,-0.469405,-0.41321
0.632426,0.30019,1.23542,0.918578,-1.04234,-0.471337,-0.414425
0.628799,0.29952,1.24085,0.917937,-1.04164,-0.473261,-0.415648
0.625124,0.298863,1.2463,0.917287,-1.04091,-0.475176,-0.416878
0.621402,0.29822,1.25178,0.91663,-1.04015,-0.477082,-0.418114
0.617632,0.297591,1.25728,0.915965,-1.03937,-0.478978,-0.419359
0.613814,0.296976,1.2628,0.915292,-1.03854,-0.480865,-0.420611
0.609949,0.296377,1.26834,0.914611,-1.03769,-0.482743,-0.421872
0.606037,0.295793,1.2739,0.913922,-1.03681,-0.48461,-0.423141
0.602078,0.295224,1.27947,0.913226,-1.03589,-0.486467,-0.424419
0.598071,0.294673,1.28507,0.912521,-1.03493,-0.488313,-0.425707
0.594018,0.294138,1.29068,0.911809,-1.03394,-0.490149,-0.427003
0.589919,0.29362,1.29631,0.911088,-1.03291,-0.491974,-0.42831
0.585774,0.293119,1.30195,0.91036,-1.03185,-0.493789,-0.429626
0.581584,0.292637,1.30761,0.909624,-1.03075,-0.495591,-0.430952
0.577349,0.292173,1.31328,0.90888,-1.0296,-0.497383,-0.432289
0.573069,0.291727,1.31896,0.908127,-1.02842,-0.499163,-0.433637
0.568746,0.291301,1.32466,0.907367,-1.0272,-0.500931,-0.434995
0.564379,0.290894,1.33036,0.906599,-1.02594,-0.502687,-0.436365
0.55997,0.290507,1.33607,0.905822,-1.02464,-0.504431,-0.437746
0.555518,0.29014,1.3418,0.905038,-1.02329,-0.506164,-0.439139
0.551026,0.289794,1.34752,0.904246,-1.0219,-0.507884,-0.440544
0.546494,0.289468,1.35325,0.903445,-1.02047,-0.509591,-0.441961
0.541922,0.289164,1.35899,0.902637,-1.019,-0.511287,-0.44339
0.537311,0.288881,1.36473,0.90182,-1.01748,-0.512969,-0.444831
0.532663,0.288619,1.37047,0.900995,-1.01592,-0.51464,-0.446285
0.527978,0.28838,1.37621,0.900162,-1.01431,-0.516298,-0.447751
0.523258,0.288162,1.38196,0.899321,-1.01265,-0.517943,-0.44923
0.518503,0.287967,1.3877,0.898472,-1.01096,-0.519576,-0.450722
0.513714,0.287793,1.39343,0.897615,-1.00921,-0.521196,-0.452227
0.508893,0.287643,1.39917,0.896749,-1.00742,-0.522804,-0.453745
0.504041,0.287515,1.40489,0.895875,-1.00559,-0.5244,-0.455276
0.499159,0.28741,1.41061,0.894993,-1.00371,-0.525983,-0.456819
0.494247,0.287328,1.41633,0.894103,-1.00178,-0.527554,-0.458376
0.489308,0.287268,1.42203,0.893204,-0.999807,-0.529113,-0.459946
0.484343,0.287232,1.42772,0.892297,-0.997789,-0.53066,-0.461529
0.479352,0.287219,1.43341,0.891382,-0.995726,-0.532196,-0.463125
0.474336,0.287228,1.43908,0.890458,-0.993617,-0.533719,-0.464734
0.469299,0.287261,1.44474,0.889526,-0.991464,-0.535232,-0.466356
0.464239,0.287316,1.45038,0.888586,-0.989266,-0.536733,-0.467991
0.459159,0.287394,1.45601,0.887637,-0.987024,-0.538223,-0.469638
0.45406,0.287495,1.46162,0.88668,-0.984738,-0.539702,-0.471298
0.448943,0.287619,1.46722,0.885715,-0.982409,-0.54117,-0.472971
0.44381,0.287765,1.47279,0.884741,-0.980037,-0.542629,-0.474656
0.438661,0.287933,1.47835,0.883759,-0.977622,-0.544077,-0.476353
0.433498,0.288124,1.48389,0.882768,-0.975166,-0.545515,-0.478062
0.428322,0.288336,1.48941,0.881768,-0.972668,-0.546944,-0.479783
0.423134,0.288571,1.49491,0.88076,-0.970131,-0.548364,-0.481515
0.417936,0.288827,1.50039,0.879744,-0.967553,-0.549775,-0.483259
0.412728,0.289104,1.50584,0.878719,-0.964936,-0.551177,-0.485014
0.407511,0.289403,1.51127,0.877685,-0.96228,-0.552571,-0.486781
0.402288,0.289723,1.51668,0.876643,-0.959587,-0.553957,-0.488558
0.397058,0.290063,1.52206,0.875592,-0.956856,-0.555336,-0.490345
0.391823,0.290424,1.52742,0.874532,-0.95409,-0.556707,-0.492143
0.386584,0.290806,1.53276,0.873464,-0.951288,-0.558071,-0.493951
0.381341,0.291207,1.53807,0.872387,-0.948451,-0.559428,-0.495769
0.376097,0.291628,1.54335,0.871301,-0.945581,-0.56078,-0.497597
0.370851,0.292068,1.54861,0.870207,-0.942677,-0.562125,-0.499433
0.365605,0.292527,1.55384,0.869103,-0.939742,-0.563465,-0.501279
0.360359,0.293005,1.55904,0.867991,-0.936775,-0.564799,-0.503134
0.355115,0.293502,1.56422,0.86687,-0.933777,-0.566128,-0.504997
0.349872,0.294017,1.56937,0.86574,-0.93075,-0.567453,-0.506868
0.344633,0.29455,1.5745,0.864602,-0.927694,-0.568774,-0.508747
0.339397,0.295101,1.57959,0.863454,-0.924611,-0.57009,-0.510634
0.334166,0.295669,1.58466,0.862297,-0.9215,-0.571403,-0.512529
0.32894,0.296254,1.5897,0.861132,-0.918362,-0.572713,-0.51443
0.323719,0.296856,1.59472,0.859957,-0.9152,-0.574019,-0.516338
0.318504,0.297475,1.5997,0.858773,-0.912012,-0.575323,-0.518253
0.313297,0.298109,1.60466,0.85758,-0.908801,-0.576625,-0.520174
0.308097,0.29876,1.60959,0.856378,-0.905567,-0.577925,-0.522101
0.302905,0.299426,1.6145,0.855167,-0.902311,-0.579223,-0.524034
0.297721,0.300108,1.61937,0.853947,-0.899033,-0.580519,-0.525973
0.292547,0.300805,1.62422,0.852718,-0.895735,-0.581815,-0.527916
0.287381,0.301517,1.62904,0.851479,-0.892416,-0.583109,-0.529865
0.282226,0.302243,1.63384,0.850231,-0.889079,-0.584403,-0.531818
0.277081,0.302984,1.6386,0.848974,-0.885723,-0.585697,-0.533776
0.271947,0.303739,1.64334,0.847708,-0.88235,-0.586991,-0.535738
0.266823,0.304507,1.64805,0.846432,-0.87896,-0.588285,-0.537703
0.261711,0.30529,1.65274,0.845147,-0.875553,-0.589579,-0.539673
0.256611,0.306085,1.6574,0.843852,-0.872131,-0.590874,-0.541645
0.251522,0.306894,1.66203,0.842548,-0.868694,-0.592171,-0.543621
0.246446,0.307716,1.66663,0.841234,-0.865243,-0.593468,-0.5456
0.241382,0.30855,1.67121,0.839911,-0.861778,-0.594767,-0.547582
0.236331,0.309397,1.67577,0.838578,-0.8583,-0.596068,-0.549566
0.231293,0.310256,1.68029,0.837236,-0.85481,-0.597371,-0.551552
0.226268,0.311127,1.68479,0.835884,-0.851308,-0.598676,-0.553541
0.221256,0.31201,1.68927,0.834522,-0.847795,-0.599983,-0.555531
0.216258,0.312904,1.69372,0.83315,-0.844272,-0.601293,-0.557522
0.211274,0.31381,1.69815,0.831769,-0.840739,-0.602605,-0.559515
0.206303,0.314727,1.70255,0.830378,-0.837196,-0.603921,-0.56151
0.201346,0.315655,1.70692,0.828977,-0.833644,-0.60524,-0.563505
0.196403,0.316595,1.71128,0.827567,-0.830083,-0.606562,-0.565501
0.191474,0.317545,1.7156,0.826146,-0.826515,-0.607888,-0.567497
0.186559,0.318505,1.71991,0.824715,-0.82294,-0.609218,-0.569494
0.181659,0.319476,1.72419,0.823275,-0.819357,-0.610551,-0.571491
0.176773,0.320457,1.72845,0.821824,-0.815768,-0.611889,-0.573488
0.171901,0.321448,1.73268,0.820363,-0.812173,-0.61323,-0.575485
0.167044,0.322449,1.73689,0.818892,-0.808572,-0.614576,-0.577481
0.162202,0.32346,1.74108,0.817411,-0.804966,-0.615927,-0.579477
0.157373,0.324481,1.74524,0.815919,-0.801355,-0.617283,-0.581472
0.15256,0.325511,1.74938,0.814418,-0.79774,-0.618643,-0.583467
0.147761,0.326551,1.7535,0.812905,-0.794121,-0.620008,-0.58546
0.142976,0.3276,1.7576,0.811383,-0.790498,-0.621379,-0.587452
0.138206,0.328658,1.76168,0.80985,-0.786873,-0.622754,-0.589443
0.133451,0.329725,1.76573,0.808307,-0.783244,-0.624135,-0.591433
0.12871,0.330802,1.76977,0.806753,-0.779613,-0.625522,-0.59342
0.123983,0.331887,1.77378,0.805188,-0.775979,-0.626914,-0.595406
0.119271,0.33298,1.77777,0.803613,-0.772344,-0.628312,-0.597391
0.114573,0.334083,1.78174,0.802027,-0.768707,-0.629716,-0.599373
0.10989,0.335194,1.7857,0.800431,-0.765068,-0.631126,-0.601352
0.105221,0.336314,1.78963,0.798823,-0.761429,-0.632542,-0.60333
0.100567,0.337441,1.79354,0.797205,-0.757789,-0.633964,-0.605305
0.0959264,0.338578,1.79743,0.795576,-0.754149,-0.635393,-0.607278
0.0913002,0.339722,1.8013,0.793935,-0.750509,-0.636828,-0.609248
0.0866881,0.340875,1.80515,0.792284,-0.746868,-0.63827,-0.611215
0.0820901,0.342035,1.80898,0.790622,-0.743228,-0.639718,-0.613179
0.0775061,0.343204,1.8128,0.788948,-0.739589,-0.641173,-0.61514
0.072936,0.344381,1.81659,0.787264,-0.735951,-0.642635,-0.617098
0.0683798,0.345565,1.82037,0.785568,-0.732313,-0.644103,-0.619053
0.0638373,0.346757,1.82413,0.78386,-0.728677,-0.645579,-0.621004
0.0593084,0.347957,1.82787,0.782142,-0.725043,-0.647062,-0.622952
0.0547932,0.349165,1.83159,0.780411,-0.72141,-0.648552,-0.624896
0.0502914,0.350381,1.8353,0.77867,-0.717779,-0.650049,-0.626837
0.0458031,0.351604,1.83898,0.776916,-0.71415,-0.651554,-0.628774
0.0413281,0.352834,1.84265,0.775151,-0.710524,-0.653066,-0.630707
0.0368663,0.354072,1.8463,0.773374,-0.7069,-0.654586,-0.632637
0.0324177,0.355318,1.84994,0.771586,-0.703278,-0.656113,-0.634562
0.0279821,0.356571,1.85356,0.769785,-0.69966,-0.657648,-0.636483
0.0235594,0.357831,1.85716,0.767973,-0.696044,-0.659191,-0.6384
0.0191495,0.359099,1.86074,0.766148,-0.692432,-0.660741,-0.640313
0.0147524,0.360374,1.86431,0.764311,-0.688823,-0.6623,-0.642221
0.0103679,0.361656,1.86786,0.762463,-0.685217,-0.663866,-0.644125
0.00599591,0.362946,1.8714,0.760601,-0.681615,-0.665441,-0.646025
0.00163632,0.364243,1.87492,0.758728,-0.678016,-0.667023,-0.64792
-0.00271097,0.365547,1.87843,0.756842,-0.674422,-0.668614,-0.64981
-0.00704609,0.366858,1.88191,0.754944,-0.670831,-0.670213,-0.651696
-0.0113691,0.368177,1.88539,0.753033,-0.667244,-0.671821,-0.653577
-0.0156802,0.369502,1.88885,0.751109,-0.663662,-0.673437,-0.655453
-0.0199795,0.370835,1.89229,0.749172,-0.660084,-0.675061,-0.657324
-0.024267,0.372175,1.89572,0.747223,-0.65651,-0.676694,-0.659191
-0.0285429,0.373522,1.89913,0.745261,-0.652941,-0.678336,-0.661052
-0.0328073,0.374876,1.90253,0.743285,-0.649377,-0.679986,-0.662908
-0.0370604,0.376237,1.90592,0.741297,-0.645817,-0.681645,-0.664759
-0.0413022,0.377605,1.90929,0.739295,-0.642262,-0.683313,-0.666605
-0.0455329,0.37898,1.91264,0.73728,-0.638712,-0.68499,-0.668446
-0.0497526,0.380363,1.91598,0.735251,-0.635167,-0.686675,-0.670281
-0.0539614,0.381752,1.91931,0.733209,-0.631627,-0.68837,-0.672111
-0.0581594,0.383149,1.92263,0.731153,-0.628092,-0.690074,-0.673936
-0.0623468,0.384553,1.92593,0.729084,-0.624562,-0.691787,-0.675756
-0.0665237,0.385963,1.92921,0.727,-0.621038,-0.693509,-0.677569
-0.0706903,0.387381,1.93249,0.724903,-0.617518,-0.69524,-0.679378
-0.0748466,0.388806,1.93575,0.722792,-0.614005,-0.696981,-0.681181
-0.0789928,0.390238,1.939,0.720666,-0.610497,-0.698731,-0.682978
-0.0831289,0.391677,1.94223,0.718526,-0.606994,-0.700491,-0.68477
-0.0872553,0.393124,1.94545,0.716372,-0.603497,-0.702261,-0.686555
-0.0913719,0.394577,1.94866,0.714203,-0.600005,-0.704039,-0.688336
-0.0954789,0.396038,1.95186,0.71202,-0.596519,-0.705828,-0.69011
-0.0995765,0.397505,1.95504,0.709822,-0.593039,-0.707627,-0.691879
-0.103665,0.39898,1.95821,0.707608,-0.589565,-0.709435,-0.693642
-0.107744,0.400463,1.96137,0.70538,-0.586096,-0.711253,-0.695399
-0.111814,0.401952,1.96452,0.703137,-0.582634,-0.713081,-0.69715
-0.115875,0.403449,1.96766,0.700878,-0.579177,-0.714919,-0.698895
-0.119927,0.404953,1.97078,0.698604,-0.575726,-0.716768,-0.700635
-0.123971,0.406464,1.97389,0.696314,-0.572281,-0.718626,-0.702368
-0.128006,0.407983,1.97699,0.694009,-0.568842,-0.720495,-0.704096
-0.132033,0.409509,1.98008,0.691688,-0.565409,-0.722374,-0.705817
-0.136052,0.411042,1.98316,0.689351,-0.561982,-0.724264,-0.707532
-0.140062,0.412583,1.98622,0.686997,-0.558561,-0.726164,-0.709242
-0.144065,0.414131,1.98928,0.684627,-0.555146,-0.728074,-0.710945
-0.14806,0.415687,1.99232,0.682241,-0.551737,-0.729996,-0.712642
-0.152047,0.417251,1.99536,0.679838,-0.548335,-0.731928,-0.714333
-0.156027,0.418822,1.99838,0.677418,-0.544938,-0.733871,-0.716018
-0.159999,0.4204,2.00139,0.674982,-0.541547,-0.735824,-0.717696
-0.163965,0.421987,2.00439,0.672528,-0.538163,-0.737789,-0.719369
-0.167923,0.423581,2.00738,0.670057,-0.534785,-0.739765,-0.721035
-0.171875,0.425183,2.01037,0.667568,-0.531413,-0.741752,-0.722695
-0.175819,0.426792,2.01334,0.665062,-0.528047,-0.743751,-0.724349
-0.179758,0.42841,2.0163,0.662538,-0.524687,-0.74576,-0.725996
-0.183689,0.430035,2.01925,0.659995,-0.521333,-0.747781,-0.727638
-0.187615,0.431669,2.02219,0.657435,-0.517985,-0.749814,-0.729273
-0.191534,0.43331,2.02512,0.654856,-0.514644,-0.751858,-0.730901
-0.195448,0.43496,2.02804,0.652258,-0.511308,-0.753915,-0.732524
-0.199356,0.436617,2.03095,0.649641,-0.507979,-0.755983,-0.73414
-0.203258,0.438283,2.03386,0.647005,-0.504656,-0.758062,-0.73575
-0.207155,0.439958,2.03675,0.64435,-0.501338,-0.760154,-0.737353
-0.211047,0.44164,2.03963,0.641676,-0.498027,-0.762259,-0.73895
-0.214934,0.443331,2.04251,0.638981,-0.494722,-0.764375,-0.740541
-0.218816,0.445031,2.04537,0.636267,-0.491423,-0.766504,-0.742126
-0.222693,0.446739,2.04823,0.633532,-0.48813,-0.768645,-0.743704
-0.226566,0.448456,2.05108,0.630777,-0.484843,-0.770799,-0.745276
-0.230434,0.450181,2.05392,0.628001,-0.481562,-0.772966,-0.746841
-0.234298,0.451915,2.05675,0.625204,-0.478286,-0.775146,-0.7484
-0.238159,0.453659,2.05957,0.622386,-0.475017,-0.777338,-0.749953
-0.242015,0.455411,2.06239,0.619546,-0.471753,-0.779544,-0.751499
-0.245868,0.457172,2.0652,0.616684,-0.468496,-0.781763,-0.753039
-0.249718,0.458943,2.068,0.6138,-0.465244,-0.783996,-0.754572
-0.253565,0.460722,2.07079,0.610893,-0.461998,-0.786242,-0.756099
-0.257408,0.462511,2.07357,0.607964,-0.458757,-0.788502,-0.75762
-0.261249,0.46431,2.07634,0.605012,-0.455522,-0.790775,-0.759135
-0.265088,0.466118,2.07911,0.602036,-0.452293,-0.793063,-0.760643
-0.268924,0.467936,2.08187,0.599036,-0.449069,-0.795365,-0.762145
-0.272758,0.469764,2.08463,0.596013,-0.445851,-0.797681,-0.76364
-0.27659,0.471602,2.08737,0.592965,-0.442638,-0.800012,-0.765129
-0.280421,0.473449,2.09011,0.589892,-0.439431,-0.802358,-0.766612
-0.28425,0.475307,2.09284,0.586794,-0.436229,-0.804718,-0.768088
-0.288079,0.477175,2.09557,0.58367,-0.433033,-0.807094,-0.769558
-0.291906,0.479054,2.09829,0.58052,-0.429841,-0.809484,-0.771022
-0.295733,0.480943,2.101,0.577344,-0.426655,-0.81189,-0.772479
-0.299559,0.482843,2.10371,0.574141,-0.423474,-0.814312,-0.77393
-0.303385,0.484754,2.1064,0.570911,-0.420298,-0.81675,-0.775375
-0.307212,0.486676,2.1091,0.567653,-0.417127,-0.819204,-0.776814
-0.311039,0.488609,2.11179,0.564367,-0.41396,-0.821674,-0.778246
-0.314866,0.490554,2.11447,0.561052,-0.410799,-0.824161,-0.779672
-0.318695,0.49251,2.11714,0.557708,-0.407642,-0.826664,-0.781092
-0.322525,0.494477,2.11981,0.554335,-0.40449,-0.829184,-0.782505
-0.326356,0.496457,2.12248,0.550931,-0.401343,-0.831722,-0.783913
-0.33019,0.498448,2.12514,0.547497,-0.3982,-0.834278,-0.785314
-0.334026,0.500452,2.12779,0.544031,-0.395061,-0.836851,-0.786709
-0.337864,0.502469,2.13044,0.540533,-0.391926,-0.839442,-0.788098
-0.341706,0.504498,2.13308,0.537003,-0.388796,-0.842052,-0.789481
-0.34555,0.50654,2.13572,0.53344,-0.38567,-0.84468,-0.790858
-0.349399,0.508595,2.13836,0.529843,-0.382547,-0.847327,-0.792229
-0.353251,0.510664,2.14099,0.526212,-0.379429,-0.849994,-0.793594
-0.357108,0.512746,2.14362,0.522545,-0.376314,-0.852681,-0.794952
-0.36097,0.514842,2.14624,0.518842,-0.373203,-0.855387,-0.796305
-0.364836,0.516952,2.14886,0.515103,-0.370095,-0.858114,-0.797652
-0.368709,0.519077,2.15148,0.511326,-0.366991,-0.860862,-0.798993
-0.372588,0.521216,2.15409,0.507512,-0.363889,-0.863631,-0.800328
-0.376473,0.52337,2.1567,0.503658,-0.360791,-0.866421,-0.801657
-0.380365,0.52554,2.1593,0.499764,-0.357695,-0.869234,-0.802981
-0.384265,0.527725,2.16191,0.495829,-0.354603,-0.872069,-0.804298
-0.388173,0.529927,2.16451,0.491852,-0.351512,-0.874927,-0.80561
-0.39209,0.532144,2.16711,0.487832,-0.348424,-0.877809,-0.806917
-0.396015,0.534379,2.1697,0.483769,-0.345338,-0.880714,-0.808218
-0.399951,0.53663,2.1723,0.47966,-0.342254,-0.883644,-0.809513
-0.403896,0.538899,2.17489,0.475505,-0.339172,-0.8866,-0.810802
-0.407853,0.541186,2.17748,0.471303,-0.336092,-0.88958,-0.812087
-0.411821,0.543491,2.18007,0.467052,-0.333012,-0.892588,-0.813366
-0.415802,0.545816,2.18266,0.462751,-0.329934,-0.895622,-0.814639
-0.419796,0.548159,2.18525,0.458399,-0.326857,-0.898684,-0.815907
-0.423803,0.550522,2.18784,0.453994,-0.32378,-0.901774,-0.817171
-0.427825,0.552906,2.19043,0.449534,-0.320703,-0.904893,-0.818429
-0.431862,0.555311,2.19302,0.445019,-0.317626,-0.908042,-0.819682
-0.435916,0.557737,2.19561,0.440446,-0.314549,-0.911222,-0.82093
-0.439987,0.560186,2.1982,0.435813,-0.311472,-0.914433,-0.822173
-0.444076,0.562658,2.20079,0.431119,-0.308393,-0.917677,-0.823411
-0.446202,0.564766,2.20177,0.426794,-0.307151,-0.919922,-0.82352
-0.448368,0.566897,2.20276,0.422394,-0.305893,-0.922204,-0.823637
-0.450561,0.569044,2.20376,0.417942,-0.304625,-0.924512,-0.823761
-0.452783,0.571206,2.20478,0.413436,-0.303347,-0.926846,-0.823892
-0.452823,0.571473,2.20452,0.415583,-0.303563,-0.924649,-0.822945
-0.45289,0.571755,2.20426,0.417691,-0.303766,-0.922469,-0.822004
-0.452973,0.572047,2.20402,0.419774,-0.303959,-0.9203,-0.821068
-0.453074,0.572349,2.20378,0.421832,-0.304143,-0.918143,-0.820137
-0.45319,0.57266,2.20355,0.423866,-0.304319,-0.915996,-0.819209
-0.453323,0.572981,2.20332,0.425875,-0.304486,-0.913861,-0.818286
-0.453472,0.573311,2.2031,0.42786,-0.304644,-0.911735,-0.817367
-0.453636,0.57365,2.20289,0.429822,-0.304794,-0.909621,-0.816452
-0.453815,0.573998,2.20268,0.431761,-0.304936,-0.907516,-0.815541
-0.45401,0.574355,2.20248,0.433676,-0.305069,-0.905422,-0.814634
-0.45422,0.574721,2.20229,0.435569,-0.305195,-0.903338,-0.813731
-0.454444,0.575096,2.2021,0.43744,-0.305312,-0.901264,-0.812833
-0.454683,0.57548,2.20191,0.439288,-0.305421,-0.8992,-0.811938
-0.454937,0.575872,2.20174,0.441114,-0.305523,-0.897145,-0.811047
-0.455204,0.576273,2.20156,0.442919,-0.305617,-0.8951,-0.810159
-0.455485,0.576683,2.2014,0.444702,-0.305704,-0.893064,-0.809276
-0.45578,0.577101,2.20124,0.446465,-0.305783,-0.891038,-0.808396
-0.456088,0.577527,2.20108,0.448206,-0.305855,-0.889021,-0.80752
-0.456409,0.577961,2.20093,0.449927,-0.30592,-0.887013,-0.806648
-0.456744,0.578403,2.20078,0.451627,-0.305978,-0.885014,-0.805779
-0.457091,0.578854,2.20064,0.453307,-0.306028,-0.883024,-0.804914
-0.457452,0.579313,2.20051,0.454968,-0.306072,-0.881042,-0.804053
-0.457824,0.579779,2.20038,0.456608,-0.306109,-0.87907,-0.803195
-0.458209,0.580253,2.20025,0.458229,-0.306139,-0.877106,-0.802341
-0.458607,0.580735,2.20013,0.45983,-0.306162,-0.875151,-0.80149
-0.459016,0.581225,2.20002,0.461412,-0.306179,-0.873204,-0.800642
-0.459437,0.581723,2.19991,0.462976,-0.30619,-0.871266,-0.799798
-0.45987,0.582228,2.1998,0.46452,-0.306194,-0.869336,-0.798957
-0.460315,0.58274,2.1997,0.466046,-0.306192,-0.867414,-0.79812
-0.460771,0.58326,2.19961,0.467553,-0.306183,-0.8655,-0.797286
-0.461238,0.583788,2.19952,0.469042,-0.306168,-0.863595,-0.796455
-0.461717,0.584323,2.19943,0.470513,-0.306148,-0.861697,-0.795628
-0.462206,0.584865,2.19935,0.471965,-0.306121,-0.859808,-0.794804
-0.462706,0.585414,2.19927,0.4734,-0.306089,-0.857926,-0.793983
-0.463218,0.585971,2.1992,0.474818,-0.30605,-0.856052,-0.793165
-0.463739,0.586534,2.19913,0.476218,-0.306006,-0.854186,-0.79235
-0.464271,0.587105,2.19906,0.4776,-0.305956,-0.852328,-0.791538
-0.464814,0.587683,2.199,0.478965,-0.305901,-0.850477,-0.79073
-0.465367,0.588267,2.19895,0.480313,-0.30584,-0.848634,-0.789924
-0.465929,0.588859,2.19889,0.481644,-0.305773,-0.846798,-0.789122
-0.466502,0.589457,2.19885,0.482959,-0.305702,-0.84497,-0.788322
-0.467085,0.590063,2.1988,0.484256,-0.305624,-0.843149,-0.787526
-0.467677,0.590675,2.19876,0.485537,-0.305542,-0.841336,-0.786733
-0.468279,0.591293,2.19873,0.486802,-0.305454,-0.83953,-0.785942
-0.468891,0.591919,2.1987,0.48805,-0.305361,-0.837731,-0.785154
-0.469512,0.592551,2.19867,0.489282,-0.305263,-0.83594,-0.78437
-0.470142,0.59319,2.19865,0.490498,-0.305161,-0.834155,-0.783588
-0.470781,0.593835,2.19863,0.491698,-0.305053,-0.832378,-0.782809
-0.47143,0.594487,2.19861,0.492882,-0.30494,-0.830608,-0.782032
-0.472088,0.595145,2.1986,0.49405,-0.304822,-0.828845,-0.781259
-0.472754,0.59581,2.19859,0.495203,-0.3047,-0.827089,-0.780488
-0.473429,0.596481,2.19859,0.496339,-0.304573,-0.82534,-0.77972
-0.474113,0.597158,2.19859,0.497461,-0.304441,-0.823597,-0.778955
-0.474806,0.597842,2.19859,0.498567,-0.304305,-0.821862,-0.778193
-0.475507,0.598532,2.1986,0.499658,-0.304164,-0.820134,-0.777433
-0.476217,0.599228,2.19861,0.500734,-0.304018,-0.818412,-0.776676
-0.476934,0.59993,2.19862,0.501794,-0.303868,-0.816697,-0.775921
-0.47766,0.600639,2.19864,0.50284,-0.303714,-0.814989,-0.775169
-0.478395,0.601354,2.19866,0.50387,-0.303555,-0.813288,-0.77442
-0.479137,0.602075,2.19869,0.504886,-0.303392,-0.811593,-0.773673
-0.479887,0.602801,2.19872,0.505887,-0.303225,-0.809905,-0.772929
-0.480646,0.603534,2.19875,0.506873,-0.303054,-0.808224,-0.772187
-0.481412,0.604273,2.19878,0.507845,-0.302878,-0.806549,-0.771448
-0.482185,0.605018,2.19882,0.508802,-0.302699,-0.80488,-0.770711
-0.482967,0.605769,2.19886,0.509745,-0.302515,-0.803219,-0.769977
-0.483756,0.606526,2.19891,0.510674,-0.302328,-0.801564,-0.769245
-0.484552,0.607288,2.19896,0.511588,-0.302136,-0.799915,-0.768515
-0.485356,0.608057,2.19901,0.512488,-0.301941,-0.798273,-0.767788
-0.486168,0.608831,2.19906,0.513373,-0.301741,-0.796637,-0.767064
-0.486986,0.609611,2.19912,0.514245,-0.301538,-0.795007,-0.766342
-0.487812,0.610397,2.19919,0.515103,-0.301332,-0.793385,-0.765622
-0.488645,0.611188,2.19925,0.515946,-0.301121,-0.791768,-0.764904
-0.489485,0.611985,2.19932,0.516776,-0.300907,-0.790158,-0.764189
-0.490332,0.612788,2.19939,0.517592,-0.300689,-0.788554,-0.763476
-0.491186,0.613596,2.19946,0.518394,-0.300468,-0.786956,-0.762765
-0.492047,0.614411,2.19954,0.519183,-0.300243,-0.785365,-0.762057
-0.492915,0.61523,2.19962,0.519957,-0.300014,-0.78378,-0.761351
-0.49379,0.616055,2.19971,0.520718,-0.299782,-0.782201,-0.760647
-0.494671,0.616886,2.19979,0.521466,-0.299547,-0.780629,-0.759945
-0.495558,0.617723,2.19988,0.5222,-0.299308,-0.779062,-0.759245
-0.496453,0.618564,2.19998,0.522921,-0.299066,-0.777502,-0.758548
-0.497354,0.619412,2.20007,0.523628,-0.298821,-0.775948,-0.757853
-0.498261,0.620264,2.20017,0.524322,-0.298572,-0.774401,-0.75716
-0.499175,0.621122,2.20027,0.525003,-0.29832,-0.772859,-0.756469
-0.500095,0.621986,2.20038,0.52567,-0.298065,-0.771324,-0.75578
-0.501021,0.622855,2.20048,0.526324,-0.297807,-0.769795,-0.755093
-0.501953,0.623729,2.20059,0.526965,-0.297546,-0.768271,-0.754408
-0.502892,0.624609,2.20071,0.527593,-0.297281,-0.766754,-0.753726
-0.503837,0.625493,2.20082,0.528208,-0.297014,-0.765244,-0.753045
-0.504787,0.626384,2.20094,0.52881,-0.296744,-0.763739,-0.752366
-0.505744,0.627279,2.20106,0.529399,-0.29647,-0.76224,-0.75169
-0.506707,0.62818,2.20119,0.529975,-0.296194,-0.760747,-0.751015
-0.507675,0.629086,2.20131,0.530538,-0.295915,-0.759261,-0.750343
-0.50865,0.629997,2.20144,0.531088,-0.295633,-0.75778,-0.749672
-0.50963,0.630913,2.20157,0.531625,-0.295348,-0.756306,-0.749003
-0.510616,0.631834,2.20171,0.532149,-0.29506,-0.754837,-0.748336
-0.511608,0.632761,2.20185,0.532661,-0.29477,-0.753375,-0.747672
-0.512605,0.633693,2.20199,0.53316,-0.294477,-0.751919,-0.747009
-0.513608,0.63463,2.20213,0.533646,-0.294181,-0.750468,-0.746347
-0.514617,0.635572,2.20228,0.53412,-0.293882,-0.749024,-0.745688
-0.515631,0.636519,2.20242,0.534581,-0.293581,-0.747586,-0.745031
-0.51665,0.637471,2.20257,0.535029,-0.293278,-0.746153,-0.744375
-0.517675,0.638428,2.20273,0.535465,-0.292971,-0.744727,-0.743722
-0.518706,0.63939,2.20288,0.535888,-0.292663,-0.743307,-0.74307
-0.519741,0.640357,2.20304,0.536298,-0.292351,-0.741892,-0.74242
-0.520782,0.641329,2.2032,0.536696,-0.292037,-0.740484,-0.741772
-0.521828,0.642307,2.20336,0.537082,-0.291721,-0.739082,-0.741125
-0.52288,0.643289,2.20353,0.537455,-0.291403,-0.737685,-0.74048
-0.523937,0.644276,2.2037,0.537816,-0.291082,-0.736295,-0.739837
-0.524998,0.645268,2.20387,0.538164,-0.290758,-0.73491,-0.739196
-0.526065,0.646265,2.20404,0.5385,-0.290432,-0.733532,-0.738557
-0.527137,0.647266,2.20422,0.538824,-0.290104,-0.732159,-0.737919
-0.528214,0.648273,2.20439,0.539135,-0.289774,-0.730793,-0.737283
-0.529296,0.649285,2.20457,0.539434,-0.289442,-0.729432,-0.736648
-0.530383,0.650301,2.20476,0.539721,-0.289107,-0.728078,-0.736015
-0.531475,0.651322,2.20494,0.539995,-0.28877,-0.726729,-0.735384
-0.532572,0.652349,2.20513,0.540257,-0.288431,-0.725386,-0.734755
-0.533673,0.653379,2.20532,0.540507,-0.288089,-0.72405,-0.734127
-0.534779,0.654415,2.20551,0.540745,-0.287746,-0.722719,-0.733501
-0.535891,0.655456,2.2057,0.54097,-0.2874,-0.721394,-0.732876
-0.537007,0.656501,2.2059,0.541183,-0.287053,-0.720076,-0.732253
-0.538127,0.657551,2.20609,0.541384,-0.286703,-0.718763,-0.731632
-0.539253,0.658606,2.20629,0.541573,-0.286352,-0.717456,-0.731012
-0.540383,0.659666,2.2065,0.541749,-0.285998,-0.716155,-0.730394
-0.541517,0.66073,2.2067,0.541914,-0.285642,-0.71486,-0.729777
-0.542657,0.661799,2.20691,0.542066,-0.285285,-0.713572,-0.729162
-0.5438,0.662873,2.20712,0.542206,-0.284925,-0.712289,-0.728548
-0.544949,0.663952,2.20733,0.542334,-0.284564,-0.711012,-0.727936
-0.546102,0.665035,2.20754,0.54245,-0.284201,-0.709741,-0.727325
-0.547259,0.666123,2.20776,0.542554,-0.283836,-0.708476,-0.726716
-0.548421,0.667215,2.20797,0.542645,-0.283469,-0.707218,-0.726109
-0.549587,0.668313,2.20819,0.542725,-0.2831,-0.705965,-0.725503
-0.550758,0.669415,2.20842,0.542792,-0.28273,-0.704718,-0.724898
-0.551933,0.670521,2.20864,0.542848,-0.282358,-0.703477,-0.724295
-0.553112,0.671632,2.20887,0.542891,-0.281984,-0.702243,-0.723693
-0.554296,0.672748,2.20909,0.542922,-0.281608,-0.701014,-0.723093
-0.555484,0.673869,2.20932,0.542941,-0.28123,-0.699791,-0.722494
-0.556676,0.674994,2.20955,0.542948,-0.280851,-0.698575,-0.721896
-0.557873,0.676124,2.20979,0.542943,-0.280471,-0.697364,-0.7213
-0.559074,0.677258,2.21002,0.542925,-0.280088,-0.69616,-0.720706
-0.560279,0.678397,2.21026,0.542896,-0.279704,-0.694962,-0.720112
-0.561488,0.679541,2.2105,0.542854,-0.279319,-0.69377,-0.71952
-0.562702,0.680689,2.21074,0.542801,-0.278931,-0.692584,-0.71893
-0.563919,0.681842,2.21099,0.542735,-0.278543,-0.691404,-0.718341
-0.565141,0.682999,2.21123,0.542657,-0.278152,-0.69023,-0.717753
-0.566367,0.684161,2.21148,0.542567,-0.277761,-0.689062,-0.717166
-0.567597,0.685327,2.21173,0.542465,-0.277367,-0.687901,-0.716581
-0.568831,0.686498,2.21198,0.542351,-0.276973,-0.686745,-0.715998
-0.570069,0.687674,2.21223,0.542225,-0.276576,-0.685596,-0.715415
-0.571311,0.688854,2.21249,0.542087,-0.276179,-0.684453,-0.714834
-0.572558,0.690038,2.21274,0.541936,-0.275779,-0.683316,-0.714254
-0.573808,0.691228,2.213,0.541773,-0.275379,-0.682185,-0.713676
-0.575062,0.692421,2.21326,0.541599,-0.274977,-0.681061,-0.713098
-0.57632,0.693619,2.21352,0.541412,-0.274574,-0.679943,-0.712522
-0.577582,0.694822,2.21379,0.541212,-0.274169,-0.678831,-0.711948
-0.578849,0.69603,2.21405,0.541001,-0.273763,-0.677725,-0.711374
-0.580119,0.697241,2.21432,0.540777,-0.273355,-0.676626,-0.710802
-0.581393,0.698458,2.21459,0.540542,-0.272947,-0.675533,-0.710231
-0.582671,0.699679,2.21486,0.540293,-0.272537,-0.674446,-0.709662
-0.583953,0.700904,2.21513,0.540033,-0.272125,-0.673365,-0.709093
-0.585238,0.702134,2.21541,0.539761,-0.271713,-0.672291,-0.708526
-0.586528,0.703368,2.21569,0.539476,-0.271299,-0.671223,-0.70796
-0.587822,0.704607,2.21596,0.539178,-0.270884,-0.670162,-0.707395
-0.589119,0.705851,2.21624,0.538869,-0.270468,-0.669107,-0.706832
-0.59042,0.707099,2.21652,0.538547,-0.27005,-0.668058,-0.706269
-0.591725,0.708351,2.21681,0.538213,-0.269632,-0.667016,-0.705708
-0.593034,0.709608,2.21709,0.537866,-0.269212,-0.66598,-0.705148
-0.594347,0.710869,2.21738,0.537507,-0.268791,-0.66495,-0.70459
-0.595664,0.712135,2.21767,0.537136,-0.268368,-0.663927,-0.704032
-0.596984,0.713406,2.21796,0.536752,-0.267945,-0.662911,-0.703476
-0.598308,0.714681,2.21825,0.536356,-0.267521,-0.661901,-0.702921
-0.599636,0.71596,2.21854,0.535947,-0.267095,-0.660897,-0.702367
-0.600968,0.717244,2.21884,0.535525,-0.266668,-0.6599,-0.701814
-0.602304,0.718533,2.21913,0.535091,-0.26624,-0.65891,-0.701262
