1,0.625168,0.113975,0.789233,3.13054,-2.60288,3.13065
1,0.625045,0.113993,0.78909,3.13027,-2.60381,3.13076
1,0.623822,0.113995,0.788957,3.1303,-2.60811,3.13082
1,0.622605,0.113996,0.788829,3.13033,-2.61226,3.13087
1,0.621395,0.113998,0.788707,3.13035,-2.61628,3.13093
1,0.620191,0.113999,0.788588,3.13038,-2.62018,3.13098
1,0.618992,0.114,0.788474,3.1304,-2.62397,3.13103
1,0.617799,0.114002,0.788364,3.13043,-2.62765,3.13107
1,0.61661,0.114003,0.788257,3.13045,-2.63123,3.13112
1,0.615426,0.114004,0.788154,3.13047,-2.63472,3.13116
1,0.614237,0.114004,0.788047,3.1305,-2.63816,3.13122
1,0.613062,0.114006,0.787951,3.13052,-2.64148,3.13126
1,0.61189,0.114007,0.787857,3.13054,-2.64473,3.1313
1,0.610721,0.114008,0.787765,3.13056,-2.6479,3.13134
1,0.609556,0.114009,0.787676,3.13057,-2.651,3.13138
1,0.608394,0.11401,0.78759,3.13059,-2.65404,3.13142
1,0.607236,0.114012,0.787506,3.13061,-2.65701,3.13145
1,0.60608,0.114013,0.787424,3.13063,-2.65993,3.13149
1,0.604927,0.114014,0.787344,3.13064,-2.66279,3.13152
1,0.603776,0.114015,0.787265,3.13066,-2.66559,3.13156
1,0.602629,0.114016,0.787189,3.13067,-2.66835,3.13159
1,0.601483,0.114017,0.787115,3.13069,-2.67105,3.13162
1,0.60034,0.114018,0.787042,3.1307,-2.67371,3.13166
1,0.5992,0.114019,0.78697,3.13072,-2.67632,3.13169
1,0.598061,0.11402,0.786901,3.13073,-2.67889,3.13172
1,0.596925,0.114021,0.786833,3.13074,-2.68141,3.13175
1,0.59579,0.114022,0.786766,3.13076,-2.68389,3.13178
1,0.594658,0.114023,0.786701,3.13077,-2.68634,3.13181
1,0.593528,0.114024,0.786637,3.13078,-2.68874,3.13184
1,0.592399,0.114025,0.786574,3.1308,-2.69111,3.13187
1,0.591272,0.114026,0.786512,3.13081,-2.69345,3.13189
1,0.590147,0.114027,0.786452,3.13082,-2.69574,3.13192
1,0.589024,0.114028,0.786393,3.13083,-2.69801,3.13195
1,0.587902,0.114029,0.786335,3.13084,-2.70024,3.13197
1,0.586782,0.11403,0.786278,3.13085,-2.70244,3.132
1,0.585664,0.114031,0.786222,3.13086,-2.70461,3.13203
1,0.584547,0.114032,0.786167,3.13087,-2.70675,3.13205
1,0.583431,0.114033,0.786114,3.13089,-2.70887,3.13208
1,0.582317,0.114033,0.786061,3.1309,-2.71095,3.1321
1,0.581205,0.114034,0.786009,3.13091,-2.71301,3.13212
1,0.580093,0.114035,0.785958,3.13092,-2.71504,3.13215
1,0.578983,0.114036,0.785908,3.13092,-2.71704,3.13217
1,0.577875,0.114037,0.785858,3.13093,-2.71902,3.13219
1,0.576767,0.114038,0.78581,3.13094,-2.72097,3.13222
1,0.575661,0.114038,0.785762,3.13095,-2.7229,3.13224
1,0.574556,0.114039,0.785715,3.13096,-2.7248,3.13226
1,0.573453,0.11404,0.785669,3.13097,-2.72668,3.13228
1,0.57235,0.114041,0.785624,3.13098,-2.72854,3.13231
1,0.571249,0.114042,0.785579,3.13099,-2.73038,3.13233
1,0.570148,0.114042,0.785535,3.131,-2.7322,3.13235
1,0.569049,0.114043,0.785492,3.131,-2.73399,3.13237
1,0.567951,0.114044,0.785449,3.13101,-2.73576,3.13239
1,0.566854,0.114045,0.785407,3.13102,-2.73752,3.13241
1,0.565758,0.114045,0.785366,3.13103,-2.73925,3.13243
1,0.564663,0.114046,0.785326,3.13104,-2.74096,3.13245
1,0.563569,0.114047,0.785286,3.13104,-2.74266,3.13247
1,0.562476,0.114048,0.785246,3.13105,-2.74433,3.13249
1,0.561384,0.114048,0.785207,3.13106,-2.74599,3.13251
1,0.560293,0.114049,0.785169,3.13107,-2.74763,3.13252
1,0.559203,0.11405,0.785131,3.13107,-2.74925,3.13254
1,0.558114,0.11405,0.785094,3.13108,-2.75085,3.13256
1,0.557025,0.114051,0.785058,3.13109,-2.75244,3.13258
1,0.555938,0.114052,0.785022,3.13109,-2.75401,3.1326
1,0.554852,0.114052,0.784986,3.1311,-2.75556,3.13261
1,0.553766,0.114053,0.784951,3.13111,-2.75709,3.13263
1,0.552681,0.114054,0.784917,3.13111,-2.75861,3.13265
1,0.551597,0.114054,0.784883,3.13112,-2.76012,3.13267
1,0.550514,0.114055,0.784849,3.13112,-2.76161,3.13268
1,0.549432,0.114056,0.784816,3.13113,-2.76308,3.1327
1,0.54835,0.114056,0.784783,3.13114,-2.76454,3.13271
1,0.54727,0.114057,0.784751,3.13114,-2.76598,3.13273
1,0.54619,0.114058,0.784719,3.13115,-2.76741,3.13275
1,0.545111,0.114058,0.784688,3.13115,-2.76882,3.13276
1,0.544032,0.114059,0.784657,3.13116,-2.77022,3.13278
1,0.542955,0.114059,0.784627,3.13117,-2.7716,3.13279
1,0.541878,0.11406,0.784597,3.13117,-2.77297,3.13281
1,0.540802,0.114061,0.784567,3.13118,-2.77433,3.13282
1,0.539726,0.114061,0.784538,3.13118,-2.77567,3.13284
1,0.538652,0.114062,0.784509,3.13119,-2.777,3.13285
1,0.537578,0.114062,0.784481,3.13119,-2.77832,3.13287
1,0.536505,0.114063,0.784453,3.1312,-2.77962,3.13288
1,0.535432,0.114064,0.784425,3.1312,-2.78091,3.1329
1,0.53436,0.114064,0.784398,3.13121,-2.78219,3.13291
1,0.533289,0.114065,0.784371,3.13121,-2.78346,3.13293
1,0.532219,0.114065,0.784344,3.13122,-2.78471,3.13294
1,0.531149,0.114066,0.784318,3.13122,-2.78595,3.13295
1,0.53008,0.114066,0.784292,3.13123,-2.78718,3.13297
1,0.529011,0.114067,0.784267,3.13123,-2.78839,3.13298
1,0.527944,0.114068,0.784241,3.13124,-2.78959,3.13299
1,0.526876,0.114068,0.784216,3.13124,-2.79079,3.13301
1,0.52581,0.114069,0.784192,3.13125,-2.79197,3.13302
1,0.524744,0.114069,0.784168,3.13125,-2.79313,3.13303
1,0.523679,0.11407,0.784144,3.13125,-2.79429,3.13304
1,0.522614,0.11407,0.78412,3.13126,-2.79544,3.13306
1,0.52155,0.114071,0.784097,3.13126,-2.79657,3.13307
1,0.520487,0.114071,0.784074,3.13127,-2.79769,3.13308
1,0.519424,0.114072,0.784051,3.13127,-2.7988,3.13309
1,0.518362,0.114072,0.784029,3.13127,-2.79991,3.13311
1,0.5173,0.114073,0.784006,3.13128,-2.801,3.13312
1,0.516239,0.114073,0.783985,3.13128,-2.80207,3.13313
1,0.515179,0.114074,0.783963,3.13129,-2.80314,3.13314
1,0.514119,0.114074,0.783942,3.13129,-2.8042,3.13315
1,0.51306,0.114075,0.783921,3.13129,-2.80525,3.13316
1,0.512001,0.114075,0.7839,3.1313,-2.80628,3.13318
1,0.510943,0.114076,0.78388,3.1313,-2.80731,3.13319
1,0.509885,0.114076,0.783859,3.1313,-2.80833,3.1332
1,0.508828,0.114077,0.783839,3.13131,-2.80933,3.13321
1,0.507772,0.114077,0.78382,3.13131,-2.81033,3.13322
1,0.506716,0.114077,0.7838,3.13132,-2.81131,3.13323
1,0.505661,0.114078,0.783781,3.13132,-2.81229,3.13324
1,0.504606,0.114078,0.783762,3.13132,-2.81325,3.13325
1,0.503552,0.114079,0.783744,3.13133,-2.81421,3.13326
1,0.502498,0.114079,0.783725,3.13133,-2.81516,3.13327
1,0.501445,0.11408,0.783707,3.13133,-2.81609,3.13328
1,0.500393,0.11408,0.783689,3.13134,-2.81702,3.13329
1,0.50039,0.115063,0.783836,3.13134,-2.81705,3.13329
1,0.500388,0.116047,0.783984,3.13134,-2.81708,3.13329
1,0.500386,0.11703,0.784132,3.13134,-2.81711,3.13329
1,0.500385,0.118014,0.784279,3.13134,-2.81714,3.13329
1,0.500384,0.118997,0.784427,3.13134,-2.81716,3.13329
1,0.500383,0.11998,0.784575,3.13134,-2.81717,3.13329
1,0.500382,0.120964,0.784723,3.13134,-2.81719,3.13329
1,0.500381,0.121947,0.784871,3.13134,-2.8172,3.13329
1,0.500381,0.12293,0.785019,3.13134,-2.8172,3.13329
1,0.500381,0.123914,0.785167,3.13134,-2.81721,3.13329
1,0.500381,0.124897,0.785315,3.13134,-2.81721,3.13329
1,0.500381,0.125881,0.785464,3.13134,-2.8172,3.13329
1,0.500381,0.126864,0.785612,3.13134,-2.8172,3.13329
1,0.500382,0.127847,0.78576,3.13134,-2.81719,3.13329
1,0.500383,0.128831,0.785909,3.13134,-2.81717,3.13329
1,0.500384,0.129814,0.786057,3.13134,-2.81716,3.13329
1,0.500385,0.130798,0.786206,3.13134,-2.81714,3.13329
1,0.500386,0.131781,0.786354,3.13134,-2.81711,3.13329
1,0.500388,0.132764,0.786503,3.13134,-2.81708,3.13329
1,0.50039,0.133748,0.786652,3.13134,-2.81705,3.13329
1,0.500392,0.134731,0.786801,3.13133,-2.81702,3.13329
1,0.500394,0.135714,0.78695,3.13133,-2.81698,3.13329
1,0.500396,0.136698,0.787099,3.13133,-2.81694,3.13329
1,0.500399,0.137681,0.787248,3.13133,-2.8169,3.13329
1,0.500401,0.138664,0.787397,3.13133,-2.81685,3.13329
1,0.500404,0.139648,0.787546,3.13133,-2.8168,3.13329
1,0.500407,0.140631,0.787695,3.13133,-2.81675,3.13329
1,0.500411,0.141615,0.787844,3.13133,-2.81669,3.13329
1,0.500414,0.142598,0.787994,3.13133,-2.81663,3.13329
1,0.500418,0.143581,0.788143,3.13133,-2.81656,3.13329
1,0.500422,0.144565,0.788293,3.13133,-2.8165,3.13329
1,0.500426,0.145548,0.788442,3.13133,-2.81643,3.13329
1,0.50043,0.146531,0.788592,3.13133,-2.81635,3.13328
1,0.500434,0.147515,0.788742,3.13133,-2.81628,3.13328
1,0.500439,0.148498,0.788891,3.13133,-2.8162,3.13328
1,0.500444,0.149481,0.789041,3.13133,-2.81611,3.13328
1,0.500449,0.150465,0.789191,3.13133,-2.81603,3.13328
1,0.500454,0.151448,0.789341,3.13133,-2.81594,3.13328
1,0.500459,0.152431,0.789491,3.13133,-2.81584,3.13328
1,0.500465,0.153415,0.789641,3.13133,-2.81575,3.13328
1,0.50047,0.154398,0.789791,3.13133,-2.81565,3.13328
1,0.500476,0.155381,0.789941,3.13133,-2.81555,3.13328
1,0.500482,0.156365,0.790092,3.13133,-2.81544,3.13327
1,0.500489,0.157348,0.790242,3.13133,-2.81533,3.13327
1,0.500495,0.158331,0.790392,3.13133,-2.81522,3.13327
1,0.500502,0.159315,0.790543,3.13133,-2.8151,3.13327
1,0.500509,0.160298,0.790693,3.13133,-2.81498,3.13327
1,0.500516,0.161281,0.790844,3.13133,-2.81486,3.13327
1,0.500523,0.162265,0.790994,3.13133,-2.81474,3.13327
1,0.50053,0.163248,0.791145,3.13133,-2.81461,3.13327
1,0.500538,0.164231,0.791296,3.13133,-2.81448,3.13326
1,0.500546,0.165215,0.791447,3.13133,-2.81434,3.13326
1,0.500554,0.166198,0.791597,3.13132,-2.8142,3.13326
1,0.500562,0.167181,0.791748,3.13132,-2.81406,3.13326
1,0.50057,0.168165,0.791899,3.13132,-2.81392,3.13326
1,0.500578,0.169148,0.79205,3.13132,-2.81377,3.13326
1,0.500587,0.170131,0.792202,3.13132,-2.81362,3.13325
1,0.500596,0.171115,0.792353,3.13132,-2.81347,3.13325
1,0.500605,0.172098,0.792504,3.13132,-2.81331,3.13325
1,0.500614,0.173081,0.792655,3.13132,-2.81315,3.13325
1,0.500623,0.174065,0.792807,3.13132,-2.81299,3.13325
1,0.500633,0.175048,0.792958,3.13132,-2.81282,3.13325
1,0.500643,0.176031,0.79311,3.13132,-2.81265,3.13324
1,0.500653,0.177014,0.793261,3.13132,-2.81248,3.13324
1,0.500663,0.177998,0.793413,3.13132,-2.81231,3.13324
1,0.500673,0.178981,0.793564,3.13132,-2.81213,3.13324
1,0.500683,0.179964,0.793716,3.13132,-2.81195,3.13324
1,0.500694,0.180948,0.793868,3.13132,-2.81176,3.13323
1,0.500705,0.181931,0.79402,3.13131,-2.81157,3.13323
1,0.500716,0.182914,0.794172,3.13131,-2.81138,3.13323
1,0.500727,0.183898,0.794324,3.13131,-2.81119,3.13323
1,0.500738,0.184881,0.794476,3.13131,-2.81099,3.13323
1,0.50075,0.185864,0.794628,3.13131,-2.81079,3.13322
1,0.500761,0.186847,0.79478,3.13131,-2.81059,3.13322
1,0.500773,0.187831,0.794933,3.13131,-2.81038,3.13322
1,0.500785,0.188814,0.795085,3.13131,-2.81017,3.13322
1,0.500797,0.189797,0.795237,3.13131,-2.80996,3.13321
1,0.50081,0.190781,0.79539,3.13131,-2.80974,3.13321
1,0.500822,0.191764,0.795542,3.13131,-2.80952,3.13321
1,0.500835,0.192747,0.795695,3.13131,-2.8093,3.13321
1,0.500848,0.19373,0.795847,3.13131,-2.80908,3.13321
1,0.500861,0.194714,0.796,3.13131,-2.80885,3.1332
1,0.500874,0.195697,0.796153,3.1313,-2.80862,3.1332
1,0.500888,0.19668,0.796306,3.1313,-2.80838,3.1332
1,0.500902,0.197664,0.796459,3.1313,-2.80814,3.1332
1,0.500915,0.198647,0.796612,3.1313,-2.8079,3.13319
1,0.500929,0.19963,0.796765,3.1313,-2.80766,3.13319
1,0.500943,0.200613,0.796918,3.1313,-2.80741,3.13319
1,0.500958,0.201597,0.797071,3.1313,-2.80716,3.13318
1,0.500972,0.20258,0.797224,3.1313,-2.80691,3.13318
1,0.500987,0.203563,0.797377,3.1313,-2.80665,3.13318
1,0.501002,0.204546,0.797531,3.1313,-2.8064,3.13318
1,0.501017,0.20553,0.797684,3.1313,-2.80613,3.13317
1,0.501032,0.206513,0.797838,3.13129,-2.80587,3.13317
1,0.501047,0.207496,0.797991,3.13129,-2.8056,3.13317
1,0.501063,0.20848,0.798145,3.13129,-2.80533,3.13316
1,0.501079,0.209463,0.798299,3.13129,-2.80505,3.13316
1,0.501095,0.210446,0.798452,3.13129,-2.80478,3.13316
1,0.501111,0.211429,0.798606,3.13129,-2.8045,3.13316
1,0.501127,0.212413,0.79876,3.13129,-2.80421,3.13315
1,0.501143,0.213396,0.798914,3.13129,-2.80393,3.13315
1,0.50116,0.214379,0.799068,3.13129,-2.80364,3.13315
1,0.501177,0.215362,0.799222,3.13128,-2.80334,3.13314
1,0.501194,0.216346,0.799376,3.13128,-2.80305,3.13314
1,0.501211,0.217329,0.79953,3.13128,-2.80275,3.13314
1,0.501228,0.218312,0.799685,3.13128,-2.80244,3.13313
1,0.501246,0.219295,0.799839,3.13128,-2.80214,3.13313
1,0.501263,0.220279,0.799993,3.13128,-2.80183,3.13313
1,0.501281,0.221262,0.800148,3.13128,-2.80152,3.13312
1,0.501299,0.222245,0.800303,3.13128,-2.8012,3.13312
1,0.501317,0.223228,0.800457,3.13128,-2.80089,3.13312
1,0.501336,0.224212,0.800612,3.13127,-2.80056,3.13311
1,0.501354,0.225195,0.800767,3.13127,-2.80024,3.13311
1,0.501373,0.226178,0.800921,3.13127,-2.79991,3.1331
1,0.501392,0.227161,0.801076,3.13127,-2.79958,3.1331
1,0.501411,0.228144,0.801231,3.13127,-2.79925,3.1331
1,0.50143,0.229128,0.801386,3.13127,-2.79891,3.13309
1,0.50145,0.230111,0.801542,3.13127,-2.79857,3.13309
1,0.501469,0.231094,0.801697,3.13127,-2.79823,3.13309
1,0.501489,0.232077,0.801852,3.13126,-2.79788,3.13308
1,0.501509,0.233061,0.802007,3.13126,-2.79753,3.13308
1,0.501529,0.234044,0.802163,3.13126,-2.79718,3.13307
1,0.501549,0.235027,0.802318,3.13126,-2.79683,3.13307
1,0.50157,0.23601,0.802474,3.13126,-2.79647,3.13307
2,0.50157,0.23601,0.802474,3.13126,-2.79647,3.13307
2,0.50157,0.23601,0.802474,3.13126,-2.79647,3.13307
2,0.502554,0.23601,0.802488,3.13126,-2.79569,3.13306
2,0.503539,0.236009,0.802504,3.13126,-2.7949,3.13305
2,0.504524,0.236009,0.802521,3.13125,-2.7941,3.13304
2,0.50551,0.236009,0.802538,3.13125,-2.79329,3.13303
2,0.506496,0.236008,0.802555,3.13125,-2.79247,3.13302
2,0.507483,0.236008,0.802572,3.13124,-2.79164,3.13301
2,0.507333,0.23651,0.801655,3.13125,-2.79425,3.13304
2,0.507184,0.237012,0.80074,3.13126,-2.79686,3.13307
2,0.507036,0.237514,0.799825,3.13127,-2.79945,3.1331
2,0.506888,0.238016,0.79891,3.13128,-2.80204,3.13312
2,0.50674,0.238518,0.797996,3.13129,-2.80462,3.13315
2,0.506592,0.23902,0.797083,3.1313,-2.8072,3.13318
2,0.506445,0.239522,0.79617,3.13131,-2.80977,3.13321
2,0.506298,0.240024,0.795258,3.13132,-2.81233,3.13324
2,0.506151,0.240526,0.794346,3.13133,-2.81489,3.13326
2,0.506004,0.241028,0.793435,3.13134,-2.81744,3.13329
2,0.505858,0.24153,0.792524,3.13135,-2.81998,3.13332
2,0.505712,0.242032,0.791613,3.13135,-2.82252,3.13335
2,0.505566,0.242534,0.790703,3.13136,-2.82505,3.13337
2,0.50542,0.243036,0.789794,3.13137,-2.82757,3.1334
2,0.505275,0.243538,0.788885,3.13138,-2.83009,3.13343
2,0.505129,0.24404,0.787977,3.13139,-2.8326,3.13346
2,0.504984,0.244541,0.787069,3.1314,-2.83511,3.13348
2,0.50484,0.245043,0.786161,3.1314,-2.83761,3.13351
2,0.504695,0.245545,0.785254,3.13141,-2.84011,3.13354
2,0.504551,0.246047,0.784348,3.13142,-2.84259,3.13356
2,0.504407,0.246549,0.783441,3.13143,-2.84508,3.13359
2,0.504263,0.247051,0.782536,3.13144,-2.84756,3.13361
2,0.504119,0.247553,0.781631,3.13144,-2.85003,3.13364
2,0.503975,0.248055,0.780726,3.13145,-2.8525,3.13367
2,0.503832,0.248557,0.779821,3.13146,-2.85496,3.13369
2,0.503689,0.249059,0.778918,3.13146,-2.85742,3.13372
2,0.503546,0.249561,0.778014,3.13147,-2.85987,3.13374
2,0.503403,0.250063,0.777111,3.13148,-2.86231,3.13377
2,0.503261,0.250565,0.776209,3.13149,-2.86476,3.1338
2,0.503119,0.251067,0.775306,3.13149,-2.86719,3.13382
2,0.502977,0.251569,0.774405,3.1315,-2.86962,3.13385
2,0.502835,0.252071,0.773503,3.13151,-2.87205,3.13387
2,0.502693,0.252573,0.772603,3.13151,-2.87447,3.1339
2,0.502551,0.253075,0.771702,3.13152,-2.87689,3.13392
2,0.50241,0.253577,0.770802,3.13153,-2.8793,3.13395
2,0.502269,0.254079,0.769903,3.13153,-2.88171,3.13397
2,0.502128,0.254581,0.769003,3.13154,-2.88411,3.134
2,0.501987,0.255083,0.768105,3.13155,-2.88651,3.13402
2,0.501846,0.255585,0.767206,3.13155,-2.8889,3.13405
2,0.501706,0.256087,0.766308,3.13156,-2.89129,3.13407
2,0.501566,0.256589,0.765411,3.13156,-2.89368,3.1341
2,0.501426,0.257091,0.764513,3.13157,-2.89606,3.13412
2,0.501286,0.257593,0.763617,3.13158,-2.89843,3.13415
2,0.501146,0.258095,0.76272,3.13158,-2.90081,3.13417
2,0.501006,0.258597,0.761824,3.13159,-2.90317,3.1342
2,0.500867,0.259098,0.760929,3.13159,-2.90554,3.13422
2,0.500728,0.2596,0.760033,3.1316,-2.9079,3.13424
2,0.500588,0.260102,0.759139,3.1316,-2.91025,3.13427
2,0.500449,0.260604,0.758244,3.13161,-2.9126,3.13429
2,0.500311,0.261106,0.75735,3.13161,-2.91495,3.13432
2,0.500172,0.261608,0.756456,3.13162,-2.91729,3.13434
2,0.500033,0.26211,0.755563,3.13163,-2.91963,3.13436
2,0.499895,0.262612,0.75467,3.13163,-2.92197,3.13439
2,0.499757,0.263114,0.753778,3.13164,-2.9243,3.13441
2,0.499619,0.263616,0.752885,3.13164,-2.92663,3.13444
2,0.499481,0.264118,0.751994,3.13165,-2.92896,3.13446
2,0.499343,0.26462,0.751102,3.13165,-2.93128,3.13448
2,0.499206,0.265122,0.750211,3.13166,-2.93359,3.13451
3,0.499206,0.265122,0.750211,3.13166,-2.93359,3.13451
3,0.499206,0.265122,0.750211,3.13166,-2.93359,3.13451
3,0.500047,0.265122,0.750217,3.13166,-2.93304,3.1345
3,0.500888,0.265121,0.750224,3.13165,-2.93248,3.1345
3,0.50173,0.265121,0.750231,3.13165,-2.93192,3.13449
3,0.502573,0.265121,0.750239,3.13165,-2.93134,3.13449
3,0.502476,0.264322,0.749625,3.13165,-2.93296,3.13451
3,0.50238,0.263524,0.749012,3.13166,-2.93457,3.13452
3,0.502284,0.262725,0.748399,3.13166,-2.93619,3.13454
3,0.502189,0.261926,0.747786,3.13166,-2.93779,3.13456
3,0.502093,0.261128,0.747174,3.13167,-2.9394,3.13457
3,0.501998,0.260329,0.746561,3.13167,-2.941,3.13459
3,0.501903,0.25953,0.745949,3.13167,-2.9426,3.1346
3,0.501808,0.258732,0.745337,3.13168,-2.9442,3.13462
3,0.501713,0.257933,0.744725,3.13168,-2.94579,3.13464
3,0.501618,0.257135,0.744114,3.13168,-2.94738,3.13465
3,0.501523,0.256336,0.743502,3.13169,-2.94897,3.13467
3,0.501429,0.255537,0.742891,3.13169,-2.95056,3.13468
3,0.501335,0.254739,0.74228,3.13169,-2.95214,3.1347
3,0.50124,0.25394,0.741669,3.1317,-2.95372,3.13472
3,0.501146,0.253142,0.741058,3.1317,-2.9553,3.13473
3,0.501052,0.252343,0.740447,3.1317,-2.95687,3.13475
3,0.500958,0.251544,0.739837,3.1317,-2.95845,3.13476
3,0.500865,0.250746,0.739227,3.13171,-2.96002,3.13478
3,0.500771,0.249947,0.738617,3.13171,-2.96159,3.1348
3,0.500677,0.249148,0.738007,3.13171,-2.96315,3.13481
3,0.500584,0.24835,0.737397,3.13172,-2.96472,3.13483
3,0.500491,0.247551,0.736787,3.13172,-2.96628,3.13484
3,0.500397,0.246753,0.736178,3.13172,-2.96784,3.13486
3,0.500304,0.245954,0.735569,3.13172,-2.96939,3.13487
3,0.500211,0.245155,0.73496,3.13173,-2.97095,3.13489
3,0.500118,0.244357,0.734351,3.13173,-2.9725,3.1349
3,0.500026,0.243558,0.733742,3.13173,-2.97405,3.13492
3,0.499933,0.242759,0.733134,3.13173,-2.9756,3.13494
3,0.49984,0.241961,0.732525,3.13174,-2.97715,3.13495
3,0.499748,0.241162,0.731917,3.13174,-2.97869,3.13497
3,0.499656,0.240364,0.731309,3.13174,-2.98023,3.13498
3,0.499563,0.239565,0.730701,3.13174,-2.98177,3.135
3,0.499471,0.238766,0.730093,3.13175,-2.98331,3.13501
3,0.499379,0.237968,0.729486,3.13175,-2.98484,3.13503
3,0.499287,0.237169,0.728879,3.13175,-2.98638,3.13504
3,0.499195,0.23637,0.728271,3.13175,-2.98791,3.13506
3,0.499104,0.235572,0.727664,3.13176,-2.98944,3.13507
3,0.499012,0.234773,0.727057,3.13176,-2.99096,3.13509
3,0.498921,0.233975,0.726451,3.13176,-2.99249,3.1351
3,0.498829,0.233176,0.725844,3.13176,-2.99401,3.13512
3,0.498738,0.232377,0.725237,3.13176,-2.99553,3.13513
3,0.498646,0.231579,0.724631,3.13177,-2.99705,3.13515
3,0.498555,0.23078,0.724025,3.13177,-2.99857,3.13516
3,0.498464,0.229981,0.723419,3.13177,-3.00009,3.13518
3,0.498373,0.229183,0.722813,3.13177,-3.0016,3.13519
3,0.498282,0.228384,0.722207,3.13178,-3.00311,3.13521
3,0.498191,0.227586,0.721602,3.13178,-3.00462,3.13522
3,0.498101,0.226787,0.720997,3.13178,-3.00613,3.13524
3,0.49801,0.225988,0.720391,3.13178,-3.00764,3.13525
3,0.49792,0.22519,0.719786,3.13178,-3.00915,3.13527
3,0.497829,0.224391,0.719181,3.13179,-3.01065,3.13528
3,0.497739,0.223592,0.718577,3.13179,-3.01215,3.1353
3,0.497648,0.222794,0.717972,3.13179,-3.01365,3.13531
3,0.497558,0.221995,0.717367,3.13179,-3.01515,3.13533
3,0.497468,0.221197,0.716763,3.13179,-3.01665,3.13534
3,0.497378,0.220398,0.716159,3.13179,-3.01814,3.13536
3,0.497288,0.219599,0.715555,3.1318,-3.01964,3.13537
3,0.497198,0.218801,0.714951,3.1318,-3.02113,3.13539
3,0.497108,0.218002,0.714347,3.1318,-3.02262,3.1354
3,0.497018,0.217203,0.713744,3.1318,-3.02411,3.13542
3,0.496929,0.216405,0.71314,3.1318,-3.0256,3.13543
3,0.496839,0.215606,0.712537,3.13181,-3.02708,3.13545
3,0.496749,0.214808,0.711934,3.13181,-3.02857,3.13546
3,0.49666,0.214009,0.711331,3.13181,-3.03005,3.13548
3,0.496571,0.21321,0.710728,3.13181,-3.03153,3.13549
3,0.496481,0.212412,0.710125,3.13181,-3.03301,3.1355
3,0.496392,0.211613,0.709522,3.13181,-3.03449,3.13552
3,0.496303,0.210814,0.70892,3.13181,-3.03597,3.13553
3,0.496214,0.210016,0.708318,3.13182,-3.03745,3.13555
3,0.496125,0.209217,0.707715,3.13182,-3.03892,3.13556
3,0.496036,0.208419,0.707113,3.13182,-3.0404,3.13558
3,0.495947,0.20762,0.706511,3.13182,-3.04187,3.13559
3,0.495858,0.206821,0.70591,3.13182,-3.04334,3.13561
3,0.495769,0.206023,0.705308,3.13182,-3.04481,3.13562
3,0.49568,0.205224,0.704707,3.13183,-3.04628,3.13564
3,0.495592,0.204425,0.704105,3.13183,-3.04775,3.13565
3,0.495503,0.203627,0.703504,3.13183,-3.04921,3.13566
3,0.495414,0.202828,0.702903,3.13183,-3.05068,3.13568
3,0.495326,0.20203,0.702302,3.13183,-3.05214,3.13569
3,0.495237,0.201231,0.701701,3.13183,-3.0536,3.13571
3,0.495149,0.200432,0.701101,3.13183,-3.05507,3.13572
3,0.495061,0.199634,0.7005,3.13183,-3.05653,3.13574
3,0.494973,0.198835,0.6999,3.13184,-3.05799,3.13575
3,0.494884,0.198036,0.699299,3.13184,-3.05944,3.13576
3,0.494796,0.197238,0.698699,3.13184,-3.0609,3.13578
3,0.494708,0.196439,0.698099,3.13184,-3.06236,3.13579
3,0.49462,0.195641,0.697499,3.13184,-3.06381,3.13581
3,0.494532,0.194842,0.6969,3.13184,-3.06527,3.13582
3,0.494444,0.194043,0.6963,3.13184,-3.06672,3.13584
3,0.494356,0.193245,0.6957,3.13184,-3.06817,3.13585
3,0.494268,0.192446,0.695101,3.13184,-3.06962,3.13586
3,0.494181,0.191648,0.694502,3.13185,-3.07107,3.13588
3,0.494093,0.190849,0.693903,3.13185,-3.07252,3.13589
3,0.494005,0.19005,0.693304,3.13185,-3.07397,3.13591
3,0.493917,0.189252,0.692705,3.13185,-3.07542,3.13592
3,0.49383,0.188453,0.692106,3.13185,-3.07686,3.13593
3,0.493742,0.187654,0.691508,3.13185,-3.07831,3.13595
3,0.493655,0.186856,0.690909,3.13185,-3.07975,3.13596
3,0.493567,0.186057,0.690311,3.13185,-3.0812,3.13598
3,0.49348,0.185259,0.689713,3.13185,-3.08264,3.13599
3,0.493393,0.18446,0.689115,3.13185,-3.08408,3.136
3,0.493305,0.183661,0.688517,3.13185,-3.08552,3.13602
3,0.493218,0.182863,0.687919,3.13185,-3.08696,3.13603
3,0.493131,0.182064,0.687322,3.13186,-3.0884,3.13605
3,0.493043,0.181265,0.686724,3.13186,-3.08984,3.13606
3,0.492956,0.180467,0.686127,3.13186,-3.09128,3.13607
3,0.492869,0.179668,0.685529,3.13186,-3.09272,3.13609
3,0.492782,0.17887,0.684932,3.13186,-3.09415,3.1361
3,0.492695,0.178071,0.684335,3.13186,-3.09559,3.13612
3,0.492608,0.177272,0.683738,3.13186,-3.09702,3.13613
3,0.492521,0.176474,0.683142,3.13186,-3.09846,3.13614
3,0.492434,0.175675,0.682545,3.13186,-3.09989,3.13616
3,0.492347,0.174877,0.681948,3.13186,-3.10132,3.13617
3,0.49226,0.174078,0.681352,3.13186,-3.10276,3.13619
3,0.492173,0.173279,0.680756,3.13186,-3.10419,3.1362
3,0.492087,0.172481,0.68016,3.13186,-3.10562,3.13621
3,0.492,0.171682,0.679564,3.13186,-3.10705,3.13623
3,0.491913,0.170883,0.678968,3.13186,-3.10848,3.13624
3,0.491826,0.170085,0.678372,3.13186,-3.10991,3.13626
3,0.49174,0.169286,0.677776,3.13186,-3.11134,3.13627
3,0.491653,0.168488,0.677181,3.13187,-3.11276,3.13628
3,0.491567,0.167689,0.676586,3.13187,-3.11419,3.1363
3,0.49148,0.16689,0.67599,3.13187,-3.11562,3.13631
3,0.491393,0.166092,0.675395,3.13187,-3.11704,3.13633
3,0.491307,0.165293,0.6748,3.13187,-3.11847,3.13634
3,0.49122,0.164495,0.674205,3.13187,-3.1199,3.13635
3,0.491134,0.163696,0.673611,3.13187,-3.12132,3.13637
3,0.491048,0.162897,0.673016,3.13187,-3.12274,3.13638
3,0.490961,0.162099,0.672421,3.13187,-3.12417,3.1364
3,0.490875,0.1613,0.671827,3.13187,-3.12559,3.13641
3,0.490788,0.160501,0.671233,3.13187,-3.12701,3.13642
3,0.490702,0.159703,0.670639,3.13187,-3.12844,3.13644
3,0.490616,0.158904,0.670045,3.13187,-3.12986,3.13645
3,0.49053,0.158106,0.669451,3.13187,-3.13128,3.13646
3,0.490443,0.157307,0.668857,3.13187,-3.1327,3.13648
3,0.490357,0.156508,0.668263,3.13187,-3.13412,3.13649
3,0.490271,0.15571,0.66767,3.13187,-3.13554,3.13651
3,0.490185,0.154911,0.667076,3.13187,-3.13696,3.13652
3,0.490099,0.154113,0.666483,3.13187,-3.13838,3.13653
3,0.490012,0.153314,0.66589,3.13187,-3.1398,3.13655
3,0.489926,0.152515,0.665297,3.13187,-3.14122,3.13656
3,0.48984,0.151717,0.664704,3.13187,3.14055,3.13657
3,0.489754,0.150918,0.664111,3.13187,3.13913,3.13659
3,0.489668,0.15012,0.663518,3.13187,3.13771,3.1366
3,0.489582,0.149321,0.662926,3.13187,3.13629,3.13662
3,0.489496,0.148522,0.662334,3.13187,3.13488,3.13663
3,0.48941,0.147724,0.661741,3.13187,3.13346,3.13664
3,0.489324,0.146925,0.661149,3.13187,3.13204,3.13666
3,0.489238,0.146127,0.660557,3.13187,3.13063,3.13667
3,0.489152,0.145328,0.659965,3.13187,3.12921,3.13668
3,0.489066,0.144529,0.659373,3.13187,3.1278,3.1367
3,0.48898,0.143731,0.658782,3.13187,3.12638,3.13671
3,0.488894,0.142932,0.65819,3.13187,3.12497,3.13673
3,0.488808,0.142133,0.657598,3.13187,3.12355,3.13674
3,0.488723,0.141335,0.657007,3.13187,3.12214,3.13675
3,0.488637,0.140536,0.656416,3.13187,3.12072,3.13677
3,0.488551,0.139738,0.655825,3.13187,3.11931,3.13678
3,0.488465,0.138939,0.655234,3.13187,3.11789,3.13679
3,0.488379,0.13814,0.654643,3.13187,3.11648,3.13681
3,0.488294,0.137342,0.654052,3.13187,3.11506,3.13682
3,0.488208,0.136543,0.653462,3.13187,3.11365,3.13684
3,0.488122,0.135745,0.652871,3.13186,3.11224,3.13685
3,0.488036,0.134946,0.652281,3.13186,3.11082,3.13686
3,0.48795,0.134148,0.651691,3.13186,3.10941,3.13688
3,0.487865,0.133349,0.6511,3.13186,3.108,3.13689
3,0.487779,0.13255,0.65051,3.13186,3.10658,3.13691
3,0.487693,0.131752,0.649921,3.13186,3.10517,3.13692
3,0.487608,0.130953,0.649331,3.13186,3.10376,3.13693
3,0.487522,0.130155,0.648741,3.13186,3.10235,3.13695
3,0.487436,0.129356,0.648152,3.13186,3.10093,3.13696
3,0.487351,0.128557,0.647562,3.13186,3.09952,3.13697
3,0.487265,0.127759,0.646973,3.13186,3.09811,3.13699
3,0.487179,0.12696,0.646384,3.13186,3.0967,3.137
3,0.487094,0.126162,0.645795,3.13186,3.09529,3.13702
3,0.487008,0.125363,0.645206,3.13186,3.09387,3.13703
3,0.486923,0.124564,0.644617,3.13186,3.09246,3.13704
3,0.486837,0.123766,0.644028,3.13186,3.09105,3.13706
3,0.486751,0.122967,0.64344,3.13186,3.08964,3.13707
3,0.486666,0.122169,0.642851,3.13185,3.08823,3.13708
3,0.48658,0.12137,0.642263,3.13185,3.08681,3.1371
3,0.486495,0.120571,0.641675,3.13185,3.0854,3.13711
3,0.486409,0.119773,0.641087,3.13185,3.08399,3.13713
3,0.486324,0.118974,0.640499,3.13185,3.08258,3.13714
3,0.486238,0.118176,0.639911,3.13185,3.08117,3.13715
3,0.486152,0.117377,0.639323,3.13185,3.07975,3.13717
3,0.486067,0.116579,0.638736,3.13185,3.07834,3.13718
3,0.485981,0.11578,0.638148,3.13185,3.07693,3.13719
3,0.485896,0.114981,0.637561,3.13185,3.07552,3.13721
3,0.48581,0.114183,0.636974,3.13185,3.07411,3.13722
3,0.485725,0.113384,0.636387,3.13185,3.0727,3.13724
3,0.485639,0.112586,0.6358,3.13184,3.07128,3.13725
3,0.485554,0.111787,0.635213,3.13184,3.06987,3.13726
3,0.485468,0.110988,0.634626,3.13184,3.06846,3.13728
3,0.485383,0.11019,0.634039,3.13184,3.06705,3.13729
3,0.485297,0.109391,0.633453,3.13184,3.06564,3.1373
3,0.485212,0.108593,0.632867,3.13184,3.06422,3.13732
3,0.485127,0.107794,0.63228,3.13184,3.06281,3.13733
3,0.485041,0.106996,0.631694,3.13184,3.0614,3.13735
3,0.484956,0.106197,0.631108,3.13184,3.05999,3.13736
3,0.48487,0.105398,0.630522,3.13184,3.05857,3.13737
4,0.48487,0.105398,0.630522,3.13184,3.05857,3.13737
4,0.48487,0.105398,0.630522,3.13184,3.05857,3.13737
4,0.485864,0.105398,0.630517,3.13184,3.05933,3.13737
4,0.486859,0.105398,0.630513,3.13184,3.0601,3.13736
4,0.487855,0.105397,0.63051,3.13184,3.06087,3.13735
4,0.48775,0.104691,0.629812,3.13184,3.05915,3.13737
4,0.487646,0.103984,0.629115,3.13184,3.05743,3.13739
4,0.487542,0.103278,0.628418,3.13183,3.05571,3.1374
4,0.487438,0.102571,0.627721,3.13183,3.05399,3.13742
4,0.487334,0.101865,0.627024,3.13183,3.05227,3.13744
4,0.48723,0.101159,0.626328,3.13183,3.05055,3.13745
4,0.487126,0.100452,0.625632,3.13183,3.04883,3.13747
4,0.487022,0.0997456,0.624936,3.13183,3.04711,3.13749
4,0.486918,0.0990392,0.62424,3.13183,3.04539,3.1375
4,0.486814,0.0983327,0.623544,3.13182,3.04367,3.13752
4,0.48671,0.0976263,0.622848,3.13182,3.04195,3.13754
4,0.486606,0.0969198,0.622153,3.13182,3.04023,3.13755
4,0.486502,0.0962134,0.621458,3.13182,3.03851,3.13757
4,0.486398,0.0955069,0.620762,3.13182,3.03679,3.13759
4,0.486294,0.0948005,0.620068,3.13181,3.03507,3.13761
4,0.486191,0.094094,0.619373,3.13181,3.03334,3.13762
4,0.486087,0.0933876,0.618678,3.13181,3.03162,3.13764
4,0.485983,0.0926812,0.617984,3.13181,3.0299,3.13766
4,0.485879,0.0919747,0.61729,3.13181,3.02817,3.13767
4,0.485775,0.0912683,0.616596,3.13181,3.02645,3.13769
4,0.485671,0.0905618,0.615902,3.1318,3.02473,3.13771
4,0.485567,0.0898554,0.615209,3.1318,3.023,3.13772
4,0.485463,0.0891489,0.614515,3.1318,3.02128,3.13774
4,0.485359,0.0884425,0.613822,3.1318,3.01955,3.13776
4,0.485255,0.0877361,0.613129,3.1318,3.01783,3.13778
4,0.485151,0.0870296,0.612436,3.13179,3.0161,3.13779
4,0.485047,0.0863232,0.611743,3.13179,3.01438,3.13781
4,0.484943,0.0856168,0.611051,3.13179,3.01265,3.13783
4,0.484839,0.0849103,0.610358,3.13179,3.01092,3.13784
4,0.484735,0.0842039,0.609666,3.13178,3.0092,3.13786
4,0.484632,0.0834975,0.608974,3.13178,3.00747,3.13788
4,0.484528,0.082791,0.608283,3.13178,3.00574,3.13789
4,0.484424,0.0820846,0.607591,3.13178,3.00401,3.13791
4,0.48432,0.0813782,0.6069,3.13177,3.00228,3.13793
4,0.484216,0.0806717,0.606208,3.13177,3.00056,3.13795
4,0.484112,0.0799653,0.605517,3.13177,2.99883,3.13796
4,0.484008,0.0792589,0.604826,3.13177,2.9971,3.13798
4,0.483904,0.0785525,0.604136,3.13177,2.99537,3.138
4,0.4838,0.077846,0.603445,3.13176,2.99364,3.13801
4,0.483696,0.0771396,0.602755,3.13176,2.99191,3.13803
4,0.483593,0.0764332,0.602065,3.13176,2.99017,3.13805
4,0.483489,0.0757268,0.601375,3.13175,2.98844,3.13807
4,0.483385,0.0750204,0.600685,3.13175,2.98671,3.13808
4,0.483281,0.0743139,0.599995,3.13175,2.98498,3.1381
4,0.483177,0.0736075,0.599306,3.13175,2.98325,3.13812
4,0.483073,0.0729011,0.598617,3.13174,2.98151,3.13814
4,0.482969,0.0721947,0.597928,3.13174,2.97978,3.13815
4,0.482865,0.0714883,0.597239,3.13174,2.97805,3.13817
4,0.482762,0.0707818,0.59655,3.13174,2.97631,3.13819
4,0.482658,0.0700754,0.595862,3.13173,2.97458,3.1382
4,0.482554,0.069369,0.595174,3.13173,2.97284,3.13822
4,0.48245,0.0686626,0.594485,3.13173,2.97111,3.13824
4,0.482346,0.0679562,0.593798,3.13172,2.96937,3.13826
4,0.482242,0.0672498,0.59311,3.13172,2.96763,3.13827
4,0.482139,0.0665434,0.592422,3.13172,2.9659,3.13829
4,0.482035,0.065837,0.591735,3.13171,2.96416,3.13831
4,0.481931,0.0651305,0.591048,3.13171,2.96242,3.13833
4,0.481827,0.0644241,0.590361,3.13171,2.96069,3.13834
4,0.481723,0.0637177,0.589674,3.13171,2.95895,3.13836
4,0.48162,0.0630113,0.588987,3.1317,2.95721,3.13838
4,0.481516,0.0623049,0.588301,3.1317,2.95547,3.1384
4,0.481412,0.0615985,0.587614,3.1317,2.95373,3.13841
4,0.481309,0.0608921,0.586928,3.13169,2.95199,3.13843
4,0.481205,0.0601857,0.586242,3.13169,2.95025,3.13845
4,0.481101,0.0594793,0.585557,3.13169,2.94851,3.13847
4,0.480997,0.0587729,0.584871,3.13168,2.94677,3.13848
4,0.480894,0.0580665,0.584186,3.13168,2.94503,3.1385
4,0.48079,0.0573601,0.583501,3.13168,2.94329,3.13852
4,0.480686,0.0566537,0.582816,3.13167,2.94154,3.13854
4,0.480583,0.0559473,0.582131,3.13167,2.9398,3.13855
4,0.480479,0.0552409,0.581446,3.13166,2.93806,3.13857
4,0.480376,0.0545345,0.580762,3.13166,2.93632,3.13859
4,0.480272,0.0538281,0.580078,3.13166,2.93457,3.13861
4,0.480168,0.0531217,0.579394,3.13165,2.93283,3.13863
4,0.480065,0.0524153,0.57871,3.13165,2.93108,3.13864
4,0.479961,0.0517089,0.578026,3.13165,2.92934,3.13866
4,0.479858,0.0510025,0.577343,3.13164,2.92759,3.13868
4,0.479754,0.0502961,0.576659,3.13164,2.92585,3.1387
4,0.479646,0.0495903,0.575979,3.13163,2.92401,3.13871
4,0.479537,0.0488842,0.575298,3.13163,2.92218,3.13873
4,0.479428,0.0481779,0.574616,3.13162,2.92035,3.13875
4,0.47932,0.0474718,0.573936,3.13162,2.91852,3.13876
4,0.479212,0.0467651,0.573253,3.13162,2.9167,3.13878
4,0.479105,0.0460589,0.572573,3.13161,2.91488,3.1388
4,0.478998,0.0453521,0.57189,3.13161,2.91306,3.13882
4,0.478891,0.0446458,0.571209,3.1316,2.91125,3.13884
4,0.478784,0.0439397,0.57053,3.1316,2.90945,3.13886
4,0.478678,0.0432331,0.569848,3.1316,2.90765,3.13888
4,0.478571,0.0425269,0.569168,3.13159,2.90585,3.1389
4,0.478466,0.0418207,0.568488,3.13159,2.90406,3.13891
4,0.47836,0.0411143,0.567808,3.13158,2.90227,3.13893
4,0.478255,0.0404081,0.567128,3.13158,2.90048,3.13895
4,0.47815,0.0397016,0.566448,3.13157,2.8987,3.13897
4,0.478045,0.0389951,0.565767,3.13157,2.89693,3.13899
4,0.477941,0.0382888,0.565088,3.13156,2.89516,3.13901
4,0.477837,0.0375823,0.564408,3.13156,2.89339,3.13902
4,0.477733,0.036876,0.563728,3.13156,2.89162,3.13904
4,0.47763,0.0361694,0.563049,3.13155,2.88986,3.13906
4,0.477527,0.0354631,0.562369,3.13155,2.88811,3.13908
4,0.477424,0.0347569,0.561691,3.13154,2.88636,3.1391
4,0.477322,0.0340501,0.56101,3.13154,2.88461,3.13912
4,0.477219,0.0333441,0.560333,3.13153,2.88287,3.13913
4,0.477117,0.0326375,0.559653,3.13153,2.88113,3.13915
4,0.477016,0.0319313,0.558975,3.13152,2.8794,3.13917
4,0.476914,0.0312248,0.558296,3.13152,2.87767,3.13919
4,0.476813,0.0305184,0.557618,3.13151,2.87594,3.13921
4,0.476712,0.0298121,0.55694,3.13151,2.87422,3.13922
4,0.476612,0.0291057,0.556262,3.1315,2.87251,3.13924
4,0.476512,0.0283993,0.555584,3.1315,2.87079,3.13926
4,0.476412,0.0276927,0.554905,3.13149,2.86908,3.13928
4,0.476312,0.0269864,0.554227,3.13149,2.86738,3.1393
4,0.476213,0.02628,0.553549,3.13148,2.86568,3.13931
4,0.476114,0.0255735,0.552871,3.13148,2.86398,3.13933
4,0.476015,0.0248672,0.552194,3.13148,2.86229,3.13935
4,0.475917,0.0241608,0.551516,3.13147,2.86061,3.13937
4,0.475819,0.0234543,0.550838,3.13147,2.85892,3.13939
4,0.475721,0.0227479,0.550161,3.13146,2.85724,3.1394
4,0.475623,0.0220414,0.549484,3.13146,2.85557,3.13942
4,0.475526,0.0213352,0.548807,3.13145,2.8539,3.13944
4,0.475429,0.0206286,0.548129,3.13145,2.85223,3.13946
4,0.475332,0.0199221,0.547452,3.13144,2.85057,3.13947
4,0.475236,0.0192158,0.546776,3.13144,2.84891,3.13949
4,0.47514,0.0185093,0.546099,3.13143,2.84726,3.13951
4,0.475044,0.0178029,0.545422,3.13143,2.84561,3.13953
4,0.474949,0.0170964,0.544745,3.13142,2.84396,3.13954
4,0.474853,0.01639,0.544069,3.13141,2.84232,3.13956
4,0.474759,0.0156835,0.543392,3.13141,2.84069,3.13958
4,0.474664,0.014977,0.542715,3.1314,2.83905,3.1396
4,0.47457,0.0142707,0.54204,3.1314,2.83743,3.13961
4,0.474476,0.0135642,0.541363,3.13139,2.8358,3.13963
4,0.474382,0.0128578,0.540687,3.13139,2.83418,3.13965
4,0.474288,0.0121514,0.540011,3.13138,2.83257,3.13966
4,0.474195,0.0114448,0.539335,3.13138,2.83095,3.13968
4,0.474102,0.0107383,0.538659,3.13137,2.82935,3.1397
4,0.47401,0.0100317,0.537982,3.13137,2.82774,3.13972
4,0.473918,0.00932536,0.537307,3.13136,2.82615,3.13973
4,0.473826,0.00861891,0.536631,3.13136,2.82455,3.13975
4,0.473734,0.00791245,0.535955,3.13135,2.82296,3.13977
4,0.473643,0.00720586,0.535279,3.13135,2.82137,3.13979
4,0.473551,0.00649956,0.534604,3.13134,2.81979,3.1398
4,0.473461,0.00579306,0.533929,3.13134,2.81822,3.13982
4,0.47337,0.00508648,0.533253,3.13133,2.81664,3.13984
4,0.47328,0.00438003,0.532577,3.13132,2.81507,3.13985
4,0.47319,0.00367357,0.531902,3.13132,2.81351,3.13987
4,0.4731,0.00296705,0.531227,3.13131,2.81195,3.13989
4,0.473011,0.00226057,0.530552,3.13131,2.81039,3.1399
4,0.472922,0.00155408,0.529876,3.1313,2.80884,3.13992
4,0.472833,0.00084757,0.529201,3.1313,2.80729,3.13994
4,0.472745,0.000141054,0.528526,3.13129,2.80575,3.13996
4,0.472656,-0.00056542,0.527851,3.13129,2.80421,3.13997
4,0.472569,-0.00127196,0.527176,3.13128,2.80267,3.13999
4,0.472481,-0.00197846,0.526501,3.13128,2.80114,3.14001
4,0.472394,-0.00268495,0.525826,3.13127,2.79962,3.14002
4,0.472307,-0.00339146,0.525151,3.13126,2.79809,3.14004
4,0.47222,-0.00409801,0.524476,3.13126,2.79658,3.14006
4,0.472133,-0.00480447,0.523802,3.13125,2.79506,3.14007
4,0.472047,-0.00551097,0.523127,3.13125,2.79355,3.14009
4,0.471962,-0.00621758,0.522452,3.13124,2.79205,3.14011
5,0.471962,-0.00621758,0.522452,3.13124,2.79205,3.14011
5,0.471962,-0.00621758,0.522452,3.13124,2.79205,3.14011
5,0.472929,-0.00621766,0.522428,3.13125,2.79317,3.1401
5,0.473897,-0.00621841,0.522405,3.13125,2.79429,3.14008
5,0.474865,-0.00621917,0.522382,3.13125,2.79541,3.14007
5,0.475834,-0.00621994,0.522358,3.13126,2.79654,3.14006
5,0.476803,-0.0062207,0.522335,3.13126,2.79768,3.14005
5,0.477772,-0.00622147,0.522311,3.13127,2.79881,3.14003
5,0.477699,-0.00530623,0.521943,3.13126,2.79757,3.14005
5,0.477629,-0.00439093,0.521575,3.13126,2.79633,3.14006
5,0.477558,-0.00347562,0.521206,3.13126,2.7951,3.14007
5,0.477488,-0.00256032,0.520838,3.13125,2.79387,3.14009
5,0.477418,-0.00164502,0.52047,3.13125,2.79265,3.1401
5,0.477349,-0.000729719,0.520101,3.13124,2.79143,3.14011
5,0.477279,0.000185577,0.519733,3.13124,2.79021,3.14013
5,0.47721,0.00110087,0.519365,3.13123,2.789,3.14014
5,0.477142,0.00201616,0.518996,3.13123,2.78779,3.14015
5,0.477073,0.00293145,0.518628,3.13122,2.78659,3.14017
5,0.477005,0.00384673,0.51826,3.13122,2.78539,3.14018
5,0.476937,0.00476202,0.517891,3.13121,2.78419,3.14019
5,0.476869,0.0056773,0.517523,3.13121,2.78299,3.14021
5,0.476801,0.00659258,0.517155,3.1312,2.7818,3.14022
5,0.476734,0.00750785,0.516787,3.1312,2.78062,3.14023
5,0.476667,0.00842313,0.516418,3.1312,2.77944,3.14025
5,0.4766,0.0093384,0.51605,3.13119,2.77826,3.14026
5,0.476533,0.0102537,0.515682,3.13119,2.77708,3.14027
5,0.476466,0.0111689,0.515313,3.13118,2.77591,3.14028
5,0.4764,0.0120842,0.514945,3.13118,2.77474,3.1403
5,0.476334,0.0129995,0.514577,3.13117,2.77358,3.14031
5,0.476268,0.0139147,0.514208,3.13117,2.77241,3.14032
5,0.476203,0.01483,0.51384,3.13116,2.77126,3.14034
5,0.476138,0.0157452,0.513472,3.13116,2.7701,3.14035
5,0.476073,0.0166605,0.513103,3.13115,2.76895,3.14036
5,0.476008,0.0175757,0.512735,3.13115,2.7678,3.14038
5,0.475943,0.018491,0.512367,3.13114,2.76666,3.14039
5,0.475878,0.0194062,0.511999,3.13114,2.76551,3.1404
5,0.475814,0.0203215,0.51163,3.13113,2.76438,3.14041
5,0.47575,0.0212367,0.511262,3.13113,2.76324,3.14043
5,0.475686,0.022152,0.510894,3.13112,2.76211,3.14044
5,0.475623,0.0230672,0.510525,3.13112,2.76098,3.14045
5,0.475559,0.0239825,0.510157,3.13112,2.75985,3.14046
5,0.475496,0.0248977,0.509789,3.13111,2.75873,3.14048
5,0.475433,0.0258129,0.509421,3.13111,2.75761,3.14049
5,0.47537,0.0267282,0.509052,3.1311,2.75649,3.1405
5,0.475307,0.0276434,0.508684,3.1311,2.75538,3.14052
5,0.475245,0.0285586,0.508316,3.13109,2.75427,3.14053
5,0.475183,0.0294739,0.507948,3.13109,2.75316,3.14054
5,0.475121,0.0303891,0.507579,3.13108,2.75205,3.14055
5,0.475059,0.0313043,0.507211,3.13108,2.75095,3.14057
5,0.474997,0.0322195,0.506843,3.13107,2.74985,3.14058
5,0.474936,0.0331347,0.506474,3.13107,2.74876,3.14059
5,0.474874,0.03405,0.506106,3.13106,2.74766,3.1406
5,0.474813,0.0349652,0.505738,3.13106,2.74657,3.14062
5,0.474752,0.0358804,0.50537,3.13105,2.74548,3.14063
5,0.474691,0.0367956,0.505002,3.13105,2.7444,3.14064
5,0.474631,0.0377108,0.504633,3.13104,2.74331,3.14065
5,0.47457,0.038626,0.504265,3.13104,2.74223,3.14067
5,0.47451,0.0395412,0.503897,3.13103,2.74115,3.14068
5,0.47445,0.0404564,0.503529,3.13103,2.74008,3.14069
5,0.47439,0.0413716,0.50316,3.13102,2.739,3.1407
5,0.47433,0.0422868,0.502792,3.13102,2.73793,3.14071
5,0.474271,0.043202,0.502424,3.13101,2.73687,3.14073
5,0.474211,0.0441172,0.502056,3.13101,2.7358,3.14074
5,0.474152,0.0450324,0.501688,3.13101,2.73474,3.14075
5,0.474093,0.0459476,0.501319,3.131,2.73368,3.14076
5,0.474034,0.0468628,0.500951,3.131,2.73262,3.14078
5,0.473975,0.047778,0.500583,3.13099,2.73156,3.14079
5,0.473916,0.0486932,0.500215,3.13099,2.73051,3.1408
5,0.473858,0.0496084,0.499847,3.13098,2.72946,3.14081
5,0.4738,0.0505236,0.499478,3.13098,2.72841,3.14082
5,0.473741,0.0514388,0.49911,3.13097,2.72736,3.14084
5,0.473683,0.052354,0.498742,3.13097,2.72632,3.14085
5,0.473625,0.0532692,0.498374,3.13096,2.72528,3.14086
5,0.473568,0.0541843,0.498006,3.13096,2.72424,3.14087
5,0.47351,0.0550995,0.497638,3.13095,2.7232,3.14088
5,0.473453,0.0560147,0.497269,3.13095,2.72216,3.1409
5,0.473395,0.0569299,0.496901,3.13094,2.72113,3.14091
5,0.473338,0.0578451,0.496533,3.13094,2.7201,3.14092
5,0.473281,0.0587602,0.496165,3.13093,2.71907,3.14093
5,0.473224,0.0596754,0.495797,3.13093,2.71804,3.14095
5,0.473168,0.0605906,0.495429,3.13092,2.71701,3.14096
5,0.473111,0.0615058,0.495061,3.13092,2.71599,3.14097
5,0.473055,0.0624209,0.494693,3.13091,2.71497,3.14098
5,0.472998,0.0633361,0.494325,3.13091,2.71395,3.14099
5,0.472942,0.0642513,0.493957,3.1309,2.71293,3.14101
5,0.472886,0.0651664,0.493589,3.1309,2.71192,3.14102
5,0.47283,0.0660816,0.493221,3.13089,2.7109,3.14103
5,0.472774,0.0669968,0.492853,3.13089,2.70989,3.14104
5,0.472719,0.0679119,0.492484,3.13088,2.70888,3.14105
5,0.472663,0.0688271,0.492116,3.13088,2.70787,3.14106
5,0.472608,0.0697423,0.491748,3.13087,2.70687,3.14108
5,0.472552,0.0706574,0.49138,3.13087,2.70586,3.14109
5,0.472497,0.0715726,0.491012,3.13086,2.70486,3.1411
5,0.472442,0.0724877,0.490645,3.13086,2.70386,3.14111
5,0.472387,0.0734029,0.490277,3.13085,2.70286,3.14112
5,0.472332,0.0743181,0.489909,3.13085,2.70186,3.14114
5,0.472278,0.0752332,0.489541,3.13084,2.70086,3.14115
5,0.472223,0.0761484,0.489173,3.13084,2.69987,3.14116
5,0.472169,0.0770635,0.488805,3.13083,2.69888,3.14117
5,0.472114,0.0779787,0.488437,3.13083,2.69789,3.14118
5,0.47206,0.0788938,0.488069,3.13082,2.6969,3.14119
5,0.472006,0.079809,0.487701,3.13082,2.69591,3.14121
5,0.471952,0.0807241,0.487333,3.13081,2.69492,3.14122
5,0.471898,0.0816393,0.486965,3.13081,2.69394,3.14123
5,0.471844,0.0825544,0.486598,3.1308,2.69295,3.14124
5,0.471791,0.0834696,0.48623,3.1308,2.69197,3.14125
5,0.471737,0.0843847,0.485862,3.13079,2.69099,3.14127
5,0.471683,0.0852999,0.485494,3.13079,2.69001,3.14128
5,0.47163,0.086215,0.485126,3.13078,2.68903,3.14129
5,0.471577,0.0871301,0.484759,3.13078,2.68806,3.1413
5,0.471524,0.0880453,0.484391,3.13077,2.68708,3.14131
5,0.47147,0.0889604,0.484023,3.13077,2.68611,3.14132
5,0.471418,0.0898756,0.483655,3.13076,2.68514,3.14134
5,0.471365,0.0907907,0.483288,3.13075,2.68416,3.14135
5,0.471312,0.0917058,0.48292,3.13075,2.6832,3.14136
5,0.471259,0.092621,0.482552,3.13074,2.68223,3.14137
5,0.471207,0.0935361,0.482185,3.13074,2.68126,3.14138
5,0.471154,0.0944513,0.481817,3.13073,2.68029,3.14139
5,0.471102,0.0953664,0.481449,3.13073,2.67933,3.14141
5,0.471049,0.0962815,0.481082,3.13072,2.67837,3.14142
5,0.470997,0.0971967,0.480714,3.13072,2.6774,3.14143
5,0.470945,0.0981118,0.480347,3.13071,2.67644,3.14144
5,0.470893,0.0990269,0.479979,3.13071,2.67548,3.14145
5,0.470841,0.0999421,0.479612,3.1307,2.67453,3.14146
5,0.470789,0.100857,0.479244,3.1307,2.67357,3.14148
5,0.470737,0.101772,0.478877,3.13069,2.67261,3.14149
5,0.470686,0.102687,0.478509,3.13069,2.67166,3.1415
5,0.470634,0.103603,0.478142,3.13068,2.6707,3.14151
5,0.470582,0.104518,0.477774,3.13068,2.66975,3.14152
5,0.470531,0.105433,0.477407,3.13067,2.6688,3.14153
5,0.47048,0.106348,0.477039,3.13067,2.66785,3.14155
5,0.470428,0.107263,0.476672,3.13066,2.6669,3.14156
5,0.470377,0.108178,0.476305,3.13065,2.66595,3.14157
5,0.470326,0.109093,0.475937,3.13065,2.665,3.14158
5,0.470275,0.110008,0.47557,-0.0109484,0.477541,3.63901e-07
5,0.470224,0.110924,0.475203,-0.0109537,0.478487,1.20283e-05
5,0.470173,0.111839,0.474835,-0.0109591,0.479432,2.36925e-05
5,0.470122,0.112754,0.474468,-0.0109645,0.480376,3.53567e-05
5,0.470071,0.113669,0.474101,-0.0109699,0.481319,4.70216e-05
5,0.470021,0.114584,0.473734,-0.0109753,0.482262,5.86861e-05
5,0.46997,0.115499,0.473367,-0.0109807,0.483203,7.03518e-05
5,0.469919,0.116414,0.472999,-0.0109862,0.484144,8.20182e-05
5,0.469869,0.117329,0.472632,-0.0109916,0.485083,9.36859e-05
5,0.469819,0.118245,0.472265,-0.0109971,0.486022,0.000105354
5,0.469768,0.11916,0.471898,-0.0110025,0.486961,0.000117025
5,0.469718,0.120075,0.471531,-0.011008,0.487898,0.000128696
5,0.469668,0.12099,0.471164,-0.0110135,0.488834,0.000140369
5,0.469618,0.121905,0.470797,-0.011019,0.48977,0.000152045
5,0.469568,0.12282,0.47043,-0.0110245,0.490705,0.000163722
5,0.469518,0.123735,0.470063,-0.01103,0.491639,0.000175402
5,0.469468,0.12465,0.469696,-0.0110355,0.492573,0.000187084
5,0.469418,0.125565,0.469329,-0.0110411,0.493506,0.00019877
5,0.469368,0.126481,0.468962,-0.0110466,0.494438,0.000210457
5,0.469318,0.127396,0.468595,-0.0110522,0.495369,0.000222148
5,0.469269,0.128311,0.468229,-0.0110577,0.4963,0.000233842
5,0.469219,0.129226,0.467862,-0.0110633,0.49723,0.00024554
5,0.469169,0.130141,0.467495,-0.0110689,0.498159,0.000257241
5,0.46912,0.131056,0.467128,-0.0110745,0.499088,0.000268946
5,0.46907,0.131971,0.466762,-0.0110801,0.500016,0.000280655
5,0.469021,0.132886,0.466395,-0.0110858,0.500944,0.000292368
5,0.468972,0.133801,0.466028,-0.0110914,0.501871,0.000304085
5,0.468922,0.134717,0.465662,-0.011097,0.502797,0.000315807
5,0.468873,0.135632,0.465295,-0.0111027,0.503723,0.000327534
5,0.468824,0.136547,0.464928,-0.0111084,0.504648,0.000339265
5,0.468775,0.137462,0.464562,-0.0111141,0.505573,0.000351001
5,0.468726,0.138377,0.464195,-0.0111198,0.506497,0.000362743
5,0.468677,0.139292,0.463829,-0.0111255,0.50742,0.000374489
5,0.468628,0.140207,0.463462,-0.0111312,0.508343,0.000386242
5,0.468579,0.141122,0.463096,-0.0111369,0.509266,0.000398
5,0.46853,0.142037,0.46273,-0.0111427,0.510188,0.000409763
5,0.468481,0.142953,0.462363,-0.0111484,0.51111,0.000421533
5,0.468433,0.143868,0.461997,-0.0111542,0.512031,0.00043331
5,0.468384,0.144783,0.461631,-0.01116,0.512951,0.000445092
5,0.468335,0.145698,0.461264,-0.0111658,0.513872,0.000456881
5,0.468287,0.146613,0.460898,-0.0111716,0.514791,0.000468676
5,0.468238,0.147528,0.460532,-0.0111774,0.515711,0.000480478
5,0.46819,0.148443,0.460166,-0.0111832,0.51663,0.000492288
5,0.468141,0.149358,0.459799,-0.0111891,0.517548,0.000504104
5,0.468093,0.150273,0.459433,-0.011195,0.518466,0.000515928
5,0.468044,0.151188,0.459067,-0.0112008,0.519384,0.00052776
5,0.467996,0.152104,0.458701,-0.0112067,0.520301,0.000539598
5,0.467948,0.153019,0.458335,-0.0112126,0.521218,0.000551445
5,0.467899,0.153934,0.457969,-0.0112185,0.522135,0.0005633
5,0.467851,0.154849,0.457603,-0.0112245,0.523051,0.000575163
5,0.467803,0.155764,0.457237,-0.0112304,0.523967,0.000587034
5,0.467755,0.156679,0.456872,-0.0112363,0.524883,0.000598913
5,0.467707,0.157594,0.456506,-0.0112423,0.525799,0.000610801
5,0.467659,0.158509,0.45614,-0.0112483,0.526714,0.000622698
5,0.467611,0.159424,0.455774,-0.0112543,0.527628,0.000634604
5,0.467563,0.16034,0.455408,-0.0112603,0.528543,0.000646518
6,0.467563,0.16034,0.455408,-0.0112603,0.528543,0.000646518
6,0.467563,0.16034,0.455408,-0.0112603,0.528543,0.000646518
6,0.468382,0.160339,0.455384,-0.0112551,0.527757,0.000636692
6,0.469202,0.160339,0.45536,-0.0112499,0.526967,0.000626824
6,0.470022,0.160338,0.455335,-0.011245,0.526175,0.000617458
6,0.470842,0.160338,0.455311,-0.0112397,0.525379,0.000607538
6,0.470786,0.16123,0.454893,-0.0112462,0.526426,0.000619165
6,0.470731,0.162122,0.454475,-0.0112531,0.527471,0.000632769
6,0.470676,0.163014,0.454057,-0.0112599,0.528516,0.000646383
6,0.470622,0.163905,0.453639,-0.0112668,0.52956,0.000660011
6,0.470567,0.164797,0.453222,-0.0112737,0.530604,0.00067365
6,0.470512,0.165689,0.452804,-0.0112806,0.531648,0.000687302
6,0.470458,0.166581,0.452386,-0.0112876,0.532691,0.000700966
6,0.470403,0.167473,0.451968,-0.0112945,0.533734,0.000714643
6,0.470349,0.168365,0.451551,-0.0113015,0.534777,0.000728334
6,0.470294,0.169257,0.451133,-0.0113085,0.535819,0.000742037
6,0.47024,0.170149,0.450715,-0.0113155,0.536862,0.000755753
6,0.470186,0.171041,0.450298,-0.0113225,0.537904,0.000769482
6,0.470131,0.171933,0.44988,-0.0113296,0.538945,0.000783225
6,0.470077,0.172825,0.449463,-0.0113367,0.539987,0.000796982
6,0.470023,0.173717,0.449045,-0.0113438,0.541028,0.000810753
6,0.469969,0.174609,0.448628,-0.0113509,0.542069,0.000824537
6,0.469915,0.175501,0.448211,-0.011358,0.543109,0.000838336
6,0.469861,0.176393,0.447793,-0.0113651,0.54415,0.000852148
6,0.469807,0.177285,0.447376,-0.0113723,0.54519,0.000865976
6,0.469753,0.178177,0.446959,-0.0113795,0.54623,0.000879817
6,0.469699,0.179069,0.446542,-0.0113867,0.54727,0.000893674
6,0.469645,0.179961,0.446125,-0.0113939,0.548309,0.000907545
6,0.469591,0.180853,0.445708,-0.0114012,0.549349,0.000921431
6,0.469537,0.181745,0.445291,-0.0114084,0.550388,0.000935332
6,0.469484,0.182637,0.444874,-0.0114157,0.551427,0.000949249
6,0.46943,0.183528,0.444457,-0.011423,0.552465,0.000963181
6,0.469376,0.18442,0.44404,-0.0114304,0.553504,0.000977128
6,0.469323,0.185312,0.443624,-0.0114377,0.554542,0.000991091
6,0.469269,0.186204,0.443207,-0.0114451,0.555581,0.00100507
6,0.469216,0.187096,0.44279,-0.0114525,0.556619,0.00101907
6,0.469162,0.187988,0.442374,-0.0114599,0.557657,0.00103308
6,0.469109,0.18888,0.441957,-0.0114673,0.558695,0.0010471
6,0.469055,0.189772,0.441541,-0.0114748,0.559732,0.00106115
6,0.469002,0.190664,0.441124,-0.0114823,0.56077,0.00107521
6,0.468949,0.191556,0.440708,-0.0114898,0.561807,0.00108928
6,0.468895,0.192448,0.440291,-0.0114973,0.562845,0.00110338
6,0.468842,0.19334,0.439875,-0.0115048,0.563882,0.00111749
6,0.468789,0.194232,0.439459,-0.0115124,0.564919,0.00113161
6,0.468736,0.195124,0.439043,-0.01152,0.565956,0.00114576
6,0.468683,0.196016,0.438627,-0.0115276,0.566993,0.00115992
6,0.46863,0.196908,0.438211,-0.0115352,0.568029,0.0011741
6,0.468577,0.1978,0.437794,-0.0115428,0.569066,0.00118829
6,0.468524,0.198692,0.437378,-0.0115505,0.570103,0.00120251
6,0.468471,0.199584,0.436963,-0.0115582,0.571139,0.00121674
6,0.468418,0.200476,0.436547,-0.0115659,0.572176,0.00123099
6,0.468365,0.201367,0.436131,-0.0115736,0.573212,0.00124526
6,0.468312,0.202259,0.435715,-0.0115814,0.574248,0.00125954
6,0.468259,0.203151,0.435299,-0.0115892,0.575284,0.00127385
6,0.468207,0.204043,0.434884,-0.011597,0.57632,0.00128817
6,0.468154,0.204935,0.434468,-0.0116048,0.577357,0.00130251
6,0.468101,0.205827,0.434052,-0.0116126,0.578393,0.00131687
6,0.468049,0.206719,0.433637,-0.0116205,0.579429,0.00133125
6,0.467996,0.207611,0.433222,-0.0116284,0.580464,0.00134564
6,0.467943,0.208503,0.432806,-0.0116363,0.5815,0.00136006
6,0.467891,0.209395,0.432391,-0.0116443,0.582536,0.00137449
6,0.467838,0.210287,0.431975,-0.0116522,0.583572,0.00138895
6,0.467786,0.211179,0.43156,-0.0116602,0.584608,0.00140342
6,0.467734,0.212071,0.431145,-0.0116682,0.585643,0.00141791
6,0.467681,0.212963,0.43073,-0.0116762,0.586679,0.00143242
6,0.467629,0.213855,0.430315,-0.0116843,0.587715,0.00144696
6,0.467577,0.214747,0.4299,-0.0116924,0.58875,0.00146151
6,0.467524,0.215639,0.429485,-0.0117005,0.589786,0.00147608
6,0.467472,0.216531,0.42907,-0.0117086,0.590821,0.00149067
6,0.46742,0.217423,0.428655,-0.0117167,0.591857,0.00150528
6,0.467368,0.218314,0.42824,-0.0117249,0.592892,0.00151991
6,0.467316,0.219206,0.427825,-0.0117331,0.593928,0.00153456
6,0.467264,0.220098,0.427411,-0.0117413,0.594963,0.00154923
6,0.467212,0.22099,0.426996,-0.0117496,0.595999,0.00156392
6,0.46716,0.221882,0.426581,-0.0117578,0.597034,0.00157864
6,0.467108,0.222774,0.426167,-0.0117661,0.59807,0.00159337
6,0.467056,0.223666,0.425752,-0.0117744,0.599105,0.00160812
6,0.467004,0.224558,0.425338,-0.0117828,0.60014,0.0016229
6,0.466952,0.22545,0.424923,-0.0117912,0.601176,0.00163769
6,0.4669,0.226342,0.424509,-0.0117995,0.602211,0.00165251
6,0.466848,0.227234,0.424095,-0.011808,0.603247,0.00166735
6,0.466797,0.228126,0.423681,-0.0118164,0.604282,0.0016822
6,0.466745,0.229018,0.423266,-0.0118249,0.605317,0.00169708
6,0.466693,0.22991,0.422852,-0.0118333,0.606353,0.00171198
6,0.466642,0.230802,0.422438,-0.0118419,0.607388,0.00172691
6,0.46659,0.231694,0.422024,-0.0118504,0.608423,0.00174185
6,0.466539,0.232586,0.42161,-0.011859,0.609459,0.00175681
6,0.466487,0.233478,0.421196,-0.0118675,0.610494,0.0017718
6,0.466436,0.23437,0.420782,-0.0118762,0.611529,0.00178681
6,0.466384,0.235261,0.420369,-0.0118848,0.612565,0.00180184
6,0.466333,0.236153,0.419955,-0.0118935,0.6136,0.00181689
6,0.466281,0.237045,0.419541,-0.0119022,0.614636,0.00183197
6,0.46623,0.237937,0.419128,-0.0119109,0.615671,0.00184706
6,0.466179,0.238829,0.418714,-0.0119196,0.616706,0.00186218
6,0.466128,0.239721,0.4183,-0.0119284,0.617742,0.00187732
6,0.466076,0.240613,0.417887,-0.0119372,0.618777,0.00189248
6,0.466025,0.241505,0.417473,-0.011946,0.619812,0.00190767
6,0.465974,0.242397,0.41706,-0.0119548,0.620848,0.00192287
6,0.465923,0.243289,0.416647,-0.0119637,0.621883,0.0019381
6,0.465872,0.244181,0.416233,-0.0119726,0.622918,0.00195336
6,0.465821,0.245073,0.41582,-0.0119815,0.623954,0.00196863
6,0.46577,0.245965,0.415407,-0.0119905,0.624989,0.00198393
6,0.465719,0.246857,0.414994,-0.0119994,0.626024,0.00199925
6,0.465668,0.247749,0.414581,-0.0120084,0.627059,0.00201459
6,0.465617,0.248641,0.414168,-0.0120174,0.628095,0.00202996
6,0.465566,0.249533,0.413755,-0.0120265,0.62913,0.00204534
6,0.465516,0.250425,0.413342,-0.0120356,0.630165,0.00206076
6,0.465465,0.251316,0.412929,-0.0120447,0.6312,0.00207619
6,0.465414,0.252208,0.412516,-0.0120538,0.632235,0.00209165
6,0.465363,0.2531,0.412104,-0.012063,0.633271,0.00210713
6,0.465313,0.253992,0.411691,-0.0120722,0.634306,0.00212263
6,0.465262,0.254884,0.411278,-0.0120814,0.635341,0.00213816
6,0.465212,0.255776,0.410866,-0.0120906,0.636376,0.00215371
6,0.465161,0.256668,0.410453,-0.0120999,0.637411,0.00216928
6,0.465111,0.25756,0.41004,-0.0121092,0.638446,0.00218488
6,0.46506,0.258452,0.409628,-0.0121185,0.639481,0.0022005
6,0.46501,0.259344,0.409216,-0.0121278,0.640516,0.00221614
6,0.46496,0.260236,0.408803,-0.0121372,0.641551,0.00223181
7,0.46496,0.260236,0.408803,-0.0121372,0.641551,0.00223181
7,0.46496,0.260236,0.408803,-0.0121372,0.641551,0.00223181
7,0.464132,0.260236,0.408835,-0.0121453,0.64244,0.00224525
7,0.463305,0.260237,0.408867,-0.0121535,0.643326,0.00225974
7,0.462478,0.260238,0.4089,-0.0121616,0.644209,0.00227369
7,0.462497,0.259259,0.409058,-0.0121578,0.643803,0.00226685
7,0.462517,0.25828,0.409215,-0.0121541,0.643396,0.00226066
7,0.462536,0.257301,0.409373,-0.0121504,0.642989,0.00225449
7,0.462556,0.256323,0.409531,-0.0121467,0.642583,0.00224832
7,0.462576,0.255344,0.409689,-0.012143,0.642177,0.00224215
7,0.462596,0.254365,0.409847,-0.0121393,0.641771,0.002236
7,0.462615,0.253386,0.410005,-0.0121356,0.641366,0.00222985
7,0.462635,0.252407,0.410163,-0.012132,0.64096,0.00222371
7,0.462655,0.251429,0.410321,-0.0121283,0.640555,0.00221758
7,0.462675,0.25045,0.410479,-0.0121246,0.64015,0.00221145
7,0.462694,0.249471,0.410637,-0.012121,0.639746,0.00220533
7,0.462714,0.248492,0.410795,-0.0121173,0.639341,0.00219922
7,0.462734,0.247514,0.410953,-0.0121137,0.638937,0.00219312
7,0.462753,0.246535,0.411111,-0.0121101,0.638533,0.00218702
7,0.462773,0.245556,0.411269,-0.0121064,0.63813,0.00218093
7,0.462793,0.244577,0.411427,-0.0121028,0.637726,0.00217485
7,0.462812,0.243598,0.411585,-0.0120992,0.637323,0.00216877
7,0.462832,0.24262,0.411743,-0.0120956,0.63692,0.00216271
7,0.462852,0.241641,0.411901,-0.012092,0.636518,0.00215665
7,0.462871,0.240662,0.41206,-0.0120884,0.636115,0.00215059
7,0.462891,0.239683,0.412218,-0.0120848,0.635713,0.00214455
7,0.462911,0.238705,0.412376,-0.0120812,0.635311,0.00213851
7,0.46293,0.237726,0.412534,-0.0120776,0.63491,0.00213248
7,0.46295,0.236747,0.412692,-0.0120741,0.634508,0.00212646
7,0.462969,0.235768,0.412851,-0.0120705,0.634107,0.00212044
7,0.462989,0.234789,0.413009,-0.0120669,0.633706,0.00211443
7,0.463009,0.233811,0.413167,-0.0120634,0.633305,0.00210843
7,0.463028,0.232832,0.413325,-0.0120598,0.632905,0.00210243
7,0.463048,0.231853,0.413484,-0.0120563,0.632505,0.00209645
7,0.463067,0.230874,0.413642,-0.0120528,0.632105,0.00209046
7,0.463087,0.229896,0.4138,-0.0120492,0.631705,0.00208449
7,0.463107,0.228917,0.413959,-0.0120457,0.631305,0.00207852
7,0.463126,0.227938,0.414117,-0.0120422,0.630906,0.00207256
7,0.463146,0.226959,0.414275,-0.0120387,0.630507,0.00206661
7,0.463165,0.22598,0.414434,-0.0120352,0.630108,0.00206066
7,0.463185,0.225002,0.414592,-0.0120317,0.62971,0.00205473
7,0.463204,0.224023,0.414751,-0.0120282,0.629311,0.00204879
7,0.463224,0.223044,0.414909,-0.0120247,0.628913,0.00204287
7,0.463243,0.222065,0.415068,-0.0120212,0.628515,0.00203695
7,0.463263,0.221087,0.415226,-0.0120178,0.628117,0.00203104
7,0.463283,0.220108,0.415384,-0.0120143,0.62772,0.00202513
7,0.463302,0.219129,0.415543,-0.0120108,0.627323,0.00201923
7,0.463322,0.21815,0.415702,-0.0120074,0.626926,0.00201334
7,0.463341,0.217171,0.41586,-0.0120039,0.626529,0.00200746
7,0.463361,0.216193,0.416019,-0.0120005,0.626132,0.00200158
7,0.46338,0.215214,0.416177,-0.011997,0.625736,0.00199571
7,0.4634,0.214235,0.416336,-0.0119936,0.62534,0.00198984
7,0.463419,0.213256,0.416494,-0.0119902,0.624944,0.00198398
7,0.463439,0.212278,0.416653,-0.0119868,0.624548,0.00197813
7,0.463458,0.211299,0.416812,-0.0119833,0.624152,0.00197228
7,0.463478,0.21032,0.41697,-0.0119799,0.623757,0.00196644
7,0.463497,0.209341,0.417129,-0.0119765,0.623362,0.00196061
7,0.463516,0.208362,0.417288,-0.0119731,0.622967,0.00195478
7,0.463536,0.207384,0.417446,-0.0119697,0.622572,0.00194896
7,0.463555,0.206405,0.417605,-0.0119663,0.622177,0.00194314
7,0.463575,0.205426,0.417764,-0.0119629,0.621783,0.00193733
7,0.463594,0.204447,0.417922,-0.0119596,0.621389,0.00193153
7,0.463614,0.203469,0.418081,-0.0119562,0.620995,0.00192573
7,0.463633,0.20249,0.41824,-0.0119528,0.620601,0.00191993
7,0.463653,0.201511,0.418399,-0.0119495,0.620207,0.00191415
7,0.463672,0.200532,0.418557,-0.0119461,0.619813,0.00190837
7,0.463692,0.199554,0.418716,-0.0119427,0.61942,0.00190259
7,0.463711,0.198575,0.418875,-0.0119394,0.619027,0.00189682
7,0.46373,0.197596,0.419034,-0.0119361,0.618633,0.00189106
7,0.46375,0.196617,0.419193,-0.0119327,0.618241,0.0018853
7,0.463769,0.195638,0.419352,-0.0119294,0.617848,0.00187954
7,0.463789,0.19466,0.41951,-0.011926,0.617455,0.00187379
7,0.463808,0.193681,0.419669,-0.0119227,0.617062,0.00186805
7,0.463828,0.192702,0.419828,-0.0119194,0.61667,0.00186231
7,0.463847,0.191723,0.419987,-0.0119161,0.616278,0.00185658
7,0.463866,0.190745,0.420146,-0.0119128,0.615886,0.00185085
7,0.463886,0.189766,0.420305,-0.0119095,0.615494,0.00184513
7,0.463905,0.188787,0.420464,-0.0119062,0.615102,0.00183941
7,0.463925,0.187808,0.420623,-0.0119029,0.61471,0.00183369
7,0.463944,0.186829,0.420782,-0.0118996,0.614318,0.00182799
7,0.463964,0.185851,0.420941,-0.0118963,0.613926,0.00182228
7,0.463983,0.184872,0.4211,-0.011893,0.613535,0.00181658
7,0.464002,0.183893,0.421259,-0.0118897,0.613143,0.00181088
7,0.464022,0.182914,0.421418,-0.0118865,0.612752,0.00180519
7,0.464041,0.181936,0.421577,-0.0118832,0.612361,0.00179951
7,0.464061,0.180957,0.421736,-0.0118799,0.61197,0.00179382
7,0.46408,0.179978,0.421895,-0.0118767,0.611578,0.00178814
7,0.4641,0.178999,0.422054,-0.0118734,0.611187,0.00178247
7,0.464119,0.178021,0.422213,-0.0118702,0.610796,0.0017768
7,0.464139,0.177042,0.422372,-0.0118669,0.610405,0.00177113
7,0.464158,0.176063,0.422531,-0.0118637,0.610014,0.00176547
7,0.464177,0.175084,0.42269,-0.0118604,0.609623,0.00175981
7,0.464197,0.174105,0.422849,-0.0118572,0.609233,0.00175415
7,0.464216,0.173127,0.423008,-0.0118539,0.608842,0.0017485
7,0.464236,0.172148,0.423167,-0.0118507,0.608451,0.00174285
7,0.464255,0.171169,0.423326,-0.0118475,0.60806,0.0017372
7,0.464275,0.17019,0.423486,-0.0118443,0.607669,0.00173156
7,0.464294,0.169212,0.423645,-0.011841,0.607278,0.00172592
7,0.464314,0.168233,0.423804,-0.0118378,0.606888,0.00172028
7,0.464333,0.167254,0.423963,-0.0118346,0.606497,0.00171465
7,0.464353,0.166275,0.424122,-0.0118314,0.606106,0.00170902
7,0.464372,0.165297,0.424281,-0.0118282,0.605715,0.00170339
7,0.464392,0.164318,0.42444,-0.011825,0.605324,0.00169776
7,0.464411,0.163339,0.4246,-0.0118218,0.604933,0.00169214
7,0.464431,0.16236,0.424759,-0.0118186,0.604542,0.00168652
7,0.46445,0.161381,0.424918,-0.0118154,0.604151,0.0016809
7,0.46447,0.160403,0.425077,-0.0118122,0.60376,0.00167528
7,0.464489,0.159424,0.425236,-0.011809,0.603369,0.00166967
7,0.464509,0.158445,0.425396,-0.0118059,0.602978,0.00166406
7,0.464529,0.157466,0.425555,-0.0118027,0.602586,0.00165845
7,0.464548,0.156488,0.425714,-0.0117995,0.602195,0.00165284
7,0.464568,0.155509,0.425873,-0.0117963,0.601803,0.00164723
7,0.464587,0.15453,0.426032,-0.0117931,0.601412,0.00164162
7,0.464607,0.153551,0.426192,-0.01179,0.60102,0.00163602
7,0.464627,0.152572,0.426351,-0.0117868,0.600628,0.00163041
7,0.464646,0.151594,0.42651,-0.0117836,0.600236,0.00162481
7,0.464666,0.150615,0.426669,-0.0117805,0.599844,0.00161921
7,0.464686,0.149636,0.426828,-0.0117773,0.599452,0.00161361
7,0.464705,0.148657,0.426988,-0.0117742,0.599059,0.00160801
7,0.464725,0.147679,0.427147,-0.011771,0.598666,0.00160241
7,0.464745,0.1467,0.427306,-0.0117678,0.598274,0.00159681
7,0.464764,0.145721,0.427465,-0.0117647,0.597881,0.00159121
7,0.464784,0.144742,0.427625,-0.0117615,0.597487,0.00158561
7,0.464804,0.143764,0.427784,-0.0117584,0.597094,0.00158002
7,0.464824,0.142785,0.427943,-0.0117552,0.596701,0.00157442
7,0.464843,0.141806,0.428102,-0.0117521,0.596307,0.00156882
7,0.464863,0.140827,0.428262,-0.011749,0.595913,0.00156322
7,0.464883,0.139848,0.428421,-0.0117458,0.595518,0.00155762
7,0.464903,0.13887,0.42858,-0.0117427,0.595124,0.00155202
7,0.464923,0.137891,0.428739,-0.0117395,0.594729,0.00154642
7,0.464942,0.136912,0.428899,-0.0117364,0.594334,0.00154082
7,0.464962,0.135933,0.429058,-0.0117333,0.593939,0.00153522
7,0.464982,0.134955,0.429217,-0.0117301,0.593543,0.00152962
7,0.465002,0.133976,0.429376,-0.011727,0.593147,0.00152402
7,0.465022,0.132997,0.429535,-0.0117239,0.592751,0.00151841
7,0.465042,0.132018,0.429695,-0.0117207,0.592355,0.00151281
7,0.465062,0.131039,0.429854,-0.0117176,0.591958,0.0015072
7,0.465082,0.130061,0.430013,-0.0117145,0.591561,0.00150159
7,0.465102,0.129082,0.430172,-0.0117113,0.591163,0.00149598
7,0.465122,0.128103,0.430332,-0.0117082,0.590765,0.00149036
7,0.465142,0.127124,0.430491,-0.0117051,0.590367,0.00148475
7,0.465162,0.126146,0.43065,-0.011702,0.589969,0.00147913
7,0.465182,0.125167,0.430809,-0.0116988,0.58957,0.00147351
7,0.465203,0.124188,0.430968,-0.0116957,0.58917,0.00146789
7,0.465223,0.123209,0.431128,-0.0116926,0.58877,0.00146226
7,0.465243,0.12223,0.431287,-0.0116895,0.58837,0.00145663
7,0.465263,0.121252,0.431446,-0.0116863,0.58797,0.001451
7,0.465284,0.120273,0.431605,-0.0116832,0.587569,0.00144537
7,0.465304,0.119294,0.431764,-0.0116801,0.587167,0.00143973
7,0.465324,0.118315,0.431923,-0.011677,0.586765,0.00143409
7,0.465344,0.117337,0.432083,-0.0116738,0.586363,0.00142844
7,0.465365,0.116358,0.432242,-0.0116707,0.58596,0.0014228
7,0.465385,0.115379,0.432401,-0.0116676,0.585556,0.00141714
7,0.465406,0.1144,0.43256,-0.0116644,0.585152,0.00141149
7,0.465426,0.113421,0.432719,-0.0116613,0.584748,0.00140583
7,0.465447,0.112443,0.432878,-0.0116582,0.584343,0.00140016
7,0.465467,0.111464,0.433037,-0.0116551,0.583937,0.00139449
8,0.465467,0.111464,0.433037,-0.0116551,0.583937,0.00139449
8,0.465467,0.111464,0.433037,-0.0116551,0.583937,0.00139449
8,0.465467,0.111464,0.433037,-0.0116551,0.583937,0.00139449
8,0.465467,0.111464,0.433037,-0.0116551,0.583937,0.00139449
