1,0.876053,0.895631,0.711886,0.677803,0.168933,-1.54187,-0.932592
1,0.876502,0.896096,0.711501,0.678949,0.168696,-1.54035,-0.932802
1,0.879097,0.896767,0.70998,0.682561,0.167963,-1.53873,-0.93388
1,0.881673,0.897429,0.708464,0.686137,0.167235,-1.53713,-0.934956
1,0.884237,0.898086,0.70695,0.689689,0.16651,-1.53553,-0.936029
1,0.884804,0.899202,0.706866,0.693927,0.166551,-1.5324,-0.936079
1,0.885346,0.900299,0.706795,0.698118,0.166598,-1.52928,-0.936127
1,0.885874,0.901383,0.706733,0.702278,0.166648,-1.52618,-0.936174
1,0.886386,0.902456,0.706678,0.706408,0.166703,-1.52309,-0.936218
1,0.886883,0.903517,0.706631,0.710509,0.166762,-1.52001,-0.936262
1,0.887366,0.904567,0.706593,0.714581,0.166825,-1.51695,-0.936304
1,0.887834,0.905605,0.706562,0.718625,0.166891,-1.5139,-0.936344
1,0.888288,0.906632,0.706539,0.722641,0.166961,-1.51086,-0.936383
1,0.888728,0.907648,0.706523,0.726629,0.167034,-1.50784,-0.936421
1,0.889155,0.908653,0.706515,0.730589,0.167111,-1.50482,-0.936458
1,0.889567,0.909648,0.706514,0.734524,0.167192,-1.50182,-0.936493
1,0.889967,0.910632,0.70652,0.738432,0.167276,-1.49883,-0.936527
1,0.890354,0.911605,0.706534,0.742314,0.167363,-1.49585,-0.93656
1,0.890727,0.912568,0.706555,0.74617,0.167453,-1.49288,-0.936591
1,0.891088,0.913521,0.706582,0.750002,0.167546,-1.48992,-0.936622
1,0.891437,0.914464,0.706617,0.753808,0.167643,-1.48698,-0.936651
1,0.891773,0.915397,0.706658,0.75759,0.167742,-1.48404,-0.936679
1,0.892097,0.91632,0.706707,0.761349,0.167844,-1.48111,-0.936706
1,0.892409,0.917234,0.706762,0.765083,0.16795,-1.4782,-0.936732
1,0.89271,0.918138,0.706823,0.768794,0.168058,-1.47529,-0.936757
1,0.892998,0.919032,0.706891,0.772482,0.168169,-1.4724,-0.936781
1,0.893276,0.919917,0.706966,0.776147,0.168283,-1.46951,-0.936804
1,0.893541,0.920793,0.707046,0.77979,0.168399,-1.46664,-0.936826
1,0.893796,0.92166,0.707134,0.78341,0.168518,-1.46377,-0.936846
1,0.89404,0.922518,0.707227,0.787009,0.168639,-1.46091,-0.936866
1,0.894273,0.923367,0.707327,0.790586,0.168764,-1.45806,-0.936885
1,0.894495,0.924207,0.707432,0.794142,0.16889,-1.45522,-0.936903
1,0.894707,0.925039,0.707544,0.797677,0.169019,-1.45239,-0.93692
1,0.894908,0.925862,0.707662,0.801191,0.16915,-1.44957,-0.936937
1,0.895099,0.926676,0.707786,0.804684,0.169284,-1.44676,-0.936952
1,0.895279,0.927482,0.707915,0.808157,0.16942,-1.44395,-0.936966
1,0.89545,0.92828,0.708051,0.81161,0.169559,-1.44116,-0.93698
1,0.89561,0.929069,0.708192,0.815043,0.169699,-1.43837,-0.936993
1,0.895761,0.92985,0.708339,0.818457,0.169842,-1.43559,-0.937005
1,0.895902,0.930623,0.708492,0.821851,0.169987,-1.43282,-0.937016
1,0.896034,0.931389,0.70865,0.825226,0.170134,-1.43006,-0.937026
1,0.896155,0.932146,0.708814,0.828582,0.170283,-1.4273,-0.937036
1,0.896268,0.932895,0.708984,0.83192,0.170434,-1.42455,-0.937044
1,0.896371,0.933637,0.709158,0.835239,0.170588,-1.42181,-0.937052
1,0.896465,0.934371,0.709339,0.83854,0.170743,-1.41908,-0.93706
1,0.89655,0.935097,0.709525,0.841822,0.1709,-1.41635,-0.937066
1,0.896626,0.935816,0.709716,0.845087,0.171059,-1.41363,-0.937072
1,0.896693,0.936527,0.709912,0.848334,0.17122,-1.41092,-0.937077
1,0.896751,0.937231,0.710114,0.851564,0.171383,-1.40822,-0.937081
1,0.8968,0.937927,0.710321,0.854776,0.171548,-1.40552,-0.937085
1,0.896841,0.938616,0.710533,0.857971,0.171714,-1.40283,-0.937088
1,0.896873,0.939298,0.71075,0.861149,0.171882,-1.40015,-0.93709
1,0.896897,0.939973,0.710972,0.86431,0.172052,-1.39747,-0.937092
1,0.896912,0.940641,0.7112,0.867455,0.172224,-1.3948,-0.937093
1,0.896919,0.941302,0.711432,0.870583,0.172397,-1.39214,-0.937093
1,0.896918,0.941956,0.71167,0.873695,0.172573,-1.38948,-0.937092
1,0.896909,0.942602,0.711912,0.87679,0.172749,-1.38683,-0.937091
1,0.896892,0.943243,0.712159,0.87987,0.172928,-1.38419,-0.93709
1,0.896866,0.943876,0.712412,0.882934,0.173108,-1.38155,-0.937088
1,0.896833,0.944502,0.712669,0.885982,0.173289,-1.37892,-0.937085
1,0.896792,0.945122,0.712931,0.889014,0.173473,-1.37629,-0.937081
1,0.896742,0.945735,0.713197,0.892031,0.173657,-1.37367,-0.937077
1,0.896686,0.946342,0.713469,0.895033,0.173843,-1.37106,-0.937072
1,0.896621,0.946942,0.713745,0.89802,0.174031,-1.36845,-0.937067
1,0.896549,0.947536,0.714026,0.900991,0.17422,-1.36585,-0.937061
1,0.89647,0.948123,0.714312,0.903948,0.174411,-1.36326,-0.937055
1,0.896383,0.948704,0.714602,0.90689,0.174603,-1.36067,-0.937048
1,0.896288,0.949278,0.714897,0.909817,0.174797,-1.35808,-0.93704
1,0.896187,0.949847,0.715196,0.91273,0.174991,-1.3555,-0.937032
1,0.896078,0.950409,0.7155,0.915628,0.175188,-1.35293,-0.937024
1,0.895961,0.950965,0.715809,0.918513,0.175385,-1.35036,-0.937014
1,0.895838,0.951514,0.716122,0.921383,0.175584,-1.3478,-0.937005
1,0.895707,0.952058,0.71644,0.924239,0.175785,-1.34524,-0.936995
1,0.895569,0.952596,0.716762,0.927081,0.175986,-1.34269,-0.936984
1,0.895425,0.953127,0.717089,0.929909,0.176189,-1.34014,-0.936972
1,0.895273,0.953653,0.71742,0.932724,0.176393,-1.3376,-0.936961
1,0.895114,0.954173,0.717755,0.935525,0.176599,-1.33507,-0.936948
1,0.894949,0.954687,0.718095,0.938312,0.176806,-1.33254,-0.936936
1,0.894777,0.955195,0.718439,0.941087,0.177013,-1.33001,-0.936922
1,0.894598,0.955697,0.718788,0.943848,0.177223,-1.32749,-0.936908
1,0.894412,0.956194,0.71914,0.946595,0.177433,-1.32497,-0.936894
1,0.894219,0.956684,0.719498,0.94933,0.177645,-1.32246,-0.936879
1,0.89402,0.957169,0.719859,0.952052,0.177857,-1.31996,-0.936864
1,0.893814,0.957649,0.720225,0.954761,0.178071,-1.31745,-0.936848
1,0.893602,0.958123,0.720594,0.957457,0.178286,-1.31496,-0.936832
1,0.893383,0.958591,0.720969,0.96014,0.178502,-1.31246,-0.936816
1,0.893158,0.959054,0.721347,0.962811,0.17872,-1.30998,-0.936798
1,0.892926,0.959511,0.721729,0.96547,0.178938,-1.30749,-0.936781
1,0.892688,0.959963,0.722116,0.968115,0.179158,-1.30502,-0.936763
1,0.892444,0.96041,0.722507,0.970749,0.179378,-1.30254,-0.936744
1,0.892193,0.960851,0.722902,0.97337,0.1796,-1.30007,-0.936725
1,0.891936,0.961286,0.723301,0.97598,0.179823,-1.29761,-0.936706
1,0.891673,0.961717,0.723704,0.978577,0.180046,-1.29515,-0.936686
1,0.891403,0.962142,0.724111,0.981162,0.180271,-1.29269,-0.936666
1,0.891128,0.962562,0.724522,0.983735,0.180497,-1.29024,-0.936645
1,0.890846,0.962976,0.724938,0.986296,0.180724,-1.28779,-0.936624
1,0.890558,0.963386,0.725357,0.988846,0.180952,-1.28535,-0.936602
1,0.890264,0.96379,0.72578,0.991383,0.181181,-1.28291,-0.93658
1,0.889964,0.964189,0.726208,0.99391,0.18141,-1.28047,-0.936558
1,0.889658,0.964583,0.726639,0.996424,0.181641,-1.27804,-0.936535
1,0.889346,0.964972,0.727074,0.998928,0.181873,-1.27562,-0.936512
1,0.889028,0.965356,0.727514,1.00142,0.182106,-1.27319,-0.936488
1,0.888704,0.965735,0.727957,1.0039,0.182339,-1.27077,-0.936464
1,0.888375,0.966109,0.728404,1.00637,0.182574,-1.26836,-0.93644
1,0.888039,0.966478,0.728855,1.00883,0.182809,-1.26595,-0.936415
1,0.887698,0.966843,0.72931,1.01127,0.183046,-1.26354,-0.93639
1,0.88735,0.967202,0.729769,1.01371,0.183283,-1.26114,-0.936364
1,0.886998,0.967556,0.730232,1.01613,0.183521,-1.25874,-0.936338
1,0.886639,0.967906,0.730698,1.01855,0.183761,-1.25634,-0.936312
1,0.886274,0.968251,0.731169,1.02095,0.184001,-1.25395,-0.936285
1,0.885904,0.968591,0.731643,1.02334,0.184241,-1.25156,-0.936258
1,0.885529,0.968926,0.732121,1.02573,0.184483,-1.24918,-0.93623
1,0.885147,0.969256,0.732603,1.0281,0.184726,-1.2468,-0.936202
1,0.88476,0.969582,0.733089,1.03046,0.184969,-1.24442,-0.936174
1,0.884368,0.969903,0.733579,1.03281,0.185214,-1.24205,-0.936145
1,0.883969,0.97022,0.734072,1.03514,0.185459,-1.23968,-0.936116
1,0.883566,0.970532,0.734569,1.03747,0.185705,-1.23731,-0.936086
1,0.883156,0.970839,0.73507,1.03979,0.185951,-1.23495,-0.936057
1,0.882742,0.971142,0.735575,1.0421,0.186199,-1.23259,-0.936026
1,0.882322,0.97144,0.736083,1.0444,0.186447,-1.23024,-0.935996
1,0.881896,0.971734,0.736596,1.04668,0.186696,-1.22788,-0.935965
1,0.881465,0.972023,0.737111,1.04896,0.186946,-1.22554,-0.935934
1,0.881028,0.972308,0.737631,1.05123,0.187197,-1.22319,-0.935902
1,0.880586,0.972588,0.738154,1.05349,0.187449,-1.22085,-0.93587
1,0.880139,0.972864,0.738682,1.05573,0.187701,-1.21851,-0.935837
1,0.879686,0.973135,0.739212,1.05797,0.187954,-1.21618,-0.935805
1,0.879228,0.973402,0.739747,1.0602,0.188208,-1.21384,-0.935772
1,0.878765,0.973665,0.740285,1.06241,0.188462,-1.21151,-0.935738
1,0.878297,0.973924,0.740827,1.06462,0.188717,-1.20919,-0.935704
1,0.877823,0.974178,0.741372,1.06682,0.188973,-1.20687,-0.93567
1,0.877344,0.974427,0.741921,1.06901,0.18923,-1.20455,-0.935636
1,0.876859,0.974673,0.742474,1.07118,0.189488,-1.20223,-0.935601
1,0.87637,0.974914,0.74303,1.07335,0.189746,-1.19992,-0.935566
1,0.875875,0.975151,0.74359,1.07551,0.190005,-1.19761,-0.93553
1,0.875375,0.975384,0.744154,1.07766,0.190264,-1.19531,-0.935495
1,0.874869,0.975613,0.744721,1.0798,0.190524,-1.193,-0.935458
1,0.874359,0.975837,0.745292,1.08193,0.190785,-1.1907,-0.935422
1,0.873844,0.976058,0.745867,1.08405,0.191047,-1.18841,-0.935385
1,0.873323,0.976274,0.746445,1.08616,0.191309,-1.18611,-0.935348
1,0.872797,0.976486,0.747026,1.08826,0.191572,-1.18382,-0.93531
1,0.872266,0.976694,0.747612,1.09036,0.191836,-1.18153,-0.935272
1,0.87173,0.976899,0.748201,1.09244,0.1921,-1.17925,-0.935234
1,0.871189,0.977099,0.748793,1.09452,0.192365,-1.17697,-0.935196
1,0.870643,0.977295,0.749389,1.09658,0.192631,-1.17469,-0.935157
1,0.870092,0.977487,0.749988,1.09864,0.192897,-1.17241,-0.935118
1,0.869536,0.977675,0.750592,1.10068,0.193164,-1.17014,-0.935078
1,0.868975,0.977859,0.751198,1.10272,0.193431,-1.16787,-0.935039
1,0.868408,0.978039,0.751808,1.10475,0.1937,-1.1656,-0.934999
1,0.867837,0.978215,0.752422,1.10677,0.193968,-1.16334,-0.934958
1,0.867261,0.978388,0.753039,1.10878,0.194238,-1.16108,-0.934917
1,0.86668,0.978556,0.75366,1.11078,0.194508,-1.15882,-0.934876
1,0.866094,0.978721,0.754284,1.11277,0.194778,-1.15657,-0.934835
1,0.865503,0.978882,0.754912,1.11476,0.19505,-1.15431,-0.934793
1,0.864906,0.979039,0.755544,1.11673,0.195321,-1.15206,-0.934751
1,0.864306,0.979192,0.756178,1.1187,0.195594,-1.14982,-0.934709
1,0.8637,0.979342,0.756817,1.12066,0.195867,-1.14757,-0.934667
1,0.863089,0.979487,0.757459,1.1226,0.196141,-1.14533,-0.934624
1,0.862473,0.979629,0.758104,1.12454,0.196415,-1.14309,-0.93458
1,0.861853,0.979767,0.758753,1.12648,0.19669,-1.14085,-0.934537
1,0.861227,0.979902,0.759405,1.1284,0.196965,-1.13862,-0.934493
1,0.860597,0.980033,0.760061,1.13031,0.197241,-1.13639,-0.934449
1,0.859962,0.98016,0.76072,1.13222,0.197517,-1.13416,-0.934405
1,0.859322,0.980284,0.761383,1.13412,0.197794,-1.13194,-0.93436
1,0.858677,0.980404,0.762049,1.136,0.198072,-1.12971,-0.934315
1,0.858027,0.98052,0.762719,1.13788,0.19835,-1.12749,-0.934269
1,0.857372,0.980633,0.763392,1.13976,0.198629,-1.12528,-0.934224
1,0.856713,0.980742,0.764069,1.14162,0.198908,-1.12306,-0.934178
1,0.856049,0.980847,0.764749,1.14347,0.199188,-1.12085,-0.934132
1,0.85538,0.980949,0.765432,1.14532,0.199468,-1.11864,-0.934085
1,0.854706,0.981048,0.766119,1.14716,0.199749,-1.11643,-0.934038
1,0.854027,0.981143,0.766809,1.14899,0.200031,-1.11423,-0.933991
1,0.853344,0.981234,0.767503,1.15081,0.200313,-1.11203,-0.933944
1,0.852656,0.981323,0.7682,1.15262,0.200595,-1.10983,-0.933896
1,0.851963,0.981407,0.768901,1.15443,0.200878,-1.10763,-0.933848
1,0.851265,0.981488,0.769605,1.15622,0.201162,-1.10544,-0.933799
1,0.850563,0.981566,0.770313,1.15801,0.201446,-1.10324,-0.933751
1,0.849856,0.98164,0.771024,1.15979,0.20173,-1.10105,-0.933702
1,0.849144,0.981711,0.771738,1.16156,0.202015,-1.09887,-0.933653
1,0.848428,0.981779,0.772456,1.16333,0.202301,-1.09668,-0.933603
1,0.847707,0.981843,0.773178,1.16508,0.202587,-1.0945,-0.933554
1,0.84698,0.981904,0.773902,1.16683,0.202873,-1.09232,-0.933504
1,0.84625,0.981961,0.77463,1.16857,0.20316,-1.09014,-0.933454
1,0.845514,0.982016,0.775362,1.1703,0.203448,-1.08797,-0.933403
1,0.844774,0.982067,0.776097,1.17202,0.203736,-1.0858,-0.933353
1,0.844029,0.982114,0.776835,1.17374,0.204024,-1.08363,-0.933301
1,0.84328,0.982159,0.777577,1.17545,0.204313,-1.08146,-0.93325
1,0.842526,0.9822,0.778322,1.17715,0.204603,-1.0793,-0.933198
1,0.841767,0.982238,0.77907,1.17884,0.204893,-1.07713,-0.933146
1,0.841003,0.982273,0.779822,1.18052,0.205183,-1.07497,-0.933094
1,0.840235,0.982304,0.780578,1.1822,0.205474,-1.07282,-0.933042
1,0.839462,0.982333,0.781336,1.18387,0.205765,-1.07066,-0.932988
1,0.838685,0.982358,0.782098,1.18553,0.206057,-1.06851,-0.932936
1,0.837902,0.98238,0.782864,1.18718,0.206349,-1.06636,-0.932882
1,0.837116,0.982399,0.783633,1.18882,0.206642,-1.06421,-0.932829
1,0.836324,0.982415,0.784405,1.19046,0.206935,-1.06206,-0.932774
1,0.835528,0.982428,0.785181,1.19209,0.207229,-1.05992,-0.932721
1,0.834727,0.982438,0.78596,1.19371,0.207523,-1.05778,-0.932666
1,0.833922,0.982445,0.786742,1.19532,0.207817,-1.05564,-0.932612
1,0.833112,0.982448,0.787528,1.19693,0.208112,-1.0535,-0.932556
1,0.832297,0.982449,0.788317,1.19853,0.208407,-1.05137,-0.932501
1,0.831478,0.982447,0.78911,1.20012,0.208703,-1.04924,-0.932445
1,0.830654,0.982441,0.789906,1.2017,0.208999,-1.04711,-0.93239
1,0.829825,0.982433,0.790705,1.20328,0.209296,-1.04498,-0.932333
1,0.828992,0.982422,0.791508,1.20485,0.209593,-1.04285,-0.932278
1,0.828154,0.982408,0.792314,1.20641,0.20989,-1.04073,-0.932221
1,0.827312,0.98239,0.793123,1.20796,0.210188,-1.03861,-0.932164
1,0.826465,0.98237,0.793936,1.2095,0.210487,-1.03649,-0.932107
1,0.825613,0.982347,0.794752,1.21104,0.210785,-1.03438,-0.93205
1,0.824757,0.982321,0.795571,1.21257,0.211084,-1.03226,-0.931991
1,0.823896,0.982293,0.796394,1.21409,0.211384,-1.03015,-0.931934
1,0.823031,0.982261,0.797221,1.21561,0.211684,-1.02804,-0.931876
1,0.822161,0.982227,0.79805,1.21712,0.211984,-1.02593,-0.931817
1,0.821286,0.982189,0.798883,1.21862,0.212285,-1.02383,-0.931759
1,0.820407,0.982149,0.79972,1.22011,0.212586,-1.02173,-0.9317
1,0.819523,0.982106,0.800559,1.22159,0.212888,-1.01963,-0.931641
1,0.818635,0.982061,0.801402,1.22307,0.21319,-1.01753,-0.931581
1,0.817742,0.982013,0.802249,1.22454,0.213492,-1.01543,-0.931521
1,0.816844,0.981961,0.803098,1.226,0.213795,-1.01334,-0.931461
1,0.815942,0.981908,0.803952,1.22746,0.214098,-1.01125,-0.931401
1,0.815035,0.981851,0.804808,1.22891,0.214401,-1.00916,-0.931341
1,0.814124,0.981792,0.805668,1.23035,0.214705,-1.00707,-0.93128
2,0.814124,0.981792,0.805668,1.23035,0.214705,-1.00707,-0.93128
2,0.814124,0.981792,0.805668,1.23035,0.214705,-1.00707,-0.93128
2,0.812438,0.981857,0.806887,1.22812,0.215026,-1.00818,-0.93026
2,0.810749,0.981921,0.808104,1.22588,0.215347,-1.00929,-0.929242
2,0.810948,0.983096,0.808546,1.22887,0.215656,-1.00712,-0.928874
2,0.811138,0.984266,0.808996,1.23184,0.215967,-1.00495,-0.928504
2,0.811323,0.985432,0.80945,1.2348,0.21628,-1.00279,-0.928132
2,0.811502,0.986595,0.80991,1.23775,0.216594,-1.00063,-0.92776
2,0.811675,0.987754,0.810374,1.24069,0.216909,-0.998472,-0.927387
2,0.811843,0.988911,0.810844,1.24362,0.217226,-0.996319,-0.927012
2,0.812006,0.990063,0.811318,1.24655,0.217545,-0.994169,-0.926636
2,0.812163,0.991213,0.811797,1.24946,0.217865,-0.992022,-0.926259
2,0.812314,0.992359,0.812281,1.25237,0.218186,-0.989879,-0.925881
2,0.812461,0.993502,0.81277,1.25526,0.218509,-0.987738,-0.925502
2,0.812602,0.994642,0.813264,1.25815,0.218833,-0.985601,-0.925122
2,0.812737,0.995779,0.813762,1.26103,0.219158,-0.983466,-0.924741
2,0.812868,0.996912,0.814266,1.2639,0.219485,-0.981335,-0.924358
2,0.812993,0.998042,0.814774,1.26676,0.219814,-0.979206,-0.923974
2,0.813113,0.999169,0.815286,1.26961,0.220143,-0.977081,-0.923589
2,0.813228,1.00029,0.815804,1.27245,0.220475,-0.974958,-0.923204
2,0.813337,1.00141,0.816326,1.27528,0.220807,-0.972838,-0.922816
2,0.813442,1.00253,0.816853,1.27811,0.221141,-0.970721,-0.922428
2,0.813541,1.00365,0.817385,1.28093,0.221476,-0.968607,-0.922039
2,0.813636,1.00476,0.817921,1.28373,0.221813,-0.966496,-0.921649
2,0.813725,1.00587,0.818462,1.28653,0.222151,-0.964387,-0.921257
2,0.813809,1.00697,0.819007,1.28932,0.222491,-0.962282,-0.920864
2,0.813888,1.00807,0.819557,1.2921,0.222832,-0.960178,-0.92047
2,0.813963,1.00917,0.820112,1.29488,0.223174,-0.958078,-0.920076
2,0.814032,1.01027,0.820671,1.29764,0.223518,-0.95598,-0.91968
2,0.814096,1.01136,0.821235,1.3004,0.223863,-0.953885,-0.919282
2,0.814156,1.01245,0.821803,1.30314,0.224209,-0.951793,-0.918884
2,0.814211,1.01354,0.822376,1.30588,0.224557,-0.949703,-0.918485
2,0.81426,1.01463,0.822953,1.30861,0.224906,-0.947616,-0.918084
2,0.814306,1.01571,0.823535,1.31134,0.225256,-0.945531,-0.917683
2,0.814346,1.01679,0.824121,1.31405,0.225608,-0.943449,-0.91728
2,0.814381,1.01786,0.824712,1.31676,0.225961,-0.94137,-0.916876
2,0.814412,1.01894,0.825307,1.31946,0.226316,-0.939293,-0.916471
2,0.814438,1.02001,0.825906,1.32215,0.226672,-0.937218,-0.916065
2,0.814459,1.02107,0.82651,1.32483,0.227029,-0.935146,-0.915658
2,0.814476,1.02214,0.827119,1.3275,0.227388,-0.933076,-0.915249
2,0.814488,1.0232,0.827731,1.33017,0.227748,-0.931009,-0.91484
2,0.814495,1.02426,0.828349,1.33283,0.228109,-0.928944,-0.914429
2,0.814497,1.02532,0.82897,1.33548,0.228472,-0.926882,-0.914018
2,0.814495,1.02637,0.829596,1.33812,0.228836,-0.924822,-0.913605
2,0.814489,1.02742,0.830226,1.34075,0.229201,-0.922764,-0.913191
2,0.814478,1.02847,0.83086,1.34338,0.229568,-0.920708,-0.912776
2,0.814462,1.02952,0.831499,1.346,0.229936,-0.918655,-0.91236
2,0.814442,1.03056,0.832142,1.34861,0.230306,-0.916604,-0.911943
2,0.814417,1.0316,0.832789,1.35121,0.230676,-0.914556,-0.911525
2,0.814388,1.03264,0.833441,1.35381,0.231048,-0.91251,-0.911105
2,0.814354,1.03367,0.834097,1.3564,0.231422,-0.910465,-0.910685
2,0.814316,1.0347,0.834757,1.35898,0.231797,-0.908424,-0.910263
2,0.814274,1.03573,0.835421,1.36155,0.232173,-0.906384,-0.909841
2,0.814227,1.03676,0.83609,1.36411,0.23255,-0.904346,-0.909417
2,0.814175,1.03779,0.836762,1.36667,0.232929,-0.902311,-0.908992
2,0.814119,1.03881,0.837439,1.36922,0.233309,-0.900278,-0.908566
2,0.814059,1.03983,0.83812,1.37176,0.233691,-0.898247,-0.908139
2,0.813995,1.04085,0.838805,1.3743,0.234073,-0.896218,-0.907711
2,0.813926,1.04186,0.839495,1.37682,0.234457,-0.894191,-0.907281
2,0.813853,1.04287,0.840188,1.37934,0.234843,-0.892166,-0.906851
2,0.813775,1.04388,0.840886,1.38186,0.23523,-0.890143,-0.90642
2,0.813693,1.04489,0.841588,1.38436,0.235618,-0.888122,-0.905987
2,0.813607,1.04589,0.842294,1.38686,0.236007,-0.886104,-0.905553
3,0.813607,1.04589,0.842294,1.38686,0.236007,-0.886104,-0.905553
3,0.813607,1.04589,0.842294,1.38686,0.236007,-0.886104,-0.905553
3,0.811772,1.04611,0.843604,1.38433,0.236366,-0.887409,-0.904342
3,0.809935,1.04632,0.84491,1.38179,0.236723,-0.888719,-0.903132
3,0.808096,1.04653,0.846213,1.37924,0.23708,-0.890033,-0.901923
3,0.806255,1.04674,0.847513,1.37668,0.237438,-0.89135,-0.900715
3,0.804412,1.04694,0.84881,1.37412,0.237795,-0.892671,-0.899507
3,0.802568,1.04715,0.850103,1.37154,0.238151,-0.893996,-0.8983
3,0.800722,1.04736,0.851394,1.36896,0.238508,-0.895324,-0.897094
3,0.798874,1.04756,0.852681,1.36638,0.238865,-0.896656,-0.895888
3,0.797024,1.04776,0.853965,1.36378,0.239221,-0.897992,-0.894683
3,0.795172,1.04797,0.855246,1.36118,0.239577,-0.899331,-0.893479
3,0.793318,1.04817,0.856524,1.35857,0.239933,-0.900674,-0.892276
3,0.791462,1.04837,0.857799,1.35595,0.240289,-0.902021,-0.891073
3,0.793196,1.0501,0.857147,1.35774,0.240261,-0.902426,-0.890582
3,0.794922,1.05184,0.856502,1.35952,0.240234,-0.902839,-0.890088
3,0.796643,1.05357,0.855863,1.36128,0.240208,-0.903257,-0.889593
3,0.798359,1.05531,0.855229,1.36305,0.240182,-0.903681,-0.889098
3,0.800071,1.05705,0.8546,1.3648,0.240157,-0.90411,-0.888601
3,0.801778,1.05879,0.853975,1.36655,0.240132,-0.904544,-0.888103
3,0.80348,1.06052,0.853356,1.36829,0.240108,-0.904984,-0.887604
3,0.805178,1.06226,0.852741,1.37002,0.240085,-0.90543,-0.887104
3,0.806871,1.064,0.852132,1.37175,0.240062,-0.90588,-0.886603
3,0.808559,1.06574,0.851527,1.37347,0.24004,-0.906336,-0.886101
3,0.810243,1.06748,0.850927,1.37518,0.240018,-0.906798,-0.885597
3,0.811923,1.06922,0.850332,1.37689,0.239997,-0.907265,-0.885093
3,0.813597,1.07096,0.849742,1.37859,0.239976,-0.907737,-0.884587
3,0.815268,1.0727,0.849157,1.38028,0.239956,-0.908215,-0.88408
3,0.816934,1.07444,0.848576,1.38197,0.239937,-0.908698,-0.883573
3,0.818595,1.07619,0.848,1.38364,0.239918,-0.909186,-0.883064
3,0.820252,1.07793,0.847429,1.38532,0.2399,-0.90968,-0.882554
3,0.821905,1.07967,0.846863,1.38698,0.239882,-0.910179,-0.882043
3,0.823554,1.08141,0.846301,1.38864,0.239865,-0.910683,-0.881531
3,0.825198,1.08315,0.845744,1.39029,0.239848,-0.911193,-0.881018
3,0.826838,1.0849,0.845192,1.39193,0.239832,-0.911708,-0.880503
3,0.828473,1.08664,0.844644,1.39357,0.239816,-0.912228,-0.879988
3,0.830105,1.08838,0.844101,1.3952,0.239801,-0.912753,-0.879472
3,0.831732,1.09013,0.843562,1.39682,0.239786,-0.913284,-0.878954
3,0.833355,1.09187,0.843028,1.39844,0.239772,-0.91382,-0.878436
3,0.834974,1.09362,0.842499,1.40005,0.239758,-0.914361,-0.877916
3,0.836589,1.09536,0.841974,1.40165,0.239745,-0.914908,-0.877395
3,0.8382,1.0971,0.841454,1.40325,0.239732,-0.91546,-0.876873
3,0.839807,1.09885,0.840938,1.40484,0.23972,-0.916017,-0.87635
3,0.84141,1.10059,0.840427,1.40642,0.239709,-0.916579,-0.875826
3,0.843008,1.10234,0.83992,1.408,0.239697,-0.917146,-0.875301
3,0.844603,1.10408,0.839417,1.40957,0.239687,-0.917719,-0.874775
3,0.846194,1.10583,0.838919,1.41113,0.239676,-0.918297,-0.874248
3,0.847781,1.10758,0.838426,1.41269,0.239667,-0.91888,-0.87372
3,0.849364,1.10932,0.837937,1.41424,0.239658,-0.919468,-0.873191
3,0.850944,1.11107,0.837452,1.41578,0.239649,-0.920062,-0.87266
3,0.852519,1.11281,0.836971,1.41732,0.239641,-0.920661,-0.872129
3,0.854091,1.11456,0.836495,1.41885,0.239633,-0.921264,-0.871597
3,0.855659,1.1163,0.836023,1.42037,0.239625,-0.921873,-0.871063
3,0.857223,1.11805,0.835556,1.42189,0.239619,-0.922488,-0.870528
3,0.858783,1.1198,0.835093,1.4234,0.239612,-0.923107,-0.869993
3,0.86034,1.12154,0.834634,1.4249,0.239606,-0.923731,-0.869456
3,0.861893,1.12329,0.834179,1.42639,0.239601,-0.924361,-0.868918
3,0.863442,1.12504,0.833729,1.42788,0.239596,-0.924996,-0.86838
3,0.864988,1.12678,0.833283,1.42937,0.239591,-0.925635,-0.86784
3,0.86653,1.12853,0.832841,1.43084,0.239587,-0.92628,-0.867299
3,0.868068,1.13027,0.832403,1.43231,0.239583,-0.92693,-0.866757
3,0.869603,1.13202,0.831969,1.43378,0.23958,-0.927586,-0.866214
3,0.871134,1.13377,0.83154,1.43523,0.239578,-0.928246,-0.86567
3,0.872662,1.13551,0.831114,1.43668,0.239575,-0.928911,-0.865125
3,0.874187,1.13726,0.830693,1.43813,0.239573,-0.929582,-0.864579
3,0.875707,1.13901,0.830276,1.43956,0.239572,-0.930257,-0.864032
3,0.877225,1.14075,0.829863,1.44099,0.239571,-0.930938,-0.863484
3,0.878739,1.1425,0.829454,1.44242,0.239571,-0.931623,-0.862935
3,0.880249,1.14424,0.829049,1.44383,0.23957,-0.932314,-0.862384
3,0.881756,1.14599,0.828648,1.44525,0.239571,-0.93301,-0.861833
3,0.88326,1.14774,0.828252,1.44665,0.239572,-0.93371,-0.861281
3,0.88476,1.14948,0.827859,1.44805,0.239573,-0.934416,-0.860728
3,0.886257,1.15123,0.82747,1.44944,0.239575,-0.935127,-0.860173
3,0.887751,1.15297,0.827085,1.45082,0.239577,-0.935843,-0.859618
3,0.889242,1.15472,0.826704,1.4522,0.239579,-0.936564,-0.859062
3,0.890729,1.15646,0.826327,1.45357,0.239582,-0.937289,-0.858505
3,0.892213,1.15821,0.825954,1.45494,0.239586,-0.93802,-0.857946
3,0.893693,1.15995,0.825585,1.4563,0.23959,-0.938756,-0.857387
3,0.895171,1.1617,0.82522,1.45765,0.239594,-0.939497,-0.856826
3,0.896645,1.16344,0.824859,1.45899,0.239599,-0.940243,-0.856265
3,0.898116,1.16519,0.824502,1.46033,0.239604,-0.940993,-0.855703
3,0.899584,1.16693,0.824148,1.46167,0.239609,-0.941749,-0.855139
3,0.901049,1.16867,0.823798,1.46299,0.239615,-0.94251,-0.854575
3,0.90251,1.17042,0.823453,1.46431,0.239622,-0.943275,-0.85401
3,0.903969,1.17216,0.823111,1.46562,0.239629,-0.944046,-0.853443
3,0.905425,1.1739,0.822772,1.46693,0.239636,-0.944821,-0.852876
3,0.906877,1.17565,0.822438,1.46823,0.239644,-0.945601,-0.852307
3,0.908326,1.17739,0.822107,1.46953,0.239652,-0.946387,-0.851738
3,0.909773,1.17913,0.821781,1.47081,0.23966,-0.947177,-0.851168
3,0.911216,1.18087,0.821457,1.47209,0.239669,-0.947972,-0.850596
3,0.912656,1.18262,0.821138,1.47337,0.239679,-0.948772,-0.850024
3,0.914094,1.18436,0.820822,1.47464,0.239689,-0.949577,-0.849451
3,0.915528,1.1861,0.82051,1.4759,0.239699,-0.950387,-0.848876
3,0.91696,1.18784,0.820202,1.47715,0.239709,-0.951201,-0.848301
3,0.918388,1.18958,0.819898,1.4784,0.239721,-0.952021,-0.847725
3,0.919814,1.19132,0.819597,1.47965,0.239732,-0.952845,-0.847148
3,0.921236,1.19306,0.819299,1.48088,0.239744,-0.953674,-0.84657
3,0.922656,1.1948,0.819006,1.48211,0.239756,-0.954508,-0.84599
3,0.924073,1.19654,0.818716,1.48334,0.239769,-0.955347,-0.84541
3,0.925487,1.19828,0.818429,1.48455,0.239782,-0.956191,-0.844829
3,0.926899,1.20001,0.818147,1.48576,0.239796,-0.957039,-0.844247
3,0.928307,1.20175,0.817867,1.48697,0.23981,-0.957893,-0.843664
3,0.929713,1.20349,0.817592,1.48817,0.239825,-0.958751,-0.84308
3,0.931116,1.20523,0.81732,1.48936,0.239839,-0.959614,-0.842495
3,0.932516,1.20696,0.817051,1.49054,0.239855,-0.960482,-0.841909
3,0.933913,1.2087,0.816786,1.49172,0.239871,-0.961354,-0.841322
3,0.935308,1.21043,0.816525,1.49289,0.239887,-0.962232,-0.840735
3,0.9367,1.21217,0.816267,1.49406,0.239903,-0.963114,-0.840146
3,0.938089,1.2139,0.816012,1.49522,0.23992,-0.964001,-0.839556
3,0.939476,1.21564,0.815761,1.49637,0.239938,-0.964892,-0.838966
3,0.94086,1.21737,0.815514,1.49752,0.239956,-0.965789,-0.838374
3,0.942241,1.2191,0.81527,1.49866,0.239974,-0.96669,-0.837782
3,0.943619,1.22084,0.815029,1.49979,0.239993,-0.967596,-0.837188
3,0.944995,1.22257,0.814792,1.50092,0.240012,-0.968506,-0.836594
3,0.946368,1.2243,0.814558,1.50204,0.240032,-0.969421,-0.835999
3,0.947739,1.22603,0.814328,1.50316,0.240052,-0.970341,-0.835402
3,0.949107,1.22776,0.814101,1.50427,0.240072,-0.971266,-0.834805
3,0.950473,1.22949,0.813877,1.50537,0.240093,-0.972196,-0.834207
3,0.951835,1.23122,0.813657,1.50647,0.240114,-0.97313,-0.833608
3,0.953196,1.23295,0.81344,1.50756,0.240136,-0.974069,-0.833008
3,0.954554,1.23468,0.813227,1.50864,0.240158,-0.975012,-0.832407
3,0.955909,1.23641,0.813016,1.50972,0.240181,-0.97596,-0.831806
3,0.957262,1.23813,0.81281,1.51079,0.240204,-0.976913,-0.831203
3,0.958612,1.23986,0.812606,1.51185,0.240227,-0.97787,-0.830599
3,0.95996,1.24158,0.812406,1.51291,0.240251,-0.978833,-0.829995
3,0.961305,1.24331,0.812209,1.51396,0.240276,-0.979799,-0.829389
3,0.962648,1.24503,0.812015,1.51501,0.2403,-0.980771,-0.828783
3,0.963988,1.24676,0.811825,1.51605,0.240326,-0.981747,-0.828176
3,0.965326,1.24848,0.811638,1.51708,0.240351,-0.982727,-0.827568
3,0.966661,1.2502,0.811454,1.51811,0.240377,-0.983713,-0.826959
3,0.967994,1.25192,0.811273,1.51913,0.240404,-0.984703,-0.826349
3,0.969325,1.25364,0.811096,1.52014,0.240431,-0.985697,-0.825738
3,0.970653,1.25536,0.810921,1.52115,0.240458,-0.986696,-0.825127
3,0.971979,1.25708,0.81075,1.52215,0.240486,-0.9877,-0.824514
3,0.973302,1.2588,0.810582,1.52315,0.240515,-0.988708,-0.823901
3,0.974623,1.26052,0.810418,1.52414,0.240543,-0.989721,-0.823287
3,0.975942,1.26223,0.810256,1.52512,0.240573,-0.990738,-0.822671
3,0.977258,1.26395,0.810098,1.5261,0.240602,-0.99176,-0.822055
3,0.978572,1.26567,0.809942,1.52707,0.240632,-0.992786,-0.821438
3,0.979884,1.26738,0.80979,1.52803,0.240663,-0.993817,-0.820821
3,0.981193,1.26909,0.809641,1.52899,0.240694,-0.994852,-0.820202
3,0.982501,1.27081,0.809495,1.52994,0.240726,-0.995892,-0.819582
3,0.983805,1.27252,0.809352,1.53089,0.240757,-0.996937,-0.818962
3,0.985108,1.27423,0.809213,1.53183,0.24079,-0.997986,-0.818341
3,0.986408,1.27594,0.809076,1.53276,0.240823,-0.999039,-0.817719
3,0.987706,1.27765,0.808942,1.53368,0.240856,-1.0001,-0.817096
3,0.989002,1.27936,0.808812,1.5346,0.24089,-1.00116,-0.816472
3,0.990295,1.28107,0.808684,1.53552,0.240924,-1.00223,-0.815847
3,0.991586,1.28277,0.80856,1.53643,0.240959,-1.0033,-0.815222
3,0.992875,1.28448,0.808438,1.53733,0.240994,-1.00437,-0.814595
3,0.994162,1.28618,0.80832,1.53822,0.24103,-1.00545,-0.813968
3,0.995446,1.28789,0.808204,1.53911,0.241066,-1.00654,-0.81334
3,0.996729,1.28959,0.808092,1.53999,0.241102,-1.00763,-0.812711
3,0.998009,1.29129,0.807982,1.54087,0.241139,-1.00872,-0.812082
3,0.999287,1.29299,0.807876,1.54174,0.241177,-1.00982,-0.811451
3,1.00056,1.29469,0.807772,1.5426,0.241215,-1.01092,-0.81082
3,1.00184,1.29639,0.807671,1.54346,0.241254,-1.01203,-0.810188
3,1.00311,1.29809,0.807574,1.54431,0.241293,-1.01314,-0.809555
3,1.00438,1.29979,0.807479,1.54516,0.241332,-1.01425,-0.808921
3,1.00564,1.30148,0.807387,1.546,0.241372,-1.01537,-0.808286
3,1.00691,1.30318,0.807298,1.54683,0.241412,-1.0165,-0.807651
3,1.00817,1.30487,0.807212,1.54765,0.241453,-1.01763,-0.807014
3,1.00943,1.30657,0.807128,1.54847,0.241495,-1.01876,-0.806377
3,1.01069,1.30826,0.807048,1.54929,0.241537,-1.0199,-0.805739
3,1.01195,1.30995,0.80697,1.5501,0.241579,-1.02104,-0.805101
3,1.0132,1.31164,0.806896,1.5509,0.241622,-1.02219,-0.804461
3,1.01445,1.31333,0.806824,1.55169,0.241665,-1.02334,-0.803821
3,1.0157,1.31502,0.806755,1.55248,0.241709,-1.02449,-0.80318
3,1.01695,1.3167,0.806688,1.55326,0.241753,-1.02565,-0.802538
3,1.0182,1.31839,0.806625,1.55404,0.241798,-1.02681,-0.801895
3,1.01944,1.32007,0.806564,1.55481,0.241844,-1.02798,-0.801252
3,1.02068,1.32175,0.806506,1.55557,0.241889,-1.02915,-0.800607
3,1.02192,1.32344,0.806451,1.55633,0.241936,-1.03033,-0.799962
3,1.02316,1.32512,0.806399,1.55708,0.241983,-1.03151,-0.799317
3,1.0244,1.3268,0.806349,1.55783,0.24203,-1.03269,-0.79867
3,1.02563,1.32847,0.806302,1.55856,0.242078,-1.03388,-0.798023
3,1.02686,1.33015,0.806258,1.5593,0.242126,-1.03507,-0.797374
3,1.02809,1.33183,0.806217,1.56002,0.242175,-1.03627,-0.796725
3,1.02932,1.3335,0.806178,1.56074,0.242225,-1.03747,-0.796076
3,1.03055,1.33518,0.806142,1.56146,0.242275,-1.03868,-0.795425
3,1.03177,1.33685,0.806109,1.56216,0.242325,-1.03989,-0.794774
3,1.03299,1.33852,0.806078,1.56287,0.242376,-1.0411,-0.794122
3,1.03421,1.34019,0.80605,1.56356,0.242428,-1.04232,-0.793469
3,1.03543,1.34186,0.806025,1.56425,0.24248,-1.04354,-0.792816
3,1.03665,1.34353,0.806002,1.56493,0.242532,-1.04477,-0.792161
3,1.03786,1.34519,0.805982,1.56561,0.242585,-1.046,-0.791506
3,1.03907,1.34686,0.805965,1.56628,0.242639,-1.04723,-0.79085
3,1.04028,1.34852,0.80595,1.56694,0.242693,-1.04847,-0.790194
3,1.04149,1.35018,0.805938,1.5676,0.242748,-1.04971,-0.789537
3,1.04269,1.35184,0.805928,1.56825,0.242803,-1.05096,-0.788879
3,1.0439,1.3535,0.805921,1.5689,0.242859,-1.05221,-0.78822
3,1.0451,1.35516,0.805917,1.56954,0.242915,-1.05347,-0.78756
3,1.0463,1.35682,0.805915,1.57017,0.242972,-1.05472,-0.7869
3,1.0475,1.35847,0.805915,1.57079,0.24303,-1.05599,-0.786239
3,1.04869,1.36012,0.805919,1.57142,0.243088,-1.05726,-0.785577
3,1.04989,1.36178,0.805924,1.57203,0.243146,-1.05853,-0.784915
3,1.05108,1.36343,0.805933,1.57264,0.243205,-1.0598,-0.784252
3,1.05227,1.36508,0.805943,1.57324,0.243265,-1.06108,-0.783588
3,1.05346,1.36673,0.805957,1.57383,0.243325,-1.06236,-0.782923
3,1.05465,1.36837,0.805972,1.57442,0.243386,-1.06365,-0.782258
3,1.05583,1.37002,0.805991,1.57501,0.243447,-1.06494,-0.781592
3,1.05701,1.37166,0.806012,1.57558,0.243509,-1.06624,-0.780925
3,1.05819,1.3733,0.806035,1.57615,0.243571,-1.06754,-0.780258
3,1.05937,1.37494,0.80606,1.57672,0.243634,-1.06884,-0.77959
3,1.06055,1.37658,0.806088,1.57727,0.243698,-1.07015,-0.778921
3,1.06172,1.37822,0.806119,1.57783,0.243762,-1.07146,-0.778251
3,1.0629,1.37986,0.806152,1.57837,0.243827,-1.07278,-0.777581
3,1.06407,1.38149,0.806187,1.57891,0.243892,-1.07409,-0.77691
3,1.06524,1.38313,0.806225,1.57944,0.243958,-1.07542,-0.776239
3,1.06641,1.38476,0.806265,1.57997,0.244025,-1.07674,-0.775566
3,1.06757,1.38639,0.806308,1.58049,0.244092,-1.07808,-0.774893
3,1.06874,1.38802,0.806353,1.58101,0.244159,-1.07941,-0.77422
3,1.0699,1.38964,0.8064,1.58151,0.244227,-1.08075,-0.773545
4,1.0699,1.38964,0.8064,1.58151,0.244227,-1.08075,-0.773545
4,1.0699,1.38964,0.8064,1.58151,0.244227,-1.08075,-0.773545
4,1.0682,1.38939,0.807373,1.57898,0.244718,-1.0817,-0.772508
4,1.0665,1.38913,0.808342,1.57644,0.245205,-1.08267,-0.771471
4,1.0648,1.38887,0.809308,1.5739,0.245692,-1.08363,-0.770435
4,1.0631,1.38862,0.810271,1.57135,0.246176,-1.0846,-0.769398
4,1.06139,1.38836,0.811231,1.56879,0.246659,-1.08557,-0.768362
4,1.05969,1.3881,0.812188,1.56623,0.247141,-1.08654,-0.767327
4,1.05798,1.38784,0.813142,1.56366,0.247621,-1.08752,-0.766291
4,1.05627,1.38758,0.814094,1.56108,0.248099,-1.0885,-0.765256
4,1.05456,1.38732,0.815042,1.5585,0.248577,-1.08948,-0.764222
4,1.05285,1.38706,0.815988,1.55592,0.249052,-1.09047,-0.763187
4,1.05114,1.38679,0.81693,1.55332,0.249526,-1.09146,-0.762153
4,1.04942,1.38653,0.81787,1.55072,0.249999,-1.09245,-0.761119
4,1.05056,1.38826,0.818036,1.55156,0.25015,-1.09348,-0.760376
4,1.05169,1.38999,0.818205,1.55238,0.250302,-1.09452,-0.759632
4,1.05282,1.39171,0.818377,1.5532,0.250454,-1.09556,-0.758888
4,1.05395,1.39344,0.818551,1.55401,0.250608,-1.09661,-0.758142
4,1.05508,1.39516,0.818728,1.55482,0.250762,-1.09766,-0.757396
4,1.0562,1.39689,0.818907,1.55561,0.250918,-1.09872,-0.756648
4,1.05732,1.39861,0.819089,1.55641,0.251074,-1.09978,-0.7559
4,1.05845,1.40033,0.819274,1.55719,0.25123,-1.10084,-0.75515
4,1.05957,1.40205,0.81946,1.55797,0.251388,-1.10191,-0.7544
4,1.06069,1.40377,0.81965,1.55875,0.251547,-1.10298,-0.753649
4,1.0618,1.40548,0.819841,1.55952,0.251706,-1.10406,-0.752897
4,1.06292,1.4072,0.820036,1.56028,0.251866,-1.10514,-0.752144
4,1.06404,1.40891,0.820232,1.56103,0.252027,-1.10622,-0.75139
4,1.06515,1.41062,0.820431,1.56178,0.252189,-1.10731,-0.750635
4,1.06626,1.41234,0.820632,1.56253,0.252351,-1.1084,-0.749879
4,1.06737,1.41405,0.820836,1.56326,0.252515,-1.1095,-0.749123
4,1.06848,1.41575,0.821042,1.56399,0.252679,-1.1106,-0.748365
4,1.06959,1.41746,0.821251,1.56472,0.252844,-1.1117,-0.747607
4,1.07069,1.41917,0.821462,1.56544,0.25301,-1.11281,-0.746847
4,1.0718,1.42087,0.821675,1.56615,0.253177,-1.11392,-0.746087
4,1.0729,1.42258,0.821891,1.56685,0.253345,-1.11504,-0.745326
4,1.074,1.42428,0.822109,1.56755,0.253513,-1.11616,-0.744564
4,1.0751,1.42598,0.822329,1.56825,0.253682,-1.11729,-0.743801
4,1.0762,1.42768,0.822552,1.56893,0.253852,-1.11842,-0.743037
4,1.0773,1.42937,0.822777,1.56962,0.254023,-1.11955,-0.742272
4,1.07839,1.43107,0.823004,1.57029,0.254195,-1.12069,-0.741507
4,1.07949,1.43276,0.823233,1.57096,0.254368,-1.12183,-0.74074
4,1.08058,1.43446,0.823465,1.57162,0.254541,-1.12297,-0.739973
4,1.08167,1.43615,0.823699,1.57228,0.254716,-1.12412,-0.739205
4,1.08276,1.43784,0.823935,1.57293,0.254891,-1.12528,-0.738436
4,1.08385,1.43953,0.824174,1.57357,0.255067,-1.12643,-0.737666
4,1.08494,1.44122,0.824415,1.57421,0.255244,-1.12759,-0.736895
4,1.08602,1.4429,0.824658,1.57484,0.255422,-1.12876,-0.736123
4,1.0871,1.44458,0.824903,1.57546,0.2556,-1.12993,-0.73535
4,1.08819,1.44627,0.825151,1.57608,0.25578,-1.1311,-0.734577
4,1.08927,1.44795,0.8254,1.5767,0.25596,-1.13228,-0.733803
4,1.09035,1.44963,0.825652,1.5773,0.256141,-1.13346,-0.733027
4,1.09143,1.45131,0.825906,1.5779,0.256323,-1.13464,-0.732251
4,1.0925,1.45298,0.826162,1.5785,0.256506,-1.13583,-0.731474
4,1.09358,1.45466,0.826421,1.57909,0.25669,-1.13702,-0.730697
4,1.09465,1.45633,0.826681,1.57967,0.256875,-1.13822,-0.729918
4,1.09572,1.458,0.826944,1.58024,0.25706,-1.13942,-0.729139
4,1.0968,1.45967,0.827209,1.58081,0.257246,-1.14063,-0.728358
4,1.09787,1.46134,0.827475,1.58137,0.257434,-1.14183,-0.727577
4,1.09893,1.46301,0.827744,1.58193,0.257622,-1.14305,-0.726795
4,1.1,1.46467,0.828016,1.58248,0.257811,-1.14426,-0.726012
4,1.10107,1.46634,0.828289,1.58303,0.258001,-1.14548,-0.725228
4,1.10213,1.468,0.828564,1.58356,0.258191,-1.1467,-0.724444
4,1.10319,1.46966,0.828841,1.5841,0.258383,-1.14793,-0.723658
4,1.10425,1.47132,0.829121,1.58462,0.258575,-1.14916,-0.722872
4,1.10531,1.47298,0.829402,1.58514,0.258769,-1.1504,-0.722085
4,1.10637,1.47463,0.829686,1.58565,0.258963,-1.15164,-0.721297
4,1.10743,1.47628,0.829971,1.58616,0.259158,-1.15288,-0.720508
4,1.10848,1.47794,0.830259,1.58666,0.259354,-1.15412,-0.719719
4,1.10954,1.47959,0.830549,1.58716,0.259551,-1.15537,-0.718928
4,1.11059,1.48124,0.83084,1.58765,0.259749,-1.15663,-0.718137
4,1.11164,1.48288,0.831134,1.58813,0.259947,-1.15788,-0.717345
4,1.11269,1.48453,0.831429,1.5886,0.260147,-1.15914,-0.716552
4,1.11374,1.48617,0.831727,1.58907,0.260347,-1.16041,-0.715758
4,1.11479,1.48781,0.832026,1.58954,0.260549,-1.16168,-0.714964
4,1.11583,1.48945,0.832328,1.59,0.260751,-1.16295,-0.714168
4,1.11688,1.49109,0.832631,1.59045,0.260954,-1.16423,-0.713372
4,1.11792,1.49273,0.832936,1.59089,0.261158,-1.1655,-0.712575
4,1.11896,1.49436,0.833243,1.59133,0.261363,-1.16679,-0.711777
4,1.12,1.49599,0.833552,1.59176,0.261568,-1.16807,-0.710979
4,1.12104,1.49762,0.833863,1.59219,0.261775,-1.16936,-0.710179
4,1.12208,1.49925,0.834176,1.59261,0.261983,-1.17066,-0.709379
4,1.12311,1.50088,0.834491,1.59302,0.262191,-1.17196,-0.708578
4,1.12415,1.50251,0.834808,1.59343,0.2624,-1.17326,-0.707776
4,1.12518,1.50413,0.835126,1.59383,0.262611,-1.17456,-0.706973
4,1.12621,1.50575,0.835447,1.59423,0.262822,-1.17587,-0.70617
4,1.12724,1.50737,0.835769,1.59462,0.263034,-1.17718,-0.705366
4,1.12827,1.50899,0.836093,1.595,0.263247,-1.1785,-0.704561
4,1.1293,1.51061,0.836419,1.59538,0.26346,-1.17982,-0.703755
4,1.13032,1.51222,0.836746,1.59575,0.263675,-1.18114,-0.702948
4,1.13135,1.51383,0.837076,1.59611,0.263891,-1.18246,-0.70214
4,1.13237,1.51544,0.837407,1.59647,0.264107,-1.18379,-0.701332
4,1.13339,1.51705,0.83774,1.59682,0.264325,-1.18513,-0.700523
4,1.13441,1.51866,0.838075,1.59717,0.264543,-1.18646,-0.699713
4,1.13543,1.52026,0.838411,1.59751,0.264763,-1.1878,-0.698902
4,1.13645,1.52187,0.838749,1.59784,0.264983,-1.18915,-0.698091
4,1.13747,1.52347,0.839089,1.59817,0.265204,-1.19049,-0.697279
4,1.13848,1.52506,0.839431,1.59849,0.265426,-1.19185,-0.696466
4,1.13949,1.52666,0.839774,1.5988,0.265649,-1.1932,-0.695652
4,1.14051,1.52826,0.840119,1.59911,0.265873,-1.19456,-0.694837
4,1.14152,1.52985,0.840466,1.59941,0.266097,-1.19592,-0.694022
4,1.14252,1.53144,0.840815,1.59971,0.266323,-1.19728,-0.693206
4,1.14353,1.53303,0.841165,1.6,0.26655,-1.19865,-0.692389
4,1.14454,1.53462,0.841517,1.60028,0.266777,-1.20002,-0.691571
4,1.14554,1.5362,0.84187,1.60056,0.267006,-1.20139,-0.690753
4,1.14654,1.53778,0.842225,1.60083,0.267235,-1.20277,-0.689933
4,1.14755,1.53936,0.842582,1.6011,0.267465,-1.20415,-0.689113
4,1.14855,1.54094,0.84294,1.60136,0.267696,-1.20554,-0.688292
4,1.14955,1.54252,0.8433,1.60161,0.267928,-1.20693,-0.687471
4,1.15054,1.54409,0.843662,1.60186,0.268161,-1.20832,-0.686648
4,1.15154,1.54567,0.844025,1.6021,0.268395,-1.20971,-0.685825
4,1.15253,1.54724,0.844389,1.60233,0.26863,-1.21111,-0.685001
4,1.15352,1.54881,0.844756,1.60256,0.268866,-1.21251,-0.684176
4,1.15452,1.55037,0.845123,1.60278,0.269103,-1.21392,-0.683351
4,1.15551,1.55194,0.845493,1.60299,0.26934,-1.21532,-0.682525
4,1.15649,1.5535,0.845864,1.6032,0.269579,-1.21673,-0.681698
4,1.15748,1.55506,0.846236,1.60341,0.269818,-1.21815,-0.68087
4,1.15847,1.55661,0.84661,1.6036,0.270059,-1.21957,-0.680041
4,1.15945,1.55817,0.846985,1.60379,0.2703,-1.22099,-0.679212
4,1.16043,1.55972,0.847362,1.60398,0.270542,-1.22241,-0.678382
4,1.16141,1.56127,0.84774,1.60415,0.270786,-1.22384,-0.677551
4,1.16239,1.56282,0.84812,1.60433,0.27103,-1.22527,-0.676719
4,1.16337,1.56437,0.848501,1.60449,0.271275,-1.2267,-0.675887
4,1.16435,1.56592,0.848884,1.60465,0.271521,-1.22814,-0.675054
4,1.16532,1.56746,0.849268,1.6048,0.271768,-1.22958,-0.67422
4,1.1663,1.569,0.849654,1.60495,0.272016,-1.23102,-0.673385
4,1.16727,1.57054,0.850041,1.60509,0.272264,-1.23247,-0.67255
4,1.16824,1.57207,0.850429,1.60523,0.272514,-1.23392,-0.671714
4,1.16921,1.57361,0.850819,1.60536,0.272765,-1.23537,-0.670877
4,1.17018,1.57514,0.85121,1.60548,0.273016,-1.23682,-0.670039
4,1.17114,1.57667,0.851603,1.60559,0.273269,-1.23828,-0.6692
4,1.17211,1.57819,0.851997,1.6057,0.273522,-1.23974,-0.668361
4,1.17307,1.57972,0.852392,1.60581,0.273777,-1.24121,-0.667521
4,1.17403,1.58124,0.852788,1.6059,0.274032,-1.24268,-0.666681
4,1.17499,1.58276,0.853186,1.60599,0.274288,-1.24415,-0.665839
4,1.17595,1.58428,0.853585,1.60608,0.274546,-1.24562,-0.664997
4,1.17691,1.58579,0.853986,1.60616,0.274804,-1.2471,-0.664154
4,1.17786,1.5873,0.854388,1.60623,0.275063,-1.24858,-0.66331
4,1.17881,1.58882,0.854791,1.6063,0.275323,-1.25006,-0.662466
4,1.17977,1.59032,0.855195,1.60636,0.275584,-1.25155,-0.66162
4,1.18072,1.59183,0.8556,1.60641,0.275846,-1.25304,-0.660774
4,1.18167,1.59333,0.856007,1.60646,0.276108,-1.25453,-0.659927
4,1.18261,1.59483,0.856415,1.6065,0.276372,-1.25602,-0.65908
4,1.18356,1.59633,0.856825,1.60653,0.276637,-1.25752,-0.658232
4,1.1845,1.59783,0.857235,1.60656,0.276903,-1.25902,-0.657383
4,1.18545,1.59932,0.857647,1.60659,0.277169,-1.26052,-0.656533
4,1.18639,1.60082,0.85806,1.6066,0.277437,-1.26203,-0.655682
4,1.18733,1.60231,0.858474,1.60661,0.277705,-1.26354,-0.654831
4,1.18826,1.60379,0.858889,1.60662,0.277975,-1.26505,-0.653979
4,1.1892,1.60528,0.859305,1.60661,0.278245,-1.26657,-0.653126
4,1.19014,1.60676,0.859723,1.60661,0.278516,-1.26809,-0.652273
4,1.19107,1.60824,0.860142,1.60659,0.278789,-1.26961,-0.651418
4,1.192,1.60972,0.860561,1.60657,0.279062,-1.27113,-0.650563
4,1.19293,1.61119,0.860982,1.60654,0.279336,-1.27266,-0.649707
4,1.19386,1.61266,0.861404,1.60651,0.279611,-1.27419,-0.648851
4,1.19478,1.61413,0.861827,1.60647,0.279887,-1.27572,-0.647994
4,1.19571,1.6156,0.862251,1.60642,0.280164,-1.27725,-0.647136
4,1.19663,1.61706,0.862677,1.60637,0.280442,-1.27879,-0.646277
4,1.19755,1.61853,0.863103,1.60631,0.28072,-1.28033,-0.645417
4,1.19847,1.61999,0.86353,1.60625,0.281,-1.28188,-0.644557
4,1.19939,1.62144,0.863959,1.60618,0.281281,-1.28342,-0.643696
4,1.20031,1.6229,0.864388,1.6061,0.281563,-1.28497,-0.642834
4,1.20122,1.62435,0.864819,1.60602,0.281845,-1.28652,-0.641971
4,1.20214,1.6258,0.86525,1.60593,0.282129,-1.28808,-0.641108
4,1.20305,1.62725,0.865682,1.60583,0.282413,-1.28964,-0.640244
4,1.20396,1.62869,0.866116,1.60573,0.282699,-1.29119,-0.639379
4,1.20487,1.63013,0.86655,1.60563,0.282985,-1.29276,-0.638513
4,1.20577,1.63157,0.866985,1.60551,0.283272,-1.29432,-0.637647
4,1.20668,1.63301,0.867422,1.60539,0.28356,-1.29589,-0.63678
4,1.20758,1.63445,0.867859,1.60526,0.28385,-1.29746,-0.635912
4,1.20848,1.63588,0.868297,1.60513,0.28414,-1.29903,-0.635043
4,1.20938,1.63731,0.868736,1.60499,0.284431,-1.30061,-0.634174
4,1.21028,1.63873,0.869176,1.60485,0.284723,-1.30219,-0.633304
5,1.21028,1.63873,0.869176,1.60485,0.284723,-1.30219,-0.633304
5,1.21028,1.63873,0.869176,1.60485,0.284723,-1.30219,-0.633304
5,1.20977,1.63857,0.869344,1.60411,0.284866,-1.30237,-0.633038
5,1.2092,1.63861,0.869808,1.60587,0.285315,-1.30014,-0.633184
5,1.20862,1.63864,0.870274,1.60762,0.285766,-1.29792,-0.633331
5,1.20804,1.63866,0.870741,1.60937,0.286217,-1.2957,-0.633477
5,1.20746,1.63868,0.87121,1.61111,0.28667,-1.29348,-0.633624
5,1.20687,1.6387,0.87168,1.61284,0.287123,-1.29126,-0.633771
5,1.20628,1.63872,0.872151,1.61457,0.287578,-1.28904,-0.633918
5,1.20569,1.63873,0.872624,1.6163,0.288033,-1.28681,-0.634065
5,1.20509,1.63875,0.873098,1.61801,0.28849,-1.28459,-0.634212
5,1.20448,1.63875,0.873574,1.61973,0.288947,-1.28237,-0.634359
5,1.20388,1.63876,0.874051,1.62143,0.289406,-1.28015,-0.634507
5,1.20327,1.63876,0.874529,1.62314,0.289866,-1.27793,-0.634654
5,1.20265,1.63875,0.875008,1.62483,0.290326,-1.27571,-0.634802
5,1.20204,1.63875,0.875489,1.62652,0.290788,-1.27349,-0.63495
5,1.20141,1.63874,0.875971,1.62821,0.291251,-1.27127,-0.635098
5,1.20079,1.63873,0.876455,1.62989,0.291714,-1.26905,-0.635246
5,1.20016,1.63871,0.87694,1.63157,0.292179,-1.26683,-0.635395
5,1.19953,1.63869,0.877427,1.63324,0.292645,-1.26461,-0.635543
5,1.19889,1.63867,0.877915,1.6349,0.293112,-1.26239,-0.635692
6,1.19889,1.63867,0.877915,1.6349,0.293112,-1.26239,-0.635692
6,1.19889,1.63867,0.877915,1.6349,0.293112,-1.26239,-0.635692
6,1.19707,1.63812,0.878519,1.63226,0.293607,-1.26305,-0.634738
6,1.19525,1.63758,0.87912,1.62961,0.294099,-1.26371,-0.633784
6,1.19342,1.63703,0.879719,1.62695,0.294589,-1.26438,-0.632829
6,1.1916,1.63648,0.880316,1.62429,0.295077,-1.26506,-0.631875
6,1.18977,1.63593,0.88091,1.62162,0.295562,-1.26573,-0.63092
6,1.18795,1.63538,0.881501,1.61895,0.296046,-1.26642,-0.629965
6,1.18612,1.63483,0.882091,1.61627,0.296527,-1.2671,-0.62901
6,1.18429,1.63428,0.882678,1.61358,0.297006,-1.26779,-0.628055
6,1.18246,1.63373,0.883262,1.61089,0.297483,-1.26848,-0.627099
6,1.18063,1.63318,0.883845,1.60819,0.297958,-1.26918,-0.626143
6,1.1788,1.63262,0.884424,1.60549,0.298431,-1.26988,-0.625188
6,1.17836,1.63316,0.885188,1.60752,0.299107,-1.26772,-0.625044
6,1.17792,1.6337,0.885955,1.60954,0.299785,-1.26556,-0.624901
6,1.17748,1.63423,0.886724,1.61156,0.300465,-1.2634,-0.624758
6,1.17703,1.63475,0.887496,1.61357,0.301147,-1.26124,-0.624615
6,1.17658,1.63528,0.888269,1.61557,0.30183,-1.25908,-0.624471
6,1.17612,1.6358,0.889045,1.61757,0.302515,-1.25692,-0.624328
6,1.17566,1.63632,0.889823,1.61956,0.303201,-1.25476,-0.624184
6,1.1752,1.63684,0.890604,1.62155,0.303889,-1.2526,-0.624041
6,1.17473,1.63736,0.891386,1.62353,0.304578,-1.25044,-0.623897
6,1.17426,1.63787,0.892171,1.6255,0.305269,-1.24829,-0.623753
6,1.17378,1.63838,0.892958,1.62747,0.305962,-1.24613,-0.62361
6,1.1733,1.63888,0.893748,1.62943,0.306656,-1.24397,-0.623466
6,1.17282,1.63939,0.894539,1.63138,0.307351,-1.24182,-0.623322
6,1.17234,1.63989,0.895333,1.63333,0.308048,-1.23966,-0.623178
6,1.17185,1.64039,0.896129,1.63527,0.308747,-1.2375,-0.623034
6,1.17135,1.64088,0.896927,1.63721,0.309447,-1.23535,-0.62289
6,1.17085,1.64137,0.897728,1.63914,0.310149,-1.23319,-0.622746
6,1.17035,1.64186,0.89853,1.64107,0.310852,-1.23103,-0.622602
6,1.16985,1.64235,0.899335,1.64299,0.311557,-1.22888,-0.622458
6,1.16934,1.64284,0.900143,1.6449,0.312264,-1.22672,-0.622314
6,1.16883,1.64332,0.900952,1.64681,0.312972,-1.22457,-0.622169
6,1.16831,1.6438,0.901764,1.64871,0.313681,-1.22241,-0.622025
6,1.16779,1.64427,0.902578,1.6506,0.314392,-1.22026,-0.621881
6,1.16726,1.64475,0.903394,1.65249,0.315105,-1.2181,-0.621736
6,1.16674,1.64522,0.904212,1.65438,0.315819,-1.21595,-0.621592
6,1.1662,1.64568,0.905033,1.65625,0.316535,-1.2138,-0.621447
6,1.16567,1.64615,0.905856,1.65813,0.317252,-1.21164,-0.621303
6,1.16513,1.64661,0.906681,1.65999,0.317971,-1.20949,-0.621158
6,1.16458,1.64707,0.907508,1.66185,0.318691,-1.20733,-0.621014
6,1.16404,1.64753,0.908338,1.6637,0.319413,-1.20518,-0.620869
6,1.16349,1.64798,0.90917,1.66555,0.320136,-1.20303,-0.620724
6,1.16293,1.64844,0.910004,1.66739,0.320861,-1.20087,-0.62058
6,1.16237,1.64889,0.91084,1.66923,0.321588,-1.19872,-0.620435
6,1.16181,1.64933,0.911678,1.67106,0.322316,-1.19657,-0.62029
6,1.16124,1.64978,0.912519,1.67288,0.323045,-1.19442,-0.620145
6,1.16067,1.65022,0.913362,1.6747,0.323776,-1.19226,-0.620001
6,1.1601,1.65066,0.914207,1.67651,0.324509,-1.19011,-0.619856
6,1.15952,1.65109,0.915055,1.67832,0.325243,-1.18796,-0.619711
6,1.15894,1.65153,0.915905,1.68012,0.325978,-1.18581,-0.619566
6,1.15835,1.65196,0.916757,1.68191,0.326715,-1.18365,-0.619421
6,1.15776,1.65238,0.917611,1.6837,0.327454,-1.1815,-0.619276
6,1.15717,1.65281,0.918467,1.68549,0.328194,-1.17935,-0.619131
6,1.15657,1.65323,0.919326,1.68726,0.328936,-1.1772,-0.618986
6,1.15597,1.65365,0.920187,1.68903,0.329679,-1.17505,-0.618841
6,1.15537,1.65407,0.92105,1.6908,0.330423,-1.17289,-0.618695
6,1.15476,1.65448,0.921915,1.69256,0.331169,-1.17074,-0.61855
6,1.15414,1.65489,0.922783,1.69431,0.331917,-1.16859,-0.618405
6,1.15353,1.6553,0.923653,1.69606,0.332666,-1.16644,-0.61826
6,1.15291,1.65571,0.924525,1.6978,0.333417,-1.16429,-0.618115
6,1.15228,1.65611,0.925399,1.69953,0.334169,-1.16213,-0.61797
6,1.15165,1.65652,0.926275,1.70126,0.334923,-1.15998,-0.617824
6,1.15102,1.65692,0.927154,1.70299,0.335678,-1.15783,-0.617679
6,1.15039,1.65731,0.928035,1.70471,0.336434,-1.15568,-0.617534
6,1.14975,1.6577,0.928918,1.70642,0.337193,-1.15353,-0.617388
6,1.1491,1.6581,0.929804,1.70812,0.337952,-1.15138,-0.617243
6,1.14845,1.65848,0.930691,1.70982,0.338713,-1.14923,-0.617098
6,1.1478,1.65887,0.931581,1.71152,0.339476,-1.14707,-0.616952
6,1.14715,1.65925,0.932473,1.71321,0.34024,-1.14492,-0.616807
6,1.14649,1.65963,0.933368,1.71489,0.341005,-1.14277,-0.616661
6,1.14582,1.66001,0.934264,1.71656,0.341772,-1.14062,-0.616516
6,1.14516,1.66039,0.935163,1.71824,0.342541,-1.13847,-0.616371
6,1.14449,1.66076,0.936064,1.7199,0.343311,-1.13632,-0.616225
6,1.14381,1.66113,0.936967,1.72156,0.344082,-1.13417,-0.61608
6,1.14313,1.6615,0.937873,1.72321,0.344855,-1.13201,-0.615934
6,1.14245,1.66186,0.93878,1.72486,0.345629,-1.12986,-0.615789
6,1.14176,1.66222,0.93969,1.7265,0.346405,-1.12771,-0.615643
6,1.14107,1.66258,0.940602,1.72814,0.347182,-1.12556,-0.615498
6,1.14038,1.66294,0.941517,1.72977,0.347961,-1.12341,-0.615352
6,1.13968,1.6633,0.942433,1.73139,0.348741,-1.12126,-0.615207
6,1.13898,1.66365,0.943352,1.73301,0.349522,-1.11911,-0.615061
6,1.13827,1.664,0.944273,1.73462,0.350305,-1.11695,-0.614916
6,1.13756,1.66434,0.945196,1.73622,0.35109,-1.1148,-0.61477
6,1.13684,1.66469,0.946121,1.73782,0.351875,-1.11265,-0.614624
6,1.13613,1.66503,0.947049,1.73942,0.352663,-1.1105,-0.614479
6,1.1354,1.66537,0.947979,1.74101,0.353451,-1.10835,-0.614333
6,1.13468,1.66571,0.948911,1.74259,0.354241,-1.1062,-0.614188
6,1.13395,1.66604,0.949845,1.74417,0.355033,-1.10404,-0.614042
6,1.13321,1.66637,0.950781,1.74574,0.355826,-1.10189,-0.613897
6,1.13248,1.6667,0.95172,1.7473,0.35662,-1.09974,-0.613751
6,1.13173,1.66703,0.95266,1.74886,0.357416,-1.09759,-0.613606
6,1.13099,1.66735,0.953603,1.75041,0.358213,-1.09543,-0.61346
6,1.13024,1.66767,0.954549,1.75196,0.359012,-1.09328,-0.613314
6,1.12948,1.66799,0.955496,1.7535,0.359812,-1.09113,-0.613169
6,1.12873,1.66831,0.956445,1.75504,0.360613,-1.08898,-0.613023
6,1.12796,1.66862,0.957397,1.75657,0.361416,-1.08683,-0.612878
6,1.1272,1.66894,0.958351,1.75809,0.36222,-1.08467,-0.612732
6,1.12643,1.66924,0.959307,1.75961,0.363026,-1.08252,-0.612587
6,1.12565,1.66955,0.960265,1.76112,0.363832,-1.08037,-0.612441
6,1.12488,1.66986,0.961226,1.76262,0.364641,-1.07821,-0.612296
6,1.1241,1.67016,0.962188,1.76412,0.36545,-1.07606,-0.61215
6,1.12331,1.67046,0.963153,1.76562,0.366261,-1.07391,-0.612004
6,1.12252,1.67075,0.96412,1.76711,0.367074,-1.07176,-0.611859
6,1.12173,1.67105,0.965089,1.76859,0.367887,-1.0696,-0.611713
6,1.12093,1.67134,0.96606,1.77007,0.368702,-1.06745,-0.611568
6,1.12013,1.67163,0.967034,1.77154,0.369519,-1.0653,-0.611423
6,1.11932,1.67191,0.968009,1.773,0.370337,-1.06314,-0.611277
6,1.11851,1.6722,0.968987,1.77446,0.371156,-1.06099,-0.611132
6,1.1177,1.67248,0.969967,1.77591,0.371976,-1.05883,-0.610986
6,1.11688,1.67276,0.970949,1.77736,0.372798,-1.05668,-0.610841
6,1.11606,1.67304,0.971933,1.7788,0.373621,-1.05453,-0.610695
6,1.11523,1.67331,0.97292,1.78023,0.374445,-1.05237,-0.61055
6,1.1144,1.67358,0.973908,1.78166,0.375271,-1.05022,-0.610405
6,1.11357,1.67385,0.974899,1.78309,0.376098,-1.04807,-0.610259
6,1.11273,1.67412,0.975891,1.7845,0.376926,-1.04591,-0.610114
6,1.11189,1.67438,0.976886,1.78591,0.377756,-1.04376,-0.609968
6,1.11104,1.67465,0.977883,1.78732,0.378587,-1.0416,-0.609823
6,1.1102,1.67491,0.978882,1.78872,0.379419,-1.03945,-0.609678
6,1.10934,1.67516,0.979884,1.79011,0.380253,-1.03729,-0.609533
6,1.10848,1.67542,0.980887,1.7915,0.381087,-1.03514,-0.609387
6,1.10762,1.67567,0.981892,1.79288,0.381923,-1.03298,-0.609242
6,1.10676,1.67592,0.9829,1.79425,0.382761,-1.03083,-0.609097
6,1.10589,1.67617,0.98391,1.79562,0.383599,-1.02867,-0.608952
6,1.10501,1.67641,0.984922,1.79699,0.384439,-1.02652,-0.608807
6,1.10413,1.67666,0.985936,1.79835,0.38528,-1.02436,-0.608661
6,1.10325,1.6769,0.986952,1.7997,0.386122,-1.02221,-0.608516
6,1.10237,1.67714,0.98797,1.80104,0.386966,-1.02005,-0.608371
6,1.10147,1.67737,0.98899,1.80238,0.387811,-1.0179,-0.608226
6,1.10058,1.67761,0.990012,1.80372,0.388657,-1.01574,-0.608081
6,1.09968,1.67784,0.991037,1.80504,0.389504,-1.01358,-0.607936
6,1.09878,1.67807,0.992063,1.80636,0.390352,-1.01143,-0.607791
6,1.09787,1.67829,0.993091,1.80768,0.391202,-1.00927,-0.607646
6,1.09696,1.67852,0.994122,1.80899,0.392053,-1.00712,-0.607501
6,1.09605,1.67874,0.995155,1.81029,0.392905,-1.00496,-0.607356
6,1.09513,1.67896,0.996189,1.81159,0.393758,-1.0028,-0.607211
6,1.09421,1.67917,0.997226,1.81288,0.394612,-1.00065,-0.607067
6,1.09328,1.67939,0.998265,1.81417,0.395468,-0.998492,-0.606922
6,1.09235,1.6796,0.999306,1.81545,0.396325,-0.996335,-0.606777
6,1.09141,1.67981,1.00035,1.81672,0.397183,-0.994179,-0.606632
6,1.09047,1.68002,1.00139,1.81799,0.398042,-0.992022,-0.606487
6,1.08953,1.68022,1.00244,1.81925,0.398902,-0.989865,-0.606343
6,1.08858,1.68043,1.00349,1.82051,0.399763,-0.987708,-0.606198
6,1.08763,1.68063,1.00454,1.82176,0.400626,-0.985551,-0.606054
6,1.08668,1.68083,1.00559,1.823,0.401489,-0.983394,-0.605909
6,1.08572,1.68102,1.00665,1.82424,0.402354,-0.981237,-0.605764
6,1.08475,1.68122,1.00771,1.82547,0.40322,-0.97908,-0.60562
6,1.08379,1.68141,1.00876,1.82669,0.404087,-0.976923,-0.605475
6,1.08281,1.6816,1.00983,1.82791,0.404955,-0.974765,-0.605331
6,1.08184,1.68179,1.01089,1.82913,0.405824,-0.972608,-0.605187
6,1.08086,1.68197,1.01195,1.83033,0.406694,-0.97045,-0.605042
6,1.07987,1.68215,1.01302,1.83154,0.407566,-0.968293,-0.604898
6,1.07889,1.68233,1.01409,1.83273,0.408438,-0.966135,-0.604754
6,1.07789,1.68251,1.01516,1.83392,0.409311,-0.963977,-0.604609
6,1.0769,1.68269,1.01623,1.8351,0.410186,-0.96182,-0.604465
6,1.0759,1.68286,1.01731,1.83628,0.411062,-0.959662,-0.604321
6,1.07489,1.68303,1.01839,1.83745,0.411938,-0.957504,-0.604177
6,1.07388,1.6832,1.01946,1.83862,0.412816,-0.955346,-0.604033
6,1.07287,1.68337,1.02055,1.83977,0.413694,-0.953188,-0.603889
6,1.07185,1.68353,1.02163,1.84093,0.414574,-0.95103,-0.603745
6,1.07083,1.6837,1.02271,1.84207,0.415455,-0.948872,-0.603601
6,1.06981,1.68386,1.0238,1.84321,0.416336,-0.946714,-0.603457
6,1.06878,1.68402,1.02489,1.84435,0.417219,-0.944556,-0.603313
6,1.06774,1.68417,1.02598,1.84548,0.418103,-0.942398,-0.603169
6,1.0667,1.68433,1.02707,1.8466,0.418987,-0.94024,-0.603025
6,1.06566,1.68448,1.02816,1.84771,0.419873,-0.938082,-0.602881
6,1.06462,1.68463,1.02926,1.84882,0.420759,-0.935924,-0.602738
6,1.06357,1.68477,1.03036,1.84993,0.421647,-0.933766,-0.602594
6,1.06251,1.68492,1.03146,1.85103,0.422535,-0.931608,-0.60245
6,1.06145,1.68506,1.03256,1.85212,0.423425,-0.929449,-0.602307
6,1.06039,1.6852,1.03366,1.8532,0.424315,-0.927291,-0.602163
6,1.05932,1.68534,1.03477,1.85428,0.425206,-0.925133,-0.60202
6,1.05825,1.68548,1.03588,1.85535,0.426098,-0.922975,-0.601876
6,1.05718,1.68561,1.03699,1.85642,0.426991,-0.920817,-0.601733
6,1.0561,1.68575,1.0381,1.85748,0.427885,-0.918659,-0.601589
6,1.05501,1.68588,1.03921,1.85854,0.42878,-0.916501,-0.601446
6,1.05393,1.686,1.04032,1.85958,0.429676,-0.914343,-0.601303
6,1.05284,1.68613,1.04144,1.86063,0.430572,-0.912185,-0.60116
6,1.05174,1.68625,1.04256,1.86166,0.431469,-0.910027,-0.601016
6,1.05064,1.68638,1.04368,1.86269,0.432368,-0.907869,-0.600873
6,1.04954,1.6865,1.0448,1.86372,0.433267,-0.905711,-0.60073
6,1.04843,1.68661,1.04592,1.86473,0.434166,-0.903553,-0.600587
6,1.04731,1.68673,1.04705,1.86575,0.435067,-0.901396,-0.600444
6,1.0462,1.68684,1.04818,1.86675,0.435969,-0.899238,-0.600301
6,1.04508,1.68696,1.0493,1.86775,0.436871,-0.89708,-0.600158
6,1.04395,1.68707,1.05044,1.86874,0.437774,-0.894923,-0.600015
6,1.04282,1.68717,1.05157,1.86973,0.438678,-0.892765,-0.599873
6,1.04169,1.68728,1.0527,1.87071,0.439582,-0.890608,-0.59973
6,1.04055,1.68738,1.05384,1.87168,0.440487,-0.888451,-0.599587
6,1.03941,1.68748,1.05497,1.87265,0.441393,-0.886294,-0.599444
6,1.03827,1.68758,1.05611,1.87361,0.4423,-0.884137,-0.599302
6,1.03712,1.68768,1.05725,1.87457,0.443208,-0.88198,-0.599159
6,1.03596,1.68778,1.0584,1.87552,0.444116,-0.879823,-0.599017
6,1.0348,1.68787,1.05954,1.87646,0.445025,-0.877666,-0.598874
6,1.03364,1.68796,1.06069,1.8774,0.445934,-0.87551,-0.598732
6,1.03247,1.68805,1.06184,1.87833,0.446845,-0.873353,-0.598589
6,1.0313,1.68814,1.06298,1.87925,0.447756,-0.871197,-0.598447
6,1.03013,1.68823,1.06414,1.88017,0.448667,-0.869041,-0.598305
6,1.02895,1.68831,1.06529,1.88108,0.44958,-0.866885,-0.598162
6,1.02777,1.68839,1.06644,1.88198,0.450492,-0.864729,-0.59802
6,1.02658,1.68847,1.0676,1.88288,0.451406,-0.862574,-0.597878
6,1.02539,1.68855,1.06876,1.88378,0.45232,-0.860419,-0.597736
6,1.02419,1.68863,1.06991,1.88466,0.453235,-0.858263,-0.597594
6,1.02299,1.6887,1.07108,1.88554,0.45415,-0.856108,-0.597452
6,1.02179,1.68878,1.07224,1.88642,0.455066,-0.853954,-0.59731
6,1.02058,1.68885,1.0734,1.88728,0.455982,-0.851799,-0.597168
6,1.01937,1.68892,1.07457,1.88815,0.456899,-0.849645,-0.597026
6,1.01815,1.68898,1.07573,1.889,0.457817,-0.847491,-0.596884
6,1.01693,1.68905,1.0769,1.88985,0.458735,-0.845337,-0.596742
6,1.0157,1.68911,1.07807,1.89069,0.459654,-0.843183,-0.596601
6,1.01447,1.68917,1.07924,1.89153,0.460573,-0.84103,-0.596459
6,1.01324,1.68923,1.08042,1.89236,0.461493,-0.838877,-0.596317
6,1.012,1.68929,1.08159,1.89318,0.462413,-0.836724,-0.596176
6,1.01076,1.68935,1.08277,1.894,0.463333,-0.834572,-0.596034
6,1.00952,1.6894,1.08394,1.89481,0.464254,-0.83242,-0.595892
6,1.00827,1.68945,1.08512,1.89561,0.465176,-0.830268,-0.595751
6,1.00701,1.68951,1.0863,1.89641,0.466098,-0.828116,-0.595609
6,1.00575,1.68955,1.08749,1.8972,0.46702,-0.825965,-0.595468
6,1.00449,1.6896,1.08867,1.89799,0.467943,-0.823814,-0.595327
6,1.00323,1.68965,1.08985,1.89876,0.468866,-0.821663,-0.595185
6,1.00195,1.68969,1.09104,1.89954,0.46979,-0.819513,-0.595044
6,1.00068,1.68973,1.09223,1.9003,0.470714,-0.817363,-0.594903
6,0.999401,1.68977,1.09342,1.90106,0.471638,-0.815213,-0.594761
6,0.998118,1.68981,1.09461,1.90182,0.472563,-0.813064,-0.59462
6,0.99683,1.68985,1.0958,1.90256,0.473488,-0.810916,-0.594479
6,0.995539,1.68989,1.09699,1.9033,0.474413,-0.808767,-0.594338
6,0.994243,1.68992,1.09818,1.90404,0.475339,-0.806619,-0.594197
6,0.992943,1.68995,1.09938,1.90476,0.476265,-0.804472,-0.594056
6,0.991639,1.68998,1.10058,1.90549,0.477191,-0.802324,-0.593914
6,0.990331,1.69001,1.10178,1.9062,0.478118,-0.800178,-0.593773
6,0.989019,1.69004,1.10298,1.90691,0.479044,-0.798031,-0.593632
6,0.987703,1.69007,1.10418,1.90761,0.479972,-0.795886,-0.593491
6,0.986382,1.69009,1.10538,1.90831,0.480899,-0.79374,-0.593351
6,0.985058,1.69011,1.10658,1.909,0.481826,-0.791595,-0.59321
6,0.983729,1.69013,1.10779,1.90968,0.482754,-0.789451,-0.593069
6,0.982396,1.69015,1.10899,1.91036,0.483682,-0.787307,-0.592928
6,0.981059,1.69017,1.1102,1.91102,0.48461,-0.785164,-0.592787
6,0.979718,1.69019,1.11141,1.91169,0.485538,-0.783021,-0.592646
6,0.978373,1.6902,1.11262,1.91235,0.486467,-0.780879,-0.592505
6,0.977023,1.69022,1.11383,1.913,0.487395,-0.778737,-0.592365
6,0.97567,1.69023,1.11504,1.91364,0.488324,-0.776596,-0.592224
6,0.974312,1.69024,1.11625,1.91428,0.489253,-0.774455,-0.592083
6,0.97295,1.69025,1.11747,1.91491,0.490182,-0.772315,-0.591942
6,0.971584,1.69025,1.11868,1.91553,0.491111,-0.770176,-0.591802
6,0.970214,1.69026,1.1199,1.91615,0.49204,-0.768037,-0.591661
6,0.96884,1.69026,1.12112,1.91676,0.492969,-0.765898,-0.59152
6,0.967462,1.69027,1.12233,1.91737,0.493899,-0.763761,-0.59138
6,0.96608,1.69027,1.12355,1.91797,0.494828,-0.761624,-0.591239
6,0.964693,1.69027,1.12478,1.91856,0.495757,-0.759487,-0.591098
6,0.963303,1.69027,1.126,1.91914,0.496686,-0.757352,-0.590958
6,0.961908,1.69027,1.12722,1.91972,0.497616,-0.755217,-0.590817
6,0.96051,1.69026,1.12844,1.9203,0.498545,-0.753082,-0.590677
6,0.959107,1.69026,1.12967,1.92086,0.499474,-0.750949,-0.590536
6,0.9577,1.69025,1.13089,1.92142,0.500403,-0.748816,-0.590395
6,0.956289,1.69024,1.13212,1.92197,0.501333,-0.746684,-0.590255
6,0.954874,1.69023,1.13335,1.92252,0.502262,-0.744552,-0.590114
6,0.953455,1.69022,1.13458,1.92306,0.503191,-0.742422,-0.589974
6,0.952032,1.69021,1.13581,1.92359,0.504119,-0.740292,-0.589833
6,0.950605,1.6902,1.13704,1.92412,0.505048,-0.738163,-0.589692
6,0.949173,1.69018,1.13827,1.92464,0.505977,-0.736034,-0.589552
6,0.947738,1.69017,1.1395,1.92516,0.506905,-0.733907,-0.589411
6,0.946299,1.69015,1.14074,1.92566,0.507833,-0.73178,-0.58927
6,0.944855,1.69013,1.14197,1.92616,0.508762,-0.729654,-0.58913
6,0.943408,1.69011,1.14321,1.92666,0.50969,-0.727529,-0.588989
6,0.941956,1.69009,1.14444,1.92715,0.510617,-0.725405,-0.588848
6,0.940501,1.69007,1.14568,1.92763,0.511545,-0.723281,-0.588708
6,0.939041,1.69005,1.14692,1.9281,0.512472,-0.721159,-0.588567
6,0.937578,1.69002,1.14815,1.92857,0.513399,-0.719037,-0.588426
6,0.93611,1.69,1.14939,1.92903,0.514326,-0.716917,-0.588285
6,0.934638,1.68997,1.15063,1.92949,0.515252,-0.714797,-0.588144
6,0.933163,1.68994,1.15187,1.92993,0.516178,-0.712678,-0.588004
6,0.931683,1.68991,1.15312,1.93038,0.517104,-0.710561,-0.587863
6,0.930199,1.68988,1.15436,1.93081,0.51803,-0.708444,-0.587722
6,0.928712,1.68985,1.1556,1.93124,0.518955,-0.706328,-0.587581
6,0.92722,1.68982,1.15684,1.93166,0.51988,-0.704213,-0.58744
6,0.925724,1.68979,1.15809,1.93208,0.520804,-0.702099,-0.587299
6,0.924225,1.68975,1.15933,1.93249,0.521728,-0.699987,-0.587158
6,0.922721,1.68972,1.16058,1.93289,0.522652,-0.697875,-0.587017
6,0.921213,1.68968,1.16183,1.93328,0.523575,-0.695764,-0.586876
6,0.919702,1.68965,1.16307,1.93367,0.524498,-0.693655,-0.586734
6,0.918186,1.68961,1.16432,1.93406,0.52542,-0.691546,-0.586593
6,0.916667,1.68957,1.16557,1.93443,0.526342,-0.689439,-0.586452
6,0.915143,1.68953,1.16682,1.9348,0.527264,-0.687332,-0.58631
6,0.913616,1.68949,1.16806,1.93516,0.528185,-0.685227,-0.586169
6,0.912084,1.68945,1.16931,1.93552,0.529105,-0.683123,-0.586027
6,0.910549,1.6894,1.17056,1.93587,0.530025,-0.681021,-0.585886
6,0.90901,1.68936,1.17181,1.93621,0.530944,-0.678919,-0.585744
6,0.907467,1.68931,1.17307,1.93655,0.531863,-0.676819,-0.585602
6,0.90592,1.68927,1.17432,1.93688,0.532781,-0.674719,-0.585461
7,0.90592,1.68927,1.17432,1.93688,0.532781,-0.674719,-0.585461
7,0.90592,1.68927,1.17432,1.93688,0.532781,-0.674719,-0.585461
7,0.907303,1.68907,1.17439,1.93957,0.532851,-0.673336,-0.586445
7,0.908685,1.68886,1.17446,1.94226,0.532918,-0.671954,-0.58743
7,0.910066,1.68866,1.17453,1.94495,0.532984,-0.670572,-0.588415
7,0.911873,1.68925,1.1736,1.94482,0.532237,-0.672821,-0.588168
7,0.913674,1.68984,1.17267,1.94467,0.531488,-0.675072,-0.587921
7,0.915471,1.69043,1.17174,1.94453,0.530739,-0.677325,-0.587675
7,0.917265,1.69101,1.17082,1.94437,0.529989,-0.679579,-0.587428
7,0.919055,1.6916,1.16989,1.94421,0.529237,-0.681836,-0.587183
7,0.920842,1.69218,1.16897,1.94404,0.528485,-0.684094,-0.586937
7,0.922624,1.69276,1.16804,1.94387,0.527732,-0.686354,-0.586692
7,0.924403,1.69334,1.16712,1.94369,0.526978,-0.688615,-0.586447
7,0.926179,1.69392,1.1662,1.9435,0.526223,-0.690878,-0.586202
7,0.927951,1.6945,1.16527,1.94331,0.525468,-0.693142,-0.585957
7,0.929718,1.69507,1.16435,1.94311,0.524711,-0.695408,-0.585713
7,0.931483,1.69564,1.16343,1.9429,0.523954,-0.697676,-0.58547
7,0.933243,1.69621,1.16252,1.94269,0.523196,-0.699945,-0.585226
7,0.935,1.69678,1.1616,1.94246,0.522437,-0.702215,-0.584983
7,0.936753,1.69735,1.16068,1.94224,0.521678,-0.704487,-0.58474
7,0.938502,1.69791,1.15977,1.942,0.520917,-0.706761,-0.584498
7,0.940248,1.69847,1.15885,1.94176,0.520156,-0.709036,-0.584256
7,0.941989,1.69903,1.15794,1.94152,0.519395,-0.711312,-0.584014
7,0.943727,1.69959,1.15702,1.94126,0.518632,-0.71359,-0.583772
7,0.945461,1.70015,1.15611,1.941,0.517869,-0.715869,-0.583531
7,0.947191,1.7007,1.1552,1.94074,0.517105,-0.71815,-0.583291
7,0.948918,1.70126,1.15429,1.94046,0.516341,-0.720432,-0.58305
7,0.950641,1.70181,1.15338,1.94018,0.515576,-0.722715,-0.58281
7,0.952359,1.70235,1.15248,1.9399,0.51481,-0.725,-0.582571
7,0.954074,1.7029,1.15157,1.9396,0.514044,-0.727286,-0.582331
7,0.955785,1.70344,1.15066,1.93931,0.513277,-0.729573,-0.582093
7,0.957492,1.70399,1.14976,1.939,0.512509,-0.731862,-0.581854
7,0.959196,1.70453,1.14886,1.93869,0.511741,-0.734151,-0.581616
7,0.960895,1.70507,1.14795,1.93837,0.510973,-0.736443,-0.581378
7,0.962591,1.7056,1.14705,1.93804,0.510203,-0.738735,-0.581141
7,0.964282,1.70613,1.14615,1.93771,0.509434,-0.741028,-0.580904
7,0.96597,1.70667,1.14525,1.93737,0.508664,-0.743323,-0.580667
7,0.967654,1.7072,1.14436,1.93702,0.507893,-0.745619,-0.580431
7,0.969333,1.70772,1.14346,1.93667,0.507122,-0.747916,-0.580195
7,0.971009,1.70825,1.14256,1.93631,0.50635,-0.750214,-0.57996
7,0.972681,1.70877,1.14167,1.93595,0.505578,-0.752513,-0.579725
7,0.974349,1.70929,1.14077,1.93558,0.504806,-0.754813,-0.57949
7,0.976013,1.70981,1.13988,1.9352,0.504033,-0.757115,-0.579256
7,0.977673,1.71033,1.13899,1.93481,0.50326,-0.759417,-0.579023
7,0.979329,1.71084,1.1381,1.93442,0.502486,-0.761721,-0.578789
7,0.980981,1.71135,1.13721,1.93402,0.501712,-0.764025,-0.578556
7,0.982629,1.71186,1.13632,1.93362,0.500938,-0.766331,-0.578324
7,0.984273,1.71237,1.13544,1.93321,0.500163,-0.768638,-0.578092
7,0.985913,1.71288,1.13455,1.93279,0.499388,-0.770945,-0.57786
7,0.987549,1.71338,1.13367,1.93237,0.498613,-0.773254,-0.577629
7,0.989181,1.71388,1.13278,1.93194,0.497837,-0.775563,-0.577398
7,0.990809,1.71438,1.1319,1.9315,0.497061,-0.777874,-0.577168
7,0.992433,1.71487,1.13102,1.93105,0.496285,-0.780185,-0.576938
7,0.994053,1.71537,1.13014,1.9306,0.495509,-0.782498,-0.576709
7,0.995669,1.71586,1.12926,1.93015,0.494732,-0.784811,-0.57648
7,0.997281,1.71635,1.12838,1.92968,0.493955,-0.787125,-0.576251
7,0.998888,1.71683,1.12751,1.92921,0.493178,-0.78944,-0.576023
7,1.00049,1.71732,1.12663,1.92874,0.492401,-0.791756,-0.575795
7,1.00209,1.7178,1.12576,1.92826,0.491623,-0.794072,-0.575568
7,1.00369,1.71828,1.12489,1.92777,0.490846,-0.79639,-0.575342
7,1.00528,1.71875,1.12401,1.92727,0.490068,-0.798708,-0.575115
7,1.00686,1.71923,1.12314,1.92677,0.48929,-0.801027,-0.574889
7,1.00845,1.7197,1.12227,1.92626,0.488512,-0.803347,-0.574664
7,1.01003,1.72017,1.12141,1.92574,0.487734,-0.805668,-0.574439
7,1.0116,1.72064,1.12054,1.92522,0.486956,-0.807989,-0.574215
7,1.01317,1.7211,1.11967,1.92469,0.486177,-0.810311,-0.573991
7,1.01474,1.72156,1.11881,1.92416,0.485399,-0.812634,-0.573767
7,1.0163,1.72202,1.11795,1.92362,0.484621,-0.814957,-0.573544
7,1.01786,1.72248,1.11708,1.92307,0.483842,-0.817282,-0.573322
7,1.01941,1.72294,1.11622,1.92252,0.483064,-0.819607,-0.573099
7,1.02096,1.72339,1.11536,1.92196,0.482285,-0.821932,-0.572878
7,1.02251,1.72384,1.11451,1.92139,0.481506,-0.824258,-0.572657
7,1.02405,1.72429,1.11365,1.92082,0.480728,-0.826585,-0.572436
7,1.02559,1.72473,1.11279,1.92024,0.479949,-0.828913,-0.572216
7,1.02712,1.72517,1.11194,1.91965,0.479171,-0.831241,-0.571996
7,1.02865,1.72561,1.11109,1.91906,0.478393,-0.833569,-0.571777
7,1.03017,1.72605,1.11024,1.91846,0.477614,-0.835899,-0.571558
7,1.03169,1.72648,1.10938,1.91785,0.476836,-0.838228,-0.57134
7,1.03321,1.72691,1.10854,1.91724,0.476058,-0.840559,-0.571122
7,1.03472,1.72734,1.10769,1.91662,0.47528,-0.84289,-0.570904
7,1.03623,1.72777,1.10684,1.916,0.474502,-0.845221,-0.570688
7,1.03773,1.72819,1.10599,1.91537,0.473724,-0.847553,-0.570471
7,1.03923,1.72862,1.10515,1.91473,0.472946,-0.849885,-0.570255
7,1.04073,1.72903,1.10431,1.91408,0.472169,-0.852218,-0.57004
7,1.04222,1.72945,1.10347,1.91343,0.471391,-0.854552,-0.569825
7,1.0437,1.72986,1.10263,1.91278,0.470614,-0.856886,-0.569611
7,1.04518,1.73028,1.10179,1.91211,0.469837,-0.85922,-0.569397
7,1.04666,1.73068,1.10095,1.91144,0.46906,-0.861555,-0.569183
7,1.04813,1.73109,1.10011,1.91077,0.468284,-0.86389,-0.56897
7,1.0496,1.73149,1.09928,1.91009,0.467507,-0.866225,-0.568758
7,1.05107,1.73189,1.09844,1.9094,0.466731,-0.868561,-0.568546
7,1.05253,1.73229,1.09761,1.9087,0.465955,-0.870898,-0.568334
7,1.05399,1.73268,1.09678,1.908,0.46518,-0.873235,-0.568123
7,1.05544,1.73308,1.09595,1.90729,0.464404,-0.875572,-0.567913
7,1.05688,1.73347,1.09512,1.90658,0.463629,-0.877909,-0.567703
7,1.05833,1.73385,1.0943,1.90586,0.462855,-0.880247,-0.567493
7,1.05977,1.73424,1.09347,1.90513,0.46208,-0.882585,-0.567284
7,1.0612,1.73462,1.09264,1.9044,0.461306,-0.884924,-0.567076
7,1.06263,1.735,1.09182,1.90366,0.460532,-0.887262,-0.566868
7,1.06406,1.73537,1.091,1.90291,0.459759,-0.889601,-0.56666
7,1.06548,1.73574,1.09018,1.90216,0.458986,-0.891941,-0.566453
7,1.0669,1.73611,1.08936,1.9014,0.458213,-0.89428,-0.566246
7,1.06831,1.73648,1.08854,1.90064,0.457441,-0.89662,-0.56604
7,1.06972,1.73685,1.08773,1.89986,0.456669,-0.89896,-0.565835
7,1.07112,1.73721,1.08691,1.89909,0.455898,-0.901301,-0.56563
7,1.07252,1.73757,1.0861,1.8983,0.455126,-0.903641,-0.565425
7,1.07392,1.73792,1.08528,1.89751,0.454356,-0.905982,-0.565221
7,1.07531,1.73828,1.08447,1.89672,0.453586,-0.908323,-0.565017
7,1.07669,1.73863,1.08366,1.89591,0.452816,-0.910665,-0.564814
7,1.07807,1.73898,1.08286,1.8951,0.452046,-0.913006,-0.564611
7,1.07945,1.73932,1.08205,1.89429,0.451278,-0.915348,-0.564409
7,1.08083,1.73966,1.08124,1.89347,0.450509,-0.917689,-0.564208
7,1.08219,1.74,1.08044,1.89264,0.449741,-0.920031,-0.564006
7,1.08356,1.74034,1.07964,1.8918,0.448974,-0.922374,-0.563806
7,1.08492,1.74067,1.07884,1.89096,0.448207,-0.924716,-0.563606
7,1.08627,1.741,1.07804,1.89012,0.447441,-0.927058,-0.563406
7,1.08762,1.74133,1.07724,1.88926,0.446675,-0.929401,-0.563207
7,1.08897,1.74166,1.07644,1.8884,0.44591,-0.931743,-0.563008
7,1.09031,1.74198,1.07564,1.88754,0.445145,-0.934086,-0.56281
7,1.09165,1.7423,1.07485,1.88667,0.444381,-0.936429,-0.562612
7,1.09298,1.74262,1.07406,1.88579,0.443617,-0.938772,-0.562415
7,1.09431,1.74293,1.07326,1.8849,0.442854,-0.941115,-0.562218
7,1.09564,1.74324,1.07247,1.88401,0.442092,-0.943458,-0.562022
7,1.09696,1.74355,1.07168,1.88312,0.44133,-0.945801,-0.561826
7,1.09827,1.74385,1.0709,1.88221,0.440569,-0.948144,-0.56163
7,1.09958,1.74415,1.07011,1.88131,0.439808,-0.950487,-0.561435
7,1.10089,1.74445,1.06933,1.88039,0.439048,-0.95283,-0.561241
7,1.10219,1.74475,1.06854,1.87947,0.438289,-0.955173,-0.561047
7,1.10349,1.74504,1.06776,1.87854,0.43753,-0.957517,-0.560854
7,1.10478,1.74533,1.06698,1.87761,0.436772,-0.95986,-0.560661
7,1.10607,1.74562,1.0662,1.87667,0.436015,-0.962203,-0.560468
7,1.10736,1.74591,1.06542,1.87572,0.435258,-0.964546,-0.560276
7,1.10864,1.74619,1.06465,1.87477,0.434502,-0.966889,-0.560085
7,1.10991,1.74647,1.06387,1.87381,0.433747,-0.969233,-0.559894
7,1.11118,1.74674,1.0631,1.87284,0.432992,-0.971576,-0.559703
7,1.11245,1.74701,1.06233,1.87187,0.432238,-0.973919,-0.559513
7,1.11371,1.74728,1.06156,1.8709,0.431485,-0.976262,-0.559323
7,1.11497,1.74755,1.06079,1.86991,0.430733,-0.978605,-0.559134
7,1.11622,1.74782,1.06002,1.86892,0.429981,-0.980948,-0.558946
7,1.11747,1.74808,1.05925,1.86793,0.42923,-0.983291,-0.558757
7,1.11871,1.74833,1.05849,1.86692,0.42848,-0.985633,-0.55857
7,1.11995,1.74859,1.05772,1.86592,0.427731,-0.987976,-0.558382
7,1.12119,1.74884,1.05696,1.8649,0.426982,-0.990319,-0.558195
7,1.12242,1.74909,1.0562,1.86388,0.426234,-0.992661,-0.558009
7,1.12364,1.74934,1.05544,1.86286,0.425487,-0.995004,-0.557823
7,1.12487,1.74958,1.05468,1.86182,0.424741,-0.997346,-0.557638
7,1.12608,1.74982,1.05393,1.86078,0.423996,-0.999688,-0.557453
7,1.1273,1.75006,1.05317,1.85974,0.423251,-1.00203,-0.557268
7,1.1285,1.75029,1.05242,1.85869,0.422507,-1.00437,-0.557084
7,1.12971,1.75052,1.05167,1.85763,0.421764,-1.00671,-0.5569
7,1.13091,1.75075,1.05092,1.85657,0.421022,-1.00906,-0.556717
7,1.1321,1.75097,1.05017,1.8555,0.420281,-1.0114,-0.556534
7,1.13329,1.7512,1.04942,1.85442,0.41954,-1.01374,-0.556352
7,1.13447,1.75142,1.04867,1.85334,0.418801,-1.01608,-0.55617
7,1.13566,1.75163,1.04793,1.85225,0.418062,-1.01842,-0.555989
7,1.13683,1.75184,1.04718,1.85116,0.417324,-1.02076,-0.555808
7,1.138,1.75205,1.04644,1.85006,0.416587,-1.0231,-0.555627
8,1.138,1.75205,1.04644,1.85006,0.416587,-1.0231,-0.555627
8,1.138,1.75205,1.04644,1.85006,0.416587,-1.0231,-0.555627
8,1.138,1.75205,1.04644,1.85006,0.416587,-1.0231,-0.555627
8,1.138,1.75205,1.04644,1.85006,0.416587,-1.0231,-0.555627
