1,0.634487,-0.111089,0.761646,0.00147277,-2.3661,3.13563
1,0.634535,-0.111183,0.761647,0.000870268,-2.36617,3.13467
1,0.633621,-0.111183,0.761714,0.000870684,-2.36454,3.13467
1,0.63271,-0.111182,0.761783,0.000872117,-2.36292,3.13467
1,0.631798,-0.111182,0.761852,0.000873537,-2.36132,3.13467
1,0.630886,-0.111181,0.76192,0.000874954,-2.35973,3.13467
1,0.629973,-0.111181,0.761988,0.000876367,-2.35814,3.13468
1,0.62906,-0.11118,0.762055,0.000877779,-2.35657,3.13468
1,0.628146,-0.11118,0.762123,0.000879188,-2.355,3.13468
1,0.627232,-0.111179,0.76219,0.000880594,-2.35344,3.13468
1,0.626317,-0.111179,0.762256,0.000881998,-2.35189,3.13468
1,0.625402,-0.111178,0.762323,0.000883401,-2.35035,3.13469
1,0.624486,-0.111177,0.762389,0.000884802,-2.34882,3.13469
1,0.62357,-0.111177,0.762455,0.000886202,-2.34729,3.13469
1,0.622653,-0.111176,0.762521,0.0008876,-2.34577,3.13469
1,0.621737,-0.111176,0.762587,0.000888997,-2.34426,3.13469
1,0.620819,-0.111175,0.762652,0.000890393,-2.34276,3.1347
1,0.619901,-0.111175,0.762717,0.000891789,-2.34126,3.1347
1,0.618983,-0.111174,0.762782,0.000893183,-2.33977,3.1347
1,0.618065,-0.111174,0.762847,0.000894577,-2.33829,3.1347
1,0.617146,-0.111173,0.762911,0.000895971,-2.33681,3.1347
1,0.616227,-0.111173,0.762976,0.000897365,-2.33534,3.13471
1,0.615307,-0.111172,0.76304,0.000898758,-2.33388,3.13471
1,0.614387,-0.111172,0.763104,0.000900152,-2.33242,3.13471
1,0.613467,-0.111171,0.763168,0.000901545,-2.33096,3.13471
1,0.612547,-0.111171,0.763232,0.000902939,-2.32952,3.13471
1,0.611626,-0.11117,0.763295,0.000904334,-2.32808,3.13472
1,0.610704,-0.11117,0.763359,0.000905728,-2.32664,3.13472
1,0.609783,-0.111169,0.763422,0.000907123,-2.32521,3.13472
1,0.608861,-0.111169,0.763485,0.000908519,-2.32378,3.13472
1,0.607939,-0.111168,0.763548,0.000909916,-2.32236,3.13472
1,0.607017,-0.111168,0.763611,0.000911314,-2.32094,3.13473
1,0.606094,-0.111167,0.763674,0.000912712,-2.31953,3.13473
1,0.605171,-0.111167,0.763736,0.000914112,-2.31813,3.13473
1,0.604248,-0.111166,0.763799,0.000915513,-2.31672,3.13473
1,0.603324,-0.111166,0.763861,0.000916915,-2.31533,3.13473
1,0.6024,-0.111165,0.763923,0.000918319,-2.31393,3.13473
1,0.601476,-0.111165,0.763985,0.000919723,-2.31254,3.13474
1,0.600552,-0.111164,0.764047,0.00092113,-2.31116,3.13474
1,0.599627,-0.111164,0.764109,0.000922538,-2.30978,3.13474
1,0.598703,-0.111163,0.764171,0.000923947,-2.3084,3.13474
1,0.597778,-0.111163,0.764233,0.000925359,-2.30703,3.13474
1,0.596852,-0.111162,0.764295,0.000926772,-2.30566,3.13475
2,0.596852,-0.111162,0.764295,0.000926772,-2.30566,3.13475
2,0.596848,-0.111963,0.763697,0.000925039,-2.30573,3.13474
2,0.596845,-0.112765,0.763099,0.000924973,-2.30581,3.13474
2,0.596842,-0.113566,0.762502,0.0009249,-2.30588,3.13474
2,0.596839,-0.114368,0.761904,0.000924826,-2.30596,3.13474
2,0.596836,-0.115169,0.761306,0.000924751,-2.30604,3.13474
2,0.596832,-0.115971,0.760709,0.000924674,-2.30612,3.13474
2,0.596829,-0.116772,0.760111,0.000924595,-2.30621,3.13474
2,0.596825,-0.117574,0.759513,0.000924514,-2.30629,3.13474
2,0.596822,-0.118375,0.758915,0.000924431,-2.30638,3.13474
2,0.596818,-0.119177,0.758317,0.000924347,-2.30647,3.13474
2,0.596815,-0.119978,0.757719,0.000924261,-2.30655,3.13474
2,0.596811,-0.12078,0.757121,0.000924174,-2.30665,3.13474
2,0.596807,-0.121581,0.756523,0.000924085,-2.30674,3.13474
2,0.596803,-0.122383,0.755924,0.000923994,-2.30683,3.13474
2,0.5968,-0.123184,0.755326,0.000923902,-2.30693,3.13474
2,0.596796,-0.123986,0.754727,0.000923808,-2.30703,3.13474
2,0.596792,-0.124787,0.754129,0.000923713,-2.30712,3.13474
2,0.596788,-0.125589,0.75353,0.000923615,-2.30723,3.13474
2,0.596783,-0.12639,0.752932,0.000923518,-2.30733,3.13474
2,0.596779,-0.127192,0.752333,0.000923418,-2.30743,3.13474
2,0.596775,-0.127993,0.751734,0.000923317,-2.30753,3.13474
2,0.596771,-0.128795,0.751136,0.000923214,-2.30764,3.13474
2,0.596766,-0.129596,0.750537,0.00092311,-2.30775,3.13474
2,0.596762,-0.130398,0.749938,0.000923004,-2.30786,3.13474
2,0.596757,-0.131199,0.749339,0.000922897,-2.30797,3.13474
2,0.596753,-0.132001,0.74874,0.00092279,-2.30808,3.13474
2,0.596748,-0.132802,0.74814,0.000922679,-2.30819,3.13474
2,0.596744,-0.133604,0.747541,0.000922569,-2.30831,3.13474
2,0.596739,-0.134405,0.746942,0.000922456,-2.30842,3.13474
2,0.596734,-0.135207,0.746343,0.000922342,-2.30854,3.13474
2,0.596729,-0.136008,0.745743,0.000922227,-2.30866,3.13474
2,0.596725,-0.13681,0.745144,0.000922111,-2.30878,3.13474
2,0.59672,-0.137612,0.744544,0.000921993,-2.3089,3.13474
2,0.596715,-0.138413,0.743945,0.000921874,-2.30902,3.13474
2,0.59671,-0.139215,0.743345,0.000921754,-2.30914,3.13474
2,0.596705,-0.140016,0.742746,0.000921632,-2.30927,3.13474
2,0.596699,-0.140818,0.742146,0.000921509,-2.30939,3.13474
2,0.596694,-0.141619,0.741546,0.000921385,-2.30952,3.13474
2,0.596689,-0.142421,0.740946,0.00092126,-2.30965,3.13474
2,0.596684,-0.143222,0.740346,0.000921133,-2.30978,3.13474
2,0.596678,-0.144024,0.739747,0.000921005,-2.30991,3.13474
2,0.596673,-0.144825,0.739147,0.000920876,-2.31004,3.13474
2,0.596667,-0.145627,0.738547,0.000920746,-2.31017,3.13474
2,0.596662,-0.146428,0.737946,0.000920615,-2.31031,3.13474
2,0.596656,-0.14723,0.737346,0.000920482,-2.31044,3.13474
2,0.596651,-0.148031,0.736746,0.000920349,-2.31058,3.13474
2,0.596645,-0.148833,0.736146,0.000920214,-2.31072,3.13474
2,0.59664,-0.149634,0.735546,0.000920078,-2.31086,3.13474
2,0.596634,-0.150436,0.734945,0.000919941,-2.311,3.13474
2,0.596628,-0.151237,0.734345,0.000919803,-2.31114,3.13474
2,0.596622,-0.152039,0.733744,0.000919664,-2.31128,3.13474
2,0.596616,-0.15284,0.733144,0.000919523,-2.31143,3.13474
2,0.59661,-0.153642,0.732543,0.000919382,-2.31157,3.13474
2,0.596604,-0.154443,0.731943,0.00091924,-2.31172,3.13474
2,0.596598,-0.155245,0.731342,0.000919095,-2.31187,3.13474
2,0.596592,-0.156046,0.730741,0.000918951,-2.31201,3.13474
2,0.596586,-0.156848,0.730141,0.000918805,-2.31216,3.13474
2,0.59658,-0.157649,0.72954,0.000918658,-2.31231,3.13474
2,0.596574,-0.158451,0.728939,0.00091851,-2.31247,3.13473
2,0.596568,-0.159252,0.728338,0.000918362,-2.31262,3.13473
2,0.596561,-0.160054,0.727737,0.000918211,-2.31277,3.13473
2,0.596555,-0.160855,0.727136,0.000918061,-2.31293,3.13473
2,0.596549,-0.161657,0.726535,0.000917909,-2.31308,3.13473
2,0.596542,-0.162459,0.725934,0.000917756,-2.31324,3.13473
2,0.596536,-0.16326,0.725333,0.000917602,-2.3134,3.13473
2,0.596529,-0.164062,0.724732,0.000917447,-2.31356,3.13473
2,0.596523,-0.164863,0.72413,0.00091729,-2.31372,3.13473
2,0.596516,-0.165665,0.723529,0.000917134,-2.31388,3.13473
2,0.596509,-0.166466,0.722928,0.000916976,-2.31404,3.13473
2,0.596503,-0.167268,0.722326,0.000916817,-2.31421,3.13473
2,0.596496,-0.168069,0.721725,0.000916658,-2.31437,3.13473
2,0.596489,-0.168871,0.721124,0.000916497,-2.31454,3.13473
2,0.596482,-0.169672,0.720522,0.000916334,-2.3147,3.13473
2,0.596475,-0.170474,0.719921,0.000916173,-2.31487,3.13473
2,0.596469,-0.171275,0.719319,0.000916009,-2.31504,3.13473
2,0.596462,-0.172077,0.718717,0.000915844,-2.31521,3.13473
2,0.596455,-0.172878,0.718116,0.000915679,-2.31538,3.13473
2,0.596448,-0.17368,0.717514,0.000915513,-2.31555,3.13473
2,0.59644,-0.174481,0.716912,0.000915345,-2.31572,3.13473
2,0.596433,-0.175283,0.71631,0.000915177,-2.3159,3.13473
2,0.596426,-0.176084,0.715709,0.000915009,-2.31607,3.13473
2,0.596419,-0.176886,0.715107,0.000914838,-2.31625,3.13473
2,0.596412,-0.177688,0.714505,0.000914667,-2.31642,3.13473
2,0.596404,-0.178489,0.713903,0.000914496,-2.3166,3.13473
2,0.596397,-0.179291,0.713301,0.000914323,-2.31678,3.13473
2,0.59639,-0.180092,0.712699,0.00091415,-2.31696,3.13473
2,0.596382,-0.180894,0.712097,0.000913976,-2.31714,3.13473
2,0.596375,-0.181695,0.711495,0.0009138,-2.31732,3.13473
2,0.596367,-0.182497,0.710892,0.000913624,-2.3175,3.13473
2,0.59636,-0.183298,0.71029,0.000913447,-2.31768,3.13473
2,0.596352,-0.1841,0.709688,0.00091327,-2.31787,3.13473
2,0.596345,-0.184901,0.709086,0.000913091,-2.31805,3.13473
2,0.596337,-0.185703,0.708483,0.000912912,-2.31824,3.13473
2,0.596329,-0.186504,0.707881,0.000912732,-2.31843,3.13473
2,0.596321,-0.187306,0.707278,0.00091255,-2.31861,3.13473
2,0.596314,-0.188107,0.706676,0.000912368,-2.3188,3.13473
2,0.596306,-0.188909,0.706073,0.000912186,-2.31899,3.13473
2,0.596298,-0.189711,0.705471,0.000912003,-2.31918,3.13473
2,0.59629,-0.190512,0.704868,0.000911818,-2.31938,3.13473
2,0.596282,-0.191314,0.704266,0.000911633,-2.31957,3.13473
2,0.596274,-0.192115,0.703663,0.000911448,-2.31976,3.13473
2,0.596266,-0.192917,0.70306,0.000911261,-2.31996,3.13472
2,0.596258,-0.193718,0.702458,0.000911073,-2.32015,3.13472
2,0.59625,-0.19452,0.701855,0.000910885,-2.32035,3.13472
2,0.596242,-0.195321,0.701252,0.000910697,-2.32055,3.13472
2,0.596234,-0.196123,0.700649,0.000910507,-2.32074,3.13472
2,0.596225,-0.196924,0.700046,0.000910316,-2.32094,3.13472
2,0.596217,-0.197726,0.699443,0.000910124,-2.32114,3.13472
2,0.596209,-0.198527,0.69884,0.000909932,-2.32134,3.13472
2,0.5962,-0.199329,0.698237,0.000909739,-2.32154,3.13472
2,0.596192,-0.20013,0.697634,0.000909546,-2.32175,3.13472
2,0.596184,-0.200932,0.697031,0.000909351,-2.32195,3.13472
2,0.596175,-0.201734,0.696428,0.000909156,-2.32216,3.13472
2,0.596167,-0.202535,0.695825,0.00090896,-2.32236,3.13472
2,0.596158,-0.203337,0.695222,0.000908764,-2.32257,3.13472
2,0.59615,-0.204138,0.694618,0.000908566,-2.32277,3.13472
2,0.596141,-0.20494,0.694015,0.000908368,-2.32298,3.13472
2,0.596132,-0.205741,0.693412,0.000908169,-2.32319,3.13472
2,0.596124,-0.206543,0.692808,0.00090797,-2.3234,3.13472
2,0.596115,-0.207344,0.692205,0.000907769,-2.32361,3.13472
2,0.596106,-0.208146,0.691602,0.000907569,-2.32382,3.13472
2,0.596097,-0.208947,0.690998,0.000907367,-2.32404,3.13472
2,0.596089,-0.209749,0.690395,0.000907164,-2.32425,3.13472
2,0.59608,-0.210551,0.689791,0.000906961,-2.32446,3.13472
2,0.596071,-0.211352,0.689188,0.000906758,-2.32468,3.13472
2,0.596062,-0.212154,0.688584,0.000906552,-2.32489,3.13472
2,0.596053,-0.212955,0.68798,0.000906348,-2.32511,3.13472
2,0.596044,-0.213757,0.687377,0.000906141,-2.32533,3.13472
2,0.596035,-0.214558,0.686773,0.000905935,-2.32555,3.13472
2,0.596026,-0.21536,0.686169,0.000905727,-2.32577,3.13472
2,0.596016,-0.216161,0.685565,0.000905519,-2.32599,3.13472
2,0.596007,-0.216963,0.684961,0.00090531,-2.32621,3.13472
2,0.595998,-0.217764,0.684358,0.0009051,-2.32643,3.13472
2,0.595989,-0.218566,0.683754,0.00090489,-2.32665,3.13472
3,0.595989,-0.218566,0.683754,0.00090489,-2.32665,3.13472
3,0.595989,-0.218566,0.683754,0.00090489,-2.32665,3.13472
3,0.596647,-0.218567,0.683712,0.000904907,-2.3276,3.13472
4,0.596647,-0.218567,0.683712,0.000904907,-2.3276,3.13472
4,0.596648,-0.219528,0.683492,0.000904556,-2.32755,3.13472
4,0.596649,-0.220489,0.683272,0.000904608,-2.32751,3.13472
4,0.596651,-0.221451,0.683052,0.000904654,-2.32747,3.13472
4,0.596653,-0.222413,0.682832,0.000904701,-2.32743,3.13472
4,0.596655,-0.223374,0.682612,0.000904746,-2.32738,3.13472
4,0.596656,-0.224336,0.682392,0.000904791,-2.32734,3.13472
4,0.596658,-0.225297,0.682172,0.000904836,-2.3273,3.13472
4,0.59666,-0.226259,0.681952,0.00090488,-2.32726,3.13472
4,0.596661,-0.22722,0.681732,0.000904923,-2.32722,3.13472
4,0.596663,-0.228182,0.681512,0.000904966,-2.32718,3.13472
4,0.596665,-0.229143,0.681292,0.000905009,-2.32715,3.13472
4,0.596666,-0.230105,0.681072,0.000905052,-2.32711,3.13472
4,0.596668,-0.231066,0.680852,0.000905093,-2.32707,3.13472
4,0.596669,-0.232028,0.680631,0.000905135,-2.32703,3.13472
4,0.596671,-0.232989,0.680411,0.000905176,-2.327,3.13472
4,0.596672,-0.233951,0.680191,0.000905216,-2.32696,3.13472
4,0.596674,-0.234912,0.679971,0.000905256,-2.32693,3.13472
4,0.596675,-0.235874,0.679751,0.000905295,-2.32689,3.13472
4,0.596677,-0.236835,0.67953,0.000905334,-2.32686,3.13472
4,0.596678,-0.237797,0.67931,0.000905373,-2.32682,3.13472
4,0.59668,-0.238758,0.67909,0.000905411,-2.32679,3.13472
4,0.596681,-0.23972,0.678869,0.000905448,-2.32676,3.13472
4,0.596682,-0.240682,0.678649,0.000905485,-2.32672,3.13472
4,0.596684,-0.241643,0.678429,0.000905522,-2.32669,3.13472
4,0.596685,-0.242605,0.678208,0.000905558,-2.32666,3.13472
4,0.596686,-0.243566,0.677988,0.000905594,-2.32663,3.13472
4,0.596687,-0.244528,0.677767,0.000905628,-2.3266,3.13472
4,0.596689,-0.245489,0.677547,0.000905663,-2.32657,3.13472
4,0.59669,-0.246451,0.677326,0.000905697,-2.32654,3.13472
4,0.596691,-0.247412,0.677106,0.000905731,-2.32651,3.13472
4,0.596692,-0.248374,0.676885,0.000905764,-2.32648,3.13472
4,0.596693,-0.249335,0.676665,0.000905796,-2.32646,3.13472
4,0.596695,-0.250297,0.676444,0.000905828,-2.32643,3.13472
4,0.596696,-0.251258,0.676224,0.00090586,-2.3264,3.13472
4,0.596697,-0.25222,0.676003,0.000905891,-2.32638,3.13472
4,0.596698,-0.253181,0.675782,0.000905921,-2.32635,3.13472
4,0.596699,-0.254143,0.675562,0.000905951,-2.32633,3.13472
4,0.5967,-0.255104,0.675341,0.000905981,-2.3263,3.13472
4,0.596701,-0.256066,0.67512,0.00090601,-2.32628,3.13472
4,0.596702,-0.257028,0.6749,0.000906038,-2.32625,3.13472
4,0.596703,-0.257989,0.674679,0.000906066,-2.32623,3.13472
4,0.596704,-0.258951,0.674458,0.000906093,-2.32621,3.13472
4,0.596705,-0.259912,0.674237,0.00090612,-2.32619,3.13472
4,0.596706,-0.260874,0.674016,0.000906146,-2.32617,3.13472
4,0.596706,-0.261835,0.673795,0.000906172,-2.32615,3.13472
4,0.596707,-0.262797,0.673575,0.000906197,-2.32613,3.13472
4,0.596708,-0.263758,0.673354,0.000906222,-2.32611,3.13472
4,0.596709,-0.26472,0.673133,0.000906246,-2.32609,3.13472
4,0.59671,-0.265681,0.672912,0.00090627,-2.32607,3.13472
4,0.59671,-0.266643,0.672691,0.000906293,-2.32605,3.13472
4,0.596711,-0.267604,0.67247,0.000906315,-2.32603,3.13472
4,0.596712,-0.268566,0.672249,0.000906337,-2.32602,3.13472
4,0.596713,-0.269527,0.672028,0.000906358,-2.326,3.13472
4,0.596713,-0.270489,0.671807,0.000906379,-2.32599,3.13472
4,0.596714,-0.27145,0.671585,0.000906399,-2.32597,3.13472
4,0.596714,-0.272412,0.671364,0.000906419,-2.32596,3.13472
4,0.596715,-0.273374,0.671143,0.000906438,-2.32594,3.13472
4,0.596716,-0.274335,0.670922,0.000906456,-2.32593,3.13472
4,0.596716,-0.275297,0.670701,0.000906475,-2.32592,3.13472
4,0.596717,-0.276258,0.670479,0.000906492,-2.3259,3.13472
4,0.596717,-0.27722,0.670258,0.000906508,-2.32589,3.13472
4,0.596717,-0.278181,0.670037,0.000906525,-2.32588,3.13472
4,0.596718,-0.279143,0.669815,0.00090654,-2.32587,3.13472
4,0.596718,-0.280104,0.669594,0.000906555,-2.32586,3.13472
4,0.596719,-0.281066,0.669373,0.00090657,-2.32585,3.13472
4,0.596719,-0.282027,0.669151,0.000906583,-2.32585,3.13472
4,0.596719,-0.282989,0.66893,0.000906596,-2.32584,3.13472
4,0.59672,-0.28395,0.668708,0.000906609,-2.32583,3.13472
4,0.59672,-0.284912,0.668487,0.000906621,-2.32582,3.13472
4,0.59672,-0.285874,0.668265,0.000906633,-2.32582,3.13472
5,0.59672,-0.285874,0.668265,0.000906633,-2.32582,3.13472
5,0.59672,-0.285874,0.668265,0.000906633,-2.32582,3.13472
5,0.59578,-0.285873,0.668327,0.000907189,-2.3244,3.13472
5,0.59484,-0.285873,0.66839,0.000908577,-2.32298,3.13472
5,0.5939,-0.285872,0.668453,0.000909966,-2.32156,3.13472
5,0.592959,-0.285872,0.668516,0.00091136,-2.32014,3.13473
5,0.592019,-0.285871,0.668579,0.000912759,-2.31872,3.13473
5,0.591078,-0.285871,0.668642,0.000914162,-2.31731,3.13473
5,0.590138,-0.28587,0.668705,0.00091557,-2.31589,3.13473
5,0.589197,-0.28587,0.668768,0.000916983,-2.31448,3.13473
5,0.588256,-0.285869,0.668831,0.000918401,-2.31307,3.13474
5,0.587315,-0.285869,0.668894,0.000919824,-2.31166,3.13474
5,0.586374,-0.285868,0.668957,0.000921251,-2.31025,3.13474
5,0.585432,-0.285868,0.66902,0.000922684,-2.30884,3.13474
5,0.584491,-0.285867,0.669084,0.000924122,-2.30743,3.13474
5,0.583549,-0.285867,0.669147,0.000925565,-2.30603,3.13475
5,0.582607,-0.285866,0.66921,0.000927013,-2.30462,3.13475
5,0.581665,-0.285866,0.669273,0.000928466,-2.30322,3.13475
5,0.580723,-0.285865,0.669337,0.000929924,-2.30182,3.13475
5,0.579781,-0.285865,0.6694,0.000931388,-2.30041,3.13475
5,0.578839,-0.285864,0.669464,0.000932857,-2.29901,3.13476
5,0.577896,-0.285864,0.669527,0.000934331,-2.29761,3.13476
5,0.576954,-0.285863,0.66959,0.00093581,-2.29622,3.13476
5,0.576011,-0.285862,0.669654,0.000937296,-2.29482,3.13476
5,0.575068,-0.285862,0.669717,0.000938786,-2.29342,3.13476
5,0.574125,-0.285861,0.669781,0.000940282,-2.29203,3.13477
5,0.573182,-0.285861,0.669845,0.000941784,-2.29063,3.13477
5,0.572239,-0.28586,0.669908,0.000943291,-2.28924,3.13477
5,0.571296,-0.28586,0.669972,0.000944804,-2.28785,3.13477
5,0.570352,-0.285859,0.670036,0.000946323,-2.28645,3.13477
5,0.569408,-0.285859,0.6701,0.000947847,-2.28506,3.13478
5,0.568465,-0.285858,0.670163,0.000949377,-2.28367,3.13478
5,0.567521,-0.285858,0.670227,0.000950913,-2.28228,3.13478
5,0.566577,-0.285857,0.670291,0.000952455,-2.28089,3.13478
5,0.565633,-0.285857,0.670355,0.000954003,-2.27951,3.13478
5,0.564689,-0.285856,0.670419,0.000955556,-2.27812,3.13479
5,0.563744,-0.285856,0.670483,0.000957116,-2.27673,3.13479
5,0.5628,-0.285855,0.670547,0.000958682,-2.27535,3.13479
5,0.561855,-0.285855,0.670611,0.000960254,-2.27396,3.13479
5,0.560911,-0.285854,0.670675,0.000961832,-2.27258,3.13479
5,0.559966,-0.285854,0.670739,0.000963416,-2.27119,3.1348
5,0.559021,-0.285853,0.670804,0.000965007,-2.26981,3.1348
5,0.558076,-0.285853,0.670868,0.000966603,-2.26843,3.1348
5,0.557131,-0.285852,0.670932,0.000968207,-2.26705,3.1348
5,0.556186,-0.285852,0.670996,0.000969816,-2.26567,3.1348
5,0.555241,-0.285851,0.671061,0.000971432,-2.26429,3.13481
5,0.554295,-0.285851,0.671125,0.000973055,-2.26291,3.13481
5,0.55335,-0.28585,0.67119,0.000974684,-2.26153,3.13481
5,0.552404,-0.28585,0.671254,0.00097632,-2.26015,3.13481
5,0.551458,-0.285849,0.671319,0.000977962,-2.25877,3.13481
5,0.550512,-0.285849,0.671384,0.000979611,-2.25739,3.13482
5,0.549566,-0.285848,0.671448,0.000981267,-2.25602,3.13482
5,0.54862,-0.285848,0.671513,0.00098293,-2.25464,3.13482
5,0.547674,-0.285847,0.671578,0.0009846,-2.25326,3.13482
5,0.546728,-0.285847,0.671643,0.000986276,-2.25189,3.13483
5,0.545781,-0.285846,0.671707,0.000987959,-2.25051,3.13483
5,0.544835,-0.285845,0.671772,0.00098965,-2.24914,3.13483
5,0.543888,-0.285845,0.671837,0.000991348,-2.24776,3.13483
5,0.542941,-0.285844,0.671902,0.000993052,-2.24639,3.13483
5,0.541994,-0.285844,0.671968,0.000994764,-2.24502,3.13484
5,0.541047,-0.285843,0.672033,0.000996483,-2.24364,3.13484
5,0.5401,-0.285843,0.672098,0.00099821,-2.24227,3.13484
5,0.539153,-0.285842,0.672163,0.000999944,-2.2409,3.13484
5,0.538206,-0.285842,0.672228,0.00100169,-2.23953,3.13485
5,0.537259,-0.285841,0.672294,0.00100343,-2.23816,3.13485
5,0.536311,-0.285841,0.672359,0.00100519,-2.23678,3.13485
5,0.535363,-0.28584,0.672425,0.00100695,-2.23541,3.13485
5,0.534416,-0.28584,0.67249,0.00100873,-2.23404,3.13485
5,0.533468,-0.285839,0.672556,0.0010105,-2.23267,3.13486
5,0.53252,-0.285839,0.672621,0.00101229,-2.2313,3.13486
5,0.531572,-0.285838,0.672687,0.00101409,-2.22993,3.13486
5,0.530624,-0.285838,0.672753,0.00101589,-2.22856,3.13486
5,0.529676,-0.285837,0.672819,0.0010177,-2.22719,3.13487
5,0.528728,-0.285837,0.672884,0.00101952,-2.22583,3.13487
5,0.527779,-0.285836,0.67295,0.00102135,-2.22446,3.13487
5,0.526831,-0.285836,0.673016,0.00102318,-2.22309,3.13487
5,0.525882,-0.285835,0.673082,0.00102502,-2.22172,3.13487
5,0.524934,-0.285834,0.673149,0.00102688,-2.22035,3.13488
5,0.523985,-0.285834,0.673215,0.00102874,-2.21898,3.13488
5,0.523036,-0.285833,0.673281,0.0010306,-2.21762,3.13488
5,0.522087,-0.285833,0.673347,0.00103248,-2.21625,3.13488
5,0.521138,-0.285832,0.673414,0.00103437,-2.21488,3.13489
5,0.520189,-0.285832,0.67348,0.00103626,-2.21351,3.13489
5,0.51924,-0.285831,0.673546,0.00103816,-2.21215,3.13489
5,0.51829,-0.285831,0.673613,0.00104007,-2.21078,3.13489
5,0.517341,-0.28583,0.67368,0.00104199,-2.20941,3.1349
5,0.516391,-0.28583,0.673746,0.00104392,-2.20804,3.1349
5,0.515442,-0.285829,0.673813,0.00104586,-2.20668,3.1349
5,0.514492,-0.285829,0.67388,0.00104781,-2.20531,3.1349
5,0.513542,-0.285828,0.673947,0.00104976,-2.20394,3.13491
5,0.512592,-0.285828,0.674013,0.00105173,-2.20258,3.13491
5,0.511642,-0.285827,0.67408,0.0010537,-2.20121,3.13491
5,0.510692,-0.285827,0.674147,0.00105569,-2.19984,3.13491
5,0.509742,-0.285826,0.674215,0.00105768,-2.19848,3.13492
5,0.508792,-0.285825,0.674282,0.00105968,-2.19711,3.13492
5,0.507841,-0.285825,0.674349,0.0010617,-2.19574,3.13492
5,0.506891,-0.285824,0.674416,0.00106372,-2.19438,3.13492
5,0.50594,-0.285824,0.674484,0.00106575,-2.19301,3.13493
5,0.50499,-0.285823,0.674551,0.00106779,-2.19164,3.13493
5,0.504039,-0.285823,0.674619,0.00106984,-2.19028,3.13493
5,0.503088,-0.285822,0.674686,0.00107191,-2.18891,3.13493
5,0.502137,-0.285822,0.674754,0.00107398,-2.18754,3.13494
5,0.501186,-0.285821,0.674822,0.00107606,-2.18618,3.13494
5,0.500235,-0.285821,0.674889,0.00107815,-2.18481,3.13494
5,0.499284,-0.28582,0.674957,0.00108025,-2.18344,3.13494
5,0.498333,-0.28582,0.675025,0.00108236,-2.18207,3.13495
5,0.497381,-0.285819,0.675093,0.00108449,-2.18071,3.13495
5,0.49643,-0.285818,0.675161,0.00108662,-2.17934,3.13495
5,0.495478,-0.285818,0.675229,0.00108876,-2.17797,3.13495
5,0.494527,-0.285817,0.675298,0.00109092,-2.1766,3.13496
5,0.493575,-0.285817,0.675366,0.00109308,-2.17524,3.13496
5,0.492623,-0.285816,0.675434,0.00109526,-2.17387,3.13496
5,0.491671,-0.285816,0.675503,0.00109745,-2.1725,3.13496
5,0.490719,-0.285815,0.675571,0.00109965,-2.17113,3.13497
5,0.489767,-0.285815,0.67564,0.00110186,-2.16976,3.13497
5,0.488815,-0.285814,0.675709,0.00110408,-2.16839,3.13497
5,0.487863,-0.285814,0.675777,0.00110631,-2.16702,3.13497
5,0.486911,-0.285813,0.675846,0.00110855,-2.16565,3.13498
6,0.486911,-0.285813,0.675846,0.00110855,-2.16565,3.13498
6,0.48689,-0.284963,0.675295,0.0011079,-2.16621,3.13498
6,0.486871,-0.284113,0.674744,0.00110697,-2.16678,3.13497
6,0.486852,-0.283263,0.674193,0.00110605,-2.16734,3.13497
6,0.486832,-0.282414,0.673642,0.00110512,-2.16791,3.13497
6,0.486813,-0.281564,0.67309,0.00110419,-2.16848,3.13497
6,0.486793,-0.280714,0.672539,0.00110326,-2.16905,3.13497
6,0.486774,-0.279864,0.671987,0.00110234,-2.16962,3.13497
6,0.486754,-0.279014,0.671436,0.00110141,-2.1702,3.13497
6,0.486735,-0.278164,0.670884,0.00110048,-2.17077,3.13497
6,0.486715,-0.277315,0.670333,0.00109955,-2.17135,3.13497
6,0.486695,-0.276465,0.669781,0.00109862,-2.17192,3.13496
6,0.486675,-0.275615,0.669229,0.00109769,-2.1725,3.13496
6,0.486655,-0.274765,0.668677,0.00109676,-2.17308,3.13496
6,0.486635,-0.273915,0.668125,0.00109583,-2.17367,3.13496
6,0.486615,-0.273065,0.667573,0.0010949,-2.17425,3.13496
6,0.486595,-0.272215,0.667021,0.00109397,-2.17483,3.13496
6,0.486575,-0.271366,0.666469,0.00109303,-2.17542,3.13496
6,0.486554,-0.270516,0.665917,0.0010921,-2.17601,3.13496
6,0.486534,-0.269666,0.665365,0.00109117,-2.1766,3.13495
6,0.486514,-0.268816,0.664813,0.00109024,-2.17719,3.13495
6,0.486493,-0.267966,0.66426,0.0010893,-2.17778,3.13495
6,0.486473,-0.267116,0.663708,0.00108837,-2.17837,3.13495
6,0.486452,-0.266266,0.663156,0.00108744,-2.17897,3.13495
6,0.486431,-0.265417,0.662603,0.0010865,-2.17956,3.13495
6,0.486411,-0.264567,0.662051,0.00108557,-2.18016,3.13495
6,0.48639,-0.263717,0.661498,0.00108464,-2.18076,3.13495
6,0.486369,-0.262867,0.660945,0.0010837,-2.18136,3.13495
6,0.486348,-0.262017,0.660393,0.00108277,-2.18196,3.13494
6,0.486327,-0.261167,0.65984,0.00108183,-2.18256,3.13494
6,0.486306,-0.260317,0.659287,0.0010809,-2.18317,3.13494
6,0.486285,-0.259468,0.658734,0.00107996,-2.18377,3.13494
6,0.486264,-0.258618,0.658181,0.00107903,-2.18438,3.13494
6,0.486242,-0.257768,0.657628,0.00107809,-2.18499,3.13494
6,0.486221,-0.256918,0.657075,0.00107716,-2.1856,3.13494
6,0.4862,-0.256068,0.656522,0.00107622,-2.18621,3.13494
6,0.486178,-0.255218,0.655969,0.00107529,-2.18682,3.13494
6,0.486157,-0.254369,0.655416,0.00107435,-2.18744,3.13493
6,0.486135,-0.253519,0.654862,0.00107342,-2.18805,3.13493
6,0.486113,-0.252669,0.654309,0.00107248,-2.18867,3.13493
6,0.486092,-0.251819,0.653756,0.00107155,-2.18929,3.13493
6,0.48607,-0.250969,0.653202,0.00107061,-2.18991,3.13493
6,0.486048,-0.250119,0.652649,0.00106968,-2.19053,3.13493
6,0.486026,-0.24927,0.652095,0.00106874,-2.19115,3.13493
6,0.486004,-0.24842,0.651542,0.00106781,-2.19177,3.13493
6,0.485982,-0.24757,0.650988,0.00106687,-2.1924,3.13493
6,0.48596,-0.24672,0.650434,0.00106594,-2.19302,3.13492
6,0.485937,-0.24587,0.649881,0.001065,-2.19365,3.13492
6,0.485915,-0.24502,0.649327,0.00106407,-2.19428,3.13492
6,0.485893,-0.244171,0.648773,0.00106313,-2.19491,3.13492
6,0.48587,-0.243321,0.648219,0.0010622,-2.19554,3.13492
6,0.485848,-0.242471,0.647665,0.00106126,-2.19617,3.13492
6,0.485825,-0.241621,0.647111,0.00106033,-2.19681,3.13492
6,0.485803,-0.240771,0.646557,0.00105939,-2.19744,3.13492
6,0.48578,-0.239921,0.646003,0.00105846,-2.19808,3.13491
6,0.485757,-0.239071,0.645449,0.00105753,-2.19872,3.13491
6,0.485735,-0.238222,0.644895,0.00105659,-2.19936,3.13491
6,0.485712,-0.237372,0.644341,0.00105566,-2.2,3.13491
6,0.485689,-0.236522,0.643786,0.00105473,-2.20064,3.13491
6,0.485666,-0.235672,0.643232,0.00105379,-2.20128,3.13491
6,0.485643,-0.234822,0.642678,0.00105286,-2.20193,3.13491
6,0.48562,-0.233972,0.642123,0.00105193,-2.20257,3.13491
6,0.485597,-0.233123,0.641569,0.00105099,-2.20322,3.13491
6,0.485573,-0.232273,0.641014,0.00105006,-2.20387,3.1349
6,0.48555,-0.231423,0.64046,0.00104913,-2.20452,3.1349
6,0.485527,-0.230573,0.639905,0.0010482,-2.20517,3.1349
6,0.485503,-0.229723,0.63935,0.00104727,-2.20582,3.1349
6,0.48548,-0.228873,0.638796,0.00104634,-2.20647,3.1349
6,0.485456,-0.228024,0.638241,0.00104541,-2.20712,3.1349
6,0.485432,-0.227174,0.637686,0.00104448,-2.20778,3.1349
6,0.485409,-0.226324,0.637131,0.00104355,-2.20844,3.1349
6,0.485385,-0.225474,0.636576,0.00104262,-2.20909,3.1349
6,0.485361,-0.224624,0.636022,0.00104169,-2.20975,3.13489
6,0.485337,-0.223775,0.635467,0.00104076,-2.21041,3.13489
6,0.485313,-0.222925,0.634912,0.00103983,-2.21108,3.13489
6,0.485289,-0.222075,0.634357,0.0010389,-2.21174,3.13489
6,0.485265,-0.221225,0.633801,0.00103798,-2.2124,3.13489
6,0.485241,-0.220375,0.633246,0.00103705,-2.21307,3.13489
6,0.485217,-0.219525,0.632691,0.00103612,-2.21373,3.13489
6,0.485192,-0.218676,0.632136,0.0010352,-2.2144,3.13489
6,0.485168,-0.217826,0.631581,0.00103427,-2.21507,3.13488
6,0.485143,-0.216976,0.631025,0.00103335,-2.21574,3.13488
6,0.485119,-0.216126,0.63047,0.00103242,-2.21641,3.13488
6,0.485094,-0.215276,0.629915,0.0010315,-2.21708,3.13488
6,0.48507,-0.214426,0.629359,0.00103058,-2.21776,3.13488
6,0.485045,-0.213577,0.628804,0.00102965,-2.21843,3.13488
6,0.48502,-0.212727,0.628248,0.00102873,-2.21911,3.13488
6,0.484996,-0.211877,0.627693,0.00102781,-2.21978,3.13488
6,0.484971,-0.211027,0.627137,0.00102689,-2.22046,3.13488
6,0.484946,-0.210177,0.626581,0.00102597,-2.22114,3.13487
6,0.484921,-0.209327,0.626026,0.00102505,-2.22182,3.13487
6,0.484896,-0.208478,0.62547,0.00102413,-2.2225,3.13487
6,0.48487,-0.207628,0.624914,0.00102321,-2.22319,3.13487
6,0.484845,-0.206778,0.624359,0.00102229,-2.22387,3.13487
6,0.48482,-0.205928,0.623803,0.00102137,-2.22455,3.13487
6,0.484795,-0.205078,0.623247,0.00102045,-2.22524,3.13487
6,0.484769,-0.204229,0.622691,0.00101954,-2.22593,3.13487
6,0.484744,-0.203379,0.622135,0.00101862,-2.22662,3.13486
6,0.484718,-0.202529,0.621579,0.00101771,-2.22731,3.13486
6,0.484693,-0.201679,0.621023,0.00101679,-2.228,3.13486
6,0.484667,-0.200829,0.620467,0.00101588,-2.22869,3.13486
6,0.484641,-0.199979,0.619911,0.00101496,-2.22938,3.13486
6,0.484615,-0.19913,0.619355,0.00101405,-2.23007,3.13486
6,0.48459,-0.19828,0.618799,0.00101314,-2.23077,3.13486
6,0.484564,-0.19743,0.618243,0.00101223,-2.23146,3.13486
6,0.484538,-0.19658,0.617687,0.00101132,-2.23216,3.13486
6,0.484512,-0.19573,0.61713,0.00101041,-2.23286,3.13485
6,0.484486,-0.194881,0.616574,0.0010095,-2.23356,3.13485
6,0.484459,-0.194031,0.616018,0.00100859,-2.23426,3.13485
6,0.484433,-0.193181,0.615461,0.00100768,-2.23496,3.13485
6,0.484407,-0.192331,0.614905,0.00100678,-2.23566,3.13485
6,0.484381,-0.191481,0.614349,0.00100587,-2.23637,3.13485
6,0.484354,-0.190631,0.613792,0.00100497,-2.23707,3.13485
6,0.484328,-0.189782,0.613236,0.00100406,-2.23778,3.13485
6,0.484301,-0.188932,0.612679,0.00100316,-2.23848,3.13485
6,0.484275,-0.188082,0.612123,0.00100226,-2.23919,3.13484
6,0.484248,-0.187232,0.611566,0.00100135,-2.2399,3.13484
6,0.484221,-0.186382,0.61101,0.00100045,-2.24061,3.13484
6,0.484194,-0.185533,0.610453,0.000999552,-2.24132,3.13484
6,0.484168,-0.184683,0.609896,0.000998653,-2.24203,3.13484
6,0.484141,-0.183833,0.60934,0.000997755,-2.24274,3.13484
6,0.484114,-0.182983,0.608783,0.000996857,-2.24346,3.13484
6,0.484087,-0.182133,0.608226,0.00099596,-2.24417,3.13484
6,0.48406,-0.181283,0.60767,0.000995064,-2.24489,3.13483
6,0.484032,-0.180434,0.607113,0.00099417,-2.2456,3.13483
6,0.484005,-0.179584,0.606556,0.000993276,-2.24632,3.13483
6,0.483978,-0.178734,0.605999,0.000992382,-2.24704,3.13483
6,0.483951,-0.177884,0.605442,0.00099149,-2.24776,3.13483
6,0.483923,-0.177034,0.604886,0.000990599,-2.24848,3.13483
6,0.483896,-0.176185,0.604329,0.000989709,-2.2492,3.13483
6,0.483868,-0.175335,0.603772,0.000988819,-2.24992,3.13483
6,0.483841,-0.174485,0.603215,0.000987931,-2.25065,3.13483
6,0.483813,-0.173635,0.602658,0.000987043,-2.25137,3.13482
6,0.483785,-0.172785,0.602101,0.000986157,-2.2521,3.13482
6,0.483757,-0.171936,0.601544,0.000985271,-2.25282,3.13482
6,0.48373,-0.171086,0.600987,0.000984386,-2.25355,3.13482
6,0.483702,-0.170236,0.60043,0.000983503,-2.25428,3.13482
6,0.483674,-0.169386,0.599872,0.00098262,-2.25501,3.13482
6,0.483646,-0.168536,0.599315,0.000981739,-2.25574,3.13482
6,0.483618,-0.167686,0.598758,0.000980858,-2.25647,3.13482
6,0.483589,-0.166837,0.598201,0.000979978,-2.2572,3.13482
6,0.483561,-0.165987,0.597644,0.0009791,-2.25793,3.13481
6,0.483533,-0.165137,0.597087,0.000978222,-2.25867,3.13481
6,0.483505,-0.164287,0.596529,0.000977346,-2.2594,3.13481
6,0.483476,-0.163437,0.595972,0.000976471,-2.26014,3.13481
6,0.483448,-0.162588,0.595415,0.000975596,-2.26087,3.13481
6,0.483419,-0.161738,0.594858,0.000974723,-2.26161,3.13481
6,0.483391,-0.160888,0.5943,0.000973851,-2.26235,3.13481
6,0.483362,-0.160038,0.593743,0.000972979,-2.26309,3.13481
6,0.483334,-0.159188,0.593186,0.000972109,-2.26383,3.13481
6,0.483305,-0.158339,0.592628,0.00097124,-2.26457,3.1348
6,0.483276,-0.157489,0.592071,0.000970372,-2.26531,3.1348
6,0.483247,-0.156639,0.591513,0.000969506,-2.26605,3.1348
6,0.483218,-0.155789,0.590956,0.00096864,-2.26679,3.1348
6,0.483189,-0.154939,0.590399,0.000967775,-2.26754,3.1348
6,0.48316,-0.15409,0.589841,0.000966912,-2.26828,3.1348
6,0.483131,-0.15324,0.589284,0.000966049,-2.26903,3.1348
6,0.483102,-0.15239,0.588726,0.000965188,-2.26977,3.1348
6,0.483073,-0.15154,0.588169,0.000964328,-2.27052,3.13479
6,0.483044,-0.15069,0.587611,0.000963469,-2.27127,3.13479
6,0.483014,-0.14984,0.587054,0.000962611,-2.27202,3.13479
6,0.482985,-0.148991,0.586496,0.000961755,-2.27277,3.13479
6,0.482956,-0.148141,0.585938,0.000960899,-2.27352,3.13479
6,0.482926,-0.147291,0.585381,0.000960045,-2.27427,3.13479
6,0.482896,-0.146441,0.584823,0.000959192,-2.27502,3.13479
6,0.482867,-0.145591,0.584266,0.00095834,-2.27577,3.13479
6,0.482837,-0.144742,0.583708,0.000957489,-2.27653,3.13479
6,0.482807,-0.143892,0.58315,0.00095664,-2.27728,3.13478
6,0.482778,-0.143042,0.582593,0.000955791,-2.27804,3.13478
6,0.482748,-0.142192,0.582035,0.000954944,-2.27879,3.13478
6,0.482718,-0.141342,0.581477,0.000954098,-2.27955,3.13478
6,0.482688,-0.140493,0.58092,0.000953253,-2.28031,3.13478
6,0.482658,-0.139643,0.580362,0.00095241,-2.28107,3.13478
6,0.482628,-0.138793,0.579804,0.000951568,-2.28183,3.13478
6,0.482598,-0.137943,0.579246,0.000950726,-2.28259,3.13478
6,0.482568,-0.137093,0.578689,0.000949887,-2.28335,3.13478
6,0.482538,-0.136244,0.578131,0.000949048,-2.28411,3.13477
6,0.482507,-0.135394,0.577573,0.000948211,-2.28487,3.13477
6,0.482477,-0.134544,0.577015,0.000947375,-2.28563,3.13477
6,0.482447,-0.133694,0.576458,0.00094654,-2.2864,3.13477
6,0.482416,-0.132844,0.5759,0.000945706,-2.28716,3.13477
6,0.482386,-0.131995,0.575342,0.000944874,-2.28792,3.13477
6,0.482355,-0.131145,0.574784,0.000944043,-2.28869,3.13477
6,0.482324,-0.130295,0.574226,0.000943213,-2.28946,3.13477
6,0.482294,-0.129445,0.573669,0.000942385,-2.29022,3.13477
6,0.482263,-0.128595,0.573111,0.000941557,-2.29099,3.13476
6,0.482232,-0.127746,0.572553,0.000940731,-2.29176,3.13476
6,0.482201,-0.126896,0.571995,0.000939907,-2.29253,3.13476
6,0.482171,-0.126046,0.571437,0.000939084,-2.2933,3.13476
6,0.48214,-0.125196,0.570879,0.000938261,-2.29407,3.13476
6,0.482109,-0.124346,0.570321,0.000937441,-2.29484,3.13476
6,0.482078,-0.123497,0.569764,0.000936621,-2.29561,3.13476
6,0.482047,-0.122647,0.569206,0.000935803,-2.29638,3.13476
6,0.482015,-0.121797,0.568648,0.000934987,-2.29716,3.13476
6,0.481984,-0.120947,0.56809,0.000934171,-2.29793,3.13475
6,0.481953,-0.120097,0.567532,0.000933357,-2.2987,3.13475
6,0.481922,-0.119248,0.566974,0.000932544,-2.29948,3.13475
6,0.48189,-0.118398,0.566416,0.000931732,-2.30025,3.13475
6,0.481859,-0.117548,0.565858,0.000930922,-2.30103,3.13475
6,0.481827,-0.116698,0.5653,0.000930114,-2.30181,3.13475
6,0.481796,-0.115848,0.564742,0.000929306,-2.30258,3.13475
6,0.481764,-0.114998,0.564185,0.0009285,-2.30336,3.13475
6,0.481733,-0.114149,0.563627,0.000927695,-2.30414,3.13475
6,0.481701,-0.113299,0.563069,0.000926892,-2.30492,3.13475
6,0.481669,-0.112449,0.562511,0.00092609,-2.3057,3.13474
6,0.481638,-0.111599,0.561953,0.000925289,-2.30648,3.13474
6,0.481606,-0.110749,0.561395,0.00092449,-2.30726,3.13474
6,0.481574,-0.1099,0.560837,0.000923691,-2.30804,3.13474
6,0.481542,-0.10905,0.560279,0.000922895,-2.30883,3.13474
6,0.48151,-0.1082,0.559721,0.0009221,-2.30961,3.13474
6,0.481478,-0.10735,0.559163,0.000921306,-2.31039,3.13474
6,0.481446,-0.1065,0.558605,0.000920513,-2.31118,3.13474
6,0.481414,-0.105651,0.558047,0.000919722,-2.31196,3.13474
6,0.481381,-0.104801,0.557489,0.000918932,-2.31274,3.13473
6,0.481349,-0.103951,0.556931,0.000918144,-2.31353,3.13473
6,0.481317,-0.103101,0.556373,0.000917357,-2.31432,3.13473
6,0.481285,-0.102251,0.555816,0.000916572,-2.3151,3.13473
6,0.481252,-0.101402,0.555258,0.000915787,-2.31589,3.13473
6,0.48122,-0.100552,0.5547,0.000915005,-2.31668,3.13473
6,0.481187,-0.099702,0.554142,0.000914223,-2.31747,3.13473
6,0.481155,-0.0988522,0.553584,0.000913443,-2.31826,3.13473
6,0.481122,-0.0980024,0.553026,0.000912664,-2.31904,3.13473
6,0.48109,-0.0971526,0.552468,0.000911887,-2.31983,3.13472
6,0.481057,-0.0963028,0.55191,0.000911112,-2.32062,3.13472
6,0.481024,-0.095453,0.551352,0.000910337,-2.32142,3.13472
6,0.480991,-0.0946032,0.550794,0.000909564,-2.32221,3.13472
6,0.480959,-0.0937534,0.550236,0.000908793,-2.323,3.13472
6,0.480926,-0.0929036,0.549678,0.000908022,-2.32379,3.13472
6,0.480893,-0.0920538,0.549121,0.000907254,-2.32458,3.13472
6,0.48086,-0.091204,0.548563,0.000906486,-2.32538,3.13472
7,0.48086,-0.091204,0.548563,0.000906486,-2.32538,3.13472
7,0.48086,-0.091204,0.548563,0.000906486,-2.32538,3.13472
7,0.481803,-0.091205,0.548513,0.00090567,-2.32647,3.13472
7,0.482747,-0.0912053,0.548465,0.000904744,-2.32757,3.13472
7,0.48369,-0.0912057,0.548417,0.000903755,-2.32867,3.13471
7,0.484634,-0.0912061,0.548368,0.000902771,-2.32976,3.13471
7,0.485577,-0.0912064,0.54832,0.000901789,-2.33086,3.13471
7,0.48652,-0.0912068,0.548272,0.000900811,-2.33196,3.13471
7,0.487464,-0.0912072,0.548224,0.000899836,-2.33305,3.13471
7,0.488407,-0.0912075,0.548176,0.000898865,-2.33415,3.13471
7,0.48935,-0.0912079,0.548128,0.000897897,-2.33525,3.13471
7,0.490293,-0.0912083,0.54808,0.000896932,-2.33634,3.13471
7,0.491236,-0.0912086,0.548032,0.00089597,-2.33744,3.1347
7,0.492179,-0.091209,0.547984,0.000895012,-2.33854,3.1347
8,0.492179,-0.091209,0.547984,0.000895012,-2.33854,3.1347
8,0.492139,-0.0905116,0.547231,0.00089308,-2.33945,3.1347
8,0.492101,-0.0898136,0.546479,0.000892223,-2.34037,3.1347
8,0.492062,-0.0891157,0.545727,0.000891372,-2.34129,3.1347
8,0.492023,-0.0884177,0.544974,0.000890522,-2.34221,3.1347
8,0.491984,-0.0877198,0.544222,0.000889673,-2.34314,3.1347
8,0.491944,-0.0870218,0.543469,0.000888827,-2.34406,3.13469
8,0.491905,-0.0863239,0.542717,0.000887981,-2.34499,3.13469
8,0.491866,-0.0856259,0.541965,0.000887137,-2.34591,3.13469
8,0.491827,-0.084928,0.541212,0.000886295,-2.34684,3.13469
8,0.491787,-0.08423,0.54046,0.000885454,-2.34777,3.13469
8,0.491748,-0.0835321,0.539707,0.000884614,-2.3487,3.13469
8,0.491708,-0.0828341,0.538955,0.000883776,-2.34963,3.13469
8,0.491668,-0.0821362,0.538202,0.00088294,-2.35056,3.13469
8,0.491628,-0.0814382,0.53745,0.000882104,-2.35149,3.13468
8,0.491589,-0.0807403,0.536697,0.00088127,-2.35242,3.13468
8,0.491549,-0.0800423,0.535945,0.000880438,-2.35336,3.13468
8,0.491509,-0.0793444,0.535192,0.000879608,-2.35429,3.13468
8,0.491468,-0.0786464,0.53444,0.000878778,-2.35523,3.13468
8,0.491428,-0.0779485,0.533687,0.00087795,-2.35616,3.13468
8,0.491388,-0.0772505,0.532935,0.000877124,-2.3571,3.13468
8,0.491348,-0.0765526,0.532182,0.000876299,-2.35804,3.13468
8,0.491307,-0.0758546,0.53143,0.000875476,-2.35898,3.13467
8,0.491267,-0.0751567,0.530677,0.000874654,-2.35992,3.13467
8,0.491226,-0.0744587,0.529925,0.000873833,-2.36086,3.13467
8,0.491185,-0.0737608,0.529172,0.000873015,-2.36181,3.13467
8,0.491145,-0.0730628,0.52842,0.000872197,-2.36275,3.13467
8,0.491104,-0.0723649,0.527667,0.000871381,-2.3637,3.13467
8,0.491063,-0.0716669,0.526915,0.000870567,-2.36464,3.13467
8,0.491022,-0.070969,0.526162,0.000869754,-2.36559,3.13467
8,0.490981,-0.070271,0.525409,0.000868942,-2.36653,3.13467
8,0.49094,-0.0695731,0.524657,0.000868133,-2.36748,3.13466
8,0.490898,-0.0688751,0.523904,0.000867324,-2.36843,3.13466
8,0.490857,-0.0681772,0.523152,0.000866517,-2.36938,3.13466
8,0.490816,-0.0674792,0.522399,0.000865712,-2.37033,3.13466
8,0.490774,-0.0667813,0.521647,0.000864908,-2.37129,3.13466
8,0.490733,-0.0660833,0.520894,0.000864106,-2.37224,3.13466
8,0.490691,-0.0653854,0.520142,0.000863305,-2.37319,3.13466
8,0.49065,-0.0646874,0.519389,0.000862505,-2.37415,3.13466
8,0.490608,-0.0639895,0.518637,0.000861708,-2.3751,3.13466
8,0.490566,-0.0632915,0.517884,0.000860912,-2.37606,3.13465
8,0.490524,-0.0625936,0.517132,0.000860117,-2.37702,3.13465
8,0.490482,-0.0618956,0.516379,0.000859323,-2.37798,3.13465
8,0.49044,-0.0611977,0.515627,0.000858532,-2.37894,3.13465
8,0.490398,-0.0604997,0.514874,0.000857742,-2.3799,3.13465
8,0.490355,-0.0598018,0.514122,0.000856953,-2.38086,3.13465
8,0.490313,-0.0591038,0.513369,0.000856166,-2.38182,3.13465
8,0.490271,-0.0584059,0.512616,0.000855381,-2.38278,3.13465
8,0.490228,-0.0577079,0.511864,0.000854596,-2.38375,3.13464
8,0.490186,-0.05701,0.511111,0.000853814,-2.38471,3.13464
8,0.490143,-0.056312,0.510359,0.000853033,-2.38568,3.13464
8,0.4901,-0.0556141,0.509606,0.000852254,-2.38664,3.13464
8,0.490058,-0.0549161,0.508854,0.000851476,-2.38761,3.13464
8,0.490015,-0.0542182,0.508102,0.000850699,-2.38858,3.13464
8,0.489972,-0.0535202,0.507349,0.000849925,-2.38955,3.13464
8,0.489929,-0.0528223,0.506597,0.000849151,-2.39052,3.13464
8,0.489886,-0.0521243,0.505844,0.00084838,-2.39149,3.13464
8,0.489843,-0.0514264,0.505092,0.000847609,-2.39246,3.13463
8,0.489799,-0.0507284,0.504339,0.000846841,-2.39343,3.13463
8,0.489756,-0.0500305,0.503587,0.000846074,-2.39441,3.13463
8,0.489713,-0.0493326,0.502834,0.000845309,-2.39538,3.13463
8,0.489669,-0.0486346,0.502082,0.000844544,-2.39636,3.13463
8,0.489626,-0.0479367,0.50133,0.000843782,-2.39733,3.13463
8,0.489582,-0.0472387,0.500577,0.000843021,-2.39831,3.13463
8,0.489538,-0.0465408,0.499825,0.000842262,-2.39929,3.13463
8,0.489495,-0.0458428,0.499072,0.000841504,-2.40026,3.13463
8,0.489451,-0.0451449,0.49832,0.000840748,-2.40124,3.13462
8,0.489407,-0.0444469,0.497568,0.000839993,-2.40222,3.13462
8,0.489363,-0.043749,0.496815,0.00083924,-2.4032,3.13462
8,0.489319,-0.043051,0.496063,0.000838488,-2.40418,3.13462
8,0.489275,-0.0423531,0.495311,0.000837738,-2.40517,3.13462
8,0.48923,-0.0416551,0.494558,0.00083699,-2.40615,3.13462
8,0.489186,-0.0409572,0.493806,0.000836243,-2.40713,3.13462
8,0.489142,-0.0402592,0.493054,0.000835497,-2.40812,3.13462
8,0.489097,-0.0395613,0.492301,0.000834753,-2.4091,3.13462
8,0.489053,-0.0388633,0.491549,0.000834011,-2.41009,3.13461
8,0.489008,-0.0381654,0.490797,0.000833271,-2.41108,3.13461
8,0.488963,-0.0374674,0.490044,0.000832531,-2.41207,3.13461
8,0.488919,-0.0367695,0.489292,0.000831794,-2.41305,3.13461
8,0.488874,-0.0360715,0.48854,0.000831058,-2.41404,3.13461
8,0.488829,-0.0353736,0.487788,0.000830323,-2.41503,3.13461
8,0.488784,-0.0346756,0.487036,0.00082959,-2.41603,3.13461
8,0.488739,-0.0339777,0.486283,0.000828859,-2.41702,3.13461
8,0.488694,-0.0332797,0.485531,0.000828128,-2.41801,3.13461
8,0.488648,-0.0325818,0.484779,0.000827401,-2.419,3.1346
8,0.488603,-0.0318838,0.484027,0.000826674,-2.42,3.1346
8,0.488558,-0.0311859,0.483275,0.000825948,-2.42099,3.1346
8,0.488512,-0.0304879,0.482523,0.000825225,-2.42199,3.1346
8,0.488467,-0.02979,0.48177,0.000824502,-2.42298,3.1346
8,0.488421,-0.029092,0.481018,0.000823782,-2.42398,3.1346
8,0.488376,-0.0283941,0.480266,0.000823063,-2.42498,3.1346
8,0.48833,-0.0276961,0.479514,0.000822345,-2.42598,3.1346
8,0.488284,-0.0269982,0.478762,0.000821629,-2.42698,3.1346
8,0.488238,-0.0263002,0.47801,0.000820915,-2.42798,3.13459
8,0.488192,-0.0256023,0.477258,0.000820202,-2.42898,3.13459
8,0.488146,-0.0249043,0.476506,0.00081949,-2.42998,3.13459
8,0.4881,-0.0242064,0.475754,0.00081878,-2.43098,3.13459
8,0.488054,-0.0235084,0.475002,0.000818072,-2.43199,3.13459
8,0.488008,-0.0228105,0.47425,0.000817366,-2.43299,3.13459
8,0.487961,-0.0221125,0.473498,0.00081666,-2.434,3.13459
8,0.487915,-0.0214146,0.472746,0.000815957,-2.435,3.13459
8,0.487869,-0.0207166,0.471994,0.000815255,-2.43601,3.13459
8,0.487822,-0.0200187,0.471242,0.000814554,-2.43701,3.13458
8,0.487775,-0.0193207,0.470491,0.000813855,-2.43802,3.13458
8,0.487729,-0.0186228,0.469739,0.000813157,-2.43903,3.13458
8,0.487682,-0.0179248,0.468987,0.000812461,-2.44004,3.13458
8,0.487635,-0.0172269,0.468235,0.000811766,-2.44105,3.13458
8,0.487588,-0.0165289,0.467483,0.000811073,-2.44206,3.13458
8,0.487541,-0.0158309,0.466732,0.000810382,-2.44307,3.13458
8,0.487494,-0.015133,0.46598,0.000809692,-2.44408,3.13458
8,0.487447,-0.014435,0.465228,0.000809003,-2.4451,3.13458
8,0.4874,-0.0137371,0.464476,0.000808317,-2.44611,3.13457
8,0.487352,-0.0130391,0.463725,0.000807631,-2.44712,3.13457
8,0.487305,-0.0123412,0.462973,0.000806947,-2.44814,3.13457
8,0.487258,-0.0116432,0.462221,0.000806265,-2.44915,3.13457
8,0.48721,-0.0109453,0.46147,0.000805584,-2.45017,3.13457
8,0.487163,-0.0102473,0.460718,0.000804905,-2.45119,3.13457
8,0.487115,-0.00954938,0.459966,0.000804227,-2.45221,3.13457
8,0.487067,-0.00885142,0.459215,0.000803551,-2.45322,3.13457
8,0.487019,-0.00815347,0.458463,0.000802876,-2.45424,3.13457
8,0.486972,-0.00745552,0.457712,0.000802202,-2.45526,3.13457
8,0.486924,-0.00675756,0.45696,0.000801531,-2.45628,3.13456
8,0.486876,-0.00605961,0.456209,0.00080086,-2.45731,3.13456
8,0.486827,-0.00536166,0.455457,0.000800192,-2.45833,3.13456
8,0.486779,-0.0046637,0.454706,0.000799524,-2.45935,3.13456
8,0.486731,-0.00396575,0.453954,0.000798859,-2.46038,3.13456
8,0.486683,-0.00326779,0.453203,0.000798195,-2.4614,3.13456
8,0.486634,-0.00256984,0.452452,0.000797531,-2.46242,3.13456
8,0.486586,-0.00187189,0.4517,0.00079687,-2.46345,3.13456
8,0.486537,-0.00117393,0.450949,0.00079621,-2.46448,3.13456
8,0.486489,-0.000475978,0.450198,0.000795552,-2.4655,3.13455
8,0.48644,0.000221977,0.449446,0.000794895,-2.46653,3.13455
8,0.486391,0.000919931,0.448695,0.00079424,-2.46756,3.13455
8,0.486342,0.00161789,0.447944,0.000793586,-2.46859,3.13455
8,0.486294,0.00231584,0.447193,0.000792934,-2.46962,3.13455
8,0.486245,0.0030138,0.446442,0.000792283,-2.47065,3.13455
8,0.486196,0.00371175,0.44569,0.000791633,-2.47168,3.13455
8,0.486146,0.00440971,0.444939,0.000790985,-2.47271,3.13455
8,0.486097,0.00510766,0.444188,0.000790339,-2.47375,3.13455
8,0.486048,0.00580562,0.443437,0.000789693,-2.47478,3.13455
8,0.485999,0.00650357,0.442686,0.00078905,-2.47581,3.13454
8,0.485949,0.00720153,0.441935,0.000788408,-2.47685,3.13454
8,0.4859,0.00789949,0.441184,0.000787767,-2.47789,3.13454
8,0.48585,0.00859744,0.440433,0.000787128,-2.47892,3.13454
8,0.4858,0.0092954,0.439682,0.00078649,-2.47996,3.13454
8,0.485751,0.00999336,0.438931,0.000785854,-2.481,3.13454
8,0.485701,0.0106913,0.43818,0.000785219,-2.48203,3.13454
8,0.485651,0.0113893,0.437429,0.000784585,-2.48307,3.13454
8,0.485601,0.0120872,0.436678,0.000783954,-2.48411,3.13454
8,0.485551,0.0127852,0.435927,0.000783323,-2.48515,3.13453
8,0.485501,0.0134831,0.435177,0.000782694,-2.4862,3.13453
8,0.485451,0.0141811,0.434426,0.000782066,-2.48724,3.13453
8,0.485401,0.0148791,0.433675,0.00078144,-2.48828,3.13453
8,0.48535,0.015577,0.432924,0.000780815,-2.48932,3.13453
8,0.4853,0.016275,0.432173,0.000780192,-2.49037,3.13453
8,0.485249,0.0169729,0.431423,0.00077957,-2.49141,3.13453
8,0.485199,0.0176709,0.430672,0.00077895,-2.49246,3.13453
8,0.485148,0.0183688,0.429921,0.000778331,-2.49351,3.13453
8,0.485098,0.0190668,0.429171,0.000777713,-2.49455,3.13453
9,0.485098,0.0190668,0.429171,0.000777713,-2.49455,3.13453
9,0.485098,0.0190668,0.429171,0.000777713,-2.49455,3.13453
9,0.484465,0.0190669,0.429195,0.000778781,-2.4939,3.13453
9,0.483832,0.0190673,0.429219,0.000779256,-2.49326,3.13453
10,0.483832,0.0190673,0.429219,0.000779256,-2.49326,3.13453
10,0.483848,0.0180734,0.429199,0.000778836,-2.49291,3.13453
10,0.483864,0.0170793,0.42918,0.000779084,-2.49257,3.13453
10,0.483881,0.0160852,0.429161,0.000779308,-2.49223,3.13453
10,0.483897,0.0150911,0.429142,0.000779532,-2.49189,3.13453
10,0.483914,0.0140971,0.429123,0.000779757,-2.49155,3.13453
10,0.48393,0.013103,0.429104,0.000779982,-2.49121,3.13453
10,0.483947,0.0121089,0.429084,0.000780208,-2.49086,3.13453
10,0.483963,0.0111148,0.429065,0.000780433,-2.49052,3.13453
10,0.48398,0.0101207,0.429046,0.00078066,-2.49018,3.13453
10,0.483997,0.00912661,0.429027,0.000780886,-2.48984,3.13453
10,0.484013,0.00813253,0.429008,0.000781113,-2.48949,3.13453
10,0.48403,0.00713844,0.428989,0.000781341,-2.48915,3.13453
10,0.484046,0.00614435,0.42897,0.000781568,-2.48881,3.13453
10,0.484063,0.00515026,0.428951,0.000781796,-2.48846,3.13453
10,0.48408,0.00415618,0.428932,0.000782025,-2.48812,3.13453
10,0.484096,0.00316209,0.428913,0.000782254,-2.48777,3.13453
10,0.484113,0.002168,0.428894,0.000782483,-2.48743,3.13453
10,0.484129,0.00117392,0.428876,0.000782713,-2.48708,3.13453
11,0.484129,0.00117392,0.428876,0.000782713,-2.48708,3.13453
11,0.484129,0.00117392,0.428876,0.000782713,-2.48708,3.13453
11,0.48503,0.00117285,0.428841,0.000782315,-2.48801,3.13453
11,0.485931,0.00117255,0.428807,0.000781854,-2.48894,3.13453
11,0.486832,0.00117225,0.428773,0.000781345,-2.48987,3.13453
11,0.487733,0.00117195,0.428738,0.000780838,-2.4908,3.13453
11,0.488634,0.00117165,0.428704,0.000780332,-2.49173,3.13453
11,0.489535,0.00117135,0.42867,0.000779828,-2.49266,3.13453
11,0.490436,0.00117105,0.428636,0.000779324,-2.49359,3.13453
11,0.491336,0.00117075,0.428602,0.000778821,-2.49452,3.13453
11,0.492237,0.00117045,0.428568,0.000778319,-2.49545,3.13453
11,0.493138,0.00117015,0.428534,0.000777819,-2.49638,3.13453
11,0.494038,0.00116985,0.4285,0.00077732,-2.49731,3.13453
11,0.494939,0.00116955,0.428466,0.000776821,-2.49825,3.13452
11,0.495839,0.00116925,0.428432,0.000776324,-2.49918,3.13452
12,0.495839,0.00116925,0.428432,0.000776324,-2.49918,3.13452
12,0.495827,0.000308242,0.427915,0.000775151,-2.49942,3.13452
12,0.495815,-0.000552744,0.427398,0.000775012,-2.49966,3.13452
12,0.495804,-0.00141373,0.426882,0.000774874,-2.49989,3.13452
12,0.495792,-0.00227472,0.426365,0.000774735,-2.50013,3.13452
12,0.49578,-0.0031357,0.425848,0.000774597,-2.50037,3.13452
12,0.495769,-0.00399669,0.425331,0.000774458,-2.50061,3.13452
12,0.495757,-0.00485767,0.424814,0.000774319,-2.50085,3.13452
12,0.495745,-0.00571866,0.424297,0.00077418,-2.50109,3.13452
12,0.495734,-0.00657964,0.42378,0.000774041,-2.50133,3.13452
12,0.495722,-0.00744063,0.423263,0.000773903,-2.50157,3.13452
12,0.49571,-0.00830162,0.422746,0.000773764,-2.50181,3.13452
12,0.495698,-0.0091626,0.422229,0.000773625,-2.50205,3.13452
12,0.495687,-0.0100236,0.421712,0.000773485,-2.50229,3.13452
12,0.495675,-0.0108846,0.421195,0.000773346,-2.50254,3.13452
12,0.495663,-0.0117456,0.420678,0.000773207,-2.50278,3.13452
12,0.495651,-0.0126065,0.420161,0.000773068,-2.50302,3.13452
12,0.49564,-0.0134675,0.419644,0.000772928,-2.50326,3.13452
12,0.495628,-0.0143285,0.419127,0.000772789,-2.50351,3.13452
12,0.495616,-0.0151895,0.41861,0.000772649,-2.50375,3.13452
12,0.495604,-0.0160505,0.418093,0.000772509,-2.50399,3.13452
12,0.495592,-0.0169115,0.417576,0.00077237,-2.50424,3.13452
12,0.49558,-0.0177725,0.417059,0.00077223,-2.50448,3.13452
12,0.495568,-0.0186335,0.416542,0.00077209,-2.50473,3.13452
12,0.495556,-0.0194944,0.416025,0.000771951,-2.50497,3.13452
12,0.495544,-0.0203554,0.415508,0.000771811,-2.50522,3.13452
12,0.495532,-0.0212164,0.414991,0.00077167,-2.50546,3.13452
12,0.49552,-0.0220774,0.414474,0.000771531,-2.50571,3.13452
12,0.495508,-0.0229384,0.413957,0.00077139,-2.50595,3.13452
12,0.495496,-0.0237994,0.41344,0.00077125,-2.5062,3.13452
12,0.495484,-0.0246604,0.412923,0.00077111,-2.50644,3.13452
12,0.495472,-0.0255214,0.412405,0.00077097,-2.50669,3.13451
12,0.49546,-0.0263823,0.411888,0.000770829,-2.50694,3.13451
12,0.495448,-0.0272433,0.411371,0.000770689,-2.50719,3.13451
12,0.495436,-0.0281043,0.410854,0.000770548,-2.50743,3.13451
12,0.495424,-0.0289653,0.410337,0.000770408,-2.50768,3.13451
12,0.495412,-0.0298263,0.40982,0.000770268,-2.50793,3.13451
12,0.4954,-0.0306873,0.409303,0.000770126,-2.50818,3.13451
12,0.495387,-0.0315483,0.408785,0.000769986,-2.50843,3.13451
12,0.495375,-0.0324093,0.408268,0.000769845,-2.50868,3.13451
12,0.495363,-0.0332703,0.407751,0.000769704,-2.50893,3.13451
12,0.495351,-0.0341312,0.407234,0.000769563,-2.50918,3.13451
12,0.495338,-0.0349922,0.406717,0.000769422,-2.50943,3.13451
12,0.495326,-0.0358532,0.406199,0.000769281,-2.50968,3.13451
12,0.495314,-0.0367142,0.405682,0.00076914,-2.50993,3.13451
12,0.495302,-0.0375752,0.405165,0.000768999,-2.51018,3.13451
12,0.495289,-0.0384362,0.404648,0.000768858,-2.51043,3.13451
12,0.495277,-0.0392972,0.40413,0.000768716,-2.51068,3.13451
12,0.495265,-0.0401582,0.403613,0.000768575,-2.51093,3.13451
12,0.495252,-0.0410192,0.403096,0.000768433,-2.51119,3.13451
12,0.49524,-0.0418801,0.402579,0.000768292,-2.51144,3.13451
12,0.495227,-0.0427411,0.402061,0.000768151,-2.51169,3.13451
12,0.495215,-0.0436021,0.401544,0.000768009,-2.51195,3.13451
12,0.495203,-0.0444631,0.401027,0.000767868,-2.5122,3.13451
12,0.49519,-0.0453241,0.40051,0.000767726,-2.51245,3.13451
12,0.495178,-0.0461851,0.399992,0.000767584,-2.51271,3.13451
12,0.495165,-0.0470461,0.399475,0.000767442,-2.51296,3.13451
12,0.495153,-0.0479071,0.398958,0.0007673,-2.51322,3.13451
12,0.49514,-0.0487681,0.39844,0.000767158,-2.51347,3.13451
12,0.495128,-0.049629,0.397923,0.000767016,-2.51373,3.13451
12,0.495115,-0.05049,0.397406,0.000766874,-2.51398,3.13451
12,0.495102,-0.051351,0.396888,0.000766732,-2.51424,3.13451
12,0.49509,-0.052212,0.396371,0.00076659,-2.51449,3.13451
12,0.495077,-0.053073,0.395854,0.000766447,-2.51475,3.13451
12,0.495065,-0.053934,0.395336,0.000766305,-2.51501,3.13451
12,0.495052,-0.054795,0.394819,0.000766163,-2.51526,3.13451
12,0.495039,-0.055656,0.394301,0.000766021,-2.51552,3.13451
12,0.495027,-0.056517,0.393784,0.000765879,-2.51578,3.13451
12,0.495014,-0.057378,0.393267,0.000765736,-2.51604,3.13451
12,0.495001,-0.0582389,0.392749,0.000765593,-2.5163,3.13451
12,0.494988,-0.0590999,0.392232,0.000765451,-2.51656,3.13451
12,0.494976,-0.0599609,0.391714,0.000765308,-2.51681,3.13451
12,0.494963,-0.0608219,0.391197,0.000765165,-2.51707,3.13451
12,0.49495,-0.0616829,0.39068,0.000765023,-2.51733,3.1345
12,0.494937,-0.0625439,0.390162,0.00076488,-2.51759,3.1345
12,0.494925,-0.0634049,0.389645,0.000764737,-2.51785,3.1345
12,0.494912,-0.0642659,0.389127,0.000764594,-2.51811,3.1345
12,0.494899,-0.0651269,0.38861,0.000764451,-2.51838,3.1345
12,0.494886,-0.0659879,0.388092,0.000764308,-2.51864,3.1345
12,0.494873,-0.0668489,0.387575,0.000764165,-2.5189,3.1345
12,0.49486,-0.0677099,0.387057,0.000764022,-2.51916,3.1345
12,0.494847,-0.0685708,0.38654,0.000763879,-2.51942,3.1345
12,0.494834,-0.0694318,0.386022,0.000763735,-2.51968,3.1345
12,0.494821,-0.0702928,0.385505,0.000763592,-2.51995,3.1345
12,0.494808,-0.0711538,0.384987,0.000763449,-2.52021,3.1345
12,0.494795,-0.0720148,0.38447,0.000763305,-2.52047,3.1345
12,0.494782,-0.0728758,0.383952,0.000763162,-2.52074,3.1345
12,0.494769,-0.0737368,0.383435,0.000763018,-2.521,3.1345
12,0.494756,-0.0745978,0.382917,0.000762875,-2.52127,3.1345
12,0.494743,-0.0754588,0.382399,0.000762731,-2.52153,3.1345
12,0.49473,-0.0763198,0.381882,0.000762587,-2.5218,3.1345
12,0.494717,-0.0771808,0.381364,0.000762444,-2.52206,3.1345
12,0.494704,-0.0780418,0.380847,0.0007623,-2.52233,3.1345
12,0.494691,-0.0789027,0.380329,0.000762156,-2.52259,3.1345
12,0.494678,-0.0797637,0.379811,0.000762012,-2.52286,3.1345
12,0.494664,-0.0806247,0.379294,0.000761868,-2.52313,3.1345
12,0.494651,-0.0814857,0.378776,0.000761724,-2.52339,3.1345
12,0.494638,-0.0823467,0.378259,0.00076158,-2.52366,3.1345
12,0.494625,-0.0832077,0.377741,0.000761436,-2.52393,3.1345
12,0.494611,-0.0840687,0.377223,0.000761292,-2.5242,3.1345
12,0.494598,-0.0849297,0.376706,0.000761147,-2.52446,3.1345
12,0.494585,-0.0857907,0.376188,0.000761003,-2.52473,3.1345
12,0.494572,-0.0866517,0.37567,0.000760859,-2.525,3.1345
12,0.494558,-0.0875127,0.375153,0.000760715,-2.52527,3.1345
12,0.494545,-0.0883737,0.374635,0.00076057,-2.52554,3.1345
12,0.494532,-0.0892347,0.374117,0.000760426,-2.52581,3.1345
12,0.494518,-0.0900957,0.3736,0.000760281,-2.52608,3.1345
12,0.494505,-0.0909567,0.373082,0.000760136,-2.52635,3.1345
12,0.494491,-0.0918176,0.372564,0.000759992,-2.52662,3.1345
12,0.494478,-0.0926786,0.372046,0.000759847,-2.52689,3.1345
12,0.494464,-0.0935396,0.371529,0.000759703,-2.52716,3.1345
12,0.494451,-0.0944006,0.371011,0.000759558,-2.52744,3.1345
12,0.494437,-0.0952616,0.370493,0.000759413,-2.52771,3.1345
12,0.494424,-0.0961226,0.369976,0.000759268,-2.52798,3.13449
12,0.49441,-0.0969836,0.369458,0.000759123,-2.52825,3.13449
12,0.494397,-0.0978446,0.36894,0.000758978,-2.52853,3.13449
12,0.494383,-0.0987056,0.368422,0.000758833,-2.5288,3.13449
12,0.49437,-0.0995666,0.367904,0.000758688,-2.52907,3.13449
12,0.494356,-0.100428,0.367387,0.000758543,-2.52935,3.13449
12,0.494342,-0.101289,0.366869,0.000758397,-2.52962,3.13449
12,0.494329,-0.10215,0.366351,0.000758252,-2.5299,3.13449
12,0.494315,-0.103011,0.365833,0.000758107,-2.53017,3.13449
12,0.494301,-0.103872,0.365315,0.000757962,-2.53045,3.13449
12,0.494288,-0.104733,0.364798,0.000757816,-2.53072,3.13449
12,0.494274,-0.105594,0.36428,0.000757671,-2.531,3.13449
12,0.49426,-0.106455,0.363762,0.000757525,-2.53127,3.13449
12,0.494246,-0.107316,0.363244,0.00075738,-2.53155,3.13449
12,0.494233,-0.108177,0.362726,0.000757234,-2.53183,3.13449
12,0.494219,-0.109038,0.362208,0.000757088,-2.5321,3.13449
12,0.494205,-0.109899,0.36169,0.000756942,-2.53238,3.13449
12,0.494191,-0.11076,0.361173,0.000756797,-2.53266,3.13449
12,0.494177,-0.111621,0.360655,0.000756651,-2.53294,3.13449
12,0.494164,-0.112482,0.360137,0.000756505,-2.53322,3.13449
12,0.49415,-0.113343,0.359619,0.000756359,-2.5335,3.13449
12,0.494136,-0.114204,0.359101,0.000756213,-2.53378,3.13449
12,0.494122,-0.115065,0.358583,0.000756067,-2.53406,3.13449
12,0.494108,-0.115925,0.358065,0.000755921,-2.53434,3.13449
12,0.494094,-0.116786,0.357547,0.000755775,-2.53462,3.13449
12,0.49408,-0.117647,0.357029,0.000755628,-2.5349,3.13449
12,0.494066,-0.118508,0.356511,0.000755482,-2.53518,3.13449
12,0.494052,-0.119369,0.355993,0.000755336,-2.53546,3.13449
12,0.494038,-0.12023,0.355475,0.000755189,-2.53574,3.13449
12,0.494024,-0.121091,0.354957,0.000755043,-2.53602,3.13449
12,0.49401,-0.121952,0.354439,0.000754897,-2.53631,3.13449
12,0.493995,-0.122813,0.353921,0.00075475,-2.53659,3.13449
12,0.493981,-0.123674,0.353403,0.000754603,-2.53687,3.13449
12,0.493967,-0.124535,0.352885,0.000754456,-2.53716,3.13449
12,0.493953,-0.125396,0.352367,0.00075431,-2.53744,3.13449
12,0.493939,-0.126257,0.351849,0.000754163,-2.53772,3.13449
12,0.493925,-0.127118,0.351331,0.000754016,-2.53801,3.13449
12,0.49391,-0.127979,0.350813,0.000753869,-2.53829,3.13449
12,0.493896,-0.12884,0.350295,0.000753722,-2.53858,3.13449
12,0.493882,-0.129701,0.349777,0.000753575,-2.53886,3.13448
12,0.493867,-0.130562,0.349259,0.000753428,-2.53915,3.13448
12,0.493853,-0.131423,0.348741,0.000753281,-2.53944,3.13448
12,0.493839,-0.132284,0.348223,0.000753134,-2.53972,3.13448
12,0.493824,-0.133145,0.347705,0.000752987,-2.54001,3.13448
12,0.49381,-0.134006,0.347187,0.000752839,-2.5403,3.13448
12,0.493796,-0.134867,0.346669,0.000752692,-2.54059,3.13448
12,0.493781,-0.135728,0.346151,0.000752544,-2.54087,3.13448
12,0.493767,-0.136589,0.345632,0.000752397,-2.54116,3.13448
12,0.493752,-0.13745,0.345114,0.000752249,-2.54145,3.13448
12,0.493738,-0.138311,0.344596,0.000752101,-2.54174,3.13448
12,0.493723,-0.139172,0.344078,0.000751954,-2.54203,3.13448
12,0.493709,-0.140033,0.34356,0.000751806,-2.54232,3.13448
12,0.493694,-0.140894,0.343042,0.000751658,-2.54261,3.13448
12,0.49368,-0.141755,0.342523,0.00075151,-2.5429,3.13448
12,0.493665,-0.142616,0.342005,0.000751362,-2.54319,3.13448
12,0.49365,-0.143477,0.341487,0.000751214,-2.54348,3.13448
12,0.493636,-0.144338,0.340969,0.000751066,-2.54378,3.13448
12,0.493621,-0.145199,0.340451,0.000750918,-2.54407,3.13448
12,0.493606,-0.14606,0.339932,0.00075077,-2.54436,3.13448
12,0.493592,-0.146921,0.339414,0.000750622,-2.54465,3.13448
12,0.493577,-0.147782,0.338896,0.000750474,-2.54495,3.13448
12,0.493562,-0.148643,0.338378,0.000750325,-2.54524,3.13448
12,0.493547,-0.149504,0.337859,0.000750177,-2.54554,3.13448
12,0.493533,-0.150365,0.337341,0.000750028,-2.54583,3.13448
12,0.493518,-0.151226,0.336823,0.000749879,-2.54612,3.13448
12,0.493503,-0.152087,0.336305,0.00074973,-2.54642,3.13448
12,0.493488,-0.152948,0.335786,0.000749582,-2.54672,3.13448
12,0.493473,-0.153809,0.335268,0.000749433,-2.54701,3.13448
12,0.493458,-0.15467,0.33475,0.000749284,-2.54731,3.13448
12,0.493443,-0.155531,0.334231,0.000749135,-2.54761,3.13448
12,0.493428,-0.156392,0.333713,0.000748986,-2.5479,3.13448
12,0.493413,-0.157253,0.333195,0.000748837,-2.5482,3.13448
12,0.493398,-0.158114,0.332676,0.000748688,-2.5485,3.13448
12,0.493383,-0.158975,0.332158,0.000748538,-2.5488,3.13448
12,0.493368,-0.159836,0.33164,0.000748389,-2.5491,3.13448
12,0.493353,-0.160697,0.331121,0.00074824,-2.5494,3.13448
12,0.493338,-0.161558,0.330603,0.00074809,-2.5497,3.13448
12,0.493323,-0.162419,0.330085,0.00074794,-2.55,3.13448
12,0.493308,-0.16328,0.329566,0.000747791,-2.5503,3.13447
12,0.493293,-0.164141,0.329048,0.000747641,-2.5506,3.13447
12,0.493278,-0.165002,0.328529,0.000747491,-2.5509,3.13447
12,0.493262,-0.165863,0.328011,0.000747341,-2.5512,3.13447
12,0.493247,-0.166724,0.327492,0.000747191,-2.5515,3.13447
12,0.493232,-0.167585,0.326974,0.000747041,-2.55181,3.13447
12,0.493216,-0.168446,0.326455,0.000746891,-2.55211,3.13447
12,0.493201,-0.169307,0.325937,0.000746741,-2.55241,3.13447
12,0.493186,-0.170168,0.325419,0.00074659,-2.55272,3.13447
12,0.49317,-0.171029,0.3249,0.00074644,-2.55302,3.13447
12,0.493155,-0.17189,0.324382,0.000746289,-2.55333,3.13447
12,0.49314,-0.172751,0.323863,0.000746139,-2.55363,3.13447
12,0.493124,-0.173612,0.323344,0.000745988,-2.55394,3.13447
12,0.493109,-0.174473,0.322826,0.000745837,-2.55425,3.13447
12,0.493093,-0.175334,0.322307,0.000745686,-2.55455,3.13447
12,0.493078,-0.176195,0.321789,0.000745536,-2.55486,3.13447
12,0.493062,-0.177056,0.32127,0.000745384,-2.55517,3.13447
12,0.493047,-0.177917,0.320752,0.000745233,-2.55548,3.13447
12,0.493031,-0.178778,0.320233,0.000745082,-2.55578,3.13447
12,0.493015,-0.179639,0.319715,0.000744931,-2.55609,3.13447
12,0.493,-0.1805,0.319196,0.000744779,-2.5564,3.13447
12,0.492984,-0.181361,0.318677,0.000744628,-2.55671,3.13447
12,0.492968,-0.182222,0.318159,0.000744476,-2.55702,3.13447
12,0.492952,-0.183083,0.31764,0.000744324,-2.55733,3.13447
12,0.492937,-0.183944,0.317121,0.000744173,-2.55765,3.13447
12,0.492921,-0.184805,0.316603,0.000744021,-2.55796,3.13447
12,0.492905,-0.185666,0.316084,0.000743869,-2.55827,3.13447
12,0.492889,-0.186527,0.315565,0.000743716,-2.55858,3.13447
12,0.492873,-0.187388,0.315047,0.000743564,-2.5589,3.13447
12,0.492857,-0.188249,0.314528,0.000743412,-2.55921,3.13447
12,0.492841,-0.18911,0.314009,0.00074326,-2.55952,3.13447
12,0.492825,-0.189971,0.31349,0.000743107,-2.55984,3.13447
12,0.492809,-0.190832,0.312972,0.000742954,-2.56016,3.13447
12,0.492793,-0.191693,0.312453,0.000742801,-2.56047,3.13447
12,0.492777,-0.192554,0.311934,0.000742648,-2.56079,3.13447
12,0.492761,-0.193415,0.311415,0.000742495,-2.5611,3.13447
12,0.492745,-0.194276,0.310897,0.000742343,-2.56142,3.13446
12,0.492729,-0.195137,0.310378,0.000742189,-2.56174,3.13446
12,0.492713,-0.195998,0.309859,0.000742036,-2.56206,3.13446
12,0.492697,-0.19686,0.30934,0.000741882,-2.56238,3.13446
12,0.49268,-0.197721,0.308821,0.000741729,-2.5627,3.13446
13,0.49268,-0.197721,0.308821,0.000741729,-2.5627,3.13446
13,0.49268,-0.197721,0.308821,0.000741729,-2.5627,3.13446
13,0.491782,-0.19772,0.308854,0.000741546,-2.56169,3.13446
13,0.490883,-0.19772,0.308888,0.000742315,-2.56069,3.13446
13,0.489985,-0.19772,0.308921,0.000742945,-2.55969,3.13447
13,0.489086,-0.19772,0.308955,0.000743577,-2.55868,3.13447
13,0.488188,-0.197719,0.308988,0.000744209,-2.55768,3.13447
14,0.488188,-0.197719,0.308988,0.000744209,-2.55768,3.13447
14,0.488196,-0.196824,0.309431,0.000743662,-2.5575,3.13447
14,0.488205,-0.195928,0.309873,0.00074376,-2.55732,3.13447
14,0.488214,-0.195033,0.310316,0.000743854,-2.55714,3.13447
14,0.488223,-0.194137,0.310758,0.000743947,-2.55695,3.13447
14,0.488233,-0.193242,0.311201,0.00074404,-2.55677,3.13447
14,0.488242,-0.192346,0.311643,0.000744134,-2.55659,3.13447
14,0.488251,-0.191451,0.312086,0.000744227,-2.55641,3.13447
14,0.48826,-0.190555,0.312528,0.00074432,-2.55623,3.13447
14,0.488269,-0.18966,0.312971,0.000744413,-2.55605,3.13447
14,0.488278,-0.188764,0.313413,0.000744506,-2.55587,3.13447
14,0.488287,-0.187869,0.313856,0.000744599,-2.55569,3.13447
14,0.488296,-0.186973,0.314298,0.000744692,-2.55551,3.13447
14,0.488305,-0.186078,0.314741,0.000744785,-2.55533,3.13447
14,0.488315,-0.185182,0.315183,0.000744877,-2.55516,3.13447
14,0.488324,-0.184287,0.315626,0.00074497,-2.55498,3.13447
14,0.488333,-0.183391,0.316068,0.000745063,-2.5548,3.13447
14,0.488342,-0.182496,0.316511,0.000745155,-2.55462,3.13447
14,0.488351,-0.1816,0.316953,0.000745248,-2.55444,3.13447
14,0.48836,-0.180705,0.317396,0.00074534,-2.55426,3.13447
14,0.488369,-0.179809,0.317838,0.000745433,-2.55409,3.13447
14,0.488378,-0.178913,0.318281,0.000745525,-2.55391,3.13447
14,0.488387,-0.178018,0.318723,0.000745618,-2.55373,3.13447
14,0.488396,-0.177122,0.319166,0.00074571,-2.55355,3.13447
14,0.488404,-0.176227,0.319608,0.000745802,-2.55338,3.13447
14,0.488413,-0.175331,0.32005,0.000745895,-2.5532,3.13447
14,0.488422,-0.174436,0.320493,0.000745987,-2.55302,3.13447
14,0.488431,-0.17354,0.320935,0.000746079,-2.55285,3.13447
14,0.48844,-0.172645,0.321378,0.000746172,-2.55267,3.13447
14,0.488449,-0.171749,0.32182,0.000746264,-2.55249,3.13447
14,0.488458,-0.170854,0.322263,0.000746356,-2.55232,3.13447
14,0.488467,-0.169958,0.322705,0.000746448,-2.55214,3.13447
14,0.488476,-0.169063,0.323147,0.00074654,-2.55197,3.13447
14,0.488485,-0.168167,0.32359,0.000746632,-2.55179,3.13447
14,0.488493,-0.167272,0.324032,0.000746724,-2.55161,3.13447
14,0.488502,-0.166376,0.324474,0.000746816,-2.55144,3.13447
14,0.488511,-0.165481,0.324917,0.000746908,-2.55126,3.13447
14,0.48852,-0.164585,0.325359,0.000746999,-2.55109,3.13447
14,0.488529,-0.16369,0.325802,0.000747091,-2.55091,3.13447
14,0.488538,-0.162794,0.326244,0.000747183,-2.55074,3.13447
14,0.488546,-0.161899,0.326686,0.000747275,-2.55057,3.13447
14,0.488555,-0.161003,0.327129,0.000747367,-2.55039,3.13447
14,0.488564,-0.160108,0.327571,0.000747459,-2.55022,3.13447
14,0.488573,-0.159212,0.328013,0.00074755,-2.55004,3.13447
14,0.488581,-0.158317,0.328456,0.000747642,-2.54987,3.13447
14,0.48859,-0.157421,0.328898,0.000747734,-2.5497,3.13447
14,0.488599,-0.156526,0.329341,0.000747825,-2.54952,3.13447
14,0.488608,-0.15563,0.329783,0.000747917,-2.54935,3.13447
14,0.488616,-0.154735,0.330225,0.000748009,-2.54918,3.13447
14,0.488625,-0.153839,0.330668,0.000748101,-2.549,3.13447
14,0.488634,-0.152944,0.33111,0.000748192,-2.54883,3.13447
14,0.488643,-0.152048,0.331552,0.000748283,-2.54866,3.13448
14,0.488651,-0.151153,0.331995,0.000748375,-2.54848,3.13448
14,0.48866,-0.150257,0.332437,0.000748467,-2.54831,3.13448
14,0.488669,-0.149362,0.332879,0.000748558,-2.54814,3.13448
14,0.488677,-0.148466,0.333322,0.00074865,-2.54797,3.13448
14,0.488686,-0.147571,0.333764,0.000748741,-2.54779,3.13448
14,0.488695,-0.146675,0.334206,0.000748833,-2.54762,3.13448
14,0.488703,-0.14578,0.334649,0.000748924,-2.54745,3.13448
14,0.488712,-0.144884,0.335091,0.000749016,-2.54728,3.13448
14,0.488721,-0.143988,0.335533,0.000749107,-2.54711,3.13448
14,0.488729,-0.143093,0.335975,0.000749199,-2.54693,3.13448
14,0.488738,-0.142197,0.336418,0.00074929,-2.54676,3.13448
14,0.488746,-0.141302,0.33686,0.000749381,-2.54659,3.13448
14,0.488755,-0.140406,0.337302,0.000749473,-2.54642,3.13448
14,0.488764,-0.139511,0.337745,0.000749564,-2.54625,3.13448
14,0.488772,-0.138615,0.338187,0.000749655,-2.54608,3.13448
14,0.488781,-0.13772,0.338629,0.000749747,-2.54591,3.13448
14,0.488789,-0.136824,0.339071,0.000749838,-2.54574,3.13448
14,0.488798,-0.135929,0.339514,0.000749929,-2.54557,3.13448
14,0.488807,-0.135033,0.339956,0.000750021,-2.54539,3.13448
14,0.488815,-0.134138,0.340398,0.000750112,-2.54522,3.13448
14,0.488824,-0.133242,0.340841,0.000750203,-2.54505,3.13448
14,0.488832,-0.132347,0.341283,0.000750295,-2.54488,3.13448
14,0.488841,-0.131451,0.341725,0.000750386,-2.54471,3.13448
14,0.488849,-0.130556,0.342167,0.000750477,-2.54454,3.13448
14,0.488858,-0.12966,0.34261,0.000750569,-2.54437,3.13448
14,0.488866,-0.128765,0.343052,0.00075066,-2.5442,3.13448
14,0.488875,-0.127869,0.343494,0.000750751,-2.54403,3.13448
14,0.488883,-0.126974,0.343937,0.000750843,-2.54386,3.13448
14,0.488892,-0.126078,0.344379,0.000750934,-2.5437,3.13448
14,0.4889,-0.125183,0.344821,0.000751025,-2.54353,3.13448
14,0.488909,-0.124287,0.345263,0.000751116,-2.54336,3.13448
14,0.488917,-0.123392,0.345706,0.000751207,-2.54319,3.13448
14,0.488926,-0.122496,0.346148,0.000751299,-2.54302,3.13448
14,0.488934,-0.121601,0.34659,0.00075139,-2.54285,3.13448
14,0.488943,-0.120705,0.347032,0.000751481,-2.54268,3.13448
14,0.488951,-0.11981,0.347475,0.000751572,-2.54251,3.13448
14,0.48896,-0.118914,0.347917,0.000751663,-2.54234,3.13448
14,0.488968,-0.118019,0.348359,0.000751755,-2.54218,3.13448
14,0.488977,-0.117123,0.348801,0.000751846,-2.54201,3.13448
14,0.488985,-0.116228,0.349243,0.000751937,-2.54184,3.13448
14,0.488994,-0.115332,0.349686,0.000752028,-2.54167,3.13448
14,0.489002,-0.114437,0.350128,0.000752119,-2.5415,3.13448
14,0.48901,-0.113541,0.35057,0.000752211,-2.54133,3.13448
14,0.489019,-0.112646,0.351012,0.000752302,-2.54117,3.13448
14,0.489027,-0.11175,0.351455,0.000752393,-2.541,3.13448
14,0.489036,-0.110855,0.351897,0.000752484,-2.54083,3.13448
14,0.489044,-0.109959,0.352339,0.000752575,-2.54066,3.13448
14,0.489052,-0.109064,0.352781,0.000752666,-2.5405,3.13448
14,0.489061,-0.108168,0.353223,0.000752758,-2.54033,3.13448
14,0.489069,-0.107273,0.353666,0.000752849,-2.54016,3.13448
14,0.489077,-0.106377,0.354108,0.00075294,-2.54,3.13448
14,0.489086,-0.105481,0.35455,0.000753031,-2.53983,3.13448
14,0.489094,-0.104586,0.354992,0.000753122,-2.53966,3.13448
14,0.489103,-0.10369,0.355434,0.000753213,-2.53949,3.13448
14,0.489111,-0.102795,0.355877,0.000753304,-2.53933,3.13448
14,0.489119,-0.101899,0.356319,0.000753395,-2.53916,3.13448
14,0.489128,-0.101004,0.356761,0.000753486,-2.539,3.13448
14,0.489136,-0.100108,0.357203,0.000753578,-2.53883,3.13448
14,0.489144,-0.0992129,0.357645,0.000753669,-2.53866,3.13448
14,0.489152,-0.0983174,0.358088,0.00075376,-2.5385,3.13448
14,0.489161,-0.0974219,0.35853,0.000753851,-2.53833,3.13448
15,0.489161,-0.0974219,0.35853,0.000753851,-2.53833,3.13448
15,0.489161,-0.0974219,0.35853,0.000753851,-2.53833,3.13448
15,0.490084,-0.0974228,0.358497,0.000753531,-2.53929,3.13448
15,0.491008,-0.0974232,0.358464,0.000753444,-2.54024,3.13448
16,0.491008,-0.0974232,0.358464,0.000753444,-2.54024,3.13448
16,0.490943,-0.0975133,0.357431,0.000750775,-2.54152,3.13448
16,0.490879,-0.0976024,0.356397,0.000750134,-2.5428,3.13448
16,0.490815,-0.0976916,0.355364,0.000749486,-2.54409,3.13448
16,0.49075,-0.0977807,0.35433,0.000748841,-2.54537,3.13448
16,0.490685,-0.0978699,0.353297,0.000748196,-2.54666,3.13448
16,0.490621,-0.097959,0.352263,0.000747552,-2.54795,3.13448
16,0.490556,-0.0980481,0.35123,0.000746911,-2.54924,3.13447
16,0.49049,-0.0981373,0.350196,0.00074627,-2.55054,3.13447
16,0.490425,-0.0982264,0.349163,0.00074563,-2.55183,3.13447
16,0.49036,-0.0983156,0.34813,0.000744993,-2.55313,3.13447
16,0.490294,-0.0984047,0.347096,0.000744356,-2.55443,3.13447
16,0.490228,-0.0984939,0.346063,0.00074372,-2.55573,3.13447
16,0.490162,-0.098583,0.34503,0.000743087,-2.55704,3.13447
16,0.490096,-0.0986721,0.343996,0.000742454,-2.55834,3.13447
16,0.49003,-0.0987613,0.342963,0.000741823,-2.55965,3.13446
16,0.489963,-0.0988504,0.34193,0.000741193,-2.56096,3.13446
16,0.489896,-0.0989396,0.340896,0.000740564,-2.56228,3.13446
16,0.48983,-0.0990287,0.339863,0.000739937,-2.56359,3.13446
16,0.489763,-0.0991179,0.33883,0.000739311,-2.56491,3.13446
16,0.489696,-0.099207,0.337797,0.000738687,-2.56623,3.13446
16,0.489628,-0.0992961,0.336764,0.000738063,-2.56755,3.13446
16,0.489561,-0.0993853,0.33573,0.000737441,-2.56887,3.13446
16,0.489493,-0.0994744,0.334697,0.000736821,-2.5702,3.13446
16,0.489425,-0.0995636,0.333664,0.000736202,-2.57152,3.13445
16,0.489358,-0.0996527,0.332631,0.000735584,-2.57285,3.13445
