1,0.572192,0.396953,-1.1004,-1.39105,1.91303,2.05943,-0.0522806
1,0.572662,0.396894,-1.10079,-1.39137,1.9129,2.05851,-0.0532295
1,0.569878,0.399479,-1.09932,-1.38845,1.91542,2.05896,-0.0521031
1,0.567111,0.402051,-1.09786,-1.38552,1.91791,2.05938,-0.0509712
1,0.564009,0.40434,-1.09571,-1.38258,1.91998,2.05949,-0.0499511
1,0.560785,0.406527,-1.09331,-1.37964,1.92188,2.05949,-0.048974
1,0.557592,0.408722,-1.09095,-1.37669,1.92379,2.05949,-0.0479887
1,0.55443,0.410924,-1.08863,-1.37373,1.92571,2.05949,-0.0469951
1,0.551298,0.413132,-1.08635,-1.37076,1.92765,2.05949,-0.0459932
2,0.551298,0.413132,-1.08635,-1.37076,1.92765,2.05949,-0.0459932
2,0.552657,0.413377,-1.08667,-1.37318,1.92672,2.05927,-0.0485616
2,0.554002,0.413631,-1.08699,-1.37559,1.9258,2.05905,-0.0511248
2,0.555339,0.413891,-1.0873,-1.37798,1.9249,2.05883,-0.0536844
2,0.556666,0.414158,-1.0876,-1.38038,1.924,2.05861,-0.0562405
2,0.557984,0.414431,-1.0879,-1.38276,1.92311,2.0584,-0.0587932
2,0.559293,0.41471,-1.08819,-1.38514,1.92223,2.05818,-0.0613424
2,0.560593,0.414996,-1.08848,-1.38751,1.92137,2.05796,-0.0638881
2,0.561885,0.415288,-1.08877,-1.38987,1.92051,2.05775,-0.0664305
2,0.563167,0.415586,-1.08904,-1.39222,1.91965,2.05753,-0.0689694
2,0.56444,0.415891,-1.08932,-1.39457,1.91881,2.05731,-0.0715049
2,0.565705,0.416203,-1.08958,-1.39691,1.91798,2.0571,-0.074037
2,0.566961,0.41652,-1.08985,-1.39924,1.91715,2.05688,-0.0765658
2,0.568208,0.416844,-1.0901,-1.40157,1.91634,2.05667,-0.0790912
2,0.569446,0.417175,-1.09035,-1.40389,1.91553,2.05646,-0.0816132
2,0.570676,0.417511,-1.0906,-1.4062,1.91473,2.05624,-0.084132
2,0.571897,0.417854,-1.09084,-1.4085,1.91394,2.05603,-0.0866474
2,0.573109,0.418204,-1.09108,-1.4108,1.91316,2.05582,-0.0891595
2,0.574312,0.418559,-1.09131,-1.41309,1.91239,2.05561,-0.0916683
2,0.575507,0.418922,-1.09154,-1.41537,1.91162,2.0554,-0.0941739
2,0.576694,0.41929,-1.09176,-1.41765,1.91087,2.05519,-0.0966762
2,0.577871,0.419665,-1.09197,-1.41992,1.91012,2.05498,-0.0991752
2,0.579041,0.420046,-1.09218,-1.42218,1.90938,2.05477,-0.101671
2,0.580202,0.420433,-1.09239,-1.42443,1.90865,2.05456,-0.104164
2,0.581354,0.420827,-1.09259,-1.42668,1.90793,2.05435,-0.106653
2,0.582498,0.421227,-1.09278,-1.42892,1.90722,2.05415,-0.109139
2,0.583633,0.421634,-1.09297,-1.43116,1.90652,2.05394,-0.111622
2,0.584761,0.422046,-1.09316,-1.43338,1.90582,2.05374,-0.114102
2,0.58588,0.422465,-1.09334,-1.4356,1.90514,2.05354,-0.116579
2,0.58699,0.422891,-1.09351,-1.43781,1.90446,2.05333,-0.119053
2,0.588092,0.423322,-1.09368,-1.44002,1.90379,2.05313,-0.121523
2,0.589187,0.42376,-1.09385,-1.44222,1.90313,2.05293,-0.12399
2,0.590272,0.424205,-1.09401,-1.44441,1.90247,2.05273,-0.126455
2,0.59135,0.424655,-1.09416,-1.4466,1.90183,2.05254,-0.128916
2,0.59242,0.425112,-1.09431,-1.44878,1.90119,2.05234,-0.131374
2,0.593481,0.425575,-1.09445,-1.45095,1.90056,2.05214,-0.133829
2,0.594535,0.426045,-1.09459,-1.45311,1.89994,2.05195,-0.136281
2,0.59558,0.42652,-1.09473,-1.45527,1.89933,2.05175,-0.13873
2,0.596617,0.427002,-1.09485,-1.45742,1.89873,2.05156,-0.141176
2,0.597647,0.42749,-1.09498,-1.45957,1.89813,2.05137,-0.143619
2,0.598668,0.427985,-1.0951,-1.46171,1.89755,2.05118,-0.146059
2,0.599681,0.428486,-1.09521,-1.46384,1.89697,2.05099,-0.148496
2,0.600687,0.428993,-1.09532,-1.46596,1.8964,2.0508,-0.15093
2,0.601685,0.429506,-1.09542,-1.46808,1.89583,2.05061,-0.153361
2,0.602675,0.430025,-1.09552,-1.47019,1.89528,2.05043,-0.155789
2,0.603657,0.430551,-1.09561,-1.47229,1.89473,2.05024,-0.158214
2,0.604631,0.431083,-1.0957,-1.47439,1.89419,2.05006,-0.160636
2,0.605598,0.431621,-1.09578,-1.47648,1.89366,2.04988,-0.163056
2,0.606556,0.432165,-1.09586,-1.47857,1.89314,2.0497,-0.165472
2,0.607508,0.432716,-1.09594,-1.48065,1.89263,2.04952,-0.167885
2,0.608451,0.433272,-1.096,-1.48272,1.89212,2.04934,-0.170296
2,0.609387,0.433835,-1.09607,-1.48478,1.89162,2.04916,-0.172704
2,0.610316,0.434404,-1.09613,-1.48684,1.89113,2.04899,-0.175109
2,0.611237,0.43498,-1.09618,-1.48889,1.89064,2.04881,-0.177511
2,0.61215,0.435561,-1.09623,-1.49094,1.89017,2.04864,-0.17991
2,0.613056,0.436149,-1.09627,-1.49298,1.8897,2.04847,-0.182306
2,0.613954,0.436742,-1.09631,-1.49501,1.88924,2.0483,-0.1847
2,0.614845,0.437342,-1.09634,-1.49703,1.88879,2.04813,-0.187091
2,0.615729,0.437948,-1.09637,-1.49905,1.88834,2.04796,-0.189479
2,0.616605,0.43856,-1.09639,-1.50106,1.88791,2.0478,-0.191864
2,0.617474,0.439178,-1.09641,-1.50307,1.88748,2.04763,-0.194246
2,0.618336,0.439803,-1.09643,-1.50507,1.88705,2.04747,-0.196626
2,0.61919,0.440433,-1.09643,-1.50706,1.88664,2.04731,-0.199003
2,0.620038,0.44107,-1.09644,-1.50905,1.88623,2.04715,-0.201377
2,0.620878,0.441712,-1.09644,-1.51103,1.88583,2.04699,-0.203749
2,0.621711,0.442361,-1.09643,-1.513,1.88544,2.04683,-0.206117
2,0.622536,0.443016,-1.09642,-1.51497,1.88506,2.04668,-0.208483
2,0.623355,0.443676,-1.0964,-1.51693,1.88468,2.04652,-0.210847
2,0.624167,0.444343,-1.09638,-1.51889,1.88431,2.04637,-0.213207
2,0.624971,0.445016,-1.09635,-1.52083,1.88395,2.04622,-0.215565
2,0.625769,0.445695,-1.09632,-1.52278,1.8836,2.04607,-0.21792
2,0.626559,0.44638,-1.09629,-1.52471,1.88325,2.04592,-0.220273
2,0.627343,0.447071,-1.09625,-1.52664,1.88291,2.04577,-0.222623
2,0.62812,0.447768,-1.0962,-1.52856,1.88258,2.04563,-0.22497
2,0.62889,0.44847,-1.09615,-1.53048,1.88225,2.04548,-0.227315
2,0.629653,0.449179,-1.09609,-1.53239,1.88193,2.04534,-0.229657
2,0.630409,0.449894,-1.09603,-1.53429,1.88162,2.0452,-0.231996
2,0.631159,0.450615,-1.09597,-1.53619,1.88132,2.04506,-0.234333
2,0.631902,0.451342,-1.0959,-1.53808,1.88102,2.04492,-0.236667
2,0.632638,0.452074,-1.09582,-1.53997,1.88073,2.04479,-0.238998
2,0.633367,0.452813,-1.09574,-1.54184,1.88045,2.04465,-0.241327
2,0.63409,0.453557,-1.09566,-1.54372,1.88017,2.04452,-0.243654
2,0.634806,0.454308,-1.09557,-1.54558,1.8799,2.04439,-0.245978
2,0.635516,0.455064,-1.09547,-1.54744,1.87964,2.04426,-0.248299
2,0.636219,0.455826,-1.09537,-1.5493,1.87939,2.04413,-0.250618
2,0.636915,0.456594,-1.09527,-1.55114,1.87914,2.044,-0.252934
2,0.637605,0.457368,-1.09516,-1.55298,1.8789,2.04388,-0.255247
2,0.638289,0.458147,-1.09504,-1.55482,1.87867,2.04375,-0.257558
2,0.638966,0.458933,-1.09492,-1.55665,1.87844,2.04363,-0.259867
2,0.639637,0.459724,-1.0948,-1.55847,1.87822,2.04351,-0.262173
2,0.640302,0.460521,-1.09467,-1.56028,1.878,2.04339,-0.264476
2,0.64096,0.461324,-1.09454,-1.56209,1.8778,2.04328,-0.266777
2,0.641612,0.462133,-1.0944,-1.5639,1.8776,2.04316,-0.269076
2,0.642258,0.462947,-1.09426,-1.56569,1.87741,2.04305,-0.271372
2,0.642897,0.463768,-1.09411,-1.56749,1.87722,2.04293,-0.273665
2,0.643531,0.464594,-1.09396,-1.56927,1.87704,2.04282,-0.275956
2,0.644158,0.465425,-1.0938,-1.57105,1.87687,2.04271,-0.278245
2,0.644779,0.466263,-1.09363,-1.57282,1.8767,2.0426,-0.280531
2,0.645394,0.467106,-1.09347,-1.57459,1.87654,2.0425,-0.282814
2,0.646003,0.467954,-1.0933,-1.57635,1.87639,2.04239,-0.285095
2,0.646606,0.468809,-1.09312,-1.5781,1.87624,2.04229,-0.287374
2,0.647202,0.469669,-1.09294,-1.57985,1.8761,2.04219,-0.28965
2,0.647793,0.470535,-1.09275,-1.58159,1.87597,2.04209,-0.291924
2,0.648378,0.471406,-1.09256,-1.58333,1.87584,2.04199,-0.294195
2,0.648958,0.472283,-1.09236,-1.58506,1.87572,2.04189,-0.296464
2,0.649531,0.473166,-1.09216,-1.58678,1.87561,2.0418,-0.298731
2,0.650098,0.474054,-1.09196,-1.5885,1.8755,2.0417,-0.300995
2,0.65066,0.474948,-1.09175,-1.59021,1.8754,2.04161,-0.303256
2,0.651216,0.475847,-1.09153,-1.59191,1.8753,2.04152,-0.305516
2,0.651766,0.476752,-1.09131,-1.59361,1.87521,2.04143,-0.307772
2,0.652311,0.477662,-1.09109,-1.5953,1.87513,2.04134,-0.310027
2,0.65285,0.478578,-1.09086,-1.59699,1.87505,2.04125,-0.312279
2,0.653383,0.4795,-1.09062,-1.59867,1.87498,2.04117,-0.314529
2,0.653911,0.480427,-1.09039,-1.60034,1.87492,2.04109,-0.316776
2,0.654433,0.481359,-1.09014,-1.60201,1.87486,2.041,-0.319021
2,0.654949,0.482297,-1.08989,-1.60367,1.87481,2.04092,-0.321263
2,0.65546,0.48324,-1.08964,-1.60533,1.87476,2.04084,-0.323503
2,0.655966,0.484189,-1.08938,-1.60698,1.87473,2.04077,-0.325741
2,0.656466,0.485143,-1.08912,-1.60862,1.87469,2.04069,-0.327976
2,0.656961,0.486103,-1.08886,-1.61026,1.87466,2.04062,-0.330209
2,0.65745,0.487068,-1.08858,-1.61189,1.87464,2.04054,-0.33244
2,0.657934,0.488038,-1.08831,-1.61352,1.87463,2.04047,-0.334668
2,0.658413,0.489014,-1.08803,-1.61514,1.87462,2.0404,-0.336894
2,0.658887,0.489995,-1.08774,-1.61675,1.87462,2.04033,-0.339118
2,0.659355,0.490981,-1.08745,-1.61836,1.87462,2.04027,-0.341339
2,0.659818,0.491973,-1.08716,-1.61996,1.87463,2.0402,-0.343558
2,0.660276,0.49297,-1.08686,-1.62155,1.87464,2.04014,-0.345775
2,0.660729,0.493972,-1.08656,-1.62314,1.87466,2.04007,-0.347989
2,0.661176,0.494979,-1.08625,-1.62472,1.87469,2.04001,-0.350201
2,0.661619,0.495992,-1.08593,-1.6263,1.87472,2.03995,-0.35241
2,0.662056,0.49701,-1.08562,-1.62787,1.87476,2.03989,-0.354617
2,0.662489,0.498033,-1.08529,-1.62944,1.8748,2.03984,-0.356822
2,0.662916,0.499062,-1.08497,-1.63099,1.87485,2.03978,-0.359025
2,0.663339,0.500095,-1.08464,-1.63255,1.87491,2.03973,-0.361225
2,0.663757,0.501134,-1.0843,-1.63409,1.87497,2.03967,-0.363423
2,0.664169,0.502178,-1.08396,-1.63563,1.87503,2.03962,-0.365619
2,0.664577,0.503227,-1.08361,-1.63717,1.8751,2.03957,-0.367812
2,0.66498,0.504281,-1.08326,-1.6387,1.87518,2.03952,-0.370003
2,0.665379,0.50534,-1.08291,-1.64022,1.87527,2.03948,-0.372192
2,0.665772,0.506405,-1.08255,-1.64174,1.87535,2.03943,-0.374378
2,0.666161,0.507474,-1.08219,-1.64325,1.87545,2.03938,-0.376562
2,0.666545,0.508548,-1.08182,-1.64475,1.87555,2.03934,-0.378744
2,0.666924,0.509628,-1.08145,-1.64625,1.87565,2.0393,-0.380923
2,0.667299,0.510712,-1.08107,-1.64774,1.87576,2.03926,-0.3831
2,0.667669,0.511802,-1.08069,-1.64923,1.87588,2.03922,-0.385275
2,0.668035,0.512896,-1.0803,-1.65071,1.876,2.03918,-0.387448
2,0.668396,0.513996,-1.07991,-1.65218,1.87613,2.03914,-0.389618
2,0.668753,0.5151,-1.07952,-1.65365,1.87626,2.03911,-0.391786
2,0.669105,0.51621,-1.07912,-1.65511,1.8764,2.03907,-0.393952
2,0.669452,0.517324,-1.07872,-1.65657,1.87654,2.03904,-0.396115
2,0.669795,0.518443,-1.07831,-1.65802,1.87669,2.03901,-0.398276
2,0.670134,0.519567,-1.0779,-1.65946,1.87684,2.03897,-0.400435
2,0.670469,0.520696,-1.07748,-1.6609,1.877,2.03894,-0.402591
2,0.670799,0.52183,-1.07706,-1.66233,1.87717,2.03892,-0.404745
2,0.671125,0.522968,-1.07663,-1.66376,1.87734,2.03889,-0.406897
2,0.671446,0.524112,-1.0762,-1.66518,1.87751,2.03886,-0.409047
2,0.671763,0.52526,-1.07577,-1.66659,1.87769,2.03884,-0.411194
2,0.672077,0.526413,-1.07533,-1.668,1.87787,2.03881,-0.413339
2,0.672385,0.527571,-1.07489,-1.6694,1.87806,2.03879,-0.415481
2,0.67269,0.528733,-1.07444,-1.6708,1.87826,2.03877,-0.417622
3,0.67269,0.528733,-1.07444,-1.6708,1.87826,2.03877,-0.417622
3,0.67269,0.528733,-1.07444,-1.6708,1.87826,2.03877,-0.417622
3,0.674762,0.526742,-1.07576,-1.67356,1.87654,2.03848,-0.418773
3,0.676841,0.524743,-1.0771,-1.67631,1.87481,2.03818,-0.41992
3,0.678926,0.522738,-1.07843,-1.67906,1.87308,2.03786,-0.421064
3,0.681015,0.520728,-1.07977,-1.6818,1.87135,2.03754,-0.422205
4,0.681015,0.520728,-1.07977,-1.6818,1.87135,2.03754,-0.422205
4,0.682789,0.519434,-1.08002,-1.68106,1.87159,2.03562,-0.420375
4,0.684559,0.518147,-1.08028,-1.68031,1.87184,2.03369,-0.418547
4,0.686328,0.516865,-1.08053,-1.67955,1.87208,2.03176,-0.416721
4,0.688094,0.515589,-1.08078,-1.67879,1.87231,2.02983,-0.414895
4,0.689858,0.514318,-1.08103,-1.67801,1.87255,2.0279,-0.413071
4,0.69162,0.513052,-1.08127,-1.67724,1.87278,2.02597,-0.411249
4,0.69338,0.511791,-1.08152,-1.67646,1.87302,2.02404,-0.409427
4,0.695138,0.510535,-1.08176,-1.67567,1.87325,2.02211,-0.407607
4,0.696893,0.509285,-1.082,-1.67487,1.87347,2.02018,-0.405789
4,0.698646,0.50804,-1.08224,-1.67407,1.8737,2.01825,-0.403971
4,0.700397,0.5068,-1.08248,-1.67326,1.87393,2.01631,-0.402155
4,0.702146,0.505565,-1.08272,-1.67245,1.87415,2.01438,-0.40034
4,0.703892,0.504336,-1.08295,-1.67163,1.87437,2.01244,-0.398526
4,0.705635,0.503112,-1.08318,-1.6708,1.87459,2.01051,-0.396714
4,0.707376,0.501893,-1.08342,-1.66997,1.87481,2.00857,-0.394903
4,0.709115,0.50068,-1.08365,-1.66913,1.87502,2.00664,-0.393092
4,0.710851,0.499472,-1.08387,-1.66829,1.87524,2.0047,-0.391284
4,0.712584,0.49827,-1.0841,-1.66744,1.87545,2.00276,-0.389476
4,0.714315,0.497072,-1.08432,-1.66658,1.87566,2.00082,-0.38767
4,0.716044,0.495881,-1.08454,-1.66572,1.87587,1.99889,-0.385864
4,0.717769,0.494695,-1.08476,-1.66485,1.87608,1.99695,-0.38406
4,0.719492,0.493514,-1.08498,-1.66397,1.87628,1.99501,-0.382257
4,0.721212,0.492339,-1.0852,-1.66309,1.87649,1.99307,-0.380455
4,0.72293,0.491169,-1.08541,-1.6622,1.87669,1.99113,-0.378655
4,0.724644,0.490005,-1.08562,-1.66131,1.87689,1.98919,-0.376855
4,0.726356,0.488846,-1.08584,-1.66041,1.87709,1.98725,-0.375057
4,0.728065,0.487693,-1.08604,-1.6595,1.87729,1.98531,-0.373259
4,0.729771,0.486546,-1.08625,-1.65859,1.87748,1.98337,-0.371463
4,0.731474,0.485404,-1.08646,-1.65767,1.87768,1.98144,-0.369668
4,0.733174,0.484268,-1.08666,-1.65675,1.87787,1.9795,-0.367874
4,0.734871,0.483137,-1.08686,-1.65582,1.87806,1.97756,-0.36608
4,0.736565,0.482012,-1.08706,-1.65488,1.87825,1.97562,-0.364288
4,0.738256,0.480893,-1.08725,-1.65394,1.87844,1.97368,-0.362497
4,0.739944,0.479779,-1.08745,-1.65299,1.87862,1.97174,-0.360707
4,0.741628,0.478671,-1.08764,-1.65203,1.87881,1.9698,-0.358918
4,0.74331,0.477569,-1.08783,-1.65107,1.87899,1.96786,-0.35713
4,0.744988,0.476473,-1.08802,-1.6501,1.87917,1.96592,-0.355343
4,0.746663,0.475382,-1.08821,-1.64913,1.87935,1.96398,-0.353557
4,0.748334,0.474297,-1.08839,-1.64815,1.87953,1.96205,-0.351771
4,0.750002,0.473218,-1.08858,-1.64716,1.87971,1.96011,-0.349987
4,0.751667,0.472145,-1.08876,-1.64617,1.87989,1.95817,-0.348203
4,0.753329,0.471077,-1.08894,-1.64517,1.88006,1.95624,-0.346421
4,0.754987,0.470016,-1.08911,-1.64417,1.88023,1.9543,-0.344639
4,0.756642,0.46896,-1.08929,-1.64316,1.88041,1.95236,-0.342858
4,0.758293,0.46791,-1.08946,-1.64214,1.88058,1.95043,-0.341078
4,0.75994,0.466866,-1.08963,-1.64112,1.88075,1.94849,-0.339299
4,0.761584,0.465828,-1.0898,-1.64009,1.88092,1.94656,-0.337521
4,0.763225,0.464796,-1.08996,-1.63905,1.88108,1.94463,-0.335744
4,0.764861,0.46377,-1.09013,-1.63801,1.88125,1.94269,-0.333967
4,0.766494,0.46275,-1.09029,-1.63696,1.88141,1.94076,-0.332191
4,0.768124,0.461736,-1.09045,-1.63591,1.88158,1.93883,-0.330416
4,0.769749,0.460728,-1.09061,-1.63485,1.88174,1.9369,-0.328641
4,0.771371,0.459726,-1.09076,-1.63378,1.8819,1.93497,-0.326868
4,0.772989,0.45873,-1.09091,-1.63271,1.88206,1.93304,-0.325095
4,0.774603,0.45774,-1.09107,-1.63163,1.88222,1.93111,-0.323323
4,0.776214,0.456756,-1.09121,-1.63055,1.88237,1.92918,-0.321551
4,0.77782,0.455778,-1.09136,-1.62946,1.88253,1.92726,-0.31978
4,0.779422,0.454807,-1.09151,-1.62836,1.88268,1.92533,-0.31801
4,0.781021,0.453841,-1.09165,-1.62726,1.88284,1.92341,-0.31624
4,0.782615,0.452882,-1.09179,-1.62615,1.88299,1.92148,-0.314471
4,0.784205,0.451928,-1.09193,-1.62503,1.88314,1.91956,-0.312703
4,0.785791,0.450981,-1.09206,-1.62391,1.88329,1.91764,-0.310935
4,0.787374,0.450041,-1.0922,-1.62278,1.88344,1.91572,-0.309168
4,0.788951,0.449106,-1.09233,-1.62165,1.88359,1.9138,-0.307402
4,0.790525,0.448178,-1.09246,-1.62051,1.88374,1.91188,-0.305636
4,0.792095,0.447256,-1.09258,-1.61936,1.88389,1.90996,-0.30387
4,0.79366,0.44634,-1.09271,-1.61821,1.88403,1.90805,-0.302105
4,0.795221,0.44543,-1.09283,-1.61705,1.88418,1.90613,-0.300341
4,0.796777,0.444527,-1.09295,-1.61589,1.88432,1.90422,-0.298577
4,0.79833,0.44363,-1.09307,-1.61472,1.88447,1.90231,-0.296813
4,0.799877,0.442739,-1.09318,-1.61354,1.88461,1.9004,-0.29505
4,0.801421,0.441855,-1.0933,-1.61236,1.88475,1.89849,-0.293287
4,0.80296,0.440977,-1.09341,-1.61117,1.88489,1.89658,-0.291525
4,0.804494,0.440106,-1.09352,-1.60997,1.88503,1.89468,-0.289763
4,0.806024,0.43924,-1.09363,-1.60877,1.88517,1.89277,-0.288001
4,0.807549,0.438382,-1.09373,-1.60756,1.88531,1.89087,-0.28624
4,0.80907,0.437529,-1.09383,-1.60635,1.88545,1.88897,-0.28448
4,0.810586,0.436684,-1.09393,-1.60513,1.88558,1.88707,-0.282719
4,0.812097,0.435844,-1.09403,-1.6039,1.88572,1.88517,-0.280959
4,0.813604,0.435011,-1.09413,-1.60267,1.88586,1.88328,-0.279199
4,0.815106,0.434185,-1.09422,-1.60143,1.88599,1.88138,-0.27744
4,0.816603,0.433365,-1.09431,-1.60019,1.88612,1.87949,-0.27568
4,0.818096,0.432551,-1.0944,-1.59894,1.88626,1.8776,-0.273921
4,0.819583,0.431745,-1.09449,-1.59768,1.88639,1.87571,-0.272162
4,0.821066,0.430944,-1.09457,-1.59642,1.88652,1.87382,-0.270404
4,0.822544,0.430151,-1.09466,-1.59515,1.88666,1.87194,-0.268645
4,0.824016,0.429363,-1.09474,-1.59387,1.88679,1.87005,-0.266887
4,0.825484,0.428583,-1.09481,-1.59259,1.88692,1.86817,-0.265129
4,0.826947,0.427809,-1.09489,-1.5913,1.88705,1.86629,-0.263371
4,0.828405,0.427041,-1.09496,-1.59001,1.88718,1.86441,-0.261613
4,0.829858,0.426281,-1.09503,-1.58871,1.88731,1.86254,-0.259855
4,0.831306,0.425527,-1.0951,-1.5874,1.88744,1.86067,-0.258098
4,0.832748,0.424779,-1.09517,-1.58609,1.88757,1.85879,-0.25634
4,0.834186,0.424038,-1.09523,-1.58477,1.88769,1.85692,-0.254582
4,0.835618,0.423304,-1.0953,-1.58344,1.88782,1.85506,-0.252825
4,0.837045,0.422577,-1.09536,-1.58211,1.88795,1.85319,-0.251067
4,0.838467,0.421856,-1.09541,-1.58078,1.88808,1.85133,-0.24931
4,0.839883,0.421142,-1.09547,-1.57943,1.8882,1.84947,-0.247552
4,0.841294,0.420435,-1.09552,-1.57808,1.88833,1.84761,-0.245795
4,0.8427,0.419735,-1.09557,-1.57673,1.88846,1.84575,-0.244037
4,0.844101,0.419041,-1.09562,-1.57536,1.88858,1.8439,-0.242279
4,0.845496,0.418354,-1.09567,-1.574,1.88871,1.84205,-0.240522
4,0.846885,0.417674,-1.09571,-1.57262,1.88884,1.8402,-0.238764
4,0.84827,0.417001,-1.09575,-1.57124,1.88896,1.83835,-0.237006
4,0.849648,0.416335,-1.09579,-1.56985,1.88909,1.83651,-0.235247
4,0.851021,0.415675,-1.09583,-1.56846,1.88921,1.83467,-0.233489
4,0.852389,0.415022,-1.09587,-1.56706,1.88934,1.83283,-0.23173
4,0.853751,0.414376,-1.0959,-1.56566,1.88946,1.83099,-0.229972
4,0.855107,0.413737,-1.09593,-1.56424,1.88959,1.82916,-0.228213
4,0.856458,0.413105,-1.09596,-1.56283,1.88971,1.82733,-0.226453
4,0.857803,0.41248,-1.09599,-1.5614,1.88984,1.8255,-0.224694
4,0.859143,0.411862,-1.09601,-1.55997,1.88996,1.82367,-0.222934
4,0.860476,0.41125,-1.09603,-1.55853,1.89009,1.82185,-0.221174
4,0.861804,0.410646,-1.09605,-1.55709,1.89021,1.82003,-0.219414
4,0.863126,0.410048,-1.09607,-1.55564,1.89034,1.81821,-0.217653
4,0.864442,0.409457,-1.09609,-1.55419,1.89046,1.81639,-0.215892
4,0.865753,0.408874,-1.0961,-1.55272,1.89059,1.81458,-0.21413
4,0.867057,0.408297,-1.09611,-1.55126,1.89071,1.81277,-0.212369
4,0.868356,0.407727,-1.09612,-1.54978,1.89084,1.81096,-0.210606
4,0.869648,0.407164,-1.09613,-1.5483,1.89097,1.80916,-0.208844
4,0.870935,0.406609,-1.09613,-1.54682,1.89109,1.80736,-0.207081
4,0.872216,0.40606,-1.09613,-1.54532,1.89122,1.80556,-0.205317
4,0.873491,0.405518,-1.09613,-1.54382,1.89134,1.80376,-0.203553
4,0.874759,0.404983,-1.09613,-1.54232,1.89147,1.80197,-0.201788
4,0.876022,0.404455,-1.09613,-1.54081,1.8916,1.80018,-0.200023
4,0.877278,0.403935,-1.09612,-1.53929,1.89172,1.79839,-0.198258
4,0.878528,0.403421,-1.09611,-1.53776,1.89185,1.79661,-0.196491
4,0.879773,0.402915,-1.0961,-1.53623,1.89198,1.79483,-0.194725
4,0.881011,0.402415,-1.09609,-1.5347,1.89211,1.79305,-0.192957
4,0.882242,0.401923,-1.09608,-1.53315,1.89223,1.79128,-0.191189
4,0.883468,0.401437,-1.09606,-1.5316,1.89236,1.7895,-0.189421
4,0.884687,0.400959,-1.09604,-1.53005,1.89249,1.78774,-0.187651
4,0.8859,0.400488,-1.09602,-1.52848,1.89262,1.78597,-0.185881
4,0.887107,0.400024,-1.096,-1.52692,1.89275,1.78421,-0.184111
4,0.888307,0.399567,-1.09597,-1.52534,1.89288,1.78245,-0.182339
4,0.889501,0.399117,-1.09595,-1.52376,1.89301,1.78069,-0.180567
4,0.890688,0.398674,-1.09592,-1.52217,1.89315,1.77894,-0.178795
4,0.891869,0.398239,-1.09589,-1.52058,1.89328,1.77719,-0.177021
4,0.893044,0.39781,-1.09585,-1.51898,1.89341,1.77544,-0.175247
4,0.894212,0.397389,-1.09582,-1.51737,1.89354,1.7737,-0.173471
4,0.895374,0.396975,-1.09578,-1.51576,1.89368,1.77196,-0.171695
4,0.896529,0.396568,-1.09574,-1.51414,1.89381,1.77023,-0.169919
4,0.897677,0.396168,-1.0957,-1.51251,1.89395,1.76849,-0.168141
4,0.898819,0.395775,-1.09566,-1.51088,1.89408,1.76676,-0.166362
4,0.899954,0.39539,-1.09561,-1.50924,1.89422,1.76504,-0.164583
4,0.901083,0.395011,-1.09557,-1.5076,1.89436,1.76331,-0.162803
4,0.902205,0.39464,-1.09552,-1.50595,1.89449,1.76159,-0.161021
4,0.903321,0.394276,-1.09547,-1.50429,1.89463,1.75988,-0.159239
4,0.904429,0.39392,-1.09541,-1.50263,1.89477,1.75817,-0.157456
4,0.905531,0.39357,-1.09536,-1.50096,1.89491,1.75646,-0.155672
4,0.906626,0.393228,-1.0953,-1.49928,1.89505,1.75475,-0.153886
4,0.907715,0.392893,-1.09524,-1.4976,1.89519,1.75305,-0.1521
4,0.908796,0.392565,-1.09518,-1.49591,1.89533,1.75135,-0.150313
4,0.909871,0.392244,-1.09512,-1.49421,1.89548,1.74966,-0.148524
4,0.909871,0.392244,-1.09512,-1.49421,1.89548,1.74966,-0.148524
4,0.909871,0.392244,-1.09512,-1.49421,1.89548,1.74966,-0.148524
4,0.907192,0.394565,-1.09408,-1.49176,1.89733,1.75074,-0.147644
4,0.904526,0.396874,-1.09304,-1.48931,1.89918,1.75181,-0.14676
4,0.901867,0.399175,-1.092,-1.48685,1.90102,1.75286,-0.145874
4,0.899217,0.401468,-1.09096,-1.48439,1.90285,1.75389,-0.144986
5,0.899217,0.401468,-1.09096,-1.48439,1.90285,1.75389,-0.144986
5,0.897949,0.401674,-1.09108,-1.48584,1.90265,1.75576,-0.146465
5,0.896671,0.40189,-1.09121,-1.48728,1.90244,1.75764,-0.147942
5,0.895386,0.402114,-1.09133,-1.48871,1.90224,1.75951,-0.149419
5,0.894095,0.402344,-1.09145,-1.49014,1.90204,1.76139,-0.150894
5,0.892797,0.402581,-1.09156,-1.49156,1.90184,1.76327,-0.152368
5,0.891493,0.402824,-1.09168,-1.49297,1.90164,1.76516,-0.153841
5,0.890182,0.403075,-1.0918,-1.49438,1.90144,1.76705,-0.155313
5,0.888864,0.403332,-1.09191,-1.49578,1.90125,1.76894,-0.156784
5,0.88754,0.403597,-1.09202,-1.49717,1.90105,1.77084,-0.158255
5,0.88621,0.403868,-1.09213,-1.49856,1.90085,1.77273,-0.159724
5,0.884872,0.404146,-1.09224,-1.49994,1.90066,1.77464,-0.161192
5,0.883529,0.404431,-1.09234,-1.50132,1.90046,1.77654,-0.16266
5,0.882179,0.404722,-1.09244,-1.50269,1.90027,1.77845,-0.164126
5,0.880822,0.405021,-1.09255,-1.50405,1.90007,1.78036,-0.165592
5,0.879459,0.405326,-1.09265,-1.50541,1.89988,1.78227,-0.167057
5,0.878089,0.405638,-1.09274,-1.50676,1.89969,1.78419,-0.168521
5,0.876714,0.405957,-1.09284,-1.5081,1.8995,1.78611,-0.169984
5,0.875331,0.406283,-1.09293,-1.50944,1.89931,1.78803,-0.171447
5,0.873943,0.406615,-1.09303,-1.51077,1.89912,1.78996,-0.172908
5,0.872548,0.406954,-1.09312,-1.5121,1.89892,1.79189,-0.174369
5,0.871147,0.4073,-1.09321,-1.51342,1.89874,1.79382,-0.175829
5,0.869739,0.407653,-1.09329,-1.51473,1.89855,1.79575,-0.177289
5,0.868326,0.408013,-1.09338,-1.51604,1.89836,1.79769,-0.178747
5,0.866906,0.408379,-1.09346,-1.51734,1.89817,1.79963,-0.180205
5,0.86548,0.408752,-1.09354,-1.51863,1.89798,1.80157,-0.181663
5,0.864047,0.409132,-1.09362,-1.51992,1.8978,1.80352,-0.183119
5,0.862609,0.409519,-1.0937,-1.5212,1.89761,1.80547,-0.184575
5,0.861164,0.409913,-1.09377,-1.52247,1.89742,1.80742,-0.186031
5,0.859713,0.410313,-1.09385,-1.52374,1.89724,1.80938,-0.187486
5,0.858256,0.41072,-1.09392,-1.525,1.89705,1.81133,-0.18894
5,0.856793,0.411133,-1.09399,-1.52626,1.89687,1.81329,-0.190394
5,0.855324,0.411554,-1.09405,-1.52751,1.89668,1.81526,-0.191847
5,0.853849,0.411981,-1.09412,-1.52875,1.8965,1.81722,-0.193299
5,0.852368,0.412414,-1.09418,-1.52999,1.89631,1.81919,-0.194751
5,0.850881,0.412855,-1.09424,-1.53122,1.89613,1.82116,-0.196203
5,0.849388,0.413302,-1.0943,-1.53245,1.89595,1.82313,-0.197654
5,0.847889,0.413756,-1.09436,-1.53366,1.89577,1.82511,-0.199105
5,0.846385,0.414216,-1.09441,-1.53488,1.89558,1.82709,-0.200555
5,0.844874,0.414684,-1.09447,-1.53608,1.8954,1.82907,-0.202005
5,0.843357,0.415157,-1.09452,-1.53728,1.89522,1.83105,-0.203454
5,0.841835,0.415638,-1.09457,-1.53848,1.89504,1.83304,-0.204903
5,0.840307,0.416125,-1.09462,-1.53966,1.89486,1.83503,-0.206351
5,0.838773,0.416619,-1.09466,-1.54084,1.89468,1.83702,-0.2078
5,0.837233,0.417119,-1.0947,-1.54202,1.89449,1.83901,-0.209247
5,0.835688,0.417626,-1.09474,-1.54319,1.89431,1.84101,-0.210695
5,0.834137,0.418139,-1.09478,-1.54435,1.89413,1.84301,-0.212142
5,0.83258,0.41866,-1.09482,-1.54551,1.89395,1.84501,-0.213589
5,0.831017,0.419186,-1.09486,-1.54666,1.89377,1.84701,-0.215036
5,0.829449,0.41972,-1.09489,-1.5478,1.89359,1.84902,-0.216482
5,0.827876,0.420259,-1.09492,-1.54894,1.89341,1.85102,-0.217928
5,0.826296,0.420806,-1.09495,-1.55007,1.89323,1.85303,-0.219374
5,0.824712,0.421359,-1.09497,-1.55119,1.89305,1.85505,-0.22082
5,0.823121,0.421918,-1.095,-1.55231,1.89287,1.85706,-0.222265
5,0.821525,0.422484,-1.09502,-1.55342,1.8927,1.85908,-0.223711
5,0.819924,0.423057,-1.09504,-1.55453,1.89252,1.86109,-0.225156
5,0.818318,0.423635,-1.09506,-1.55563,1.89234,1.86312,-0.226601
5,0.816705,0.424221,-1.09508,-1.55672,1.89216,1.86514,-0.228046
5,0.815088,0.424813,-1.09509,-1.55781,1.89198,1.86716,-0.229491
5,0.813465,0.425411,-1.0951,-1.55889,1.8918,1.86919,-0.230935
5,0.811837,0.426016,-1.09511,-1.55997,1.89162,1.87122,-0.23238
5,0.810204,0.426627,-1.09512,-1.56104,1.89144,1.87325,-0.233825
5,0.808565,0.427245,-1.09512,-1.5621,1.89126,1.87528,-0.235269
5,0.806921,0.427869,-1.09513,-1.56316,1.89108,1.87732,-0.236714
5,0.805272,0.428499,-1.09513,-1.56421,1.8909,1.87935,-0.238158
5,0.803618,0.429136,-1.09513,-1.56525,1.89072,1.88139,-0.239603
5,0.801959,0.429779,-1.09512,-1.56629,1.89054,1.88343,-0.241047
5,0.800294,0.430428,-1.09512,-1.56732,1.89036,1.88547,-0.242492
5,0.798624,0.431084,-1.09511,-1.56835,1.89018,1.88752,-0.243937
5,0.79695,0.431746,-1.0951,-1.56937,1.89,1.88956,-0.245381
5,0.79527,0.432415,-1.09509,-1.57038,1.88982,1.89161,-0.246826
5,0.793585,0.43309,-1.09508,-1.57139,1.88964,1.89366,-0.248271
5,0.791896,0.433771,-1.09506,-1.57239,1.88946,1.89571,-0.249716
5,0.790201,0.434458,-1.09504,-1.57338,1.88928,1.89776,-0.251162
5,0.788502,0.435152,-1.09503,-1.57437,1.88909,1.89982,-0.252607
5,0.786797,0.435852,-1.095,-1.57535,1.88891,1.90187,-0.254052
5,0.785088,0.436558,-1.09498,-1.57633,1.88873,1.90393,-0.255498
5,0.783374,0.43727,-1.09495,-1.5773,1.88855,1.90599,-0.256944
5,0.781656,0.437988,-1.09492,-1.57826,1.88836,1.90805,-0.25839
5,0.779932,0.438713,-1.09489,-1.57922,1.88818,1.91011,-0.259837
5,0.778204,0.439444,-1.09486,-1.58017,1.888,1.91217,-0.261283
5,0.776471,0.440181,-1.09483,-1.58112,1.88781,1.91423,-0.26273
5,0.774733,0.440924,-1.09479,-1.58205,1.88763,1.9163,-0.264177
5,0.772991,0.441673,-1.09475,-1.58299,1.88744,1.91837,-0.265625
5,0.771244,0.442428,-1.09471,-1.58391,1.88726,1.92043,-0.267073
5,0.769493,0.44319,-1.09467,-1.58483,1.88707,1.9225,-0.268521
5,0.767737,0.443957,-1.09462,-1.58575,1.88689,1.92457,-0.269969
5,0.765977,0.444731,-1.09457,-1.58666,1.8867,1.92665,-0.271418
5,0.764212,0.445511,-1.09452,-1.58756,1.88651,1.92872,-0.272868
5,0.762443,0.446296,-1.09447,-1.58845,1.88633,1.93079,-0.274317
5,0.760669,0.447088,-1.09442,-1.58934,1.88614,1.93287,-0.275767
5,0.758891,0.447886,-1.09436,-1.59023,1.88595,1.93494,-0.277218
5,0.757109,0.448689,-1.0943,-1.5911,1.88576,1.93702,-0.278669
5,0.755322,0.449499,-1.09424,-1.59197,1.88557,1.9391,-0.28012
5,0.753531,0.450315,-1.09418,-1.59284,1.88538,1.94118,-0.281572
5,0.751736,0.451136,-1.09412,-1.5937,1.88519,1.94326,-0.283024
5,0.749937,0.451964,-1.09405,-1.59455,1.885,1.94534,-0.284477
5,0.748133,0.452797,-1.09398,-1.5954,1.88481,1.94742,-0.28593
5,0.746326,0.453636,-1.09391,-1.59624,1.88461,1.9495,-0.287384
5,0.744514,0.454481,-1.09384,-1.59707,1.88442,1.95159,-0.288838
5,0.742698,0.455332,-1.09376,-1.5979,1.88423,1.95367,-0.290293
5,0.740879,0.456189,-1.09369,-1.59872,1.88403,1.95576,-0.291749
5,0.739055,0.457052,-1.09361,-1.59953,1.88384,1.95784,-0.293205
5,0.737227,0.45792,-1.09353,-1.60034,1.88364,1.95993,-0.294662
5,0.735395,0.458794,-1.09344,-1.60115,1.88344,1.96202,-0.296119
5,0.73356,0.459674,-1.09336,-1.60194,1.88325,1.9641,-0.297577
5,0.73172,0.46056,-1.09327,-1.60273,1.88305,1.96619,-0.299035
5,0.729877,0.461451,-1.09318,-1.60352,1.88285,1.96828,-0.300495
5,0.72803,0.462349,-1.09309,-1.6043,1.88265,1.97037,-0.301954
5,0.726179,0.463251,-1.093,-1.60507,1.88245,1.97246,-0.303415
5,0.724324,0.46416,-1.0929,-1.60584,1.88224,1.97455,-0.304876
5,0.722466,0.465074,-1.09281,-1.60659,1.88204,1.97664,-0.306338
5,0.720604,0.465994,-1.09271,-1.60735,1.88184,1.97873,-0.307801
5,0.718738,0.46692,-1.0926,-1.6081,1.88163,1.98082,-0.309264
5,0.716869,0.467851,-1.0925,-1.60884,1.88143,1.98291,-0.310729
5,0.714997,0.468787,-1.0924,-1.60957,1.88122,1.985,-0.312193
5,0.71312,0.46973,-1.09229,-1.6103,1.88102,1.9871,-0.313659
5,0.711241,0.470677,-1.09218,-1.61102,1.88081,1.98919,-0.315126
5,0.709357,0.471631,-1.09207,-1.61174,1.8806,1.99128,-0.316593
5,0.707471,0.47259,-1.09196,-1.61245,1.88039,1.99337,-0.318061
5,0.705581,0.473554,-1.09184,-1.61315,1.88018,1.99546,-0.31953
5,0.703687,0.474524,-1.09172,-1.61385,1.87997,1.99756,-0.321
5,0.701791,0.475499,-1.0916,-1.61454,1.87975,1.99965,-0.32247
5,0.699891,0.47648,-1.09148,-1.61523,1.87954,2.00174,-0.323942
5,0.697988,0.477466,-1.09136,-1.61591,1.87932,2.00384,-0.325414
5,0.696081,0.478458,-1.09124,-1.61658,1.87911,2.00593,-0.326887
5,0.694172,0.479455,-1.09111,-1.61725,1.87889,2.00802,-0.328362
5,0.692259,0.480458,-1.09098,-1.61791,1.87867,2.01011,-0.329837
5,0.690343,0.481465,-1.09085,-1.61857,1.87845,2.0122,-0.331313
5,0.688424,0.482479,-1.09072,-1.61921,1.87823,2.0143,-0.332789
5,0.686502,0.483497,-1.09059,-1.61986,1.87801,2.01639,-0.334267
5,0.684577,0.484521,-1.09045,-1.62049,1.87779,2.01848,-0.335746
5,0.682649,0.48555,-1.09031,-1.62112,1.87756,2.02057,-0.337226
5,0.680719,0.486584,-1.09017,-1.62175,1.87734,2.02266,-0.338707
5,0.678785,0.487624,-1.09003,-1.62236,1.87711,2.02475,-0.340188
5,0.676848,0.488669,-1.08989,-1.62297,1.87689,2.02684,-0.341671
5,0.674909,0.489719,-1.08974,-1.62358,1.87666,2.02893,-0.343155
5,0.672967,0.490774,-1.0896,-1.62418,1.87643,2.03102,-0.344639
5,0.671022,0.491834,-1.08945,-1.62477,1.8762,2.03311,-0.346125
5,0.669074,0.4929,-1.0893,-1.62536,1.87597,2.0352,-0.347612
5,0.667123,0.493971,-1.08914,-1.62594,1.87573,2.03729,-0.3491
5,0.66517,0.495046,-1.08899,-1.62651,1.8755,2.03937,-0.350589
5,0.663215,0.496127,-1.08884,-1.62708,1.87526,2.04146,-0.352079
5,0.661256,0.497213,-1.08868,-1.62764,1.87502,2.04354,-0.35357
5,0.659295,0.498304,-1.08852,-1.6282,1.87479,2.04563,-0.355062
5,0.657332,0.499401,-1.08836,-1.62875,1.87455,2.04771,-0.356555
5,0.655366,0.500502,-1.0882,-1.62929,1.87431,2.0498,-0.35805
5,0.653398,0.501608,-1.08803,-1.62983,1.87406,2.05188,-0.359545
5,0.651427,0.502719,-1.08787,-1.63036,1.87382,2.05396,-0.361042
5,0.649454,0.503835,-1.0877,-1.63089,1.87357,2.05604,-0.36254
5,0.647479,0.504956,-1.08753,-1.6314,1.87333,2.05812,-0.364038
5,0.644783,0.505423,-1.08603,-1.63191,1.87226,2.05949,-0.365791
5,0.640705,0.504631,-1.08198,-1.63242,1.86962,2.05949,-0.368022
5,0.636615,0.50385,-1.07792,-1.63292,1.86699,2.05949,-0.370247
5,0.632506,0.503081,-1.07385,-1.63341,1.86436,2.05949,-0.372466
5,0.628382,0.502325,-1.06978,-1.6339,1.86174,2.05949,-0.374678
5,0.624242,0.501581,-1.06569,-1.63438,1.85912,2.05949,-0.376884
5,0.620084,0.50085,-1.0616,-1.63486,1.85651,2.05949,-0.379084
5,0.615917,0.50013,-1.0575,-1.63533,1.85391,2.05949,-0.381279
5,0.611741,0.49942,-1.0534,-1.63579,1.85131,2.05949,-0.38347
5,0.607545,0.498724,-1.04929,-1.63625,1.84871,2.05949,-0.385653
5,0.603337,0.49804,-1.04517,-1.6367,1.84612,2.05949,-0.387831
5,0.599119,0.497366,-1.04105,-1.63714,1.84354,2.05949,-0.390005
5,0.594885,0.496706,-1.03692,-1.63758,1.84096,2.05949,-0.392171
5,0.59064,0.496057,-1.03278,-1.63801,1.83838,2.05949,-0.394333
5,0.586369,0.495422,-1.02863,-1.63844,1.83581,2.05949,-0.396486
5,0.582108,0.494795,-1.0245,-1.63886,1.83325,2.05949,-0.398639
5,0.57782,0.494184,-1.02034,-1.63927,1.83069,2.05949,-0.400782
5,0.573524,0.493583,-1.01618,-1.63968,1.82813,2.05949,-0.402921
5,0.569217,0.492994,-1.01202,-1.64008,1.82558,2.05949,-0.405055
5,0.564889,0.492419,-1.00784,-1.64047,1.82304,2.05949,-0.407181
5,0.560562,0.491854,-1.00367,-1.64086,1.8205,2.05949,-0.409304
5,0.556216,0.491302,-0.99949,-1.64124,1.81796,2.05949,-0.41142
5,0.551869,0.490761,-0.995314,-1.64162,1.81543,2.05949,-0.413532
5,0.547498,0.490234,-0.99112,-1.64199,1.81291,2.05949,-0.415637
5,0.543129,0.489716,-0.986935,-1.64235,1.81039,2.05949,-0.417738
5,0.538739,0.489213,-0.982733,-1.64271,1.80787,2.05949,-0.419832
5,0.534346,0.488721,-0.978536,-1.64306,1.80536,2.05949,-0.421922
5,0.529939,0.488241,-0.974331,-1.64341,1.80285,2.05949,-0.424005
5,0.525524,0.487774,-0.970124,-1.64375,1.80035,2.05949,-0.426084
5,0.521092,0.48732,-0.965906,-1.64408,1.79785,2.05949,-0.428155
5,0.51666,0.486876,-0.961694,-1.64441,1.79536,2.05949,-0.430224
5,0.512213,0.486445,-0.957473,-1.64473,1.79287,2.05949,-0.432285
5,0.507765,0.486025,-0.953256,-1.64504,1.79039,2.05949,-0.434342
5,0.503302,0.485619,-0.949031,-1.64535,1.78791,2.05949,-0.436393
5,0.498827,0.485225,-0.9448,-1.64565,1.78543,2.05949,-0.438438
5,0.494352,0.484842,-0.940575,-1.64595,1.78296,2.05949,-0.440479
5,0.489864,0.484472,-0.936342,-1.64624,1.7805,2.05949,-0.442514
5,0.485366,0.484115,-0.932105,-1.64652,1.77804,2.05949,-0.444543
5,0.480868,0.483768,-0.927874,-1.6468,1.77558,2.05949,-0.446568
5,0.476356,0.483435,-0.923634,-1.64707,1.77313,2.05949,-0.448587
5,0.471838,0.483113,-0.919394,-1.64733,1.77068,2.05949,-0.4506
5,0.46731,0.482805,-0.915149,-1.64759,1.76824,2.05949,-0.452608
5,0.462786,0.482506,-0.910914,-1.64784,1.7658,2.05949,-0.454612
5,0.458247,0.482222,-0.90667,-1.64809,1.76336,2.05949,-0.456609
5,0.453694,0.48195,-0.902416,-1.64833,1.76093,2.05949,-0.4586
5,0.449158,0.481687,-0.898186,-1.64856,1.75851,2.05949,-0.460589
5,0.444601,0.481439,-0.89394,-1.64879,1.75609,2.05949,-0.46257
5,0.440033,0.481205,-0.889687,-1.64901,1.75367,2.05949,-0.464545
5,0.435475,0.480979,-0.885451,-1.64922,1.75126,2.05949,-0.466518
5,0.4309,0.480767,-0.881202,-1.64943,1.74885,2.05949,-0.468482
5,0.4309,0.480767,-0.881202,-1.64943,1.74885,2.05949,-0.468482
5,0.4309,0.480767,-0.881202,-1.64943,1.74885,2.05949,-0.468482
5,0.429249,0.482646,-0.879834,-1.64671,1.75031,2.05949,-0.4674
5,0.42761,0.484527,-0.878483,-1.64398,1.75177,2.05949,-0.466312
5,0.425983,0.486411,-0.877149,-1.64124,1.75324,2.05949,-0.46522
6,0.425983,0.486411,-0.877149,-1.64124,1.75324,2.05949,-0.46522
6,0.421872,0.48641,-0.873256,-1.64166,1.751,2.05949,-0.467404
6,0.417747,0.486423,-0.869354,-1.64207,1.74877,2.05949,-0.469582
6,0.413615,0.486448,-0.86545,-1.64247,1.74654,2.05949,-0.471755
6,0.409491,0.486482,-0.86156,-1.64287,1.74431,2.05949,-0.473925
6,0.405361,0.486528,-0.857669,-1.64326,1.74209,2.05949,-0.47609
6,0.401234,0.486584,-0.853787,-1.64364,1.73987,2.05949,-0.478251
6,0.3971,0.486654,-0.849902,-1.64402,1.73766,2.05949,-0.480407
6,0.392968,0.486734,-0.846025,-1.64439,1.73545,2.05949,-0.482558
6,0.388837,0.486824,-0.842154,-1.64476,1.73325,2.05949,-0.484706
6,0.384705,0.486926,-0.838288,-1.64512,1.73105,2.05949,-0.486849
6,0.380572,0.487039,-0.834425,-1.64547,1.72885,2.05949,-0.488988
6,0.376439,0.487164,-0.830568,-1.64582,1.72666,2.05949,-0.491122
6,0.372309,0.487298,-0.82672,-1.64616,1.72447,2.05949,-0.493252
6,0.368177,0.487445,-0.822873,-1.64649,1.72228,2.05949,-0.495378
6,0.364039,0.487604,-0.819026,-1.64682,1.7201,2.05949,-0.497498
6,0.359917,0.487771,-0.8152,-1.64715,1.71792,2.05949,-0.499616
6,0.355789,0.48795,-0.811374,-1.64746,1.71575,2.05949,-0.501729
6,0.351664,0.488141,-0.807555,-1.64777,1.71358,2.05949,-0.503837
6,0.34754,0.488342,-0.803742,-1.64808,1.71141,2.05949,-0.505942
6,0.343413,0.488555,-0.799931,-1.64838,1.70925,2.05949,-0.508041
6,0.339292,0.488778,-0.796132,-1.64867,1.70709,2.05949,-0.510136
6,0.335179,0.489011,-0.792344,-1.64895,1.70494,2.05949,-0.512228
6,0.331059,0.489256,-0.788555,-1.64923,1.70279,2.05949,-0.514314
6,0.326946,0.489512,-0.784777,-1.64951,1.70064,2.05949,-0.516397
6,0.322834,0.489779,-0.781005,-1.64977,1.6985,2.05949,-0.518474
6,0.318728,0.490055,-0.777245,-1.65003,1.69636,2.05949,-0.520549
6,0.314623,0.490344,-0.773489,-1.65029,1.69422,2.05949,-0.522618
6,0.310522,0.490642,-0.769742,-1.65054,1.69209,2.05949,-0.524683
6,0.306422,0.490952,-0.766001,-1.65078,1.68996,2.05949,-0.526743
6,0.302332,0.491272,-0.762274,-1.65101,1.68784,2.05949,-0.528801
6,0.298236,0.491604,-0.758546,-1.65124,1.68572,2.05949,-0.530852
6,0.294152,0.491945,-0.754834,-1.65147,1.6836,2.05949,-0.5329
6,0.29007,0.492297,-0.751129,-1.65169,1.68149,2.05949,-0.534943
6,0.285995,0.492659,-0.747435,-1.6519,1.67938,2.05949,-0.536983
6,0.28192,0.493033,-0.743746,-1.6521,1.67727,2.05949,-0.539017
6,0.277853,0.493416,-0.740069,-1.6523,1.67517,2.05949,-0.541048
6,0.273791,0.49381,-0.736402,-1.65249,1.67307,2.05949,-0.543074
6,0.269732,0.494215,-0.732742,-1.65268,1.67097,2.05949,-0.545096
6,0.265682,0.494629,-0.729095,-1.65286,1.66888,2.05949,-0.547114
6,0.261635,0.495054,-0.725456,-1.65303,1.66679,2.05949,-0.549127
6,0.257598,0.495488,-0.721831,-1.6532,1.66471,2.05949,-0.551137
6,0.253561,0.495934,-0.71821,-1.65336,1.66263,2.05949,-0.553141
6,0.24953,0.496391,-0.714599,-1.65352,1.66055,2.05949,-0.555141
6,0.245505,0.496858,-0.710998,-1.65367,1.65848,2.05949,-0.557137
6,0.241492,0.497333,-0.707414,-1.65381,1.65641,2.05949,-0.55913
6,0.237476,0.497821,-0.70383,-1.65395,1.65434,2.05949,-0.561116
6,0.233476,0.498317,-0.700267,-1.65408,1.65228,2.05949,-0.5631
6,0.229477,0.498824,-0.696709,-1.6542,1.65022,2.05949,-0.565078
6,0.225488,0.49934,-0.693164,-1.65432,1.64817,2.05949,-0.567053
6,0.221505,0.499867,-0.689629,-1.65444,1.64612,2.05949,-0.569023
6,0.21753,0.500403,-0.686108,-1.65454,1.64407,2.05949,-0.570989
6,0.213564,0.500949,-0.682598,-1.65464,1.64202,2.05949,-0.572951
6,0.209603,0.501506,-0.679097,-1.65473,1.63998,2.05949,-0.574908
6,0.205649,0.502072,-0.675608,-1.65482,1.63794,2.05949,-0.576861
6,0.201703,0.502648,-0.67213,-1.6549,1.63591,2.05949,-0.578809
6,0.197767,0.503234,-0.668666,-1.65498,1.63388,2.05949,-0.580754
6,0.193837,0.503829,-0.665211,-1.65505,1.63185,2.05949,-0.582694
6,0.189914,0.504435,-0.661768,-1.65511,1.62983,2.05949,-0.584629
6,0.186002,0.505049,-0.65834,-1.65517,1.62781,2.05949,-0.586561
6,0.182098,0.505673,-0.654922,-1.65522,1.62579,2.05949,-0.588488
6,0.178201,0.506307,-0.651516,-1.65526,1.62378,2.05949,-0.59041
6,0.174315,0.50695,-0.648124,-1.6553,1.62177,2.05949,-0.592329
6,0.170434,0.507603,-0.644741,-1.65533,1.61976,2.05949,-0.594242
6,0.166564,0.508265,-0.641373,-1.65536,1.61776,2.05949,-0.596152
6,0.162703,0.508937,-0.638017,-1.65537,1.61576,2.05949,-0.598057
6,0.15885,0.509618,-0.634672,-1.65539,1.61376,2.05949,-0.599958
6,0.155007,0.510308,-0.631341,-1.65539,1.61177,2.05949,-0.601854
6,0.151173,0.511008,-0.628023,-1.6554,1.60978,2.05949,-0.603747
6,0.14735,0.511716,-0.624719,-1.65539,1.60779,2.05949,-0.605635
6,0.143533,0.512435,-0.621424,-1.65538,1.60581,2.05949,-0.607518
6,0.13973,0.513161,-0.618148,-1.65536,1.60383,2.05949,-0.609398
6,0.135934,0.513897,-0.61488,-1.65534,1.60186,2.05949,-0.611272
6,0.132145,0.514643,-0.611624,-1.65531,1.59989,2.05949,-0.613142
6,0.12837,0.515396,-0.608385,-1.65527,1.59792,2.05949,-0.615008
6,0.124605,0.516159,-0.605159,-1.65523,1.59595,2.05949,-0.61687
6,0.120848,0.516931,-0.601944,-1.65518,1.59399,2.05949,-0.618727
6,0.117104,0.517711,-0.598746,-1.65512,1.59203,2.05949,-0.620581
6,0.113367,0.518501,-0.595558,-1.65506,1.59008,2.05949,-0.622429
6,0.109642,0.519299,-0.592385,-1.65499,1.58813,2.05949,-0.624274
6,0.105926,0.520106,-0.589225,-1.65492,1.58618,2.05949,-0.626113
6,0.102223,0.520921,-0.58608,-1.65484,1.58423,2.05949,-0.627949
6,0.0985247,0.521746,-0.582943,-1.65475,1.58229,2.05949,-0.62978
6,0.0948435,0.522578,-0.579827,-1.65466,1.58035,2.05949,-0.631607
6,0.0911704,0.523419,-0.576721,-1.65456,1.57842,2.05949,-0.633429
6,0.0875078,0.524268,-0.573629,-1.65446,1.57649,2.05949,-0.635247
6,0.0838537,0.525127,-0.570549,-1.65435,1.57456,2.05949,-0.63706
6,0.0802109,0.525994,-0.567482,-1.65423,1.57263,2.05949,-0.638869
6,0.0765832,0.526868,-0.564435,-1.65411,1.57071,2.05949,-0.640674
6,0.0729622,0.527752,-0.561396,-1.65398,1.56879,2.05949,-0.642474
6,0.0693524,0.528644,-0.558371,-1.65384,1.56688,2.05949,-0.64427
6,0.0657546,0.529543,-0.555362,-1.6537,1.56497,2.05949,-0.646061
6,0.0621676,0.530451,-0.552366,-1.65355,1.56306,2.05949,-0.647848
6,0.0585918,0.531367,-0.549384,-1.6534,1.56115,2.05949,-0.649631
6,0.0550278,0.532291,-0.546417,-1.65324,1.55925,2.05949,-0.651409
6,0.0514741,0.533223,-0.543463,-1.65307,1.55735,2.05949,-0.653182
6,0.0479325,0.534162,-0.540524,-1.6529,1.55546,2.05949,-0.654952
6,0.0444019,0.53511,-0.537599,-1.65272,1.55357,2.05949,-0.656717
6,0.0408815,0.536066,-0.534686,-1.65254,1.55168,2.05949,-0.658477
6,0.0373728,0.53703,-0.531788,-1.65234,1.54979,2.05949,-0.660233
6,0.0338761,0.538001,-0.528904,-1.65215,1.54791,2.05949,-0.661984
6,0.0303933,0.538979,-0.526037,-1.65194,1.54603,2.05949,-0.663732
6,0.0269173,0.539966,-0.52318,-1.65173,1.54416,2.05949,-0.665474
6,0.0234545,0.54096,-0.520338,-1.65152,1.54229,2.05949,-0.667212
6,0.0200032,0.541962,-0.51751,-1.6513,1.54042,2.05949,-0.668945
6,0.0165625,0.542972,-0.514695,-1.65107,1.53855,2.05949,-0.670674
6,0.0131346,0.543989,-0.511896,-1.65083,1.53669,2.05949,-0.672399
6,0.00971686,0.545014,-0.509109,-1.65059,1.53483,2.05949,-0.674119
6,0.00631137,0.546046,-0.506337,-1.65034,1.53298,2.05949,-0.675834
6,0.00291849,0.547084,-0.503581,-1.65009,1.53112,2.05949,-0.677545
6,-0.000463168,0.548131,-0.500837,-1.64983,1.52928,2.05949,-0.679252
6,-0.00383414,0.549185,-0.498107,-1.64957,1.52743,2.05949,-0.680954
6,-0.00719343,0.550246,-0.495391,-1.64929,1.52559,2.05949,-0.682651
6,-0.0105431,0.551315,-0.492686,-1.64902,1.52375,2.05949,-0.684344
6,-0.0138782,0.55239,-0.489999,-1.64873,1.52191,2.05949,-0.686032
6,-0.017201,0.553472,-0.487327,-1.64844,1.52008,2.05949,-0.687717
6,-0.0205128,0.554561,-0.484668,-1.64815,1.51825,2.05949,-0.689396
6,-0.023816,0.555658,-0.482019,-1.64784,1.51642,2.05949,-0.691071
6,-0.0271047,0.556761,-0.479387,-1.64753,1.5146,2.05949,-0.692741
6,-0.0303817,0.557871,-0.476769,-1.64722,1.51278,2.05949,-0.694407
6,-0.0336486,0.558989,-0.474164,-1.6469,1.51096,2.05949,-0.696068
6,-0.0369038,0.560113,-0.471572,-1.64657,1.50915,2.05949,-0.697724
6,-0.0401468,0.561244,-0.468994,-1.64624,1.50734,2.05949,-0.699376
6,-0.0433777,0.562381,-0.466431,-1.6459,1.50553,2.05949,-0.701024
6,-0.0465968,0.563525,-0.463882,-1.64555,1.50373,2.05949,-0.702667
6,-0.0498052,0.564676,-0.461345,-1.6452,1.50193,2.05949,-0.704305
6,-0.0530034,0.565834,-0.458821,-1.64484,1.50013,2.05949,-0.705938
6,-0.0561876,0.566997,-0.456313,-1.64448,1.49834,2.05949,-0.707568
6,-0.0593612,0.568168,-0.453817,-1.64411,1.49654,2.05949,-0.709192
6,-0.0625231,0.569345,-0.451335,-1.64373,1.49476,2.05949,-0.710812
6,-0.0656729,0.570528,-0.448867,-1.64335,1.49297,2.05949,-0.712427
6,-0.0688106,0.571717,-0.446414,-1.64296,1.49119,2.05949,-0.714038
6,-0.0719402,0.572914,-0.443969,-1.64256,1.48941,2.05949,-0.715644
6,-0.0750566,0.574116,-0.44154,-1.64216,1.48764,2.05949,-0.717245
6,-0.0781599,0.575324,-0.439127,-1.64175,1.48586,2.05949,-0.718842
6,-0.0812523,0.576539,-0.436726,-1.64134,1.4841,2.05949,-0.720434
6,-0.0843351,0.57776,-0.434336,-1.64092,1.48233,2.05949,-0.722021
6,-0.0874052,0.578987,-0.431961,-1.64049,1.48057,2.05949,-0.723604
6,-0.0904629,0.58022,-0.4296,-1.64006,1.47881,2.05949,-0.725182
6,-0.0935115,0.581459,-0.42725,-1.63962,1.47705,2.05949,-0.726755
6,-0.0965482,0.582705,-0.424913,-1.63917,1.4753,2.05949,-0.728324
6,-0.0995728,0.583956,-0.422591,-1.63872,1.47355,2.05949,-0.729888
6,-0.102585,0.585212,-0.420282,-1.63827,1.4718,2.05949,-0.731448
6,-0.105588,0.586475,-0.417984,-1.6378,1.47006,2.05949,-0.733002
6,-0.10858,0.587744,-0.415699,-1.63733,1.46832,2.05949,-0.734552
6,-0.11156,0.589019,-0.413428,-1.63686,1.46658,2.05949,-0.736097
6,-0.114529,0.590299,-0.41117,-1.63638,1.46485,2.05949,-0.737638
6,-0.117486,0.591585,-0.408924,-1.63589,1.46311,2.05949,-0.739173
6,-0.120433,0.592876,-0.406691,-1.63539,1.46139,2.05949,-0.740704
6,-0.123369,0.594173,-0.40447,-1.63489,1.45966,2.05949,-0.74223
6,-0.126294,0.595476,-0.402261,-1.63439,1.45794,2.05949,-0.743752
6,-0.129208,0.596785,-0.400065,-1.63387,1.45622,2.05949,-0.745269
6,-0.13211,0.598098,-0.397883,-1.63336,1.4545,2.05949,-0.746781
6,-0.135003,0.599418,-0.395711,-1.63283,1.45279,2.05949,-0.748288
6,-0.137884,0.600743,-0.393552,-1.6323,1.45108,2.05949,-0.74979
6,-0.140753,0.602073,-0.391406,-1.63176,1.44938,2.05949,-0.751288
6,-0.143613,0.603408,-0.389271,-1.63122,1.44767,2.05949,-0.752781
6,-0.146462,0.604749,-0.387149,-1.63067,1.44597,2.05949,-0.754269
6,-0.149299,0.606095,-0.385041,-1.63011,1.44427,2.05949,-0.755753
6,-0.152127,0.607446,-0.382942,-1.62955,1.44258,2.05949,-0.757231
6,-0.152127,0.607446,-0.382942,-1.62955,1.44258,2.05949,-0.757231
6,-0.152127,0.607446,-0.382942,-1.62955,1.44258,2.05949,-0.757231
6,-0.152183,0.609099,-0.382413,-1.62669,1.44392,2.05921,-0.755687
6,-0.152242,0.610755,-0.381886,-1.62382,1.44526,2.05894,-0.754138
6,-0.152304,0.612412,-0.381358,-1.62094,1.44659,2.05866,-0.752587
6,-0.152368,0.61407,-0.38083,-1.61806,1.44793,2.05838,-0.751034
6,-0.152434,0.615729,-0.380303,-1.61518,1.44926,2.0581,-0.749477
6,-0.152503,0.61739,-0.379775,-1.61229,1.45059,2.05782,-0.747918
7,-0.152503,0.61739,-0.379775,-1.61229,1.45059,2.05782,-0.747918
7,-0.151091,0.617144,-0.379361,-1.61382,1.45089,2.05617,-0.748835
7,-0.14968,0.616904,-0.378945,-1.61534,1.4512,2.05453,-0.749749
7,-0.148271,0.616669,-0.378525,-1.61686,1.45152,2.05288,-0.75066
7,-0.146862,0.616437,-0.378104,-1.61837,1.45184,2.05124,-0.751569
7,-0.145454,0.616209,-0.37768,-1.61988,1.45217,2.04959,-0.752476
7,-0.144048,0.615986,-0.377254,-1.62138,1.45251,2.04795,-0.753381
7,-0.142642,0.615767,-0.376825,-1.62287,1.45285,2.0463,-0.754283
7,-0.141237,0.615551,-0.376395,-1.62436,1.45319,2.04466,-0.755184
7,-0.139833,0.61534,-0.375961,-1.62584,1.45354,2.04301,-0.756082
7,-0.13843,0.615133,-0.375526,-1.62732,1.4539,2.04137,-0.756979
7,-0.137028,0.61493,-0.375088,-1.62879,1.45426,2.03972,-0.757873
7,-0.135627,0.614731,-0.374648,-1.63025,1.45463,2.03807,-0.758766
7,-0.134226,0.614536,-0.374206,-1.63171,1.45501,2.03643,-0.759656
7,-0.132827,0.614345,-0.373761,-1.63316,1.45539,2.03478,-0.760544
7,-0.131428,0.614158,-0.373315,-1.6346,1.45577,2.03314,-0.761431
7,-0.130031,0.613976,-0.372865,-1.63604,1.45616,2.03149,-0.762315
7,-0.128634,0.613797,-0.372414,-1.63747,1.45656,2.02985,-0.763198
7,-0.127238,0.613623,-0.37196,-1.6389,1.45696,2.0282,-0.764079
7,-0.125843,0.613453,-0.371505,-1.64032,1.45737,2.02656,-0.764957
7,-0.124449,0.613286,-0.371046,-1.64174,1.45778,2.02491,-0.765834
7,-0.123056,0.613124,-0.370586,-1.64314,1.4582,2.02326,-0.766709
7,-0.121664,0.612966,-0.370123,-1.64455,1.45862,2.02162,-0.767583
7,-0.120273,0.612812,-0.369659,-1.64594,1.45905,2.01997,-0.768454
7,-0.118882,0.612663,-0.369192,-1.64733,1.45948,2.01833,-0.769324
7,-0.117492,0.612517,-0.368722,-1.64872,1.45992,2.01668,-0.770192
7,-0.116104,0.612375,-0.368251,-1.6501,1.46037,2.01504,-0.771058
7,-0.114716,0.612238,-0.367777,-1.65147,1.46082,2.0134,-0.771922
7,-0.113329,0.612104,-0.367302,-1.65283,1.46127,2.01175,-0.772785
7,-0.111942,0.611975,-0.366824,-1.65419,1.46174,2.01011,-0.773646
7,-0.110557,0.61185,-0.366343,-1.65555,1.4622,2.00846,-0.774505
7,-0.109172,0.611729,-0.365861,-1.6569,1.46267,2.00682,-0.775363
7,-0.107789,0.611612,-0.365377,-1.65824,1.46315,2.00517,-0.776219
7,-0.106406,0.611499,-0.36489,-1.65957,1.46363,2.00353,-0.777073
7,-0.105024,0.61139,-0.364401,-1.6609,1.46412,2.00189,-0.777926
7,-0.103643,0.611286,-0.36391,-1.66223,1.46461,2.00024,-0.778777
7,-0.102262,0.611185,-0.363417,-1.66355,1.46511,1.9986,-0.779626
7,-0.100883,0.611089,-0.362922,-1.66486,1.46561,1.99696,-0.780474
7,-0.0995039,0.610996,-0.362424,-1.66616,1.46612,1.99532,-0.78132
7,-0.098126,0.610908,-0.361925,-1.66746,1.46664,1.99368,-0.782165
7,-0.0967489,0.610824,-0.361423,-1.66876,1.46715,1.99203,-0.783008
7,-0.0953726,0.610744,-0.360919,-1.67004,1.46768,1.99039,-0.78385
7,-0.0939971,0.610668,-0.360414,-1.67133,1.46821,1.98875,-0.78469
7,-0.0926224,0.610596,-0.359906,-1.6726,1.46874,1.98711,-0.785529
7,-0.0912485,0.610529,-0.359396,-1.67387,1.46928,1.98547,-0.786366
7,-0.0898754,0.610465,-0.358884,-1.67513,1.46982,1.98383,-0.787202
7,-0.0885031,0.610406,-0.358369,-1.67639,1.47037,1.98219,-0.788036
7,-0.0871316,0.61035,-0.357853,-1.67764,1.47093,1.98055,-0.788869
7,-0.0857609,0.610299,-0.357335,-1.67889,1.47149,1.97891,-0.789701
7,-0.0843909,0.610252,-0.356814,-1.68013,1.47205,1.97727,-0.790531
7,-0.0830218,0.610209,-0.356292,-1.68136,1.47262,1.97563,-0.79136
7,-0.0816534,0.61017,-0.355768,-1.68259,1.47319,1.974,-0.792187
7,-0.0802858,0.610135,-0.355241,-1.68381,1.47377,1.97236,-0.793013
7,-0.078919,0.610105,-0.354712,-1.68502,1.47436,1.97072,-0.793838
7,-0.077553,0.610078,-0.354182,-1.68623,1.47495,1.96908,-0.794661
7,-0.0761877,0.610055,-0.353649,-1.68743,1.47554,1.96745,-0.795483
7,-0.0748232,0.610037,-0.353114,-1.68863,1.47614,1.96581,-0.796303
7,-0.0734595,0.610023,-0.352578,-1.68982,1.47674,1.96418,-0.797123
7,-0.0720965,0.610013,-0.352039,-1.691,1.47735,1.96254,-0.797941
7,-0.0707343,0.610007,-0.351498,-1.69218,1.47797,1.96091,-0.798758
7,-0.0693728,0.610005,-0.350956,-1.69336,1.47858,1.95927,-0.799573
7,-0.0680121,0.610007,-0.350411,-1.69452,1.47921,1.95764,-0.800387
7,-0.0666522,0.610013,-0.349864,-1.69568,1.47984,1.95601,-0.8012
7,-0.065293,0.610023,-0.349316,-1.69684,1.48047,1.95438,-0.802012
7,-0.0639345,0.610038,-0.348765,-1.69798,1.48111,1.95274,-0.802823
7,-0.0625768,0.610057,-0.348213,-1.69913,1.48175,1.95111,-0.803632
7,-0.0612198,0.610079,-0.347658,-1.70026,1.4824,1.94948,-0.804441
7,-0.0598636,0.610106,-0.347102,-1.70139,1.48305,1.94785,-0.805248
7,-0.0585081,0.610137,-0.346543,-1.70252,1.48371,1.94622,-0.806053
7,-0.0571534,0.610172,-0.345983,-1.70363,1.48437,1.94459,-0.806858
7,-0.0557994,0.610211,-0.345421,-1.70475,1.48503,1.94296,-0.807662
7,-0.0544461,0.610254,-0.344857,-1.70585,1.4857,1.94134,-0.808464
7,-0.0530936,0.610301,-0.34429,-1.70695,1.48638,1.93971,-0.809265
7,-0.0517417,0.610353,-0.343722,-1.70804,1.48706,1.93808,-0.810066
7,-0.0503906,0.610408,-0.343152,-1.70913,1.48774,1.93645,-0.810865
7,-0.0490403,0.610468,-0.342581,-1.71021,1.48843,1.93483,-0.811663
7,-0.0476906,0.610532,-0.342007,-1.71129,1.48913,1.9332,-0.81246
7,-0.0463417,0.610599,-0.341431,-1.71236,1.48983,1.93158,-0.813255
7,-0.0449935,0.610671,-0.340854,-1.71342,1.49053,1.92996,-0.81405
7,-0.043646,0.610747,-0.340274,-1.71448,1.49124,1.92833,-0.814844
7,-0.0422993,0.610827,-0.339693,-1.71553,1.49195,1.92671,-0.815636
7,-0.0409532,0.610911,-0.33911,-1.71657,1.49267,1.92509,-0.816428
7,-0.0396079,0.610999,-0.338525,-1.71761,1.49339,1.92347,-0.817219
7,-0.0382632,0.611092,-0.337938,-1.71864,1.49411,1.92185,-0.818008
7,-0.0369193,0.611188,-0.337349,-1.71967,1.49484,1.92023,-0.818797
7,-0.0355761,0.611289,-0.336759,-1.72069,1.49558,1.91861,-0.819584
7,-0.0342336,0.611393,-0.336167,-1.72171,1.49632,1.91699,-0.820371
7,-0.0328918,0.611502,-0.335572,-1.72271,1.49706,1.91537,-0.821156
7,-0.0315507,0.611614,-0.334976,-1.72372,1.49781,1.91376,-0.821941
7,-0.0302103,0.611731,-0.334379,-1.72471,1.49856,1.91214,-0.822725
7,-0.0288706,0.611852,-0.333779,-1.7257,1.49932,1.91052,-0.823507
7,-0.0275315,0.611977,-0.333178,-1.72669,1.50008,1.90891,-0.824289
7,-0.0261932,0.612106,-0.332574,-1.72766,1.50085,1.9073,-0.82507
7,-0.0248556,0.612239,-0.331969,-1.72864,1.50162,1.90568,-0.82585
7,-0.0235187,0.612376,-0.331363,-1.7296,1.50239,1.90407,-0.826629
7,-0.0221825,0.612517,-0.330754,-1.73056,1.50317,1.90246,-0.827406
7,-0.0208469,0.612663,-0.330144,-1.73151,1.50395,1.90085,-0.828184
7,-0.0195121,0.612812,-0.329532,-1.73246,1.50474,1.89924,-0.82896
7,-0.0181779,0.612966,-0.328918,-1.7334,1.50553,1.89763,-0.829735
7,-0.0168444,0.613123,-0.328302,-1.73434,1.50633,1.89602,-0.830509
7,-0.0155116,0.613285,-0.327685,-1.73527,1.50713,1.89441,-0.831283
7,-0.0141795,0.61345,-0.327066,-1.73619,1.50793,1.89281,-0.832056
7,-0.0128481,0.61362,-0.326445,-1.7371,1.50874,1.8912,-0.832827
7,-0.0115174,0.613793,-0.325823,-1.73801,1.50955,1.88959,-0.833598
7,-0.0101873,0.613971,-0.325199,-1.73892,1.51037,1.88799,-0.834368
7,-0.00885791,0.614153,-0.324573,-1.73982,1.51119,1.88639,-0.835137
7,-0.00752921,0.614339,-0.323945,-1.74071,1.51201,1.88478,-0.835906
7,-0.00620119,0.614529,-0.323316,-1.74159,1.51284,1.88318,-0.836673
7,-0.00487384,0.614723,-0.322685,-1.74247,1.51368,1.88158,-0.83744
7,-0.00354716,0.61492,-0.322052,-1.74335,1.51451,1.87998,-0.838206
7,-0.00222117,0.615122,-0.321418,-1.74422,1.51535,1.87838,-0.838971
7,-0.000895843,0.615328,-0.320782,-1.74508,1.5162,1.87679,-0.839735
7,0.000428808,0.615539,-0.320144,-1.74593,1.51705,1.87519,-0.840498
7,0.00175279,0.615753,-0.319505,-1.74678,1.5179,1.87359,-0.841261
7,0.00307609,0.615971,-0.318864,-1.74762,1.51876,1.872,-0.842023
7,0.00439873,0.616193,-0.318222,-1.74846,1.51962,1.8704,-0.842784
7,0.0057207,0.616419,-0.317578,-1.74929,1.52049,1.86881,-0.843544
7,0.007042,0.616649,-0.316932,-1.75011,1.52136,1.86722,-0.844303
7,0.00836263,0.616883,-0.316284,-1.75093,1.52223,1.86562,-0.845062
7,0.00968259,0.617121,-0.315635,-1.75174,1.52311,1.86403,-0.84582
7,0.0110019,0.617364,-0.314985,-1.75255,1.52399,1.86244,-0.846577
7,0.0123205,0.61761,-0.314333,-1.75335,1.52487,1.86086,-0.847333
7,0.0136385,0.61786,-0.313679,-1.75414,1.52576,1.85927,-0.848089
7,0.0149558,0.618114,-0.313024,-1.75493,1.52665,1.85768,-0.848844
7,0.0162724,0.618372,-0.312367,-1.75571,1.52755,1.8561,-0.849598
7,0.0175884,0.618635,-0.311708,-1.75649,1.52845,1.85451,-0.850351
7,0.0189037,0.618901,-0.311048,-1.75726,1.52935,1.85293,-0.851104
7,0.0202184,0.619171,-0.310387,-1.75802,1.53026,1.85134,-0.851855
7,0.0215323,0.619445,-0.309723,-1.75877,1.53117,1.84976,-0.852607
7,0.0228457,0.619723,-0.309059,-1.75952,1.53209,1.84818,-0.853357
7,0.0241583,0.620005,-0.308393,-1.76027,1.53301,1.8466,-0.854107
7,0.0254703,0.620291,-0.307725,-1.76101,1.53393,1.84502,-0.854856
7,0.0267817,0.620581,-0.307056,-1.76174,1.53486,1.84345,-0.855604
7,0.0280924,0.620875,-0.306385,-1.76246,1.53579,1.84187,-0.856351
7,0.0294024,0.621173,-0.305713,-1.76318,1.53672,1.84029,-0.857098
7,0.0307118,0.621475,-0.305039,-1.7639,1.53766,1.83872,-0.857844
7,0.0320205,0.621781,-0.304364,-1.7646,1.5386,1.83714,-0.858589
7,0.0333285,0.622091,-0.303687,-1.7653,1.53954,1.83557,-0.859334
7,0.0346359,0.622405,-0.303009,-1.766,1.54049,1.834,-0.860078
7,0.0359427,0.622722,-0.30233,-1.76669,1.54144,1.83243,-0.860821
7,0.0372487,0.623044,-0.301649,-1.76737,1.5424,1.83086,-0.861564
7,0.0385542,0.62337,-0.300967,-1.76804,1.54336,1.82929,-0.862306
7,0.0398589,0.623699,-0.300283,-1.76871,1.54432,1.82773,-0.863047
7,0.041163,0.624033,-0.299597,-1.76938,1.54529,1.82616,-0.863787
7,0.0424665,0.62437,-0.298911,-1.77003,1.54626,1.8246,-0.864527
7,0.0437693,0.624711,-0.298223,-1.77068,1.54723,1.82303,-0.865266
7,0.0450714,0.625057,-0.297533,-1.77133,1.54821,1.82147,-0.866005
7,0.0463729,0.625406,-0.296842,-1.77197,1.54919,1.81991,-0.866743
7,0.0476738,0.625759,-0.29615,-1.7726,1.55017,1.81835,-0.86748
7,0.0489739,0.626116,-0.295457,-1.77323,1.55116,1.81679,-0.868216
7,0.0502734,0.626477,-0.294762,-1.77384,1.55215,1.81523,-0.868952
7,0.0515723,0.626841,-0.294065,-1.77446,1.55314,1.81367,-0.869687
7,0.0528705,0.62721,-0.293368,-1.77507,1.55414,1.81212,-0.870421
7,0.0541681,0.627582,-0.292668,-1.77567,1.55514,1.81056,-0.871155
7,0.055465,0.627959,-0.291968,-1.77626,1.55614,1.80901,-0.871888
7,0.0567612,0.628339,-0.291266,-1.77685,1.55715,1.80746,-0.87262
7,0.0580568,0.628723,-0.290563,-1.77743,1.55816,1.8059,-0.873352
7,0.0593517,0.629111,-0.289859,-1.77801,1.55917,1.80435,-0.874083
7,0.060646,0.629503,-0.289154,-1.77858,1.56019,1.80281,-0.874813
7,0.0619396,0.629899,-0.288447,-1.77914,1.5612,1.80126,-0.875543
7,0.0632326,0.630298,-0.287738,-1.7797,1.56223,1.79971,-0.876272
7,0.0645249,0.630702,-0.287029,-1.78025,1.56325,1.79817,-0.877
7,0.0658165,0.631109,-0.286318,-1.78079,1.56428,1.79662,-0.877728
7,0.0671075,0.63152,-0.285606,-1.78133,1.56531,1.79508,-0.878455
7,0.0683979,0.631935,-0.284893,-1.78186,1.56635,1.79354,-0.879182
7,0.0696875,0.632354,-0.284179,-1.78239,1.56739,1.792,-0.879907
7,0.0709766,0.632777,-0.283463,-1.78291,1.56843,1.79046,-0.880632
7,0.0722649,0.633203,-0.282746,-1.78342,1.56947,1.78892,-0.881357
7,0.0735526,0.633633,-0.282028,-1.78393,1.57052,1.78738,-0.882081
7,0.0748397,0.634068,-0.281309,-1.78443,1.57157,1.78585,-0.882804
7,0.0761261,0.634505,-0.280588,-1.78493,1.57263,1.78431,-0.883526
7,0.0774118,0.634947,-0.279867,-1.78541,1.57368,1.78278,-0.884248
7,0.0786969,0.635393,-0.279144,-1.7859,1.57474,1.78125,-0.884969
7,0.0799813,0.635842,-0.27842,-1.78637,1.57581,1.77972,-0.88569
7,0.0812651,0.636295,-0.277694,-1.78684,1.57687,1.77819,-0.886409
7,0.0825482,0.636752,-0.276968,-1.78731,1.57794,1.77666,-0.887129
7,0.0838306,0.637212,-0.276241,-1.78776,1.57901,1.77513,-0.887847
7,0.0851124,0.637677,-0.275512,-1.78821,1.58008,1.7736,-0.888565
7,0.0863935,0.638145,-0.274782,-1.78866,1.58116,1.77208,-0.889282
7,0.087674,0.638617,-0.274051,-1.78909,1.58224,1.77056,-0.889998
7,0.0889538,0.639092,-0.273319,-1.78953,1.58332,1.76903,-0.890714
7,0.0902329,0.639572,-0.272586,-1.78995,1.58441,1.76751,-0.891429
7,0.0915114,0.640055,-0.271852,-1.79037,1.5855,1.76599,-0.892144
7,0.0915114,0.640055,-0.271852,-1.79037,1.5855,1.76599,-0.892144
7,0.0915114,0.640055,-0.271852,-1.79037,1.5855,1.76599,-0.892144
7,0.0913332,0.641298,-0.271654,-1.78802,1.58596,1.76597,-0.890993
7,0.091154,0.642542,-0.271457,-1.78566,1.58642,1.76595,-0.88984
7,0.0909742,0.643786,-0.271259,-1.7833,1.58688,1.76593,-0.888686
8,0.0909742,0.643786,-0.271259,-1.7833,1.58688,1.76593,-0.888686
8,0.0908537,0.645675,-0.271085,-1.78347,1.58693,1.76598,-0.890732
8,0.0907327,0.647568,-0.270909,-1.78363,1.58697,1.76603,-0.892775
8,0.0906115,0.649465,-0.270733,-1.78378,1.58702,1.76608,-0.894814
8,0.0904902,0.651365,-0.270556,-1.78393,1.58707,1.76612,-0.896851
8,0.0903684,0.653268,-0.270379,-1.78407,1.58712,1.76617,-0.898884
8,0.0902463,0.655175,-0.2702,-1.78421,1.58717,1.76621,-0.900915
8,0.0901241,0.657084,-0.270021,-1.78433,1.58722,1.76626,-0.902943
8,0.0900014,0.658997,-0.269841,-1.78446,1.58727,1.7663,-0.904968
8,0.0898784,0.660914,-0.269661,-1.78458,1.58733,1.76635,-0.90699
8,0.0897554,0.662833,-0.26948,-1.78469,1.58738,1.76639,-0.909009
8,0.0896319,0.664756,-0.269297,-1.78479,1.58743,1.76643,-0.911026
8,0.0895081,0.666681,-0.269115,-1.78489,1.58749,1.76648,-0.913039
8,0.0893842,0.66861,-0.268931,-1.78498,1.58755,1.76652,-0.915049
8,0.0892598,0.670542,-0.268747,-1.78507,1.5876,1.76656,-0.917056
8,0.0891352,0.672478,-0.268562,-1.78515,1.58766,1.7666,-0.919061
8,0.0890105,0.674416,-0.268376,-1.78522,1.58772,1.76664,-0.921062
8,0.0888854,0.676357,-0.26819,-1.78529,1.58778,1.76668,-0.92306
8,0.0887599,0.678302,-0.268003,-1.78535,1.58784,1.76672,-0.925055
8,0.0886344,0.680249,-0.267815,-1.78541,1.5879,1.76676,-0.927047
8,0.0885085,0.6822,-0.267626,-1.78545,1.58796,1.7668,-0.929036
8,0.0883823,0.684153,-0.267437,-1.7855,1.58802,1.76684,-0.931022
8,0.088256,0.68611,-0.267247,-1.78553,1.58808,1.76687,-0.933004
8,0.0881293,0.68807,-0.267057,-1.78557,1.58815,1.76691,-0.934984
8,0.0880023,0.690032,-0.266865,-1.78559,1.58821,1.76695,-0.93696
8,0.0878753,0.691998,-0.266673,-1.78561,1.58828,1.76698,-0.938933
8,0.0877478,0.693966,-0.266481,-1.78562,1.58834,1.76702,-0.940903
8,0.0876201,0.695938,-0.266287,-1.78563,1.58841,1.76705,-0.94287
8,0.0874923,0.697912,-0.266093,-1.78563,1.58848,1.76709,-0.944834
8,0.087364,0.699889,-0.265898,-1.78562,1.58855,1.76712,-0.946794
8,0.0872357,0.70187,-0.265703,-1.78561,1.58862,1.76715,-0.948751
8,0.087107,0.703853,-0.265507,-1.78559,1.58869,1.76718,-0.950705
8,0.0869782,0.705838,-0.26531,-1.78556,1.58876,1.76722,-0.952655
8,0.086849,0.707827,-0.265112,-1.78553,1.58883,1.76725,-0.954603
8,0.0867197,0.709819,-0.264914,-1.78549,1.5889,1.76728,-0.956547
8,0.08659,0.711813,-0.264715,-1.78545,1.58897,1.76731,-0.958487
8,0.0864603,0.71381,-0.264516,-1.7854,1.58905,1.76734,-0.960424
8,0.0863302,0.71581,-0.264316,-1.78535,1.58912,1.76737,-0.962358
8,0.0861999,0.717813,-0.264115,-1.78528,1.5892,1.76739,-0.964289
8,0.0860694,0.719818,-0.263914,-1.78522,1.58927,1.76742,-0.966216
8,0.0859387,0.721827,-0.263712,-1.78514,1.58935,1.76745,-0.96814
8,0.0858077,0.723838,-0.263509,-1.78506,1.58943,1.76748,-0.97006
8,0.0856766,0.725851,-0.263306,-1.78497,1.5895,1.7675,-0.971977
8,0.0855451,0.727867,-0.263102,-1.78488,1.58958,1.76753,-0.97389
8,0.0854136,0.729886,-0.262897,-1.78478,1.58966,1.76755,-0.9758
8,0.0852816,0.731908,-0.262692,-1.78468,1.58974,1.76758,-0.977707
8,0.0851497,0.733932,-0.262486,-1.78456,1.58982,1.7676,-0.97961
8,0.0850173,0.735959,-0.26228,-1.78445,1.5899,1.76762,-0.98151
8,0.0848849,0.737989,-0.262073,-1.78432,1.58999,1.76764,-0.983406
8,0.0847522,0.740021,-0.261865,-1.78419,1.59007,1.76767,-0.985298
8,0.0846194,0.742055,-0.261657,-1.78406,1.59015,1.76769,-0.987187
8,0.0844862,0.744093,-0.261448,-1.78392,1.59024,1.76771,-0.989072
8,0.0844862,0.744093,-0.261448,-1.78392,1.59024,1.76771,-0.989072
8,0.0844862,0.744093,-0.261448,-1.78392,1.59024,1.76771,-0.989072
8,0.0846607,0.742983,-0.261645,-1.78632,1.5898,1.76777,-0.9904
8,0.0848345,0.741876,-0.261844,-1.78872,1.58935,1.76782,-0.991727
8,0.0850075,0.74077,-0.262042,-1.79112,1.58891,1.76788,-0.993053
8,0.0851798,0.739665,-0.26224,-1.79352,1.58846,1.76793,-0.994378
9,0.0851798,0.739665,-0.26224,-1.79352,1.58846,1.76793,-0.994378
9,0.0842765,0.738412,-0.262919,-1.79336,1.58752,1.76902,-0.99312
9,0.0833721,0.737163,-0.263597,-1.79319,1.58658,1.77011,-0.99186
9,0.0824671,0.735917,-0.264274,-1.79301,1.58565,1.77121,-0.990597
9,0.0815616,0.734675,-0.26495,-1.79283,1.58471,1.7723,-0.989332
9,0.0806554,0.733436,-0.265625,-1.79264,1.58378,1.7734,-0.988066
9,0.0797487,0.7322,-0.266298,-1.79244,1.58285,1.7745,-0.986797
9,0.0788414,0.730967,-0.266971,-1.79224,1.58193,1.7756,-0.985527
9,0.0779334,0.729737,-0.267643,-1.79203,1.581,1.7767,-0.984254
9,0.0770249,0.728511,-0.268314,-1.79182,1.58008,1.77781,-0.98298
9,0.0761158,0.727288,-0.268983,-1.7916,1.57917,1.77891,-0.981703
9,0.0752062,0.726068,-0.269652,-1.79137,1.57825,1.78002,-0.980425
9,0.0742959,0.724852,-0.27032,-1.79114,1.57734,1.78113,-0.979145
9,0.073385,0.723639,-0.270986,-1.7909,1.57643,1.78224,-0.977863
9,0.0724735,0.722429,-0.271651,-1.79065,1.57552,1.78335,-0.976579
9,0.0715614,0.721223,-0.272316,-1.7904,1.57461,1.78447,-0.975293
9,0.0706488,0.72002,-0.272979,-1.79014,1.57371,1.78558,-0.974005
9,0.0697355,0.71882,-0.273641,-1.78988,1.57281,1.7867,-0.972716
9,0.0688216,0.717624,-0.274302,-1.78961,1.57192,1.78782,-0.971424
9,0.0679071,0.716431,-0.274962,-1.78933,1.57102,1.78894,-0.970131
9,0.066992,0.715241,-0.275621,-1.78905,1.57013,1.79006,-0.968836
9,0.0660763,0.714055,-0.276278,-1.78876,1.56924,1.79118,-0.967538
9,0.06516,0.712873,-0.276935,-1.78846,1.56836,1.79231,-0.966239
9,0.0642431,0.711693,-0.27759,-1.78816,1.56747,1.79344,-0.964939
9,0.0633256,0.710517,-0.278244,-1.78785,1.56659,1.79457,-0.963636
9,0.0624074,0.709345,-0.278898,-1.78754,1.56572,1.7957,-0.962332
9,0.0614886,0.708176,-0.279549,-1.78722,1.56484,1.79683,-0.961025
9,0.0605693,0.707011,-0.2802,-1.78689,1.56397,1.79796,-0.959717
9,0.0596493,0.705849,-0.28085,-1.78656,1.5631,1.7991,-0.958407
9,0.0587287,0.70469,-0.281498,-1.78622,1.56224,1.80023,-0.957096
9,0.0578074,0.703535,-0.282145,-1.78587,1.56138,1.80137,-0.955782
9,0.0568856,0.702384,-0.282791,-1.78552,1.56052,1.80251,-0.954467
9,0.0559631,0.701236,-0.283436,-1.78516,1.55966,1.80366,-0.95315
9,0.05504,0.700091,-0.28408,-1.7848,1.55881,1.8048,-0.951831
9,0.0541162,0.69895,-0.284722,-1.78443,1.55796,1.80594,-0.95051
9,0.0531918,0.697813,-0.285363,-1.78405,1.55711,1.80709,-0.949188
9,0.0522668,0.696679,-0.286003,-1.78367,1.55627,1.80824,-0.947863
9,0.0513412,0.695549,-0.286642,-1.78328,1.55543,1.80939,-0.946537
9,0.050415,0.694423,-0.287279,-1.78289,1.55459,1.81054,-0.94521
9,0.0494881,0.6933,-0.287915,-1.78248,1.55376,1.8117,-0.94388
9,0.0485605,0.69218,-0.28855,-1.78208,1.55292,1.81285,-0.942549
9,0.0476323,0.691065,-0.289184,-1.78166,1.5521,1.81401,-0.941216
9,0.0467035,0.689953,-0.289816,-1.78124,1.55127,1.81517,-0.939881
9,0.0457741,0.688844,-0.290447,-1.78082,1.55045,1.81633,-0.938545
9,0.044844,0.68774,-0.291077,-1.78038,1.54963,1.81749,-0.937207
9,0.0439132,0.686639,-0.291706,-1.77994,1.54882,1.81865,-0.935867
9,0.0429818,0.685541,-0.292333,-1.7795,1.54801,1.81982,-0.934525
9,0.0420498,0.684448,-0.292959,-1.77905,1.5472,1.82099,-0.933182
9,0.0411171,0.683358,-0.293584,-1.77859,1.54639,1.82215,-0.931837
9,0.0401837,0.682271,-0.294207,-1.77813,1.54559,1.82332,-0.93049
9,0.0392497,0.681189,-0.294829,-1.77766,1.54479,1.8245,-0.929141
9,0.0383151,0.68011,-0.29545,-1.77718,1.544,1.82567,-0.927791
9,0.0373797,0.679035,-0.296069,-1.7767,1.54321,1.82684,-0.926439
9,0.0364438,0.677964,-0.296687,-1.77621,1.54242,1.82802,-0.925086
9,0.0355071,0.676896,-0.297304,-1.77571,1.54164,1.8292,-0.923731
9,0.0345698,0.675832,-0.297919,-1.77521,1.54085,1.83038,-0.922374
9,0.0336318,0.674772,-0.298533,-1.77471,1.54008,1.83156,-0.921015
9,0.0326932,0.673716,-0.299146,-1.77419,1.5393,1.83275,-0.919655
9,0.0317539,0.672664,-0.299757,-1.77367,1.53853,1.83393,-0.918293
9,0.0308139,0.671615,-0.300367,-1.77315,1.53777,1.83512,-0.91693
9,0.0298733,0.670571,-0.300976,-1.77261,1.537,1.8363,-0.915564
9,0.028932,0.66953,-0.301583,-1.77208,1.53624,1.83749,-0.914198
9,0.02799,0.668493,-0.302189,-1.77153,1.53549,1.83869,-0.912829
9,0.0270473,0.66746,-0.302793,-1.77098,1.53474,1.83988,-0.911459
9,0.0261039,0.66643,-0.303396,-1.77043,1.53399,1.84107,-0.910087
9,0.0251599,0.665405,-0.303998,-1.76986,1.53324,1.84227,-0.908714
9,0.0242151,0.664383,-0.304598,-1.76929,1.5325,1.84347,-0.907339
9,0.0232697,0.663366,-0.305197,-1.76872,1.53177,1.84467,-0.905962
9,0.0223236,0.662352,-0.305794,-1.76814,1.53103,1.84587,-0.904584
9,0.0213768,0.661342,-0.30639,-1.76755,1.5303,1.84707,-0.903204
9,0.0204293,0.660336,-0.306985,-1.76696,1.52958,1.84828,-0.901822
9,0.0194812,0.659334,-0.307578,-1.76636,1.52885,1.84948,-0.900439
9,0.0185323,0.658337,-0.308169,-1.76575,1.52814,1.85069,-0.899054
9,0.0175827,0.657343,-0.30876,-1.76514,1.52742,1.8519,-0.897667
9,0.0175827,0.657343,-0.30876,-1.76514,1.52742,1.8519,-0.897667
9,0.0175827,0.657343,-0.30876,-1.76514,1.52742,1.8519,-0.897667
9,0.0174479,0.658617,-0.308465,-1.76269,1.52811,1.85183,-0.896407
9,0.0173118,0.659892,-0.30817,-1.76024,1.5288,1.85176,-0.895145
10,0.0173118,0.659892,-0.30817,-1.76024,1.5288,1.85176,-0.895145
10,0.0172906,0.661744,-0.307953,-1.76047,1.5288,1.85158,-0.897213
10,0.0172687,0.663601,-0.307735,-1.76068,1.52881,1.8514,-0.899277
10,0.0172463,0.665462,-0.307516,-1.76089,1.52882,1.85122,-0.901337
10,0.0172235,0.667326,-0.307296,-1.76109,1.52883,1.85105,-0.903394
10,0.0172003,0.669193,-0.307075,-1.76129,1.52884,1.85087,-0.905448
10,0.0171766,0.671064,-0.306852,-1.76148,1.52885,1.85069,-0.9075
10,0.0171525,0.672938,-0.306629,-1.76166,1.52887,1.85051,-0.909548
10,0.0171279,0.674815,-0.306405,-1.76184,1.52888,1.85033,-0.911593
10,0.0171029,0.676696,-0.30618,-1.76201,1.5289,1.85015,-0.913634
10,0.0170776,0.67858,-0.305955,-1.76217,1.52892,1.84997,-0.915673
10,0.0170517,0.680468,-0.305728,-1.76233,1.52894,1.84979,-0.917709
10,0.0170254,0.682358,-0.3055,-1.76248,1.52896,1.84961,-0.919741
10,0.0169987,0.684252,-0.305271,-1.76263,1.52899,1.84943,-0.92177
10,0.0169715,0.686149,-0.305041,-1.76276,1.52901,1.84925,-0.923796
10,0.016944,0.68805,-0.304811,-1.7629,1.52904,1.84907,-0.925819
10,0.016916,0.689953,-0.304579,-1.76302,1.52907,1.84889,-0.927838
10,0.0168876,0.69186,-0.304347,-1.76314,1.5291,1.84871,-0.929854
10,0.0168589,0.69377,-0.304113,-1.76326,1.52914,1.84853,-0.931867
10,0.0168296,0.695683,-0.303879,-1.76336,1.52917,1.84834,-0.933877
10,0.0168,0.6976,-0.303644,-1.76347,1.52921,1.84816,-0.935883
10,0.0167699,0.699519,-0.303408,-1.76356,1.52924,1.84798,-0.937886
10,0.0167394,0.701442,-0.303171,-1.76365,1.52928,1.84779,-0.939886
10,0.0167085,0.703368,-0.302933,-1.76373,1.52932,1.84761,-0.941882
10,0.0166772,0.705297,-0.302694,-1.76381,1.52937,1.84743,-0.943875
10,0.0166457,0.707228,-0.302454,-1.76388,1.52941,1.84724,-0.945864
