1,0.993788,1.24563,0.80074,1.45762,0.211303,-1.0595,-0.810501
1,0.994027,1.24572,0.800916,1.45798,0.211144,-1.05835,-0.811194
1,0.992231,1.24556,0.802058,1.45536,0.211613,-1.05946,-0.810116
1,0.990432,1.24539,0.803196,1.45273,0.212081,-1.06058,-0.809039
1,0.988632,1.24523,0.804331,1.45009,0.212547,-1.0617,-0.807961
1,0.986829,1.24506,0.805464,1.44745,0.213013,-1.06283,-0.806885
1,0.985024,1.2449,0.806593,1.44479,0.213477,-1.06396,-0.805808
1,0.983217,1.24473,0.80772,1.44213,0.213941,-1.0651,-0.804733
1,0.981408,1.24456,0.808844,1.43946,0.214404,-1.06624,-0.803657
1,0.979597,1.2444,0.809966,1.43679,0.214865,-1.06738,-0.802582
1,0.977784,1.24423,0.811084,1.43411,0.215326,-1.06853,-0.801508
1,0.975968,1.24406,0.8122,1.43142,0.215786,-1.06967,-0.800433
1,0.974151,1.24389,0.813313,1.42872,0.216245,-1.07083,-0.79936
1,0.972331,1.24371,0.814424,1.42602,0.216704,-1.07198,-0.798286
1,0.970509,1.24354,0.815531,1.42331,0.217161,-1.07315,-0.797213
1,0.968685,1.24337,0.816636,1.42059,0.217618,-1.07431,-0.79614
1,0.966859,1.24319,0.817739,1.41787,0.218073,-1.07548,-0.795068
2,0.966859,1.24319,0.817739,1.41787,0.218073,-1.07548,-0.795068
2,0.967187,1.24471,0.818395,1.42053,0.21854,-1.07392,-0.794425
2,0.96751,1.24623,0.819057,1.42319,0.219009,-1.07237,-0.79378
2,0.967831,1.24775,0.819723,1.42584,0.21948,-1.07082,-0.793133
2,0.968148,1.24927,0.820393,1.42848,0.219952,-1.06927,-0.792486
2,0.968462,1.25078,0.821067,1.43111,0.220427,-1.06772,-0.791837
2,0.968773,1.2523,0.821745,1.43374,0.220904,-1.06618,-0.791186
2,0.969081,1.25381,0.822426,1.43636,0.221382,-1.06464,-0.790535
2,0.969386,1.25532,0.823112,1.43897,0.221863,-1.06311,-0.789882
2,0.969689,1.25682,0.823802,1.44157,0.222345,-1.06158,-0.789228
2,0.969988,1.25833,0.824495,1.44417,0.222829,-1.06005,-0.788572
2,0.970284,1.25983,0.825192,1.44676,0.223315,-1.05852,-0.787916
2,0.970578,1.26134,0.825894,1.44934,0.223803,-1.057,-0.787257
2,0.970868,1.26284,0.826599,1.45192,0.224293,-1.05548,-0.786598
2,0.971156,1.26434,0.827308,1.45449,0.224785,-1.05396,-0.785937
2,0.971441,1.26583,0.828021,1.45705,0.225279,-1.05244,-0.785275
2,0.971723,1.26733,0.828738,1.45961,0.225774,-1.05093,-0.784612
2,0.972002,1.26882,0.829458,1.46215,0.226272,-1.04942,-0.783947
2,0.972279,1.27032,0.830183,1.4647,0.226771,-1.04791,-0.783281
2,0.972553,1.27181,0.830911,1.46723,0.227272,-1.04641,-0.782614
2,0.972823,1.2733,0.831643,1.46976,0.227776,-1.04491,-0.781945
2,0.973092,1.27479,0.83238,1.47228,0.228281,-1.04341,-0.781276
2,0.973357,1.27627,0.833119,1.47479,0.228788,-1.04191,-0.780604
2,0.97362,1.27776,0.833863,1.4773,0.229296,-1.04042,-0.779932
2,0.97388,1.27924,0.834611,1.4798,0.229807,-1.03893,-0.779258
2,0.974137,1.28072,0.835362,1.48229,0.23032,-1.03744,-0.778583
2,0.974392,1.28221,0.836117,1.48478,0.230834,-1.03596,-0.777906
2,0.974644,1.28368,0.836876,1.48725,0.231351,-1.03448,-0.777228
2,0.974893,1.28516,0.837639,1.48973,0.231869,-1.033,-0.776549
2,0.97514,1.28664,0.838406,1.49219,0.23239,-1.03152,-0.775869
2,0.975384,1.28811,0.839176,1.49465,0.232912,-1.03005,-0.775187
2,0.975625,1.28959,0.83995,1.4971,0.233436,-1.02858,-0.774504
2,0.975864,1.29106,0.840728,1.49955,0.233962,-1.02711,-0.773819
2,0.9761,1.29253,0.84151,1.50199,0.23449,-1.02564,-0.773133
2,0.976334,1.294,0.842296,1.50442,0.23502,-1.02418,-0.772446
2,0.976565,1.29547,0.843085,1.50685,0.235551,-1.02272,-0.771757
2,0.976793,1.29693,0.843878,1.50927,0.236085,-1.02126,-0.771068
2,0.977019,1.2984,0.844675,1.51168,0.236621,-1.01981,-0.770376
2,0.977243,1.29986,0.845476,1.51409,0.237158,-1.01836,-0.769684
2,0.977464,1.30132,0.84628,1.51649,0.237698,-1.01691,-0.76899
2,0.977682,1.30278,0.847088,1.51888,0.238239,-1.01546,-0.768295
2,0.977898,1.30424,0.8479,1.52126,0.238782,-1.01401,-0.767598
2,0.978112,1.3057,0.848716,1.52364,0.239327,-1.01257,-0.7669
2,0.978323,1.30716,0.849535,1.52602,0.239874,-1.01113,-0.766201
2,0.978532,1.30861,0.850358,1.52838,0.240423,-1.00969,-0.7655
2,0.978738,1.31007,0.851185,1.53075,0.240974,-1.00826,-0.764798
2,0.978942,1.31152,0.852015,1.5331,0.241527,-1.00683,-0.764094
2,0.979143,1.31297,0.85285,1.53545,0.242082,-1.0054,-0.76339
2,0.979342,1.31442,0.853688,1.53779,0.242639,-1.00397,-0.762683
2,0.979538,1.31587,0.854529,1.54012,0.243197,-1.00255,-0.761976
2,0.979733,1.31732,0.855375,1.54245,0.243758,-1.00112,-0.761267
2,0.979924,1.31877,0.856224,1.54477,0.24432,-0.999703,-0.760557
2,0.980114,1.32021,0.857077,1.54709,0.244885,-0.998286,-0.759845
2,0.980301,1.32166,0.857933,1.5494,0.245451,-0.996871,-0.759132
2,0.980486,1.3231,0.858793,1.5517,0.246019,-0.995459,-0.758418
2,0.980668,1.32454,0.859657,1.554,0.24659,-0.994049,-0.757702
2,0.980848,1.32598,0.860525,1.55629,0.247162,-0.992641,-0.756985
2,0.981026,1.32742,0.861396,1.55857,0.247736,-0.991236,-0.756266
2,0.981202,1.32886,0.862271,1.56085,0.248312,-0.989834,-0.755546
2,0.981375,1.3303,0.86315,1.56312,0.24889,-0.988434,-0.754825
2,0.981546,1.33174,0.864032,1.56539,0.24947,-0.987036,-0.754102
2,0.981715,1.33317,0.864918,1.56765,0.250052,-0.985641,-0.753378
2,0.981881,1.33461,0.865808,1.5699,0.250635,-0.984248,-0.752653
2,0.982045,1.33604,0.866701,1.57214,0.251221,-0.982857,-0.751926
2,0.982207,1.33747,0.867598,1.57438,0.251809,-0.981469,-0.751198
2,0.982367,1.3389,0.868499,1.57662,0.252398,-0.980083,-0.750468
2,0.982524,1.34033,0.869403,1.57885,0.25299,-0.978699,-0.749737
2,0.98268,1.34176,0.870311,1.58107,0.253584,-0.977318,-0.749004
2,0.982833,1.34319,0.871223,1.58328,0.254179,-0.975939,-0.748271
2,0.982984,1.34461,0.872138,1.58549,0.254776,-0.974563,-0.747535
2,0.983133,1.34604,0.873057,1.5877,0.255376,-0.973189,-0.746799
2,0.983279,1.34746,0.87398,1.58989,0.255977,-0.971817,-0.746061
2,0.983424,1.34889,0.874906,1.59208,0.25658,-0.970447,-0.745321
2,0.983566,1.35031,0.875836,1.59427,0.257186,-0.96908,-0.74458
2,0.983706,1.35173,0.876769,1.59645,0.257793,-0.967715,-0.743838
2,0.983844,1.35315,0.877706,1.59862,0.258402,-0.966353,-0.743094
2,0.98398,1.35457,0.878647,1.60079,0.259013,-0.964992,-0.742349
2,0.984114,1.35599,0.879592,1.60295,0.259626,-0.963634,-0.741602
2,0.984245,1.3574,0.88054,1.6051,0.260241,-0.962279,-0.740854
2,0.984375,1.35882,0.881491,1.60725,0.260858,-0.960925,-0.740104
2,0.984502,1.36023,0.882447,1.60939,0.261477,-0.959574,-0.739354
2,0.984628,1.36165,0.883405,1.61153,0.262098,-0.958225,-0.738601
2,0.984751,1.36306,0.884368,1.61366,0.262721,-0.956878,-0.737847
2,0.984872,1.36447,0.885334,1.61578,0.263346,-0.955534,-0.737092
2,0.984991,1.36589,0.886304,1.6179,0.263973,-0.954192,-0.736335
2,0.985108,1.3673,0.887277,1.62001,0.264601,-0.952852,-0.735577
2,0.985224,1.36871,0.888254,1.62212,0.265232,-0.951514,-0.734818
2,0.985337,1.37012,0.889234,1.62422,0.265865,-0.950179,-0.734057
2,0.985448,1.37152,0.890219,1.62631,0.2665,-0.948846,-0.733294
2,0.985557,1.37293,0.891206,1.6284,0.267136,-0.947515,-0.73253
2,0.985664,1.37434,0.892198,1.63048,0.267775,-0.946186,-0.731765
2,0.985768,1.37574,0.893192,1.63256,0.268416,-0.944859,-0.730998
2,0.985871,1.37715,0.894191,1.63463,0.269058,-0.943535,-0.73023
2,0.985972,1.37855,0.895193,1.6367,0.269703,-0.942213,-0.72946
2,0.986071,1.37995,0.896199,1.63875,0.270349,-0.940893,-0.728689
2,0.986168,1.38135,0.897208,1.64081,0.270998,-0.939575,-0.727916
2,0.986264,1.38275,0.898221,1.64285,0.271648,-0.93826,-0.727142
2,0.986357,1.38415,0.899237,1.64489,0.272301,-0.936946,-0.726366
2,0.986448,1.38555,0.900257,1.64693,0.272955,-0.935635,-0.725589
2,0.986537,1.38695,0.90128,1.64896,0.273612,-0.934326,-0.724811
2,0.986624,1.38835,0.902307,1.65098,0.27427,-0.933019,-0.724031
2,0.986709,1.38975,0.903338,1.653,0.27493,-0.931714,-0.723249
2,0.986793,1.39114,0.904372,1.65501,0.275593,-0.930412,-0.722466
2,0.986874,1.39254,0.90541,1.65701,0.276257,-0.929111,-0.721682
2,0.986954,1.39393,0.906451,1.65901,0.276923,-0.927813,-0.720896
2,0.987032,1.39533,0.907496,1.661,0.277592,-0.926517,-0.720108
2,0.987107,1.39672,0.908545,1.66299,0.278262,-0.925223,-0.719319
2,0.987181,1.39811,0.909596,1.66497,0.278934,-0.923931,-0.718529
2,0.987253,1.3995,0.910652,1.66695,0.279609,-0.922642,-0.717737
2,0.987323,1.4009,0.911711,1.66892,0.280285,-0.921354,-0.716943
2,0.987391,1.40229,0.912774,1.67088,0.280963,-0.920069,-0.716148
2,0.987458,1.40368,0.91384,1.67284,0.281643,-0.918785,-0.715352
2,0.987522,1.40506,0.914909,1.67479,0.282325,-0.917504,-0.714554
2,0.987585,1.40645,0.915982,1.67674,0.28301,-0.916225,-0.713754
2,0.987646,1.40784,0.917059,1.67868,0.283696,-0.914948,-0.712953
2,0.987705,1.40923,0.918139,1.68061,0.284384,-0.913674,-0.712151
2,0.987762,1.41061,0.919223,1.68254,0.285074,-0.912401,-0.711347
2,0.987817,1.412,0.92031,1.68446,0.285766,-0.91113,-0.710541
2,0.98787,1.41338,0.921401,1.68638,0.28646,-0.909862,-0.709734
2,0.987922,1.41477,0.922495,1.68829,0.287157,-0.908595,-0.708925
2,0.987972,1.41615,0.923593,1.6902,0.287855,-0.907331,-0.708115
2,0.98802,1.41753,0.924694,1.6921,0.288555,-0.906069,-0.707303
2,0.988066,1.41891,0.925799,1.69399,0.289257,-0.904809,-0.70649
2,0.988111,1.4203,0.926907,1.69588,0.289961,-0.903551,-0.705675
2,0.988153,1.42168,0.928019,1.69776,0.290667,-0.902295,-0.704859
2,0.988194,1.42306,0.929135,1.69964,0.291375,-0.901041,-0.704041
2,0.988233,1.42444,0.930253,1.70151,0.292085,-0.899789,-0.703222
2,0.98827,1.42582,0.931376,1.70337,0.292797,-0.89854,-0.702401
2,0.988306,1.4272,0.932501,1.70523,0.293511,-0.897292,-0.701579
2,0.98834,1.42857,0.933631,1.70708,0.294227,-0.896047,-0.700755
2,0.988372,1.42995,0.934763,1.70893,0.294945,-0.894803,-0.699929
2,0.988402,1.43133,0.935899,1.71077,0.295665,-0.893562,-0.699102
2,0.988431,1.4327,0.937039,1.71261,0.296387,-0.892323,-0.698273
2,0.988457,1.43408,0.938182,1.71444,0.297111,-0.891086,-0.697443
2,0.988482,1.43546,0.939329,1.71626,0.297837,-0.88985,-0.696611
2,0.988506,1.43683,0.940479,1.71808,0.298565,-0.888617,-0.695778
2,0.988527,1.4382,0.941632,1.71989,0.299294,-0.887386,-0.694943
2,0.988547,1.43958,0.942789,1.7217,0.300026,-0.886157,-0.694106
2,0.988566,1.44095,0.943949,1.7235,0.30076,-0.884931,-0.693268
2,0.988582,1.44232,0.945113,1.72529,0.301496,-0.883706,-0.692428
2,0.988597,1.4437,0.946281,1.72708,0.302234,-0.882483,-0.691587
2,0.98861,1.44507,0.947451,1.72887,0.302974,-0.881262,-0.690744
2,0.988621,1.44644,0.948625,1.73064,0.303715,-0.880044,-0.6899
2,0.988631,1.44781,0.949803,1.73241,0.304459,-0.878827,-0.689054
2,0.988639,1.44918,0.950984,1.73418,0.305205,-0.877612,-0.688206
2,0.988645,1.45055,0.952168,1.73594,0.305953,-0.8764,-0.687357
2,0.98865,1.45192,0.953356,1.7377,0.306702,-0.875189,-0.686506
2,0.988653,1.45329,0.954547,1.73944,0.307454,-0.873981,-0.685654
2,0.988654,1.45466,0.955742,1.74119,0.308208,-0.872775,-0.6848
2,0.988654,1.45603,0.95694,1.74292,0.308963,-0.87157,-0.683945
2,0.988652,1.45739,0.958142,1.74465,0.309721,-0.870368,-0.683087
2,0.988649,1.45876,0.959346,1.74638,0.31048,-0.869168,-0.682229
2,0.988643,1.46013,0.960555,1.7481,0.311242,-0.86797,-0.681368
2,0.988636,1.46149,0.961766,1.74981,0.312006,-0.866773,-0.680506
2,0.988628,1.46286,0.962981,1.75152,0.312771,-0.865579,-0.679643
2,0.988618,1.46423,0.9642,1.75322,0.313538,-0.864387,-0.678777
2,0.988606,1.46559,0.965422,1.75492,0.314308,-0.863197,-0.67791
2,0.988593,1.46696,0.966647,1.75661,0.315079,-0.862009,-0.677042
2,0.988578,1.46832,0.967875,1.7583,0.315853,-0.860823,-0.676172
3,0.988578,1.46832,0.967875,1.7583,0.315853,-0.860823,-0.676172
3,0.988578,1.46832,0.967875,1.7583,0.315853,-0.860823,-0.676172
3,0.990133,1.46834,0.967198,1.76088,0.31554,-0.8597,-0.677139
3,0.991688,1.46836,0.966516,1.76345,0.315225,-0.858579,-0.678108
3,0.993242,1.46837,0.96583,1.76602,0.314908,-0.857462,-0.679076
3,0.994795,1.46839,0.965141,1.76859,0.31459,-0.856346,-0.680045
3,0.996347,1.46841,0.964449,1.77115,0.31427,-0.855233,-0.681014
3,0.997898,1.46842,0.963753,1.77371,0.313948,-0.854122,-0.681984
3,0.999448,1.46843,0.963054,1.77626,0.313625,-0.853013,-0.682954
3,1.001,1.46844,0.962352,1.77881,0.313299,-0.851907,-0.683924
3,1.00255,1.46846,0.961646,1.78136,0.312973,-0.850802,-0.684895
3,1.00409,1.46847,0.960937,1.7839,0.312644,-0.849701,-0.685866
3,1.00564,1.46848,0.960224,1.78644,0.312314,-0.848601,-0.686838
3,1.00719,1.46848,0.959508,1.78897,0.311982,-0.847503,-0.68781
4,1.00719,1.46848,0.959508,1.78897,0.311982,-0.847503,-0.68781
4,1.00588,1.46663,0.959122,1.78808,0.311743,-0.846426,-0.688752
4,1.00456,1.46478,0.958741,1.78718,0.311505,-0.845355,-0.689693
4,1.00325,1.46292,0.958362,1.78627,0.311268,-0.84429,-0.690632
4,1.00193,1.46106,0.957987,1.78536,0.311032,-0.843229,-0.69157
4,1.00062,1.45921,0.957615,1.78444,0.310796,-0.842174,-0.692507
4,0.999299,1.45735,0.957246,1.78352,0.310561,-0.841123,-0.693443
4,0.997982,1.45549,0.95688,1.78259,0.310327,-0.840077,-0.694377
4,0.996665,1.45363,0.956517,1.78165,0.310093,-0.839036,-0.69531
4,0.995347,1.45177,0.956157,1.7807,0.30986,-0.838,-0.696242
4,0.994029,1.44991,0.955801,1.77975,0.309628,-0.836969,-0.697172
4,0.99271,1.44805,0.955447,1.7788,0.309396,-0.835942,-0.698101
4,0.99139,1.44619,0.955097,1.77784,0.309165,-0.834921,-0.699029
4,0.99007,1.44432,0.95475,1.77687,0.308935,-0.833905,-0.699956
4,0.98875,1.44246,0.954406,1.77589,0.308705,-0.832893,-0.700881
4,0.987429,1.4406,0.954065,1.77491,0.308476,-0.831887,-0.701805
4,0.986107,1.43873,0.953727,1.77393,0.308247,-0.830885,-0.702728
4,0.984784,1.43687,0.953393,1.77294,0.308019,-0.829889,-0.703649
4,0.983462,1.435,0.953062,1.77194,0.307792,-0.828897,-0.704569
4,0.982138,1.43314,0.952734,1.77093,0.307565,-0.827911,-0.705488
4,0.980814,1.43127,0.952409,1.76992,0.307339,-0.826929,-0.706405
4,0.979489,1.4294,0.952087,1.7689,0.307114,-0.825952,-0.707321
4,0.978164,1.42753,0.951769,1.76788,0.306889,-0.824981,-0.708236
4,0.976838,1.42566,0.951454,1.76685,0.306665,-0.824014,-0.70915
4,0.975511,1.4238,0.951142,1.76582,0.306442,-0.823053,-0.710062
4,0.974184,1.42193,0.950833,1.76478,0.306219,-0.822096,-0.710973
4,0.972856,1.42006,0.950528,1.76373,0.305997,-0.821145,-0.711882
4,0.971528,1.41819,0.950226,1.76268,0.305776,-0.820198,-0.71279
4,0.970199,1.41631,0.949927,1.76162,0.305555,-0.819257,-0.713697
4,0.968869,1.41444,0.949631,1.76055,0.305334,-0.818321,-0.714602
4,0.967538,1.41257,0.949339,1.75948,0.305115,-0.817389,-0.715506
4,0.966207,1.4107,0.94905,1.7584,0.304896,-0.816463,-0.716409
4,0.964875,1.40883,0.948765,1.75732,0.304677,-0.815542,-0.717311
4,0.963543,1.40695,0.948482,1.75623,0.30446,-0.814626,-0.718211
4,0.962209,1.40508,0.948203,1.75513,0.304243,-0.813715,-0.719109
4,0.960875,1.4032,0.947927,1.75403,0.304026,-0.812809,-0.720006
4,0.959541,1.40133,0.947655,1.75292,0.30381,-0.811908,-0.720902
4,0.958205,1.39946,0.947386,1.75181,0.303595,-0.811012,-0.721797
4,0.956869,1.39758,0.94712,1.75069,0.303381,-0.810121,-0.72269
4,0.955532,1.39571,0.946858,1.74956,0.303167,-0.809236,-0.723582
4,0.954194,1.39383,0.946599,1.74843,0.302953,-0.808355,-0.724472
4,0.952856,1.39195,0.946343,1.74729,0.302741,-0.80748,-0.725361
4,0.951516,1.39008,0.946091,1.74615,0.302529,-0.80661,-0.726249
4,0.950176,1.3882,0.945842,1.745,0.302317,-0.805745,-0.727135
4,0.948836,1.38632,0.945597,1.74384,0.302106,-0.804885,-0.72802
4,0.947494,1.38445,0.945355,1.74268,0.301896,-0.80403,-0.728904
4,0.946151,1.38257,0.945116,1.74151,0.301687,-0.80318,-0.729786
4,0.944808,1.38069,0.944881,1.74033,0.301478,-0.802336,-0.730666
4,0.943464,1.37881,0.944649,1.73915,0.301269,-0.801496,-0.731546
4,0.942119,1.37694,0.94442,1.73797,0.301062,-0.800662,-0.732423
4,0.940773,1.37506,0.944195,1.73677,0.300855,-0.799833,-0.7333
4,0.939426,1.37318,0.943974,1.73558,0.300648,-0.799009,-0.734175
4,0.938079,1.3713,0.943756,1.73437,0.300442,-0.79819,-0.735048
4,0.93673,1.36942,0.943541,1.73316,0.300237,-0.797377,-0.735921
4,0.935381,1.36754,0.94333,1.73194,0.300033,-0.796568,-0.736791
4,0.934031,1.36566,0.943122,1.73072,0.299829,-0.795765,-0.737661
4,0.932679,1.36379,0.942918,1.72949,0.299625,-0.794967,-0.738529
4,0.931327,1.36191,0.942717,1.72826,0.299422,-0.794174,-0.739395
4,0.929974,1.36003,0.94252,1.72702,0.29922,-0.793387,-0.74026
4,0.92862,1.35815,0.942327,1.72577,0.299019,-0.792604,-0.741124
4,0.927265,1.35627,0.942136,1.72452,0.298818,-0.791827,-0.741986
4,0.925909,1.35439,0.94195,1.72326,0.298618,-0.791055,-0.742847
4,0.924552,1.35251,0.941766,1.72199,0.298418,-0.790288,-0.743706
4,0.923194,1.35063,0.941587,1.72072,0.298219,-0.789526,-0.744564
4,0.921835,1.34875,0.941411,1.71945,0.298021,-0.78877,-0.745421
4,0.920475,1.34687,0.941238,1.71816,0.297823,-0.788019,-0.746276
4,0.919114,1.34499,0.941069,1.71687,0.297626,-0.787273,-0.747129
4,0.917752,1.34311,0.940904,1.71558,0.29743,-0.786532,-0.747981
4,0.916389,1.34123,0.940742,1.71428,0.297234,-0.785797,-0.748832
4,0.915024,1.33935,0.940584,1.71297,0.297038,-0.785066,-0.749681
4,0.913659,1.33747,0.940429,1.71166,0.296844,-0.784341,-0.750529
4,0.912292,1.33559,0.940278,1.71034,0.29665,-0.783622,-0.751375
4,0.910925,1.33371,0.94013,1.70901,0.296456,-0.782907,-0.75222
4,0.909556,1.33183,0.939987,1.70768,0.296264,-0.782198,-0.753063
4,0.908186,1.32995,0.939846,1.70635,0.296071,-0.781494,-0.753905
4,0.906815,1.32807,0.93971,1.705,0.29588,-0.780795,-0.754745
4,0.905443,1.32619,0.939577,1.70366,0.295689,-0.780102,-0.755584
4,0.90407,1.32431,0.939447,1.7023,0.295499,-0.779414,-0.756422
4,0.902695,1.32243,0.939322,1.70094,0.295309,-0.778731,-0.757258
4,0.90132,1.32055,0.939199,1.69957,0.29512,-0.778053,-0.758092
4,0.899943,1.31867,0.939081,1.6982,0.294931,-0.777381,-0.758925
4,0.898565,1.31679,0.938966,1.69682,0.294744,-0.776714,-0.759757
4,0.897185,1.31491,0.938855,1.69544,0.294556,-0.776052,-0.760587
4,0.895804,1.31303,0.938748,1.69405,0.29437,-0.775395,-0.761415
4,0.894422,1.31116,0.938644,1.69265,0.294184,-0.774744,-0.762242
4,0.893039,1.30928,0.938544,1.69125,0.293999,-0.774098,-0.763068
4,0.891655,1.3074,0.938448,1.68984,0.293814,-0.773457,-0.763892
4,0.890269,1.30552,0.938355,1.68842,0.29363,-0.772822,-0.764715
4,0.888882,1.30364,0.938267,1.687,0.293447,-0.772192,-0.765536
4,0.887493,1.30177,0.938182,1.68558,0.293264,-0.771567,-0.766355
4,0.886103,1.29989,0.9381,1.68414,0.293082,-0.770948,-0.767173
4,0.884712,1.29801,0.938023,1.6827,0.2929,-0.770334,-0.76799
4,0.883319,1.29613,0.937949,1.68126,0.292719,-0.769725,-0.768805
4,0.881925,1.29426,0.937879,1.67981,0.292539,-0.769121,-0.769619
4,0.880529,1.29238,0.937813,1.67835,0.292359,-0.768523,-0.770431
4,0.879132,1.2905,0.93775,1.67689,0.29218,-0.76793,-0.771241
4,0.877734,1.28863,0.937691,1.67542,0.292002,-0.767343,-0.77205
4,0.876334,1.28675,0.937637,1.67395,0.291824,-0.76676,-0.772858
4,0.874933,1.28488,0.937586,1.67247,0.291647,-0.766183,-0.773664
4,0.87353,1.283,0.937538,1.67098,0.29147,-0.765612,-0.774469
4,0.872125,1.28113,0.937495,1.66949,0.291294,-0.765046,-0.775272
4,0.870719,1.27925,0.937455,1.66799,0.291119,-0.764485,-0.776073
4,0.869312,1.27738,0.93742,1.66648,0.290944,-0.763929,-0.776873
4,0.867903,1.2755,0.937388,1.66497,0.29077,-0.763379,-0.777671
4,0.866492,1.27363,0.93736,1.66346,0.290597,-0.762834,-0.778468
4,0.86508,1.27176,0.937335,1.66194,0.290424,-0.762294,-0.779264
4,0.863666,1.26989,0.937315,1.66041,0.290252,-0.76176,-0.780058
4,0.86225,1.26801,0.937299,1.65887,0.290081,-0.761231,-0.78085
4,0.860833,1.26614,0.937286,1.65733,0.28991,-0.760708,-0.781641
4,0.859414,1.26427,0.937278,1.65579,0.28974,-0.76019,-0.78243
4,0.857994,1.2624,0.937273,1.65423,0.28957,-0.759677,-0.783218
4,0.856572,1.26053,0.937272,1.65267,0.289402,-0.759169,-0.784004
4,0.855148,1.25866,0.937276,1.65111,0.289233,-0.758667,-0.784789
4,0.853722,1.25679,0.937283,1.64954,0.289066,-0.758171,-0.785572
4,0.852294,1.25492,0.937294,1.64796,0.288899,-0.757679,-0.786353
4,0.850865,1.25305,0.937309,1.64638,0.288733,-0.757193,-0.787134
4,0.849434,1.25118,0.937328,1.64479,0.288567,-0.756713,-0.787912
4,0.848001,1.24931,0.937351,1.6432,0.288402,-0.756238,-0.788689
4,0.846566,1.24745,0.937378,1.6416,0.288238,-0.755768,-0.789465
4,0.84513,1.24558,0.937409,1.63999,0.288074,-0.755303,-0.790238
4,0.843691,1.24371,0.937444,1.63838,0.287911,-0.754844,-0.791011
4,0.842251,1.24185,0.937483,1.63676,0.287749,-0.75439,-0.791782
4,0.840809,1.23998,0.937526,1.63514,0.287587,-0.753942,-0.792551
4,0.839365,1.23812,0.937574,1.6335,0.287426,-0.753499,-0.793319
4,0.837919,1.23625,0.937625,1.63187,0.287265,-0.753061,-0.794085
4,0.83647,1.23439,0.93768,1.63023,0.287106,-0.752629,-0.794849
4,0.83502,1.23252,0.937739,1.62858,0.286947,-0.752203,-0.795612
4,0.833568,1.23066,0.937803,1.62692,0.286788,-0.751781,-0.796374
4,0.832114,1.2288,0.93787,1.62526,0.28663,-0.751365,-0.797134
4,0.830658,1.22694,0.937942,1.62359,0.286473,-0.750954,-0.797892
4,0.8292,1.22508,0.938017,1.62192,0.286317,-0.750549,-0.798649
4,0.827739,1.22322,0.938097,1.62024,0.286161,-0.750149,-0.799404
4,0.826277,1.22136,0.938181,1.61856,0.286006,-0.749755,-0.800158
4,0.824812,1.2195,0.938269,1.61687,0.285852,-0.749366,-0.80091
4,0.823346,1.21764,0.938362,1.61517,0.285698,-0.748982,-0.801661
4,0.821877,1.21578,0.938458,1.61347,0.285545,-0.748604,-0.80241
4,0.820406,1.21392,0.938559,1.61176,0.285392,-0.748231,-0.803158
4,0.818933,1.21207,0.938663,1.61004,0.285241,-0.747864,-0.803903
4,0.817457,1.21021,0.938772,1.60832,0.28509,-0.747502,-0.804648
4,0.815979,1.20835,0.938886,1.60659,0.284939,-0.747146,-0.805391
4,0.814499,1.2065,0.939003,1.60486,0.28479,-0.746795,-0.806132
4,0.813017,1.20464,0.939125,1.60312,0.284641,-0.746449,-0.806872
4,0.811532,1.20279,0.93925,1.60138,0.284493,-0.746109,-0.80761
4,0.810045,1.20094,0.939381,1.59962,0.284345,-0.745774,-0.808346
4,0.808556,1.19909,0.939515,1.59787,0.284198,-0.745444,-0.809081
4,0.807064,1.19723,0.939654,1.5961,0.284052,-0.74512,-0.809815
4,0.80557,1.19538,0.939797,1.59433,0.283907,-0.744802,-0.810546
4,0.804073,1.19353,0.939944,1.59256,0.283762,-0.744489,-0.811277
4,0.802574,1.19168,0.940096,1.59077,0.283618,-0.744181,-0.812005
4,0.801073,1.18984,0.940251,1.58899,0.283474,-0.743879,-0.812733
4,0.799569,1.18799,0.940412,1.58719,0.283332,-0.743582,-0.813458
4,0.798062,1.18614,0.940576,1.58539,0.28319,-0.74329,-0.814182
4,0.796553,1.18429,0.940745,1.58358,0.283048,-0.743005,-0.814904
4,0.795041,1.18245,0.940918,1.58177,0.282908,-0.742724,-0.815625
4,0.793527,1.1806,0.941096,1.57995,0.282768,-0.742449,-0.816345
4,0.793527,1.1806,0.941096,1.57995,0.282768,-0.742449,-0.816345
4,0.793527,1.1806,0.941096,1.57995,0.282768,-0.742449,-0.816345
4,0.791874,1.18097,0.942103,1.57734,0.283101,-0.743882,-0.815164
4,0.790219,1.18134,0.943103,1.57471,0.283432,-0.745319,-0.813985
4,0.788564,1.18171,0.9441,1.57208,0.283762,-0.746758,-0.812806
4,0.786907,1.18207,0.945093,1.56944,0.284091,-0.7482,-0.811628
4,0.78525,1.18243,0.946082,1.5668,0.284419,-0.749645,-0.810451
4,0.783591,1.18279,0.947068,1.56415,0.284746,-0.751092,-0.809274
4,0.781932,1.18315,0.948049,1.56149,0.285071,-0.752543,-0.808098
4,0.780271,1.18351,0.949027,1.55883,0.285396,-0.753996,-0.806923
4,0.778609,1.18386,0.950001,1.55616,0.285719,-0.755451,-0.805748
4,0.776946,1.18421,0.950971,1.55349,0.286042,-0.756909,-0.804574
4,0.775283,1.18456,0.951938,1.55081,0.286363,-0.75837,-0.8034
4,0.773618,1.18491,0.9529,1.54812,0.286683,-0.759834,-0.802227
5,0.773618,1.18491,0.9529,1.54812,0.286683,-0.759834,-0.802227
5,0.775293,1.18662,0.952505,1.54966,0.28671,-0.760456,-0.801589
5,0.776965,1.18834,0.952115,1.55118,0.286738,-0.761085,-0.800948
5,0.778633,1.19005,0.951729,1.55271,0.286766,-0.761719,-0.800307
5,0.780299,1.19176,0.951348,1.55422,0.286794,-0.762359,-0.799664
5,0.781961,1.19348,0.95097,1.55573,0.286823,-0.763005,-0.79902
5,0.783621,1.19519,0.950596,1.55723,0.286852,-0.763655,-0.798375
5,0.785277,1.19691,0.950227,1.55873,0.286882,-0.764312,-0.797729
5,0.786931,1.19862,0.949861,1.56022,0.286912,-0.764973,-0.797082
5,0.788582,1.20034,0.949499,1.5617,0.286943,-0.76564,-0.796433
5,0.79023,1.20206,0.949142,1.56318,0.286973,-0.766312,-0.795783
5,0.791875,1.20377,0.948788,1.56465,0.287005,-0.766989,-0.795132
5,0.793518,1.20549,0.948438,1.56611,0.287036,-0.767672,-0.79448
5,0.795157,1.20721,0.948092,1.56757,0.287068,-0.76836,-0.793827
5,0.796794,1.20893,0.94775,1.56902,0.287101,-0.769053,-0.793172
5,0.798428,1.21065,0.947412,1.57047,0.287134,-0.769752,-0.792517
5,0.80006,1.21237,0.947078,1.57191,0.287167,-0.770455,-0.79186
5,0.801688,1.21409,0.946748,1.57334,0.287201,-0.771165,-0.791202
5,0.803314,1.21581,0.946421,1.57477,0.287234,-0.771879,-0.790543
5,0.804938,1.21753,0.946099,1.57619,0.287269,-0.772599,-0.789882
5,0.806558,1.21925,0.94578,1.5776,0.287304,-0.773324,-0.789221
5,0.808176,1.22098,0.945465,1.57901,0.287339,-0.774054,-0.788558
5,0.809791,1.2227,0.945154,1.58041,0.287374,-0.77479,-0.787894
5,0.811404,1.22442,0.944847,1.58181,0.28741,-0.775531,-0.787229
5,0.813014,1.22615,0.944543,1.5832,0.287446,-0.776277,-0.786563
5,0.814622,1.22787,0.944244,1.58458,0.287483,-0.777028,-0.785896
5,0.816227,1.22959,0.943948,1.58596,0.287519,-0.777785,-0.785227
5,0.817829,1.23132,0.943656,1.58733,0.287557,-0.778547,-0.784558
5,0.819429,1.23304,0.943368,1.5887,0.287594,-0.779314,-0.783887
5,0.821026,1.23477,0.943083,1.59006,0.287632,-0.780086,-0.783215
5,0.822621,1.2365,0.942802,1.59141,0.287671,-0.780864,-0.782542
5,0.824214,1.23822,0.942525,1.59276,0.287709,-0.781646,-0.781868
5,0.825803,1.23995,0.942252,1.5941,0.287748,-0.782434,-0.781192
5,0.827391,1.24167,0.941982,1.59543,0.287788,-0.783227,-0.780516
5,0.828976,1.2434,0.941716,1.59676,0.287827,-0.784026,-0.779838
5,0.830558,1.24513,0.941454,1.59808,0.287867,-0.784829,-0.779159
5,0.832139,1.24685,0.941196,1.59939,0.287908,-0.785638,-0.778479
5,0.833716,1.24858,0.940941,1.6007,0.287949,-0.786452,-0.777798
5,0.835292,1.25031,0.94069,1.60201,0.28799,-0.787271,-0.777116
5,0.836865,1.25204,0.940442,1.6033,0.288031,-0.788096,-0.776433
5,0.838435,1.25377,0.940198,1.60459,0.288073,-0.788925,-0.775748
5,0.840004,1.25549,0.939958,1.60588,0.288115,-0.78976,-0.775063
5,0.84157,1.25722,0.939721,1.60716,0.288157,-0.790599,-0.774376
5,0.843133,1.25895,0.939488,1.60843,0.2882,-0.791444,-0.773688
5,0.844695,1.26068,0.939259,1.60969,0.288243,-0.792295,-0.772999
5,0.846254,1.26241,0.939033,1.61095,0.288287,-0.79315,-0.772309
5,0.847811,1.26414,0.938811,1.61221,0.28833,-0.79401,-0.771618
5,0.849365,1.26587,0.938593,1.61346,0.288374,-0.794876,-0.770926
5,0.850918,1.2676,0.938377,1.6147,0.288419,-0.795746,-0.770233
5,0.852468,1.26933,0.938166,1.61593,0.288464,-0.796622,-0.769538
5,0.854016,1.27105,0.937958,1.61716,0.288509,-0.797503,-0.768843
5,0.855561,1.27278,0.937754,1.61838,0.288554,-0.798389,-0.768146
5,0.857105,1.27451,0.937553,1.6196,0.2886,-0.79928,-0.767448
5,0.858646,1.27624,0.937356,1.62081,0.288646,-0.800176,-0.766749
5,0.860185,1.27797,0.937162,1.62201,0.288692,-0.801078,-0.766049
5,0.861722,1.2797,0.936971,1.62321,0.288739,-0.801984,-0.765348
5,0.863257,1.28143,0.936785,1.6244,0.288786,-0.802895,-0.764646
5,0.86479,1.28316,0.936601,1.62559,0.288833,-0.803812,-0.763943
5,0.866321,1.28489,0.936421,1.62677,0.288881,-0.804733,-0.763239
5,0.867849,1.28662,0.936245,1.62794,0.288929,-0.80566,-0.762533
5,0.869376,1.28835,0.936072,1.62911,0.288977,-0.806592,-0.761827
5,0.8709,1.29008,0.935903,1.63027,0.289026,-0.807528,-0.76112
5,0.872423,1.29181,0.935737,1.63143,0.289075,-0.80847,-0.760411
5,0.873943,1.29354,0.935574,1.63257,0.289124,-0.809417,-0.759701
5,0.875461,1.29526,0.935415,1.63372,0.289173,-0.810369,-0.758991
5,0.876977,1.29699,0.935259,1.63485,0.289223,-0.811326,-0.758279
5,0.878491,1.29872,0.935107,1.63598,0.289274,-0.812288,-0.757566
5,0.880004,1.30045,0.934958,1.63711,0.289324,-0.813254,-0.756852
5,0.881514,1.30218,0.934812,1.63823,0.289375,-0.814226,-0.756137
5,0.883022,1.30391,0.93467,1.63934,0.289426,-0.815203,-0.755421
5,0.884528,1.30564,0.934531,1.64044,0.289478,-0.816185,-0.754704
5,0.886033,1.30736,0.934396,1.64154,0.289529,-0.817172,-0.753986
5,0.887535,1.30909,0.934263,1.64264,0.289582,-0.818164,-0.753267
5,0.889035,1.31082,0.934135,1.64372,0.289634,-0.819161,-0.752547
5,0.890534,1.31254,0.934009,1.6448,0.289687,-0.820162,-0.751825
5,0.89203,1.31427,0.933887,1.64588,0.28974,-0.821169,-0.751103
5,0.893525,1.316,0.933768,1.64695,0.289793,-0.822181,-0.75038
5,0.895018,1.31772,0.933653,1.64801,0.289847,-0.823197,-0.749656
5,0.896508,1.31945,0.93354,1.64906,0.289901,-0.824219,-0.74893
5,0.897997,1.32118,0.933431,1.65011,0.289955,-0.825245,-0.748204
5,0.899484,1.3229,0.933326,1.65116,0.29001,-0.826277,-0.747476
5,0.90097,1.32463,0.933223,1.6522,0.290065,-0.827313,-0.746748
5,0.902453,1.32635,0.933124,1.65323,0.29012,-0.828354,-0.746019
5,0.903934,1.32807,0.933028,1.65425,0.290176,-0.8294,-0.745288
5,0.905414,1.3298,0.932936,1.65527,0.290232,-0.830451,-0.744557
5,0.906892,1.33152,0.932846,1.65629,0.290288,-0.831507,-0.743824
5,0.908368,1.33325,0.93276,1.65729,0.290345,-0.832568,-0.743091
5,0.909842,1.33497,0.932677,1.65829,0.290402,-0.833633,-0.742357
5,0.911315,1.33669,0.932597,1.65929,0.290459,-0.834704,-0.741621
5,0.912785,1.33841,0.932521,1.66028,0.290517,-0.835779,-0.740885
5,0.914254,1.34013,0.932447,1.66126,0.290575,-0.836859,-0.740147
5,0.915721,1.34185,0.932377,1.66223,0.290633,-0.837944,-0.739409
5,0.917186,1.34357,0.93231,1.6632,0.290692,-0.839034,-0.738669
5,0.91865,1.34529,0.932246,1.66417,0.29075,-0.840128,-0.737929
5,0.920112,1.34701,0.932186,1.66512,0.29081,-0.841228,-0.737188
5,0.921572,1.34873,0.932128,1.66608,0.290869,-0.842332,-0.736445
5,0.92303,1.35045,0.932074,1.66702,0.290929,-0.843441,-0.735702
5,0.924487,1.35217,0.932022,1.66796,0.290989,-0.844555,-0.734958
5,0.925941,1.35389,0.931974,1.66889,0.29105,-0.845674,-0.734213
5,0.927395,1.3556,0.931929,1.66982,0.291111,-0.846797,-0.733467
5,0.928846,1.35732,0.931887,1.67074,0.291172,-0.847925,-0.732719
5,0.930296,1.35903,0.931848,1.67165,0.291233,-0.849058,-0.731971
5,0.931744,1.36075,0.931812,1.67256,0.291295,-0.850196,-0.731222
5,0.93319,1.36246,0.93178,1.67346,0.291357,-0.851338,-0.730472
5,0.934635,1.36418,0.93175,1.67436,0.29142,-0.852485,-0.729721
5,0.936078,1.36589,0.931723,1.67525,0.291483,-0.853637,-0.72897
5,0.937519,1.3676,0.9317,1.67613,0.291546,-0.854794,-0.728217
5,0.938959,1.36931,0.931679,1.67701,0.29161,-0.855955,-0.727463
5,0.940397,1.37102,0.931662,1.67788,0.291674,-0.857121,-0.726708
5,0.941833,1.37274,0.931647,1.67874,0.291738,-0.858292,-0.725953
5,0.943268,1.37444,0.931636,1.6796,0.291802,-0.859467,-0.725196
5,0.944701,1.37615,0.931628,1.68046,0.291867,-0.860647,-0.724439
5,0.946133,1.37786,0.931622,1.6813,0.291933,-0.861832,-0.72368
5,0.947562,1.37957,0.93162,1.68214,0.291998,-0.863021,-0.722921
5,0.948991,1.38128,0.93162,1.68298,0.292064,-0.864215,-0.722161
5,0.950417,1.38298,0.931624,1.6838,0.292131,-0.865414,-0.7214
5,0.951842,1.38469,0.93163,1.68462,0.292197,-0.866617,-0.720638
5,0.953266,1.38639,0.93164,1.68544,0.292264,-0.867825,-0.719875
5,0.954688,1.38809,0.931652,1.68625,0.292332,-0.869038,-0.719111
5,0.956108,1.3898,0.931667,1.68705,0.292399,-0.870255,-0.718346
5,0.957526,1.3915,0.931685,1.68785,0.292467,-0.871477,-0.717581
5,0.958944,1.3932,0.931707,1.68864,0.292536,-0.872703,-0.716814
5,0.960359,1.3949,0.931731,1.68942,0.292605,-0.873934,-0.716047
5,0.961773,1.3966,0.931758,1.6902,0.292674,-0.875169,-0.715279
5,0.963185,1.39829,0.931787,1.69097,0.292743,-0.876409,-0.71451
5,0.964596,1.39999,0.93182,1.69174,0.292813,-0.877654,-0.71374
5,0.966005,1.40169,0.931856,1.6925,0.292884,-0.878903,-0.712969
5,0.967413,1.40338,0.931894,1.69325,0.292954,-0.880157,-0.712197
5,0.968819,1.40508,0.931936,1.694,0.293025,-0.881415,-0.711425
5,0.970224,1.40677,0.93198,1.69474,0.293097,-0.882677,-0.710651
5,0.971627,1.40846,0.932027,1.69547,0.293168,-0.883944,-0.709877
5,0.973029,1.41015,0.932077,1.6962,0.29324,-0.885216,-0.709102
5,0.974429,1.41184,0.932129,1.69692,0.293313,-0.886492,-0.708326
5,0.975827,1.41353,0.932185,1.69764,0.293386,-0.887773,-0.707549
5,0.977224,1.41522,0.932243,1.69835,0.293459,-0.889058,-0.706771
5,0.978619,1.41691,0.932304,1.69905,0.293533,-0.890347,-0.705993
5,0.980013,1.41859,0.932368,1.69975,0.293607,-0.891641,-0.705214
5,0.981406,1.42028,0.932434,1.70044,0.293681,-0.89294,-0.704433
5,0.982797,1.42196,0.932504,1.70112,0.293756,-0.894242,-0.703652
5,0.984186,1.42365,0.932576,1.7018,0.293831,-0.89555,-0.702871
5,0.985574,1.42533,0.932651,1.70247,0.293906,-0.896861,-0.702088
5,0.98696,1.42701,0.932729,1.70314,0.293982,-0.898177,-0.701305
5,0.988345,1.42869,0.932809,1.7038,0.294059,-0.899498,-0.70052
5,0.989728,1.43037,0.932892,1.70445,0.294136,-0.900822,-0.699735
5,0.99111,1.43204,0.932978,1.7051,0.294213,-0.902152,-0.698949
5,0.992491,1.43372,0.933066,1.70574,0.29429,-0.903485,-0.698163
5,0.99387,1.43539,0.933157,1.70637,0.294368,-0.904823,-0.697375
5,0.995247,1.43707,0.933251,1.707,0.294446,-0.906165,-0.696587
5,0.996623,1.43874,0.933348,1.70763,0.294525,-0.907511,-0.695798
5,0.997997,1.44041,0.933447,1.70824,0.294604,-0.908862,-0.695008
5,0.99937,1.44208,0.933549,1.70885,0.294684,-0.910217,-0.694217
5,1.00074,1.44375,0.933653,1.70945,0.294764,-0.911576,-0.693426
5,1.00211,1.44541,0.933761,1.71005,0.294844,-0.91294,-0.692634
5,1.00348,1.44708,0.93387,1.71064,0.294925,-0.914308,-0.691841
5,1.00485,1.44874,0.933983,1.71123,0.295006,-0.91568,-0.691047
5,1.00621,1.45041,0.934098,1.71181,0.295088,-0.917056,-0.690253
5,1.00758,1.45207,0.934215,1.71238,0.29517,-0.918437,-0.689458
5,1.00894,1.45373,0.934336,1.71294,0.295252,-0.919822,-0.688662
5,1.0103,1.45539,0.934458,1.7135,0.295335,-0.921211,-0.687865
5,1.01166,1.45705,0.934584,1.71406,0.295419,-0.922604,-0.687067
5,1.01302,1.4587,0.934712,1.71461,0.295502,-0.924001,-0.686269
5,1.01438,1.46036,0.934842,1.71515,0.295587,-0.925403,-0.68547
5,1.01573,1.46201,0.934975,1.71568,0.295671,-0.926809,-0.68467
5,1.01708,1.46366,0.935111,1.71621,0.295756,-0.928219,-0.68387
5,1.01844,1.46531,0.935249,1.71673,0.295842,-0.929633,-0.683069
5,1.01979,1.46696,0.935389,1.71725,0.295928,-0.931051,-0.682267
5,1.02114,1.46861,0.935532,1.71776,0.296014,-0.932473,-0.681464
5,1.02248,1.47026,0.935678,1.71826,0.296101,-0.9339,-0.680661
5,1.02383,1.4719,0.935826,1.71876,0.296188,-0.93533,-0.679857
5,1.02518,1.47354,0.935976,1.71925,0.296276,-0.936765,-0.679052
5,1.02652,1.47518,0.936129,1.71973,0.296364,-0.938203,-0.678247
5,1.02786,1.47682,0.936285,1.72021,0.296453,-0.939646,-0.67744
5,1.0292,1.47846,0.936443,1.72068,0.296542,-0.941093,-0.676634
5,1.03054,1.4801,0.936603,1.72115,0.296631,-0.942543,-0.675826
5,1.03188,1.48174,0.936766,1.72161,0.296721,-0.943998,-0.675018
5,1.03321,1.48337,0.936931,1.72206,0.296812,-0.945457,-0.674209
5,1.03455,1.485,0.937099,1.72251,0.296902,-0.94692,-0.673399
5,1.03588,1.48663,0.937269,1.72295,0.296994,-0.948387,-0.672589
5,1.03721,1.48826,0.937441,1.72339,0.297086,-0.949858,-0.671778
5,1.03854,1.48989,0.937616,1.72381,0.297178,-0.951332,-0.670966
5,1.03987,1.49151,0.937793,1.72424,0.297271,-0.952811,-0.670154
5,1.0412,1.49314,0.937972,1.72465,0.297364,-0.954294,-0.66934
5,1.04253,1.49476,0.938154,1.72506,0.297458,-0.95578,-0.668527
5,1.04385,1.49638,0.938338,1.72546,0.297552,-0.957271,-0.667712
5,1.04517,1.498,0.938525,1.72586,0.297647,-0.958765,-0.666897
5,1.0465,1.49962,0.938714,1.72625,0.297742,-0.960263,-0.666082
5,1.04782,1.50123,0.938905,1.72664,0.297838,-0.961766,-0.665265
5,1.04913,1.50285,0.939098,1.72701,0.297934,-0.963272,-0.664448
5,1.05045,1.50446,0.939294,1.72738,0.29803,-0.964782,-0.663631
5,1.05177,1.50607,0.939492,1.72775,0.298128,-0.966295,-0.662812
5,1.05308,1.50768,0.939692,1.72811,0.298225,-0.967813,-0.661993
5,1.05439,1.50928,0.939895,1.72846,0.298323,-0.969334,-0.661174
5,1.0557,1.51089,0.940099,1.72881,0.298422,-0.970859,-0.660354
5,1.05701,1.51249,0.940306,1.72915,0.298521,-0.972388,-0.659533
5,1.05832,1.51409,0.940515,1.72948,0.298621,-0.973921,-0.658711
5,1.05963,1.51569,0.940727,1.72981,0.298721,-0.975458,-0.657889
5,1.06093,1.51729,0.94094,1.73013,0.298821,-0.976998,-0.657067
5,1.06224,1.51888,0.941156,1.73045,0.298923,-0.978542,-0.656243
5,1.06354,1.52048,0.941374,1.73075,0.299024,-0.98009,-0.655419
5,1.06484,1.52207,0.941594,1.73106,0.299127,-0.981641,-0.654595
5,1.06484,1.52207,0.941594,1.73106,0.299127,-0.981641,-0.654595
5,1.06484,1.52207,0.941594,1.73106,0.299127,-0.981641,-0.654595
5,1.06311,1.52185,0.942301,1.72832,0.299509,-0.982658,-0.653612
5,1.06139,1.52163,0.943003,1.72558,0.299888,-0.98368,-0.65263
5,1.05966,1.52141,0.943702,1.72284,0.300264,-0.984705,-0.651648
5,1.05793,1.5212,0.944397,1.72008,0.30064,-0.985733,-0.650667
5,1.0562,1.52098,0.945089,1.71733,0.301013,-0.986764,-0.649685
5,1.05447,1.52075,0.945778,1.71457,0.301384,-0.987798,-0.648704
5,1.05273,1.52053,0.946463,1.7118,0.301753,-0.988835,-0.647723
5,1.051,1.52031,0.947145,1.70903,0.30212,-0.989875,-0.646742
5,1.04927,1.52009,0.947824,1.70625,0.302486,-0.990919,-0.645761
5,1.04753,1.51987,0.9485,1.70347,0.302849,-0.991965,-0.64478
5,1.04579,1.51964,0.949172,1.70068,0.303211,-0.993015,-0.6438
5,1.04406,1.51942,0.949842,1.69789,0.303571,-0.994068,-0.64282
6,1.04406,1.51942,0.949842,1.69789,0.303571,-0.994068,-0.64282
6,1.04529,1.5211,0.950211,1.69844,0.303781,-0.995326,-0.641917
6,1.04651,1.52277,0.950584,1.69898,0.303992,-0.996591,-0.641013
6,1.04774,1.52445,0.950959,1.69951,0.304204,-0.997859,-0.640107
6,1.04896,1.52612,0.951336,1.70003,0.304416,-0.999132,-0.639202
6,1.05018,1.5278,0.951715,1.70055,0.30463,-1.00041,-0.638295
6,1.0514,1.52947,0.952097,1.70107,0.304844,-1.00169,-0.637387
6,1.05263,1.53114,0.952481,1.70157,0.305058,-1.00297,-0.636479
6,1.05384,1.53281,0.952867,1.70207,0.305274,-1.00426,-0.635569
6,1.05506,1.53447,0.953255,1.70257,0.30549,-1.00555,-0.634659
6,1.05628,1.53614,0.953646,1.70306,0.305707,-1.00685,-0.633748
6,1.0575,1.5378,0.954039,1.70354,0.305925,-1.00815,-0.632836
6,1.05871,1.53946,0.954434,1.70401,0.306143,-1.00945,-0.631923
6,1.05993,1.54112,0.954831,1.70448,0.306363,-1.01076,-0.631009
6,1.06114,1.54278,0.955231,1.70494,0.306583,-1.01207,-0.630094
6,1.06235,1.54444,0.955632,1.7054,0.306803,-1.01339,-0.629179
6,1.06356,1.54609,0.956036,1.70585,0.307025,-1.01471,-0.628263
6,1.06477,1.54774,0.956442,1.7063,0.307247,-1.01603,-0.627345
6,1.06598,1.54939,0.95685,1.70673,0.30747,-1.01736,-0.626427
6,1.06719,1.55104,0.95726,1.70717,0.307694,-1.01869,-0.625509
6,1.0684,1.55269,0.957672,1.70759,0.307918,-1.02003,-0.624589
6,1.0696,1.55434,0.958086,1.70801,0.308143,-1.02137,-0.623669
6,1.07081,1.55598,0.958503,1.70842,0.308369,-1.02271,-0.622747
6,1.07201,1.55763,0.958921,1.70883,0.308596,-1.02405,-0.621825
6,1.07321,1.55927,0.959342,1.70923,0.308823,-1.0254,-0.620902
6,1.07441,1.56091,0.959764,1.70963,0.309051,-1.02676,-0.619978
6,1.07561,1.56254,0.960189,1.71001,0.30928,-1.02812,-0.619054
6,1.07681,1.56418,0.960616,1.7104,0.30951,-1.02948,-0.618128
6,1.07801,1.56581,0.961044,1.71077,0.30974,-1.03084,-0.617202
6,1.07921,1.56744,0.961475,1.71114,0.309971,-1.03221,-0.616275
6,1.0804,1.56907,0.961908,1.7115,0.310203,-1.03358,-0.615347
6,1.0816,1.5707,0.962342,1.71186,0.310436,-1.03496,-0.614418
6,1.08279,1.57233,0.962779,1.71221,0.31067,-1.03634,-0.613489
6,1.08398,1.57395,0.963218,1.71255,0.310904,-1.03772,-0.612559
6,1.08518,1.57557,0.963658,1.71289,0.311139,-1.03911,-0.611628
6,1.08637,1.57719,0.964101,1.71322,0.311374,-1.0405,-0.610696
6,1.08755,1.57881,0.964545,1.71355,0.311611,-1.0419,-0.609763
6,1.08874,1.58043,0.964992,1.71387,0.311848,-1.04329,-0.60883
6,1.08993,1.58205,0.96544,1.71418,0.312086,-1.0447,-0.607895
6,1.09111,1.58366,0.96589,1.71449,0.312325,-1.0461,-0.60696
6,1.0923,1.58527,0.966342,1.71479,0.312564,-1.04751,-0.606025
6,1.09348,1.58688,0.966796,1.71508,0.312805,-1.04892,-0.605088
6,1.09466,1.58848,0.967252,1.71537,0.313046,-1.05034,-0.604151
6,1.09585,1.59009,0.96771,1.71565,0.313287,-1.05176,-0.603212
6,1.09702,1.59169,0.968169,1.71593,0.31353,-1.05318,-0.602274
6,1.0982,1.59329,0.96863,1.7162,0.313773,-1.05461,-0.601334
6,1.09938,1.59489,0.969094,1.71646,0.314017,-1.05604,-0.600393
6,1.10056,1.59649,0.969558,1.71672,0.314262,-1.05747,-0.599452
6,1.10173,1.59808,0.970025,1.71697,0.314508,-1.05891,-0.59851
6,1.10291,1.59968,0.970494,1.71721,0.314754,-1.06035,-0.597568
6,1.10408,1.60127,0.970964,1.71745,0.315001,-1.06179,-0.596624
6,1.10525,1.60286,0.971436,1.71768,0.315249,-1.06324,-0.59568
6,1.10642,1.60444,0.97191,1.7179,0.315498,-1.06469,-0.594735
6,1.10759,1.60603,0.972386,1.71812,0.315747,-1.06615,-0.593789
6,1.10876,1.60761,0.972863,1.71833,0.315998,-1.0676,-0.592843
6,1.10992,1.60919,0.973342,1.71854,0.316249,-1.06907,-0.591895
6,1.11109,1.61077,0.973822,1.71874,0.3165,-1.07053,-0.590948
6,1.11225,1.61234,0.974305,1.71893,0.316753,-1.072,-0.589999
6,1.11342,1.61392,0.974789,1.71912,0.317006,-1.07347,-0.589049
6,1.11458,1.61549,0.975275,1.7193,0.31726,-1.07494,-0.588099
6,1.11574,1.61706,0.975762,1.71948,0.317515,-1.07642,-0.587148
6,1.1169,1.61863,0.976251,1.71965,0.317771,-1.0779,-0.586197
6,1.11806,1.62019,0.976742,1.71981,0.318027,-1.07939,-0.585244
6,1.11921,1.62176,0.977234,1.71996,0.318284,-1.08088,-0.584291
6,1.12037,1.62332,0.977728,1.72011,0.318542,-1.08237,-0.583337
6,1.12152,1.62487,0.978223,1.72026,0.318801,-1.08386,-0.582383
6,1.12268,1.62643,0.97872,1.72039,0.31906,-1.08536,-0.581428
6,1.12383,1.62798,0.979219,1.72052,0.31932,-1.08686,-0.580472
6,1.12498,1.62954,0.979719,1.72065,0.319581,-1.08836,-0.579515
6,1.12613,1.63109,0.980221,1.72077,0.319843,-1.08987,-0.578558
6,1.12728,1.63263,0.980724,1.72088,0.320106,-1.09138,-0.577599
6,1.12842,1.63418,0.981229,1.72099,0.320369,-1.0929,-0.576641
6,1.12957,1.63572,0.981735,1.72108,0.320633,-1.09441,-0.575681
6,1.13071,1.63726,0.982243,1.72118,0.320898,-1.09593,-0.574721
6,1.13186,1.6388,0.982752,1.72126,0.321164,-1.09746,-0.57376
6,1.133,1.64034,0.983262,1.72134,0.32143,-1.09898,-0.572798
6,1.13414,1.64187,0.983775,1.72142,0.321697,-1.10051,-0.571836
6,1.13528,1.6434,0.984288,1.72149,0.321965,-1.10205,-0.570873
6,1.13641,1.64493,0.984803,1.72155,0.322234,-1.10358,-0.569909
6,1.13755,1.64646,0.98532,1.7216,0.322503,-1.10512,-0.568945
6,1.13868,1.64798,0.985837,1.72165,0.322774,-1.10666,-0.567979
6,1.13982,1.6495,0.986357,1.7217,0.323045,-1.10821,-0.567014
6,1.14095,1.65102,0.986877,1.72173,0.323316,-1.10975,-0.566047
6,1.14208,1.65254,0.987399,1.72176,0.323589,-1.11131,-0.56508
6,1.14321,1.65405,0.987923,1.72179,0.323862,-1.11286,-0.564112
6,1.14434,1.65556,0.988447,1.7218,0.324137,-1.11442,-0.563143
6,1.14546,1.65707,0.988973,1.72182,0.324411,-1.11598,-0.562174
6,1.14659,1.65858,0.9895,1.72182,0.324687,-1.11754,-0.561204
6,1.14771,1.66009,0.990029,1.72182,0.324964,-1.11911,-0.560233
6,1.14883,1.66159,0.990559,1.72181,0.325241,-1.12067,-0.559262
6,1.14995,1.66309,0.99109,1.7218,0.325519,-1.12225,-0.55829
6,1.15107,1.66458,0.991623,1.72178,0.325798,-1.12382,-0.557317
6,1.15219,1.66608,0.992156,1.72175,0.326077,-1.1254,-0.556344
6,1.15331,1.66757,0.992691,1.72172,0.326358,-1.12698,-0.55537
6,1.15442,1.66906,0.993227,1.72168,0.326639,-1.12856,-0.554395
6,1.15553,1.67055,0.993765,1.72163,0.32692,-1.13015,-0.55342
6,1.15665,1.67203,0.994303,1.72158,0.327203,-1.13174,-0.552444
6,1.15776,1.67352,0.994843,1.72152,0.327486,-1.13333,-0.551467
6,1.15887,1.675,0.995384,1.72146,0.327771,-1.13492,-0.55049
6,1.15997,1.67647,0.995926,1.72139,0.328056,-1.13652,-0.549512
6,1.16108,1.67795,0.996469,1.72131,0.328341,-1.13812,-0.548533
6,1.16218,1.67942,0.997014,1.72123,0.328628,-1.13973,-0.547554
6,1.16329,1.68089,0.997559,1.72114,0.328915,-1.14133,-0.546574
6,1.16439,1.68236,0.998106,1.72105,0.329203,-1.14294,-0.545593
6,1.16549,1.68382,0.998653,1.72094,0.329492,-1.14455,-0.544611
6,1.16659,1.68528,0.999202,1.72084,0.329781,-1.14617,-0.543629
6,1.16768,1.68674,0.999752,1.72072,0.330072,-1.14778,-0.542647
6,1.16878,1.6882,1.0003,1.7206,0.330363,-1.1494,-0.541663
6,1.16987,1.68965,1.00085,1.72047,0.330655,-1.15102,-0.540679
6,1.17096,1.6911,1.00141,1.72034,0.330947,-1.15265,-0.539695
6,1.17205,1.69255,1.00196,1.7202,0.331241,-1.15428,-0.538709
6,1.17314,1.694,1.00252,1.72005,0.331535,-1.15591,-0.537723
6,1.17423,1.69544,1.00307,1.7199,0.33183,-1.15754,-0.536737
6,1.17531,1.69688,1.00363,1.71974,0.332125,-1.15918,-0.535749
6,1.1764,1.69832,1.00419,1.71958,0.332422,-1.16081,-0.534761
6,1.17748,1.69976,1.00475,1.71941,0.332719,-1.16245,-0.533773
6,1.17856,1.70119,1.00531,1.71923,0.333017,-1.1641,-0.532783
6,1.17964,1.70262,1.00587,1.71905,0.333316,-1.16574,-0.531793
6,1.18072,1.70404,1.00643,1.71886,0.333615,-1.16739,-0.530803
6,1.18179,1.70547,1.00699,1.71866,0.333915,-1.16904,-0.529812
6,1.18287,1.70689,1.00755,1.71846,0.334216,-1.1707,-0.52882
6,1.18394,1.70831,1.00812,1.71825,0.334518,-1.17235,-0.527827
6,1.18501,1.70973,1.00868,1.71803,0.334821,-1.17401,-0.526834
6,1.18608,1.71114,1.00925,1.71781,0.335124,-1.17567,-0.52584
6,1.18715,1.71255,1.00982,1.71759,0.335428,-1.17734,-0.524846
6,1.18821,1.71396,1.01038,1.71735,0.335733,-1.179,-0.52385
6,1.18928,1.71536,1.01095,1.71711,0.336038,-1.18067,-0.522855
6,1.19034,1.71677,1.01152,1.71687,0.336345,-1.18234,-0.521858
6,1.1914,1.71817,1.01209,1.71661,0.336652,-1.18401,-0.520861
6,1.19246,1.71956,1.01266,1.71635,0.336959,-1.18569,-0.519863
6,1.19351,1.72096,1.01323,1.71609,0.337268,-1.18737,-0.518865
6,1.19457,1.72235,1.01381,1.71582,0.337577,-1.18905,-0.517866
6,1.19562,1.72374,1.01438,1.71554,0.337887,-1.19073,-0.516866
6,1.19667,1.72512,1.01495,1.71526,0.338198,-1.19241,-0.515866
6,1.19772,1.7265,1.01553,1.71496,0.33851,-1.1941,-0.514865
6,1.19877,1.72788,1.0161,1.71467,0.338822,-1.19579,-0.513863
6,1.19982,1.72926,1.01668,1.71437,0.339135,-1.19748,-0.512861
6,1.20086,1.73063,1.01725,1.71406,0.339449,-1.19918,-0.511858
6,1.2019,1.73201,1.01783,1.71374,0.339763,-1.20087,-0.510854
6,1.20294,1.73337,1.01841,1.71342,0.340079,-1.20257,-0.50985
6,1.20398,1.73474,1.01899,1.71309,0.340395,-1.20427,-0.508845
6,1.20502,1.7361,1.01957,1.71276,0.340711,-1.20598,-0.507839
6,1.20605,1.73746,1.02014,1.71242,0.341029,-1.20768,-0.506833
6,1.20708,1.73882,1.02072,1.71207,0.341347,-1.20939,-0.505826
6,1.20811,1.74017,1.02131,1.71172,0.341666,-1.2111,-0.504818
6,1.20914,1.74152,1.02189,1.71136,0.341986,-1.21281,-0.50381
6,1.21017,1.74287,1.02247,1.71099,0.342306,-1.21453,-0.502801
6,1.2112,1.74422,1.02305,1.71062,0.342627,-1.21624,-0.501791
6,1.21222,1.74556,1.02363,1.71024,0.342949,-1.21796,-0.500781
6,1.21324,1.7469,1.02422,1.70986,0.343272,-1.21968,-0.49977
6,1.21426,1.74823,1.0248,1.70947,0.343595,-1.2214,-0.498759
6,1.21528,1.74957,1.02538,1.70907,0.343919,-1.22313,-0.497747
6,1.21629,1.7509,1.02597,1.70867,0.344244,-1.22485,-0.496734
6,1.2173,1.75222,1.02655,1.70826,0.34457,-1.22658,-0.49572
6,1.21832,1.75355,1.02714,1.70784,0.344896,-1.22831,-0.494706
6,1.21932,1.75487,1.02772,1.70742,0.345223,-1.23005,-0.493691
6,1.22033,1.75619,1.02831,1.70699,0.345551,-1.23178,-0.492676
6,1.22134,1.7575,1.0289,1.70656,0.345879,-1.23352,-0.491659
6,1.22234,1.75881,1.02948,1.70612,0.346208,-1.23526,-0.490643
6,1.22234,1.75881,1.02948,1.70612,0.346208,-1.23526,-0.490643
6,1.22234,1.75881,1.02948,1.70612,0.346208,-1.23526,-0.490643
6,1.22367,1.7592,1.02931,1.708,0.346005,-1.23486,-0.491218
6,1.22499,1.75959,1.02913,1.70987,0.3458,-1.23446,-0.491792
7,1.22499,1.75959,1.02913,1.70987,0.3458,-1.23446,-0.491792
7,1.22414,1.75947,1.02957,1.7114,0.346301,-1.2321,-0.492073
7,1.22329,1.75935,1.03001,1.71292,0.346803,-1.22975,-0.492354
7,1.22243,1.75922,1.03046,1.71443,0.347307,-1.2274,-0.492635
7,1.22156,1.75909,1.0309,1.71594,0.347812,-1.22504,-0.492916
7,1.22069,1.75896,1.03135,1.71744,0.348317,-1.22269,-0.493198
7,1.21982,1.75882,1.03179,1.71894,0.348824,-1.22033,-0.49348
7,1.21894,1.75868,1.03224,1.72043,0.349332,-1.21798,-0.493762
7,1.21806,1.75854,1.03269,1.72192,0.34984,-1.21562,-0.494044
7,1.21717,1.7584,1.03314,1.7234,0.35035,-1.21327,-0.494327
7,1.21628,1.75825,1.03359,1.72487,0.350861,-1.21091,-0.494609
7,1.21538,1.75809,1.03404,1.72634,0.351373,-1.20856,-0.494892
7,1.21448,1.75794,1.03449,1.7278,0.351885,-1.2062,-0.495175
7,1.21357,1.75778,1.03494,1.72925,0.352399,-1.20385,-0.495459
7,1.21266,1.75762,1.0354,1.7307,0.352914,-1.20149,-0.495742
7,1.21174,1.75745,1.03585,1.73214,0.353429,-1.19914,-0.496026
7,1.21082,1.75729,1.03631,1.73358,0.353946,-1.19678,-0.49631
7,1.2099,1.75711,1.03676,1.73501,0.354464,-1.19443,-0.496595
7,1.20897,1.75694,1.03722,1.73644,0.354982,-1.19207,-0.49688
7,1.20897,1.75694,1.03722,1.73644,0.354982,-1.19207,-0.49688
7,1.20897,1.75694,1.03722,1.73644,0.354982,-1.19207,-0.49688
7,1.20712,1.75643,1.03747,1.7338,0.355252,-1.19267,-0.496069
7,1.20528,1.75591,1.03771,1.73115,0.355519,-1.19327,-0.495257
7,1.20344,1.7554,1.03795,1.72849,0.355784,-1.19388,-0.494445
7,1.20159,1.75488,1.03819,1.72583,0.356047,-1.19449,-0.493633
7,1.19975,1.75437,1.03842,1.72317,0.356308,-1.1951,-0.492821
7,1.1979,1.75385,1.03866,1.7205,0.356567,-1.19572,-0.492008
7,1.19606,1.75334,1.03889,1.71783,0.356824,-1.19634,-0.491195
7,1.19421,1.75282,1.03912,1.71515,0.35708,-1.19697,-0.490382
7,1.19237,1.75231,1.03935,1.71247,0.357334,-1.1976,-0.489568
7,1.19052,1.75179,1.03958,1.70979,0.357586,-1.19823,-0.488754
7,1.18867,1.75127,1.03981,1.7071,0.357836,-1.19887,-0.487939
7,1.18683,1.75076,1.04003,1.7044,0.358084,-1.19951,-0.487124
7,1.18498,1.75024,1.04026,1.70171,0.358331,-1.20015,-0.486309
8,1.18498,1.75024,1.04026,1.70171,0.358331,-1.20015,-0.486309
8,1.18458,1.75111,1.04133,1.70333,0.359262,-1.19837,-0.485866
8,1.18417,1.75197,1.04241,1.70494,0.360195,-1.19659,-0.485421
8,1.18376,1.75284,1.04349,1.70655,0.36113,-1.1948,-0.484977
8,1.18334,1.7537,1.04457,1.70815,0.362067,-1.19302,-0.484532
8,1.18292,1.75456,1.04566,1.70974,0.363005,-1.19124,-0.484086
8,1.1825,1.75542,1.04674,1.71133,0.363944,-1.18946,-0.48364
8,1.18208,1.75628,1.04783,1.71292,0.364886,-1.18768,-0.483194
8,1.18165,1.75714,1.04892,1.71449,0.365829,-1.1859,-0.482747
8,1.18122,1.758,1.05002,1.71607,0.366773,-1.18413,-0.482299
8,1.18079,1.75886,1.05111,1.71763,0.367719,-1.18235,-0.481851
8,1.18035,1.75971,1.05221,1.71919,0.368667,-1.18057,-0.481403
8,1.17991,1.76056,1.05331,1.72074,0.369616,-1.17879,-0.480954
8,1.17947,1.76141,1.05441,1.72229,0.370567,-1.17702,-0.480505
8,1.17902,1.76226,1.05552,1.72383,0.371519,-1.17524,-0.480055
8,1.17857,1.76311,1.05662,1.72537,0.372473,-1.17347,-0.479605
8,1.17812,1.76396,1.05773,1.7269,0.373428,-1.1717,-0.479155
8,1.17766,1.76481,1.05884,1.72842,0.374385,-1.16992,-0.478704
8,1.1772,1.76565,1.05996,1.72994,0.375343,-1.16815,-0.478252
8,1.17674,1.7665,1.06107,1.73145,0.376303,-1.16638,-0.4778
8,1.17627,1.76734,1.06219,1.73296,0.377265,-1.16461,-0.477347
8,1.1758,1.76818,1.06331,1.73446,0.378228,-1.16283,-0.476894
8,1.17533,1.76902,1.06443,1.73596,0.379192,-1.16106,-0.476441
8,1.17486,1.76986,1.06555,1.73744,0.380158,-1.15929,-0.475987
8,1.17438,1.77069,1.06668,1.73893,0.381126,-1.15752,-0.475533
8,1.1739,1.77153,1.06781,1.7404,0.382095,-1.15576,-0.475078
8,1.17341,1.77237,1.06894,1.74187,0.383066,-1.15399,-0.474622
8,1.17292,1.7732,1.07007,1.74334,0.384038,-1.15222,-0.474166
8,1.17243,1.77403,1.07121,1.7448,0.385011,-1.15045,-0.47371
8,1.17194,1.77486,1.07234,1.74625,0.385986,-1.14869,-0.473253
8,1.17144,1.77569,1.07348,1.7477,0.386962,-1.14692,-0.472796
8,1.17094,1.77652,1.07462,1.74914,0.38794,-1.14515,-0.472338
8,1.17044,1.77735,1.07576,1.75057,0.38892,-1.14339,-0.471879
8,1.16993,1.77817,1.07691,1.752,0.3899,-1.14162,-0.471421
8,1.16942,1.779,1.07806,1.75342,0.390883,-1.13986,-0.470961
8,1.1689,1.77982,1.07921,1.75484,0.391866,-1.1381,-0.470501
8,1.16839,1.78065,1.08036,1.75625,0.392851,-1.13633,-0.470041
8,1.16787,1.78147,1.08151,1.75766,0.393838,-1.13457,-0.46958
8,1.16734,1.78229,1.08266,1.75906,0.394826,-1.13281,-0.469119
8,1.16682,1.78311,1.08382,1.76045,0.395815,-1.13105,-0.468657
8,1.16629,1.78392,1.08498,1.76184,0.396806,-1.12929,-0.468195
8,1.16575,1.78474,1.08614,1.76322,0.397798,-1.12753,-0.467732
8,1.16522,1.78556,1.08731,1.76459,0.398792,-1.12577,-0.467268
8,1.16468,1.78637,1.08847,1.76596,0.399787,-1.12401,-0.466804
8,1.16414,1.78718,1.08964,1.76733,0.400783,-1.12225,-0.46634
8,1.16359,1.78799,1.09081,1.76868,0.401781,-1.12049,-0.465875
8,1.16304,1.78881,1.09198,1.77003,0.40278,-1.11874,-0.46541
8,1.16249,1.78961,1.09315,1.77138,0.40378,-1.11698,-0.464944
8,1.16193,1.79042,1.09432,1.77272,0.404782,-1.11522,-0.464477
8,1.16137,1.79123,1.0955,1.77405,0.405785,-1.11347,-0.46401
8,1.16081,1.79204,1.09668,1.77538,0.40679,-1.11171,-0.463543
8,1.16025,1.79284,1.09786,1.7767,0.407795,-1.10996,-0.463075
8,1.15968,1.79365,1.09904,1.77802,0.408802,-1.1082,-0.462606
8,1.15911,1.79445,1.10023,1.77933,0.409811,-1.10645,-0.462137
8,1.15853,1.79525,1.10141,1.78063,0.410821,-1.10469,-0.461667
8,1.15795,1.79605,1.1026,1.78193,0.411832,-1.10294,-0.461197
8,1.15737,1.79685,1.10379,1.78322,0.412844,-1.10119,-0.460727
8,1.15679,1.79765,1.10498,1.7845,0.413857,-1.09944,-0.460255
8,1.1562,1.79844,1.10618,1.78578,0.414872,-1.09769,-0.459784
8,1.15561,1.79924,1.10737,1.78706,0.415888,-1.09594,-0.459311
8,1.15501,1.80004,1.10857,1.78832,0.416906,-1.09419,-0.458839
8,1.15441,1.80083,1.10977,1.78958,0.417925,-1.09244,-0.458365
8,1.15381,1.80162,1.11097,1.79084,0.418944,-1.09069,-0.457891
8,1.15321,1.80241,1.11217,1.79209,0.419966,-1.08894,-0.457417
8,1.1526,1.8032,1.11338,1.79333,0.420988,-1.08719,-0.456942
8,1.15199,1.80399,1.11458,1.79457,0.422012,-1.08544,-0.456466
8,1.15137,1.80478,1.11579,1.7958,0.423036,-1.08369,-0.45599
8,1.15076,1.80557,1.117,1.79703,0.424062,-1.08195,-0.455514
8,1.15014,1.80636,1.11821,1.79824,0.42509,-1.0802,-0.455037
8,1.14951,1.80714,1.11943,1.79946,0.426118,-1.07846,-0.454559
8,1.14888,1.80793,1.12064,1.80066,0.427148,-1.07671,-0.454081
8,1.14825,1.80871,1.12186,1.80187,0.428178,-1.07497,-0.453602
8,1.14762,1.80949,1.12308,1.80306,0.42921,-1.07322,-0.453122
8,1.14698,1.81027,1.1243,1.80425,0.430243,-1.07148,-0.452642
8,1.14634,1.81105,1.12552,1.80543,0.431277,-1.06974,-0.452162
8,1.1457,1.81183,1.12674,1.80661,0.432313,-1.06799,-0.451681
8,1.14505,1.81261,1.12797,1.80778,0.433349,-1.06625,-0.451199
8,1.1444,1.81339,1.12919,1.80894,0.434387,-1.06451,-0.450717
8,1.14374,1.81417,1.13042,1.8101,0.435425,-1.06277,-0.450234
8,1.14309,1.81494,1.13165,1.81125,0.436465,-1.06103,-0.449751
8,1.14243,1.81572,1.13288,1.8124,0.437506,-1.05929,-0.449267
8,1.14176,1.81649,1.13412,1.81354,0.438548,-1.05755,-0.448783
8,1.1411,1.81726,1.13535,1.81467,0.439591,-1.05581,-0.448297
8,1.14043,1.81803,1.13659,1.8158,0.440635,-1.05407,-0.447812
8,1.13975,1.81881,1.13782,1.81692,0.44168,-1.05234,-0.447326
8,1.13907,1.81957,1.13906,1.81804,0.442726,-1.0506,-0.446839
8,1.13839,1.82034,1.1403,1.81915,0.443774,-1.04886,-0.446352
8,1.13771,1.82111,1.14155,1.82025,0.444822,-1.04713,-0.445864
8,1.13702,1.82188,1.14279,1.82135,0.445871,-1.04539,-0.445375
8,1.13633,1.82264,1.14404,1.82244,0.446921,-1.04366,-0.444886
8,1.13564,1.82341,1.14528,1.82353,0.447972,-1.04192,-0.444396
8,1.13494,1.82417,1.14653,1.82461,0.449025,-1.04019,-0.443906
8,1.13424,1.82494,1.14778,1.82568,0.450078,-1.03845,-0.443415
8,1.13354,1.8257,1.14903,1.82675,0.451132,-1.03672,-0.442924
8,1.13283,1.82646,1.15028,1.82781,0.452187,-1.03499,-0.442432
8,1.13212,1.82722,1.15154,1.82886,0.453243,-1.03326,-0.441939
8,1.13141,1.82798,1.15279,1.82991,0.4543,-1.03153,-0.441446
8,1.13069,1.82874,1.15405,1.83095,0.455358,-1.0298,-0.440952
8,1.12997,1.8295,1.15531,1.83199,0.456416,-1.02807,-0.440458
8,1.12924,1.83026,1.15657,1.83302,0.457476,-1.02634,-0.439963
8,1.12852,1.83101,1.15783,1.83404,0.458537,-1.02461,-0.439467
8,1.12779,1.83177,1.15909,1.83506,0.459598,-1.02288,-0.438971
8,1.12705,1.83252,1.16035,1.83607,0.46066,-1.02115,-0.438474
8,1.12631,1.83328,1.16162,1.83708,0.461723,-1.01943,-0.437977
8,1.12557,1.83403,1.16288,1.83807,0.462787,-1.0177,-0.437479
8,1.12483,1.83478,1.16415,1.83907,0.463852,-1.01597,-0.43698
8,1.12408,1.83553,1.16542,1.84005,0.464918,-1.01425,-0.436481
8,1.12333,1.83629,1.16669,1.84103,0.465984,-1.01252,-0.435981
8,1.12258,1.83704,1.16796,1.84201,0.467051,-1.0108,-0.435481
8,1.12182,1.83778,1.16923,1.84298,0.468119,-1.00908,-0.43498
8,1.12106,1.83853,1.1705,1.84394,0.469188,-1.00735,-0.434478
8,1.12029,1.83928,1.17178,1.84489,0.470258,-1.00563,-0.433976
8,1.11953,1.84003,1.17305,1.84584,0.471328,-1.00391,-0.433473
8,1.11876,1.84077,1.17433,1.84679,0.472399,-1.00219,-0.432969
8,1.11798,1.84152,1.1756,1.84772,0.473471,-1.00047,-0.432465
8,1.1172,1.84226,1.17688,1.84865,0.474543,-0.998747,-0.43196
8,1.11642,1.84301,1.17816,1.84958,0.475616,-0.997028,-0.431455
8,1.11564,1.84375,1.17944,1.8505,0.47669,-0.99531,-0.430949
8,1.11485,1.84449,1.18073,1.85141,0.477765,-0.993592,-0.430442
8,1.11406,1.84523,1.18201,1.85232,0.47884,-0.991875,-0.429935
8,1.11326,1.84598,1.18329,1.85321,0.479916,-0.990158,-0.429427
8,1.11247,1.84672,1.18458,1.85411,0.480992,-0.988442,-0.428918
8,1.11166,1.84746,1.18586,1.855,0.482069,-0.986727,-0.428409
8,1.11086,1.84819,1.18715,1.85588,0.483147,-0.985012,-0.427899
8,1.11005,1.84893,1.18844,1.85675,0.484225,-0.983298,-0.427388
8,1.10924,1.84967,1.18972,1.85762,0.485304,-0.981585,-0.426877
8,1.10842,1.85041,1.19101,1.85848,0.486384,-0.979872,-0.426366
8,1.10761,1.85114,1.1923,1.85934,0.487464,-0.97816,-0.425853
8,1.10678,1.85188,1.1936,1.86019,0.488545,-0.976449,-0.42534
8,1.10596,1.85262,1.19489,1.86103,0.489626,-0.974738,-0.424826
8,1.10513,1.85335,1.19618,1.86187,0.490707,-0.973028,-0.424312
8,1.1043,1.85408,1.19747,1.8627,0.49179,-0.971319,-0.423797
8,1.10346,1.85482,1.19877,1.86352,0.492872,-0.969611,-0.423281
8,1.10262,1.85555,1.20006,1.86434,0.493955,-0.967903,-0.422765
8,1.10178,1.85628,1.20136,1.86515,0.495039,-0.966196,-0.422248
8,1.10094,1.85701,1.20266,1.86596,0.496123,-0.96449,-0.42173
8,1.10009,1.85774,1.20395,1.86676,0.497208,-0.962784,-0.421212
8,1.09923,1.85847,1.20525,1.86755,0.498293,-0.961079,-0.420693
8,1.09838,1.8592,1.20655,1.86833,0.499378,-0.959375,-0.420173
8,1.09752,1.85993,1.20785,1.86911,0.500464,-0.957672,-0.419653
8,1.09666,1.86066,1.20915,1.86989,0.50155,-0.955969,-0.419132
8,1.09579,1.86139,1.21045,1.87066,0.502637,-0.954267,-0.41861
8,1.09492,1.86212,1.21175,1.87142,0.503724,-0.952566,-0.418088
8,1.09405,1.86284,1.21306,1.87217,0.504811,-0.950866,-0.417565
8,1.09317,1.86357,1.21436,1.87292,0.505899,-0.949166,-0.417041
8,1.09229,1.8643,1.21566,1.87366,0.506987,-0.947467,-0.416517
8,1.09141,1.86502,1.21697,1.8744,0.508075,-0.945769,-0.415991
8,1.09052,1.86575,1.21827,1.87513,0.509164,-0.944072,-0.415466
8,1.08963,1.86647,1.21957,1.87585,0.510253,-0.942376,-0.414939
8,1.08874,1.8672,1.22088,1.87657,0.511342,-0.94068,-0.414412
8,1.08784,1.86792,1.22219,1.87728,0.512431,-0.938986,-0.413884
8,1.08694,1.86864,1.22349,1.87798,0.513521,-0.937292,-0.413356
8,1.08603,1.86937,1.2248,1.87868,0.514611,-0.935599,-0.412827
8,1.08513,1.87009,1.2261,1.87937,0.515701,-0.933906,-0.412297
8,1.08422,1.87081,1.22741,1.88006,0.516791,-0.932215,-0.411766
8,1.0833,1.87153,1.22872,1.88073,0.517882,-0.930524,-0.411235
8,1.08238,1.87225,1.23003,1.88141,0.518972,-0.928835,-0.410703
8,1.08146,1.87297,1.23134,1.88207,0.520063,-0.927146,-0.41017
8,1.08054,1.87369,1.23264,1.88273,0.521154,-0.925458,-0.409637
8,1.07961,1.87441,1.23395,1.88338,0.522245,-0.923771,-0.409103
8,1.07868,1.87513,1.23526,1.88403,0.523336,-0.922085,-0.408568
8,1.07774,1.87585,1.23657,1.88467,0.524427,-0.920399,-0.408032
8,1.07681,1.87657,1.23788,1.8853,0.525519,-0.918715,-0.407496
8,1.07586,1.87729,1.23919,1.88593,0.52661,-0.917031,-0.406959
8,1.07492,1.87801,1.2405,1.88655,0.527702,-0.915349,-0.406422
8,1.07397,1.87872,1.24181,1.88717,0.528793,-0.913667,-0.405883
8,1.07302,1.87944,1.24312,1.88777,0.529885,-0.911987,-0.405344
8,1.07206,1.88016,1.24443,1.88837,0.530976,-0.910307,-0.404804
8,1.0711,1.88088,1.24574,1.88897,0.532068,-0.908628,-0.404264
8,1.07014,1.88159,1.24705,1.88956,0.533159,-0.90695,-0.403723
8,1.06918,1.88231,1.24836,1.89014,0.534251,-0.905274,-0.403181
8,1.06821,1.88302,1.24967,1.89072,0.535342,-0.903598,-0.402638
8,1.06723,1.88374,1.25098,1.89129,0.536433,-0.901923,-0.402094
8,1.06626,1.88445,1.25229,1.89185,0.537525,-0.900249,-0.40155
8,1.06528,1.88517,1.2536,1.8924,0.538616,-0.898576,-0.401005
8,1.0643,1.88588,1.25491,1.89295,0.539707,-0.896904,-0.40046
8,1.06331,1.8866,1.25622,1.8935,0.540798,-0.895234,-0.399913
8,1.06232,1.88731,1.25753,1.89403,0.541888,-0.893564,-0.399366
8,1.06133,1.88803,1.25884,1.89457,0.542979,-0.891895,-0.398818
8,1.06033,1.88874,1.26015,1.89509,0.544069,-0.890227,-0.398269
8,1.05933,1.88946,1.26146,1.89561,0.54516,-0.888561,-0.39772
8,1.05833,1.89017,1.26277,1.89612,0.54625,-0.886895,-0.39717
8,1.05732,1.89088,1.26408,1.89662,0.54734,-0.885231,-0.396619
8,1.05631,1.8916,1.26539,1.89712,0.548429,-0.883568,-0.396067
8,1.05529,1.89231,1.2667,1.89761,0.549518,-0.881905,-0.395515
8,1.05428,1.89302,1.268,1.8981,0.550607,-0.880244,-0.394961
8,1.05326,1.89374,1.26931,1.89858,0.551696,-0.878584,-0.394407
8,1.05223,1.89445,1.27062,1.89905,0.552785,-0.876925,-0.393853
8,1.0512,1.89516,1.27192,1.89951,0.553873,-0.875268,-0.393297
8,1.05017,1.89587,1.27323,1.89997,0.55496,-0.873611,-0.392741
8,1.04914,1.89659,1.27454,1.90043,0.556048,-0.871956,-0.392184
8,1.0481,1.8973,1.27584,1.90087,0.557135,-0.870301,-0.391626
8,1.04706,1.89801,1.27715,1.90131,0.558222,-0.868648,-0.391067
8,1.04706,1.89801,1.27715,1.90131,0.558222,-0.868648,-0.391067
8,1.04706,1.89801,1.27715,1.90131,0.558222,-0.868648,-0.391067
8,1.04878,1.89825,1.27764,1.90409,0.558472,-0.867665,-0.391841
8,1.05051,1.89849,1.27813,1.90687,0.558722,-0.866684,-0.392613
8,1.05223,1.89873,1.27862,1.90964,0.558971,-0.865706,-0.393384
8,1.05396,1.89896,1.27912,1.91241,0.559219,-0.864729,-0.394155
8,1.05568,1.8992,1.27961,1.91518,0.559466,-0.863755,-0.394924
9,1.05568,1.8992,1.27961,1.91518,0.559466,-0.863755,-0.394924
9,1.05657,1.89835,1.27821,1.91477,0.558353,-0.865231,-0.395614
9,1.05745,1.8975,1.27681,1.91434,0.55724,-0.866708,-0.396303
9,1.05833,1.89665,1.27541,1.91392,0.556126,-0.868187,-0.396991
9,1.05921,1.8958,1.27402,1.91348,0.555011,-0.869668,-0.397678
9,1.06008,1.89495,1.27262,1.91304,0.553896,-0.871149,-0.398364
9,1.06095,1.8941,1.27122,1.91259,0.552781,-0.872632,-0.399049
9,1.06182,1.89325,1.26982,1.91214,0.551666,-0.874116,-0.399732
9,1.06268,1.8924,1.26842,1.91168,0.55055,-0.875601,-0.400415
9,1.06355,1.89155,1.26702,1.91121,0.549434,-0.877088,-0.401097
9,1.0644,1.89071,1.26562,1.91074,0.548318,-0.878576,-0.401778
9,1.06526,1.88986,1.26422,1.91026,0.547202,-0.880065,-0.402458
9,1.06611,1.88901,1.26282,1.90977,0.546085,-0.881556,-0.403137
9,1.06696,1.88816,1.26142,1.90928,0.544968,-0.883047,-0.403815
9,1.06781,1.88731,1.26001,1.90878,0.543851,-0.88454,-0.404492
9,1.06865,1.88646,1.25861,1.90828,0.542734,-0.886034,-0.405168
9,1.06949,1.88561,1.25721,1.90777,0.541617,-0.887529,-0.405843
9,1.07033,1.88476,1.25581,1.90725,0.5405,-0.889026,-0.406518
9,1.07117,1.88392,1.25441,1.90672,0.539382,-0.890523,-0.407191
9,1.072,1.88307,1.25301,1.90619,0.538264,-0.892022,-0.407863
9,1.07283,1.88222,1.25161,1.90566,0.537147,-0.893522,-0.408534
9,1.07365,1.88137,1.25021,1.90511,0.536029,-0.895023,-0.409205
9,1.07448,1.88052,1.2488,1.90456,0.534911,-0.896525,-0.409874
9,1.0753,1.87967,1.2474,1.90401,0.533793,-0.898029,-0.410543
9,1.07611,1.87883,1.246,1.90345,0.532675,-0.899533,-0.41121
9,1.07693,1.87798,1.2446,1.90288,0.531557,-0.901039,-0.411877
9,1.07774,1.87713,1.2432,1.9023,0.530439,-0.902546,-0.412542
9,1.07855,1.87628,1.2418,1.90172,0.529321,-0.904054,-0.413207
9,1.07935,1.87543,1.2404,1.90113,0.528204,-0.905563,-0.413871
9,1.08016,1.87458,1.239,1.90054,0.527086,-0.907073,-0.414534
9,1.08095,1.87373,1.2376,1.89994,0.525968,-0.908584,-0.415195
9,1.08175,1.87288,1.2362,1.89933,0.52485,-0.910096,-0.415856
9,1.08254,1.87203,1.2348,1.89872,0.523733,-0.91161,-0.416517
9,1.08334,1.87119,1.2334,1.8981,0.522615,-0.913124,-0.417176
9,1.08412,1.87034,1.232,1.89747,0.521498,-0.91464,-0.417834
9,1.08491,1.86949,1.2306,1.89684,0.520381,-0.916156,-0.418491
9,1.08569,1.86864,1.22921,1.8962,0.519264,-0.917674,-0.419148
9,1.08647,1.86779,1.22781,1.89556,0.518147,-0.919192,-0.419803
9,1.08724,1.86694,1.22641,1.89491,0.51703,-0.920712,-0.420458
9,1.08802,1.86609,1.22501,1.89425,0.515914,-0.922233,-0.421111
9,1.08879,1.86524,1.22362,1.89359,0.514798,-0.923754,-0.421764
9,1.08955,1.86439,1.22222,1.89292,0.513682,-0.925277,-0.422416
9,1.09032,1.86353,1.22083,1.89224,0.512566,-0.926801,-0.423067
9,1.09108,1.86268,1.21943,1.89156,0.511451,-0.928325,-0.423717
9,1.09184,1.86183,1.21804,1.89087,0.510336,-0.929851,-0.424366
9,1.09259,1.86098,1.21664,1.89018,0.509221,-0.931378,-0.425014
9,1.09334,1.86013,1.21525,1.88948,0.508106,-0.932905,-0.425661
9,1.09409,1.85928,1.21386,1.88877,0.506992,-0.934434,-0.426308
9,1.09484,1.85843,1.21247,1.88805,0.505878,-0.935964,-0.426953
9,1.09558,1.85757,1.21107,1.88733,0.504765,-0.937494,-0.427598
9,1.09632,1.85672,1.20968,1.88661,0.503651,-0.939026,-0.428242
9,1.09706,1.85587,1.20829,1.88588,0.502539,-0.940558,-0.428885
9,1.09779,1.85501,1.20691,1.88514,0.501426,-0.942091,-0.429527
9,1.09853,1.85416,1.20552,1.88439,0.500314,-0.943626,-0.430168
9,1.09926,1.85331,1.20413,1.88364,0.499203,-0.945161,-0.430808
9,1.09998,1.85245,1.20274,1.88288,0.498091,-0.946697,-0.431448
9,1.1007,1.8516,1.20136,1.88212,0.496981,-0.948234,-0.432086
9,1.10142,1.85074,1.19997,1.88135,0.495871,-0.949772,-0.432724
9,1.10214,1.84989,1.19859,1.88057,0.494761,-0.951311,-0.43336
9,1.10285,1.84903,1.1972,1.87979,0.493652,-0.952851,-0.433996
9,1.10357,1.84818,1.19582,1.879,0.492543,-0.954392,-0.434631
9,1.10427,1.84732,1.19444,1.87821,0.491435,-0.955933,-0.435266
9,1.10498,1.84647,1.19306,1.87741,0.490327,-0.957476,-0.435899
9,1.10568,1.84561,1.19168,1.8766,0.48922,-0.959019,-0.436531
9,1.10638,1.84475,1.1903,1.87579,0.488113,-0.960563,-0.437163
9,1.10708,1.84389,1.18892,1.87497,0.487007,-0.962108,-0.437794
9,1.10777,1.84304,1.18754,1.87414,0.485902,-0.963654,-0.438424
9,1.10846,1.84218,1.18616,1.87331,0.484797,-0.965201,-0.439053
9,1.10915,1.84132,1.18479,1.87247,0.483693,-0.966749,-0.439681
9,1.10983,1.84046,1.18342,1.87163,0.482589,-0.968297,-0.440308
9,1.11051,1.8396,1.18204,1.87078,0.481486,-0.969847,-0.440935
9,1.11119,1.83874,1.18067,1.86992,0.480384,-0.971397,-0.44156
9,1.11187,1.83788,1.1793,1.86906,0.479283,-0.972948,-0.442185
9,1.11254,1.83702,1.17793,1.86819,0.478182,-0.9745,-0.442809
9,1.11254,1.83702,1.17793,1.86819,0.478182,-0.9745,-0.442809
9,1.11254,1.83702,1.17793,1.86819,0.478182,-0.9745,-0.442809
9,1.11067,1.83666,1.17777,1.8653,0.478152,-0.975364,-0.441973
9,1.10881,1.8363,1.17762,1.86241,0.47812,-0.976231,-0.441138
10,1.10881,1.8363,1.17762,1.86241,0.47812,-0.976231,-0.441138
10,1.10921,1.83792,1.17911,1.86291,0.479093,-0.97622,-0.43986
10,1.10962,1.83953,1.18061,1.86341,0.480068,-0.976214,-0.438579
10,1.11002,1.84115,1.18211,1.86389,0.481043,-0.97621,-0.437297
10,1.11042,1.84277,1.18361,1.86437,0.482019,-0.97621,-0.436013
10,1.11083,1.84439,1.18512,1.86485,0.482995,-0.976212,-0.434727
10,1.11123,1.846,1.18662,1.86532,0.483972,-0.976217,-0.433439
10,1.11164,1.84762,1.18812,1.86578,0.484949,-0.976225,-0.432149
10,1.11205,1.84924,1.18963,1.86623,0.485927,-0.976236,-0.430858
10,1.11245,1.85085,1.19114,1.86668,0.486905,-0.976249,-0.429564
10,1.11286,1.85246,1.19265,1.86712,0.487884,-0.976266,-0.428269
10,1.11326,1.85408,1.19416,1.86756,0.488863,-0.976285,-0.426972
10,1.11367,1.85569,1.19567,1.86799,0.489843,-0.976307,-0.425673
10,1.11407,1.8573,1.19718,1.86841,0.490823,-0.976332,-0.424372
10,1.11448,1.85892,1.1987,1.86883,0.491803,-0.97636,-0.42307
10,1.11489,1.86053,1.20021,1.86924,0.492784,-0.97639,-0.421765
10,1.11529,1.86214,1.20173,1.86964,0.493766,-0.976423,-0.420459
10,1.1157,1.86375,1.20325,1.87004,0.494747,-0.97646,-0.419151
10,1.11611,1.86536,1.20477,1.87043,0.495729,-0.976498,-0.417841
10,1.11652,1.86697,1.20629,1.87082,0.496712,-0.97654,-0.416529
10,1.11692,1.86858,1.20781,1.8712,0.497694,-0.976585,-0.415216
10,1.11733,1.87018,1.20933,1.87157,0.498678,-0.976632,-0.4139
10,1.11774,1.87179,1.21085,1.87193,0.499661,-0.976682,-0.412583
10,1.11815,1.8734,1.21238,1.87229,0.500645,-0.976735,-0.411264
10,1.11856,1.87501,1.2139,1.87264,0.501629,-0.97679,-0.409943
10,1.11896,1.87661,1.21543,1.87299,0.502613,-0.976849,-0.40862
