1,0.482972,0.112542,0.644084,3.13279,3.13039,3.13674
1,0.482902,0.112586,0.64404,3.13187,3.1302,3.13667
1,0.483926,0.112584,0.644036,3.13187,3.13133,3.13667
1,0.484948,0.112583,0.644036,3.13187,3.13246,3.13665
1,0.485964,0.112584,0.644038,3.13187,3.13348,3.13664
1,0.486977,0.112584,0.644038,3.13187,3.13446,3.13663
1,0.487991,0.112583,0.644037,3.13187,3.13544,3.13662
1,0.489005,0.112583,0.644037,3.13187,3.13644,3.13661
1,0.49002,0.112582,0.644037,3.13187,3.13744,3.1366
2,0.49002,0.112582,0.644037,3.13187,3.13744,3.1366
2,0.489863,0.112889,0.643091,3.13187,3.13487,3.13663
2,0.489707,0.113196,0.642145,3.13187,3.13231,3.13665
2,0.489552,0.113502,0.6412,3.13187,3.12975,3.13668
2,0.489397,0.113809,0.640255,3.13187,3.12719,3.1367
2,0.489242,0.114116,0.639311,3.13187,3.12464,3.13673
2,0.489087,0.114422,0.638367,3.13187,3.12209,3.13675
2,0.488933,0.114729,0.637423,3.13187,3.11955,3.13678
2,0.488778,0.115036,0.63648,3.13187,3.117,3.1368
2,0.488624,0.115342,0.635537,3.13187,3.11446,3.13682
2,0.488471,0.115649,0.634594,3.13186,3.11193,3.13685
2,0.488317,0.115956,0.633652,3.13186,3.1094,3.13687
2,0.488163,0.116262,0.63271,3.13186,3.10687,3.1369
2,0.48801,0.116569,0.631769,3.13186,3.10434,3.13692
2,0.487857,0.116876,0.630828,3.13186,3.10182,3.13695
2,0.487705,0.117182,0.629887,3.13186,3.0993,3.13697
2,0.487552,0.117489,0.628947,3.13186,3.09679,3.137
2,0.4874,0.117796,0.628007,3.13186,3.09427,3.13702
2,0.487248,0.118102,0.627068,3.13186,3.09177,3.13705
2,0.487096,0.118409,0.626129,3.13186,3.08926,3.13707
2,0.486944,0.118715,0.62519,3.13185,3.08676,3.13709
2,0.486793,0.119022,0.624251,3.13185,3.08426,3.13712
2,0.486641,0.119329,0.623313,3.13185,3.08176,3.13714
2,0.48649,0.119635,0.622376,3.13185,3.07927,3.13717
2,0.48634,0.119942,0.621438,3.13185,3.07678,3.13719
2,0.486189,0.120249,0.620501,3.13185,3.0743,3.13722
2,0.486039,0.120555,0.619565,3.13185,3.07181,3.13724
2,0.485889,0.120862,0.618629,3.13184,3.06933,3.13726
2,0.485739,0.121169,0.617693,3.13184,3.06686,3.13729
2,0.485589,0.121475,0.616757,3.13184,3.06438,3.13731
2,0.485439,0.121782,0.615822,3.13184,3.06191,3.13734
2,0.48529,0.122089,0.614887,3.13184,3.05945,3.13736
2,0.485141,0.122395,0.613953,3.13183,3.05698,3.13739
2,0.484992,0.122702,0.613019,3.13183,3.05452,3.13741
2,0.484844,0.123009,0.612085,3.13183,3.05206,3.13743
2,0.484695,0.123315,0.611152,3.13183,3.04961,3.13746
2,0.484547,0.123622,0.610219,3.13183,3.04716,3.13748
2,0.484399,0.123929,0.609286,3.13182,3.04471,3.13751
2,0.484251,0.124235,0.608354,3.13182,3.04226,3.13753
2,0.484104,0.124542,0.607422,3.13182,3.03982,3.13755
2,0.483956,0.124849,0.60649,3.13182,3.03738,3.13758
2,0.483809,0.125155,0.605559,3.13181,3.03494,3.1376
2,0.483663,0.125462,0.604628,3.13181,3.03251,3.13763
2,0.483516,0.125769,0.603697,3.13181,3.03008,3.13765
2,0.483369,0.126075,0.602767,3.13181,3.02765,3.13767
2,0.483223,0.126382,0.601837,3.1318,3.02522,3.1377
2,0.483077,0.126689,0.600907,3.1318,3.0228,3.13772
2,0.482931,0.126995,0.599978,3.1318,3.02038,3.13775
2,0.482786,0.127302,0.599049,3.13179,3.01797,3.13777
2,0.48264,0.127609,0.59812,3.13179,3.01555,3.13779
2,0.482495,0.127915,0.597192,3.13179,3.01314,3.13782
2,0.48235,0.128222,0.596264,3.13178,3.01073,3.13784
2,0.482206,0.128529,0.595336,3.13178,3.00833,3.13786
2,0.482061,0.128835,0.594409,3.13178,3.00593,3.13789
2,0.481917,0.129142,0.593482,3.13178,3.00353,3.13791
2,0.481773,0.129448,0.592555,3.13177,3.00113,3.13794
2,0.481629,0.129755,0.591629,3.13177,2.99874,3.13796
2,0.481486,0.130062,0.590703,3.13177,2.99635,3.13798
2,0.481342,0.130368,0.589777,3.13176,2.99396,3.13801
2,0.481199,0.130675,0.588852,3.13176,2.99158,3.13803
2,0.481056,0.130982,0.587926,3.13175,2.98919,3.13805
2,0.480913,0.131288,0.587002,3.13175,2.98681,3.13808
2,0.480771,0.131595,0.586077,3.13175,2.98444,3.1381
2,0.480628,0.131902,0.585153,3.13174,2.98206,3.13813
2,0.480486,0.132208,0.584229,3.13174,2.97969,3.13815
2,0.480344,0.132515,0.583306,3.13174,2.97732,3.13817
2,0.480203,0.132822,0.582382,3.13173,2.97496,3.1382
2,0.480061,0.133128,0.581459,3.13173,2.97259,3.13822
2,0.47992,0.133435,0.580537,3.13172,2.97023,3.13824
2,0.479779,0.133742,0.579614,3.13172,2.96788,3.13827
2,0.479638,0.134048,0.578692,3.13172,2.96552,3.13829
2,0.479498,0.134355,0.577771,3.13171,2.96317,3.13831
2,0.479358,0.134661,0.576849,3.13171,2.96082,3.13834
2,0.479217,0.134968,0.575928,3.1317,2.95847,3.13836
2,0.479078,0.135275,0.575007,3.1317,2.95613,3.13839
2,0.478938,0.135581,0.574087,3.13169,2.95378,3.13841
2,0.478798,0.135888,0.573167,3.13169,2.95145,3.13843
2,0.478659,0.136195,0.572247,3.13169,2.94911,3.13846
2,0.47852,0.136501,0.571327,3.13168,2.94677,3.13848
2,0.478381,0.136808,0.570408,3.13168,2.94444,3.1385
2,0.478243,0.137115,0.569489,3.13167,2.94211,3.13853
2,0.478104,0.137421,0.56857,3.13167,2.93979,3.13855
2,0.477966,0.137728,0.567652,3.13166,2.93746,3.13857
2,0.477828,0.138034,0.566733,3.13166,2.93514,3.1386
2,0.477691,0.138341,0.565816,3.13165,2.93282,3.13862
2,0.477553,0.138648,0.564898,3.13165,2.93051,3.13864
2,0.477416,0.138954,0.563981,3.13164,2.9282,3.13867
2,0.477279,0.139261,0.563064,3.13164,2.92588,3.13869
2,0.477142,0.139568,0.562147,3.13163,2.92358,3.13872
2,0.477005,0.139874,0.56123,3.13163,2.92127,3.13874
2,0.476869,0.140181,0.560314,3.13162,2.91897,3.13876
2,0.476733,0.140487,0.559398,3.13162,2.91667,3.13879
2,0.476597,0.140794,0.558483,3.13161,2.91437,3.13881
2,0.476461,0.141101,0.557567,3.13161,2.91207,3.13883
2,0.476325,0.141407,0.556652,3.1316,2.90978,3.13886
2,0.47619,0.141714,0.555737,3.1316,2.90749,3.13888
2,0.476055,0.142021,0.554823,3.13159,2.9052,3.1389
2,0.47592,0.142327,0.553909,3.13158,2.90291,3.13893
2,0.475786,0.142634,0.552995,3.13158,2.90063,3.13895
2,0.475651,0.14294,0.552081,3.13157,2.89835,3.13897
2,0.475517,0.143247,0.551168,3.13157,2.89607,3.139
2,0.475383,0.143554,0.550254,3.13156,2.89379,3.13902
2,0.475249,0.14386,0.549342,3.13156,2.89152,3.13905
2,0.475116,0.144167,0.548429,3.13155,2.88925,3.13907
2,0.474982,0.144474,0.547517,3.13154,2.88698,3.13909
2,0.474849,0.14478,0.546605,3.13154,2.88471,3.13912
2,0.474716,0.145087,0.545693,3.13153,2.88245,3.13914
2,0.474584,0.145393,0.544781,3.13153,2.88019,3.13916
2,0.474451,0.1457,0.54387,3.13152,2.87793,3.13919
2,0.474319,0.146007,0.542959,3.13151,2.87567,3.13921
2,0.474187,0.146313,0.542048,3.13151,2.87342,3.13923
2,0.474055,0.14662,0.541138,3.1315,2.87117,3.13926
2,0.473924,0.146927,0.540227,3.1315,2.86892,3.13928
2,0.473793,0.147233,0.539317,3.13149,2.86667,3.1393
2,0.473661,0.14754,0.538407,3.13148,2.86442,3.13933
2,0.473531,0.147846,0.537498,3.13148,2.86218,3.13935
2,0.4734,0.148153,0.536589,3.13147,2.85994,3.13938
2,0.473269,0.14846,0.53568,3.13146,2.8577,3.1394
2,0.473139,0.148766,0.534771,3.13146,2.85547,3.13942
2,0.473009,0.149073,0.533863,3.13145,2.85324,3.13945
2,0.47288,0.149379,0.532954,3.13144,2.85101,3.13947
2,0.47275,0.149686,0.532046,3.13144,2.84878,3.13949
2,0.472621,0.149993,0.531139,3.13143,2.84655,3.13952
2,0.472492,0.150299,0.530231,3.13142,2.84433,3.13954
2,0.472363,0.150606,0.529324,3.13141,2.84211,3.13956
2,0.472234,0.150912,0.528417,3.13141,2.83989,3.13959
2,0.472106,0.151219,0.52751,3.1314,2.83767,3.13961
2,0.471977,0.151526,0.526603,3.13139,2.83546,3.13964
2,0.47185,0.151832,0.525697,3.13139,2.83325,3.13966
2,0.471722,0.152139,0.524791,3.13138,2.83104,3.13968
2,0.471594,0.152445,0.523885,3.13137,2.82883,3.13971
2,0.471467,0.152752,0.52298,3.13136,2.82663,3.13973
2,0.47134,0.153059,0.522074,3.13136,2.82442,3.13975
2,0.471213,0.153365,0.521169,3.13135,2.82222,3.13978
2,0.471086,0.153672,0.520264,3.13134,2.82002,3.1398
2,0.47096,0.153978,0.51936,3.13134,2.81783,3.13982
2,0.470834,0.154285,0.518455,3.13133,2.81564,3.13985
2,0.470708,0.154591,0.517551,3.13132,2.81345,3.13987
2,0.470582,0.154898,0.516647,3.13131,2.81126,3.1399
2,0.470457,0.155205,0.515744,3.1313,2.80907,3.13992
2,0.470332,0.155511,0.51484,3.1313,2.80689,3.13994
2,0.470207,0.155818,0.513937,3.13129,2.8047,3.13997
2,0.470082,0.156124,0.513034,3.13128,2.80253,3.13999
2,0.469957,0.156431,0.512131,3.13127,2.80035,3.14002
2,0.469833,0.156738,0.511228,3.13126,2.79817,3.14004
2,0.469709,0.157044,0.510326,3.13126,2.796,3.14006
2,0.469585,0.157351,0.509424,3.13125,2.79383,3.14009
2,0.469461,0.157657,0.508522,3.13124,2.79166,3.14011
2,0.469338,0.157964,0.50762,3.13123,2.7895,3.14013
2,0.469214,0.15827,0.506719,3.13122,2.78733,3.14016
2,0.469092,0.158577,0.505818,3.13122,2.78517,3.14018
2,0.468969,0.158884,0.504917,3.13121,2.78302,3.14021
2,0.468846,0.15919,0.504016,3.1312,2.78086,3.14023
2,0.468724,0.159497,0.503115,3.13119,2.7787,3.14025
2,0.468602,0.159803,0.502215,3.13118,2.77655,3.14028
2,0.46848,0.16011,0.501315,3.13117,2.7744,3.1403
2,0.468359,0.160416,0.500415,3.13116,2.77226,3.14033
2,0.468237,0.160723,0.499515,3.13116,2.77011,3.14035
2,0.468116,0.16103,0.498615,3.13115,2.76797,3.14037
2,0.467995,0.161336,0.497716,3.13114,2.76583,3.1404
3,0.467995,0.161336,0.497716,3.13114,2.76583,3.1404
3,0.467995,0.161336,0.497716,3.13114,2.76583,3.1404
3,0.46703,0.161337,0.49774,3.13114,2.76468,3.14041
3,0.466066,0.161337,0.497765,3.13113,2.76353,3.14043
3,0.465101,0.161338,0.497791,3.13113,2.76238,3.14044
3,0.464137,0.161339,0.497817,3.13112,2.76124,3.14045
4,0.464137,0.161339,0.497817,3.13112,2.76124,3.14045
4,0.464239,0.162014,0.498508,3.13113,2.76307,3.14044
4,0.464342,0.162689,0.499199,3.13114,2.7649,3.14041
4,0.464445,0.163363,0.499891,3.13114,2.76673,3.14039
4,0.464548,0.164038,0.500583,3.13115,2.76855,3.14037
4,0.464651,0.164713,0.501275,3.13116,2.77038,3.14035
4,0.464755,0.165388,0.501968,3.13117,2.7722,3.14033
4,0.464858,0.166063,0.502661,3.13117,2.77402,3.14031
4,0.464961,0.166738,0.503353,3.13118,2.77584,3.14029
4,0.465064,0.167413,0.504046,3.13119,2.77766,3.14027
4,0.465167,0.168088,0.50474,3.1312,2.77948,3.14025
4,0.46527,0.168762,0.505433,3.1312,2.78129,3.14023
4,0.465373,0.169437,0.506127,3.13121,2.78311,3.14021
4,0.465476,0.170112,0.506821,3.13122,2.78492,3.14019
4,0.46558,0.170787,0.507515,3.13122,2.78673,3.14017
4,0.465683,0.171462,0.508209,3.13123,2.78854,3.14015
4,0.465786,0.172137,0.508904,3.13124,2.79035,3.14013
4,0.465889,0.172812,0.509599,3.13124,2.79216,3.14011
4,0.465992,0.173487,0.510294,3.13125,2.79397,3.14009
4,0.466095,0.174161,0.510989,3.13126,2.79578,3.14007
4,0.466198,0.174836,0.511684,3.13126,2.79758,3.14005
4,0.466301,0.175511,0.51238,3.13127,2.79939,3.14003
4,0.466405,0.176186,0.513076,3.13128,2.80119,3.14001
4,0.466508,0.176861,0.513772,3.13128,2.80299,3.13999
4,0.466611,0.177536,0.514468,3.13129,2.80479,3.13997
4,0.466714,0.178211,0.515165,3.1313,2.80659,3.13995
4,0.466817,0.178886,0.515861,3.1313,2.80839,3.13993
4,0.46692,0.179561,0.516558,3.13131,2.81019,3.13991
4,0.467023,0.180235,0.517255,3.13132,2.81198,3.13989
4,0.467126,0.18091,0.517953,3.13132,2.81378,3.13987
4,0.46723,0.181585,0.51865,3.13133,2.81557,3.13986
4,0.467333,0.18226,0.519348,3.13133,2.81737,3.13984
4,0.467436,0.182935,0.520046,3.13134,2.81916,3.13982
4,0.467539,0.18361,0.520744,3.13135,2.82095,3.1398
4,0.467642,0.184285,0.521442,3.13135,2.82274,3.13978
4,0.467745,0.18496,0.522141,3.13136,2.82453,3.13976
4,0.467848,0.185635,0.522839,3.13137,2.82632,3.13974
4,0.467952,0.18631,0.523538,3.13137,2.8281,3.13972
4,0.468055,0.186984,0.524238,3.13138,2.82989,3.1397
4,0.468158,0.187659,0.524937,3.13138,2.83167,3.13968
4,0.468261,0.188334,0.525636,3.13139,2.83346,3.13966
4,0.468364,0.189009,0.526336,3.13139,2.83524,3.13964
4,0.468468,0.189684,0.527036,3.1314,2.83702,3.13962
4,0.468571,0.190359,0.527736,3.13141,2.83881,3.13961
4,0.468674,0.191034,0.528437,3.13141,2.84059,3.13959
4,0.468777,0.191709,0.529137,3.13142,2.84237,3.13957
4,0.46888,0.192384,0.529838,3.13142,2.84415,3.13955
4,0.468984,0.193059,0.530539,3.13143,2.84592,3.13953
4,0.469087,0.193734,0.53124,3.13143,2.8477,3.13951
4,0.46919,0.194409,0.531941,3.13144,2.84948,3.13949
4,0.469293,0.195083,0.532643,3.13144,2.85125,3.13947
4,0.469397,0.195758,0.533344,3.13145,2.85303,3.13945
4,0.4695,0.196433,0.534046,3.13146,2.8548,3.13944
4,0.469603,0.197108,0.534748,3.13146,2.85658,3.13942
4,0.469706,0.197783,0.535451,3.13147,2.85835,3.1394
4,0.46981,0.198458,0.536153,3.13147,2.86012,3.13938
4,0.469913,0.199133,0.536856,3.13148,2.86189,3.13936
4,0.470016,0.199808,0.537559,3.13148,2.86366,3.13934
4,0.47012,0.200483,0.538262,3.13149,2.86543,3.13932
4,0.470223,0.201158,0.538965,3.13149,2.8672,3.1393
4,0.470326,0.201833,0.539669,3.1315,2.86897,3.13929
4,0.47043,0.202508,0.540372,3.1315,2.87074,3.13927
4,0.470533,0.203182,0.541076,3.13151,2.87251,3.13925
4,0.470637,0.203857,0.54178,3.13151,2.87428,3.13923
4,0.47074,0.204532,0.542484,3.13152,2.87604,3.13921
4,0.470844,0.205207,0.543189,3.13152,2.87781,3.13919
4,0.470947,0.205882,0.543893,3.13153,2.87957,3.13917
4,0.471051,0.206557,0.544598,3.13153,2.88134,3.13916
4,0.471154,0.207232,0.545303,3.13153,2.8831,3.13914
4,0.471258,0.207907,0.546008,3.13154,2.88487,3.13912
4,0.471361,0.208582,0.546714,3.13154,2.88663,3.1391
4,0.471465,0.209257,0.547419,3.13155,2.88839,3.13908
4,0.471568,0.209932,0.548125,3.13155,2.89016,3.13906
4,0.471672,0.210607,0.548831,3.13156,2.89192,3.13905
4,0.471776,0.211282,0.549537,3.13156,2.89368,3.13903
4,0.471879,0.211957,0.550244,3.13157,2.89544,3.13901
4,0.471983,0.212632,0.55095,3.13157,2.8972,3.13899
4,0.472087,0.213306,0.551657,3.13158,2.89896,3.13897
4,0.47219,0.213981,0.552364,3.13158,2.90072,3.13896
4,0.472294,0.214656,0.553071,3.13158,2.90248,3.13894
4,0.472398,0.215331,0.553778,3.13159,2.90424,3.13892
4,0.472502,0.216006,0.554486,3.13159,2.906,3.1389
4,0.472606,0.216681,0.555193,3.1316,2.90776,3.13888
4,0.47271,0.217356,0.555901,3.1316,2.90952,3.13886
4,0.472814,0.218031,0.556609,3.13161,2.91128,3.13885
4,0.472917,0.218706,0.557317,3.13161,2.91304,3.13883
4,0.473021,0.219381,0.558026,3.13161,2.9148,3.13881
4,0.473125,0.220056,0.558734,3.13162,2.91655,3.13879
4,0.47323,0.220731,0.559443,3.13162,2.91831,3.13877
4,0.473334,0.221406,0.560152,3.13163,2.92007,3.13876
4,0.473438,0.222081,0.560861,3.13163,2.92183,3.13874
4,0.473542,0.222756,0.56157,3.13163,2.92359,3.13872
4,0.473646,0.223431,0.56228,3.13164,2.92534,3.1387
4,0.47375,0.224106,0.562989,3.13164,2.9271,3.13868
4,0.473854,0.224781,0.563699,3.13164,2.92886,3.13867
4,0.473959,0.225455,0.564409,3.13165,2.93062,3.13865
4,0.474063,0.22613,0.56512,3.13165,2.93237,3.13863
4,0.474167,0.226805,0.56583,3.13166,2.93413,3.13861
4,0.474272,0.22748,0.566541,3.13166,2.93589,3.1386
4,0.474376,0.228155,0.567251,3.13166,2.93765,3.13858
4,0.474481,0.22883,0.567962,3.13167,2.9394,3.13856
4,0.474585,0.229505,0.568673,3.13167,2.94116,3.13854
4,0.47469,0.23018,0.569385,3.13167,2.94292,3.13852
4,0.474795,0.230855,0.570096,3.13168,2.94468,3.13851
4,0.474899,0.23153,0.570808,3.13168,2.94644,3.13849
4,0.475004,0.232205,0.57152,3.13168,2.94819,3.13847
4,0.475109,0.23288,0.572232,3.13169,2.94995,3.13845
4,0.475214,0.233555,0.572944,3.13169,2.95171,3.13843
4,0.475318,0.23423,0.573656,3.13169,2.95347,3.13842
4,0.475423,0.234905,0.574369,3.1317,2.95523,3.1384
4,0.475528,0.23558,0.575082,3.1317,2.95699,3.13838
4,0.475633,0.236255,0.575795,3.1317,2.95875,3.13836
4,0.475738,0.23693,0.576508,3.13171,2.96051,3.13835
4,0.475843,0.237605,0.577221,3.13171,2.96227,3.13833
4,0.475949,0.23828,0.577935,3.13171,2.96403,3.13831
4,0.476054,0.238955,0.578648,3.13172,2.96579,3.13829
4,0.476159,0.239629,0.579362,3.13172,2.96755,3.13828
4,0.476264,0.240304,0.580076,3.13172,2.96931,3.13826
4,0.47637,0.240979,0.580791,3.13173,2.97107,3.13824
4,0.476475,0.241654,0.581505,3.13173,2.97283,3.13822
4,0.476581,0.242329,0.58222,3.13173,2.9746,3.1382
4,0.476686,0.243004,0.582934,3.13173,2.97636,3.13819
4,0.476792,0.243679,0.583649,3.13174,2.97812,3.13817
4,0.476897,0.244354,0.584364,3.13174,2.97989,3.13815
4,0.477003,0.245029,0.58508,3.13174,2.98165,3.13813
4,0.477109,0.245704,0.585795,3.13175,2.98342,3.13812
4,0.477215,0.246379,0.586511,3.13175,2.98518,3.1381
4,0.477321,0.247054,0.587227,3.13175,2.98695,3.13808
4,0.477427,0.247729,0.587943,3.13175,2.98871,3.13806
4,0.477533,0.248404,0.588659,3.13176,2.99048,3.13805
4,0.477639,0.249079,0.589376,3.13176,2.99225,3.13803
4,0.477745,0.249754,0.590092,3.13176,2.99402,3.13801
4,0.477851,0.250429,0.590809,3.13176,2.99579,3.13799
4,0.477957,0.251104,0.591526,3.13177,2.99756,3.13798
4,0.478064,0.251779,0.592243,3.13177,2.99933,3.13796
4,0.47817,0.252454,0.59296,3.13177,3.0011,3.13794
4,0.478277,0.253129,0.593678,3.13177,3.00287,3.13792
4,0.478383,0.253804,0.594396,3.13178,3.00464,3.13791
4,0.47849,0.254479,0.595113,3.13178,3.00642,3.13789
4,0.478597,0.255154,0.595831,3.13178,3.00819,3.13787
4,0.478704,0.255829,0.59655,3.13178,3.00997,3.13785
4,0.47881,0.256504,0.597268,3.13179,3.01174,3.13784
4,0.478917,0.257179,0.597987,3.13179,3.01352,3.13782
4,0.479024,0.257854,0.598705,3.13179,3.0153,3.1378
4,0.479132,0.258528,0.599424,3.13179,3.01708,3.13778
4,0.479239,0.259203,0.600144,3.13179,3.01885,3.13776
4,0.479346,0.259878,0.600863,3.1318,3.02064,3.13775
4,0.479453,0.260553,0.601582,3.1318,3.02242,3.13773
4,0.479561,0.261228,0.602302,3.1318,3.0242,3.13771
4,0.479668,0.261903,0.603022,3.1318,3.02598,3.13769
4,0.479776,0.262578,0.603742,3.13181,3.02777,3.13768
4,0.479883,0.263253,0.604462,3.13181,3.02955,3.13766
4,0.479991,0.263928,0.605183,3.13181,3.03134,3.13764
4,0.480099,0.264603,0.605903,3.13181,3.03312,3.13762
4,0.480207,0.265278,0.606624,3.13181,3.03491,3.13761
4,0.480207,0.265278,0.606624,3.13181,3.03491,3.13761
4,0.480207,0.265278,0.606624,3.13181,3.03491,3.13761
4,0.481067,0.265277,0.606616,3.13182,3.03579,3.1376
4,0.481926,0.265276,0.606611,3.13182,3.03667,3.13759
4,0.482785,0.265275,0.606605,3.13182,3.03756,3.13758
4,0.483645,0.265275,0.606599,3.13182,3.03845,3.13757
5,0.483645,0.265275,0.606599,3.13182,3.03845,3.13757
5,0.483554,0.264476,0.606016,3.13182,3.03697,3.13759
5,0.483465,0.263678,0.605432,3.13182,3.03549,3.1376
5,0.483376,0.262879,0.604849,3.13181,3.03402,3.13762
5,0.483287,0.262081,0.604265,3.13181,3.03254,3.13763
5,0.483198,0.261282,0.603682,3.13181,3.03107,3.13764
5,0.483109,0.260483,0.603099,3.13181,3.02959,3.13766
5,0.48302,0.259685,0.602516,3.13181,3.02812,3.13767
5,0.482932,0.258886,0.601933,3.13181,3.02665,3.13769
5,0.482843,0.258087,0.60135,3.1318,3.02518,3.1377
5,0.482754,0.257289,0.600767,3.1318,3.02371,3.13772
5,0.482666,0.25649,0.600185,3.1318,3.02224,3.13773
5,0.482577,0.255692,0.599602,3.1318,3.02078,3.13775
5,0.482489,0.254893,0.59902,3.1318,3.01931,3.13776
5,0.482401,0.254094,0.598438,3.1318,3.01784,3.13778
5,0.482313,0.253296,0.597856,3.13179,3.01638,3.13779
5,0.482224,0.252497,0.597274,3.13179,3.01491,3.1378
5,0.482136,0.251699,0.596692,3.13179,3.01345,3.13782
5,0.482048,0.2509,0.59611,3.13179,3.01199,3.13783
5,0.48196,0.250101,0.595529,3.13179,3.01053,3.13785
5,0.481872,0.249303,0.594948,3.13178,3.00907,3.13786
5,0.481785,0.248504,0.594366,3.13178,3.00761,3.13788
5,0.481697,0.247705,0.593785,3.13178,3.00615,3.13789
5,0.481609,0.246907,0.593204,3.13178,3.00469,3.13791
5,0.481521,0.246108,0.592623,3.13178,3.00323,3.13792
5,0.481434,0.24531,0.592042,3.13177,3.00177,3.13793
5,0.481346,0.244511,0.591461,3.13177,3.00032,3.13795
5,0.481259,0.243712,0.590881,3.13177,2.99886,3.13796
5,0.481171,0.242914,0.5903,3.13177,2.99741,3.13798
5,0.481084,0.242115,0.58972,3.13177,2.99595,3.13799
5,0.480997,0.241317,0.58914,3.13176,2.9945,3.13801
5,0.480909,0.240518,0.58856,3.13176,2.99304,3.13802
5,0.480822,0.239719,0.58798,3.13176,2.99159,3.13804
5,0.480735,0.238921,0.5874,3.13176,2.99014,3.13805
5,0.480648,0.238122,0.58682,3.13176,2.98869,3.13806
5,0.480561,0.237323,0.586241,3.13175,2.98723,3.13808
5,0.480474,0.236525,0.585661,3.13175,2.98578,3.13809
5,0.480387,0.235726,0.585082,3.13175,2.98433,3.13811
5,0.4803,0.234928,0.584503,3.13175,2.98288,3.13812
5,0.480213,0.234129,0.583924,3.13174,2.98143,3.13814
5,0.480126,0.23333,0.583345,3.13174,2.97998,3.13815
5,0.480039,0.232532,0.582766,3.13174,2.97853,3.13817
5,0.479953,0.231733,0.582187,3.13174,2.97709,3.13818
5,0.479866,0.230935,0.581608,3.13173,2.97564,3.13819
5,0.479779,0.230136,0.58103,3.13173,2.97419,3.13821
5,0.479693,0.229337,0.580451,3.13173,2.97274,3.13822
5,0.479606,0.228539,0.579873,3.13173,2.9713,3.13824
5,0.479519,0.22774,0.579295,3.13173,2.96985,3.13825
5,0.479433,0.226942,0.578717,3.13172,2.9684,3.13827
5,0.479346,0.226143,0.578139,3.13172,2.96696,3.13828
5,0.47926,0.225344,0.577561,3.13172,2.96551,3.1383
5,0.479174,0.224546,0.576984,3.13171,2.96406,3.13831
5,0.479087,0.223747,0.576406,3.13171,2.96262,3.13832
5,0.479001,0.222948,0.575829,3.13171,2.96117,3.13834
5,0.478915,0.22215,0.575251,3.13171,2.95973,3.13835
5,0.478828,0.221351,0.574674,3.1317,2.95828,3.13837
5,0.478742,0.220553,0.574097,3.1317,2.95684,3.13838
5,0.478656,0.219754,0.57352,3.1317,2.95539,3.1384
5,0.47857,0.218955,0.572944,3.1317,2.95395,3.13841
5,0.478484,0.218157,0.572367,3.13169,2.9525,3.13843
5,0.478398,0.217358,0.57179,3.13169,2.95106,3.13844
5,0.478311,0.21656,0.571214,3.13169,2.94961,3.13846
5,0.478225,0.215761,0.570638,3.13169,2.94817,3.13847
5,0.478139,0.214962,0.570062,3.13168,2.94673,3.13848
5,0.478053,0.214164,0.569485,3.13168,2.94528,3.1385
5,0.477967,0.213365,0.56891,3.13168,2.94384,3.13851
5,0.477881,0.212567,0.568334,3.13167,2.94239,3.13853
5,0.477795,0.211768,0.567758,3.13167,2.94095,3.13854
5,0.47771,0.210969,0.567183,3.13167,2.9395,3.13856
5,0.477624,0.210171,0.566607,3.13166,2.93806,3.13857
5,0.477538,0.209372,0.566032,3.13166,2.93661,3.13859
5,0.477452,0.208574,0.565457,3.13166,2.93517,3.1386
5,0.477366,0.207775,0.564882,3.13166,2.93372,3.13862
5,0.47728,0.206976,0.564307,3.13165,2.93228,3.13863
5,0.477194,0.206178,0.563732,3.13165,2.93083,3.13865
5,0.477109,0.205379,0.563157,3.13165,2.92939,3.13866
5,0.477023,0.204581,0.562583,3.13164,2.92794,3.13868
5,0.476937,0.203782,0.562008,3.13164,2.9265,3.13869
5,0.476851,0.202983,0.561434,3.13164,2.92505,3.1387
5,0.476766,0.202185,0.56086,3.13163,2.9236,3.13872
5,0.47668,0.201386,0.560286,3.13163,2.92216,3.13873
5,0.476594,0.200588,0.559712,3.13163,2.92071,3.13875
5,0.476508,0.199789,0.559138,3.13162,2.91926,3.13876
5,0.476423,0.19899,0.558564,3.13162,2.91782,3.13878
5,0.476337,0.198192,0.557991,3.13162,2.91637,3.13879
5,0.476251,0.197393,0.557418,3.13161,2.91492,3.13881
5,0.476166,0.196595,0.556844,3.13161,2.91347,3.13882
5,0.47608,0.195796,0.556271,3.13161,2.91202,3.13884
5,0.475995,0.194997,0.555698,3.1316,2.91057,3.13885
5,0.475909,0.194199,0.555125,3.1316,2.90912,3.13887
5,0.475823,0.1934,0.554553,3.1316,2.90767,3.13888
5,0.475738,0.192602,0.55398,3.13159,2.90622,3.1389
5,0.475652,0.191803,0.553407,3.13159,2.90477,3.13891
5,0.475566,0.191004,0.552835,3.13159,2.90332,3.13893
5,0.475481,0.190206,0.552263,3.13158,2.90187,3.13894
5,0.475395,0.189407,0.551691,3.13158,2.90042,3.13896
5,0.47531,0.188609,0.551119,3.13158,2.89897,3.13897
5,0.475224,0.18781,0.550547,3.13157,2.89751,3.13899
5,0.475138,0.187011,0.549975,3.13157,2.89606,3.139
5,0.475053,0.186213,0.549404,3.13157,2.8946,3.13902
5,0.474967,0.185414,0.548832,3.13156,2.89315,3.13903
5,0.474881,0.184616,0.548261,3.13156,2.89169,3.13905
5,0.474796,0.183817,0.54769,3.13155,2.89024,3.13906
5,0.47471,0.183019,0.547119,3.13155,2.88878,3.13908
5,0.474625,0.18222,0.546548,3.13155,2.88732,3.13909
5,0.474539,0.181421,0.545977,3.13154,2.88587,3.13911
5,0.474453,0.180623,0.545406,3.13154,2.88441,3.13912
5,0.474368,0.179824,0.544836,3.13153,2.88295,3.13914
5,0.474282,0.179026,0.544266,3.13153,2.88149,3.13915
5,0.474196,0.178227,0.543695,3.13153,2.88003,3.13917
5,0.474111,0.177428,0.543125,3.13152,2.87857,3.13918
5,0.474025,0.17663,0.542555,3.13152,2.8771,3.1392
5,0.473939,0.175831,0.541986,3.13151,2.87564,3.13921
5,0.473854,0.175033,0.541416,3.13151,2.87418,3.13923
5,0.473768,0.174234,0.540846,3.13151,2.87271,3.13925
5,0.473682,0.173436,0.540277,3.1315,2.87125,3.13926
5,0.473596,0.172637,0.539708,3.1315,2.86978,3.13928
5,0.473511,0.171838,0.539139,3.13149,2.86832,3.13929
5,0.473425,0.17104,0.53857,3.13149,2.86685,3.13931
5,0.473339,0.170241,0.538001,3.13149,2.86538,3.13932
5,0.473254,0.169443,0.537432,3.13148,2.86391,3.13934
5,0.473168,0.168644,0.536863,3.13148,2.86244,3.13935
5,0.473082,0.167846,0.536295,3.13147,2.86097,3.13937
5,0.472996,0.167047,0.535727,3.13147,2.8595,3.13938
5,0.47291,0.166248,0.535159,3.13146,2.85803,3.1394
5,0.472824,0.16545,0.534591,3.13146,2.85656,3.13941
5,0.472739,0.164651,0.534023,3.13146,2.85508,3.13943
5,0.472653,0.163853,0.533455,3.13145,2.85361,3.13945
5,0.472567,0.163054,0.532887,3.13145,2.85213,3.13946
5,0.472481,0.162256,0.53232,3.13144,2.85066,3.13948
5,0.472395,0.161457,0.531753,3.13144,2.84918,3.13949
5,0.472309,0.160658,0.531186,3.13143,2.8477,3.13951
5,0.472223,0.15986,0.530619,3.13143,2.84622,3.13952
5,0.472137,0.159061,0.530052,3.13142,2.84474,3.13954
5,0.472051,0.158263,0.529485,3.13142,2.84326,3.13956
5,0.471965,0.157464,0.528918,3.13141,2.84177,3.13957
5,0.471879,0.156666,0.528352,3.13141,2.84029,3.13959
5,0.471793,0.155867,0.527786,3.13141,2.83881,3.1396
5,0.471707,0.155069,0.52722,3.1314,2.83732,3.13962
5,0.471621,0.15427,0.526654,3.1314,2.83583,3.13964
5,0.471535,0.153471,0.526088,3.13139,2.83435,3.13965
5,0.471449,0.152673,0.525522,3.13139,2.83286,3.13967
5,0.471363,0.151874,0.524957,3.13138,2.83137,3.13968
5,0.471276,0.151076,0.524391,3.13138,2.82988,3.1397
5,0.47119,0.150277,0.523826,3.13137,2.82838,3.13971
5,0.471104,0.149479,0.523261,3.13137,2.82689,3.13973
5,0.471018,0.14868,0.522696,3.13136,2.8254,3.13975
5,0.470932,0.147882,0.522131,3.13136,2.8239,3.13976
5,0.470845,0.147083,0.521566,3.13135,2.8224,3.13978
5,0.470759,0.146285,0.521002,3.13135,2.82091,3.1398
5,0.470673,0.145486,0.520438,3.13134,2.81941,3.13981
5,0.470573,0.144688,0.519879,3.13134,2.81766,3.13983
5,0.470444,0.14389,0.519329,3.13133,2.81543,3.13985
5,0.470316,0.143093,0.518781,3.13132,2.81321,3.13987
5,0.470189,0.142295,0.518232,3.13131,2.81099,3.1399
5,0.470062,0.141497,0.517682,3.13131,2.80878,3.13992
5,0.469935,0.140698,0.517133,3.1313,2.80657,3.13994
5,0.46981,0.1399,0.516583,3.13129,2.80437,3.13997
5,0.469684,0.139102,0.516034,3.13128,2.80217,3.13999
5,0.469558,0.138304,0.515486,3.13127,2.79998,3.14002
5,0.469434,0.137506,0.514937,3.13127,2.7978,3.14004
5,0.469309,0.136708,0.514389,3.13126,2.79562,3.14007
5,0.469185,0.13591,0.513841,3.13125,2.79345,3.14009
5,0.469061,0.135112,0.513293,3.13124,2.79128,3.14011
5,0.468938,0.134314,0.512745,3.13123,2.78912,3.14014
5,0.468816,0.133515,0.512195,3.13122,2.78696,3.14016
5,0.468693,0.132718,0.51165,3.13122,2.78482,3.14018
5,0.468571,0.131919,0.511102,3.13121,2.78267,3.14021
5,0.46845,0.131121,0.510554,3.1312,2.78053,3.14023
5,0.468329,0.130323,0.510008,3.13119,2.7784,3.14025
5,0.468208,0.129524,0.509459,3.13118,2.77627,3.14028
5,0.468088,0.128726,0.508913,3.13117,2.77415,3.1403
5,0.467968,0.127928,0.508365,3.13116,2.77203,3.14033
5,0.467848,0.127131,0.50782,3.13116,2.76992,3.14035
5,0.46773,0.126332,0.507272,3.13115,2.76782,3.14037
5,0.467611,0.125534,0.506728,3.13114,2.76572,3.1404
5,0.467493,0.124736,0.50618,3.13113,2.76362,3.14042
5,0.467375,0.123938,0.505635,3.13112,2.76154,3.14044
5,0.467257,0.12314,0.505089,3.13111,2.75945,3.14047
5,0.46714,0.122342,0.504543,3.13111,2.75737,3.14049
5,0.467024,0.121543,0.503996,3.1311,2.7553,3.14052
5,0.466908,0.120745,0.503451,3.13109,2.75323,3.14054
5,0.466792,0.119947,0.502905,3.13108,2.75117,3.14056
5,0.466676,0.119149,0.502361,3.13107,2.74912,3.14058
5,0.466561,0.118351,0.501815,3.13106,2.74706,3.14061
5,0.466447,0.117552,0.501269,3.13105,2.74502,3.14063
5,0.466333,0.116755,0.500725,3.13104,2.74298,3.14065
5,0.466219,0.115956,0.50018,3.13103,2.74094,3.14068
5,0.466106,0.115158,0.499634,3.13102,2.73891,3.1407
5,0.465992,0.11436,0.49909,3.13102,2.73689,3.14072
5,0.46588,0.113562,0.498545,3.13101,2.73487,3.14075
5,0.465768,0.112764,0.498,3.131,2.73286,3.14077
5,0.465656,0.111965,0.497455,3.13099,2.73085,3.1408
5,0.465544,0.111167,0.496912,3.13098,2.72885,3.14082
5,0.465434,0.110369,0.496367,3.13097,2.72685,3.14084
5,0.465323,0.10957,0.495821,3.13096,2.72485,3.14087
5,0.465212,0.108773,0.495279,3.13095,2.72287,3.14088
5,0.465103,0.107974,0.494735,3.13094,2.72089,3.14091
5,0.464994,0.107176,0.494189,3.13093,2.71891,3.14094
5,0.464884,0.106378,0.493647,3.13092,2.71694,3.14095
5,0.464776,0.105579,0.493102,3.13091,2.71497,3.14098
5,0.464776,0.105579,0.493102,3.13091,2.71497,3.14098
5,0.464776,0.105579,0.493102,3.13091,2.71497,3.14098
5,0.465726,0.105579,0.493075,3.13092,2.71606,3.14097
5,0.466677,0.105578,0.493047,3.13092,2.71714,3.14096
5,0.467629,0.105577,0.493019,3.13093,2.71823,3.14094
6,0.467629,0.105577,0.493019,3.13093,2.71823,3.14094
6,0.467507,0.104876,0.492374,3.13092,2.71606,3.14096
6,0.467387,0.104175,0.491726,3.13091,2.71388,3.14099
6,0.467267,0.103473,0.491077,3.1309,2.7117,3.14102
6,0.467147,0.102772,0.49043,3.13088,2.70953,3.14104
6,0.467028,0.10207,0.489782,3.13087,2.70737,3.14107
6,0.466909,0.101369,0.489136,3.13086,2.70521,3.14109
6,0.466791,0.100667,0.488488,3.13085,2.70305,3.14112
6,0.466673,0.0999657,0.48784,3.13084,2.7009,3.14115
6,0.466555,0.0992643,0.487194,3.13083,2.69875,3.14117
6,0.466437,0.0985629,0.486547,3.13082,2.69661,3.1412
6,0.46632,0.0978613,0.4859,3.13081,2.69447,3.14122
6,0.466203,0.0971598,0.485254,3.1308,2.69234,3.14125
6,0.466087,0.0964585,0.484608,3.13079,2.69021,3.14127
6,0.465971,0.0957569,0.483961,3.13078,2.68808,3.1413
6,0.465856,0.0950548,0.483313,3.13076,2.68596,3.14133
6,0.46574,0.0943538,0.482669,3.13075,2.68384,3.14135
6,0.465625,0.0936524,0.482023,3.13074,2.68173,3.14138
6,0.46551,0.092951,0.481378,3.13073,2.67962,3.1414
6,0.465396,0.0922496,0.480732,3.13072,2.67752,3.14143
6,0.465282,0.0915478,0.480086,3.13071,2.67542,3.14145
6,0.465169,0.0908463,0.479441,3.1307,2.67332,3.14148
6,0.465055,0.0901453,0.478797,3.13068,2.67123,3.1415
6,0.464943,0.0894435,0.478151,3.13067,2.66915,3.14153
6,0.46483,0.088742,0.477506,3.13066,2.66706,3.14155
6,0.464718,0.0880404,0.476861,3.13065,2.66499,3.14158
6,0.464606,0.0873391,0.476217,-0.0109553,0.47868,1.19932e-05
6,0.464495,0.0866375,0.475572,-0.0109672,0.480749,3.78839e-05
6,0.464384,0.085936,0.474927,-0.010979,0.482814,6.33225e-05
6,0.464273,0.0852343,0.474282,-0.0109911,0.484876,8.98582e-05
6,0.464163,0.0845331,0.473639,-0.0110026,0.48693,0.000113554
6,0.464053,0.0838311,0.472993,-0.0110152,0.488985,0.000142119
6,0.463943,0.0831297,0.47235,-0.0110271,0.491032,0.000166697
6,0.463834,0.0824281,0.471705,-0.0110393,0.493076,0.000192693
6,0.463725,0.0817268,0.471062,-0.0110512,0.495114,0.000217165
6,0.463616,0.081025,0.470418,-0.0110636,0.497149,0.000243873
6,0.463508,0.0803235,0.469774,-0.0110758,0.49918,0.00026922
6,0.4634,0.079622,0.46913,-0.0110881,0.501206,0.000294696
6,0.463292,0.0789204,0.468487,-0.0111004,0.503228,0.000320732
6,0.463185,0.078219,0.467844,-0.0111127,0.505245,0.000345516
6,0.463078,0.0775174,0.4672,-0.0111251,0.507258,0.000371082
6,0.462972,0.0768162,0.466558,-0.0111371,0.509265,0.00039459
6,0.462866,0.0761144,0.465914,-0.0111498,0.511271,0.000421211
6,0.46276,0.0754127,0.465271,-0.0111626,0.513272,0.000447965
6,0.462654,0.074711,0.464627,-0.0111754,0.515268,0.000474406
6,0.462549,0.0740097,0.463985,-0.0111877,0.517259,0.000498439
6,0.462445,0.0733077,0.463341,-0.0112008,0.519248,0.000526753
6,0.46234,0.0726064,0.462699,-0.0112134,0.52123,0.000550757
6,0.462236,0.0719046,0.462056,-0.0112263,0.523209,0.000577281
6,0.462132,0.0712031,0.461413,-0.0112391,0.525184,0.000602809
6,0.462029,0.0705015,0.46077,-0.0112519,0.527154,0.000628527
6,0.461926,0.0698,0.460128,-0.0112648,0.529119,0.000653547
6,0.461823,0.0690985,0.459486,-0.0112776,0.53108,0.000678407
6,0.461721,0.0683969,0.458844,-0.0112906,0.533037,0.000704096
6,0.461619,0.0676953,0.458201,-0.0113037,0.53499,0.000729866
6,0.461517,0.0669936,0.457559,-0.0113169,0.536939,0.000756137
6,0.461415,0.0662921,0.456917,-0.0113299,0.538883,0.000780902
6,0.461314,0.0655905,0.456275,-0.0113431,0.540823,0.000806863
6,0.461214,0.0648888,0.455632,-0.0113564,0.542759,0.000833099
6,0.461114,0.0641873,0.454991,-0.0113696,0.544689,0.00085808
6,0.461014,0.0634857,0.454349,-0.0113829,0.546616,0.000883476
6,0.460914,0.062784,0.453707,-0.0113963,0.548539,0.000909524
6,0.460815,0.0620825,0.453065,-0.0114096,0.550456,0.00093439
6,0.460716,0.0613807,0.452423,-0.0114232,0.552371,0.000961121
6,0.460617,0.0606791,0.451782,-0.0114366,0.55428,0.000986347
6,0.460519,0.0599775,0.45114,-0.0114501,0.556185,0.00101186
6,0.460421,0.0592758,0.450498,-0.0114638,0.558086,0.00103832
6,0.460323,0.0585742,0.449856,-0.0114774,0.559983,0.00106399
6,0.460226,0.0578725,0.449215,-0.0114911,0.561875,0.00108987
6,0.460129,0.057171,0.448574,-0.0115046,0.563762,0.00111452
6,0.460033,0.0564691,0.447932,-0.0115185,0.565647,0.00114168
6,0.459936,0.0557677,0.447291,-0.0115321,0.567525,0.00116564
6,0.45984,0.055066,0.446649,-0.011546,0.5694,0.00119195
6,0.459745,0.0543641,0.446007,-0.01156,0.571271,0.00121907
6,0.45965,0.0536625,0.445366,-0.0115739,0.573137,0.00124429
6,0.459555,0.052961,0.444725,-0.0115878,0.574998,0.00126912
6,0.45946,0.0522592,0.444084,-0.0116018,0.576855,0.00129547
6,0.459366,0.0515577,0.443443,-0.0116157,0.578707,0.00131983
6,0.459272,0.050856,0.442802,-0.0116299,0.580556,0.00134635
6,0.459179,0.0501544,0.442161,-0.0116439,0.5824,0.00137154
6,0.459085,0.0494527,0.44152,-0.0116581,0.58424,0.00139737
6,0.458993,0.0487511,0.440879,-0.0116721,0.586075,0.00142216
6,0.4589,0.0480492,0.440237,-0.0116866,0.587907,0.00144974
6,0.458808,0.0473477,0.439597,-0.0117006,0.589732,0.00147377
6,0.458716,0.046646,0.438956,-0.0117149,0.591554,0.00149921
6,0.458624,0.0459444,0.438315,-0.0117292,0.593372,0.00152473
6,0.458533,0.0452425,0.437673,-0.0117438,0.595186,0.00155163
6,0.458442,0.0445407,0.437032,-0.0117583,0.596996,0.00157817
6,0.458352,0.0438392,0.436392,-0.0117725,0.598799,0.00160212
6,0.458262,0.0431374,0.43575,-0.0117872,0.6006,0.00162863
6,0.458172,0.0424356,0.435109,-0.0118018,0.602396,0.00165496
6,0.458082,0.0417339,0.434468,-0.0118163,0.604187,0.00168067
6,0.457993,0.0410322,0.433827,-0.011831,0.605974,0.00170652
6,0.457904,0.0403305,0.433186,-0.0118456,0.607757,0.00173233
6,0.457816,0.0396288,0.432546,-0.0118603,0.609534,0.00175772
6,0.457727,0.038927,0.431905,-0.011875,0.611308,0.00178359
6,0.45764,0.0382253,0.431264,-0.0118898,0.613077,0.00180896
6,0.457552,0.0375236,0.430623,-0.0119045,0.614842,0.00183443
6,0.457465,0.0368219,0.429982,-0.0119194,0.616602,0.00186056
6,0.457378,0.0361201,0.429341,-0.0119343,0.618358,0.00188643
6,0.457291,0.0354184,0.4287,-0.0119492,0.620109,0.00191198
6,0.457205,0.0347168,0.42806,-0.0119639,0.621855,0.00193582
6,0.457119,0.034015,0.427418,-0.011979,0.623598,0.00196268
6,0.457034,0.0333132,0.426777,-0.0119941,0.625336,0.00198838
6,0.456948,0.0326115,0.426136,-0.0120091,0.627069,0.00201396
6,0.456863,0.0319097,0.425495,-0.0120242,0.628798,0.0020402
6,0.456779,0.0312079,0.424854,-0.0120393,0.630523,0.00206554
6,0.456695,0.0305061,0.424213,-0.0120545,0.632243,0.00209178
6,0.456611,0.0298043,0.423572,-0.0120697,0.633958,0.00211754
6,0.456527,0.0291026,0.422931,-0.0120849,0.635669,0.00214264
6,0.456444,0.0284009,0.42229,-0.0121001,0.637375,0.00216792
6,0.456361,0.0276991,0.421649,-0.0121154,0.639077,0.00219379
6,0.456278,0.0269973,0.421008,-0.0121307,0.640775,0.0022196
6,0.456196,0.0262954,0.420366,-0.0121461,0.642468,0.0022466
6,0.456114,0.0255936,0.419725,-0.0121615,0.644156,0.00227182
6,0.456032,0.0248919,0.419085,-0.0121769,0.64584,0.0022965
6,0.455951,0.0241902,0.418444,-0.0121923,0.647519,0.0023216
6,0.45587,0.0234883,0.417802,-0.0122078,0.649194,0.0023487
6,0.455789,0.0227865,0.417161,-0.0122233,0.650864,0.00237388
6,0.455709,0.0220848,0.41652,-0.0122388,0.652529,0.00239894
6,0.455629,0.0213829,0.415878,-0.0122544,0.654191,0.00242507
6,0.455549,0.0206811,0.415237,-0.0122701,0.655847,0.00245111
6,0.455469,0.0199793,0.414595,-0.0122857,0.657499,0.00247675
6,0.45539,0.0192775,0.413954,-0.0123013,0.659146,0.00250202
6,0.455312,0.0185757,0.413312,-0.012317,0.660789,0.00252721
6,0.455233,0.0178739,0.412671,-0.0123327,0.662427,0.00255291
6,0.455155,0.017172,0.412029,-0.0123485,0.664061,0.00257956
6,0.455077,0.0164702,0.411387,-0.0123643,0.66569,0.00260462
6,0.455,0.0157683,0.410746,-0.0123801,0.667314,0.00263028
6,0.454922,0.0150665,0.410104,-0.0123959,0.668934,0.00265582
6,0.454846,0.0143647,0.409462,-0.0124118,0.670549,0.00268095
6,0.454769,0.0136629,0.408821,-0.0124276,0.672159,0.00270563
6,0.454693,0.012961,0.408178,-0.0124436,0.673766,0.00273271
6,0.454617,0.0122591,0.407536,-0.0124595,0.675367,0.00275858
6,0.454541,0.0115573,0.406895,-0.0124755,0.676963,0.0027833
6,0.454466,0.0108555,0.406253,-0.0124915,0.678555,0.00280837
6,0.454391,0.0101536,0.405611,-0.0125075,0.680142,0.00283468
6,0.454317,0.0094517,0.404968,-0.0125236,0.681725,0.0028601
6,0.454242,0.0087499,0.404327,-0.0125396,0.683302,0.00288475
6,0.454168,0.00804798,0.403684,-0.0125557,0.684876,0.00291098
6,0.454094,0.00734609,0.403041,-0.0125719,0.686445,0.00293674
6,0.454021,0.00664423,0.402399,-0.012588,0.688009,0.00296195
6,0.453948,0.00594242,0.401757,-0.0126041,0.689567,0.00298638
6,0.453875,0.0052405,0.401114,-0.0126204,0.691122,0.00301241
6,0.453803,0.00453857,0.400471,-0.0126366,0.692672,0.00303849
6,0.453731,0.00383669,0.399829,-0.0126528,0.694217,0.00306383
6,0.453659,0.00313482,0.399186,-0.0126691,0.695757,0.0030888
6,0.453587,0.00243294,0.398543,-0.0126853,0.697293,0.00311402
6,0.453516,0.00173104,0.397901,-0.0127016,0.698824,0.00313938
6,0.453445,0.00102913,0.397258,-0.012718,0.70035,0.00316493
6,0.453375,0.0003272,0.396614,-0.0127343,0.701871,0.00319061
6,0.453305,-0.000374689,0.395971,-0.0127507,0.703388,0.00321562
6,0.453235,-0.00107658,0.395328,-0.012767,0.7049,0.00324064
6,0.453165,-0.00177853,0.394685,-0.0127835,0.706407,0.00326646
6,0.453096,-0.00248044,0.394041,-0.0127999,0.707909,0.00329168
6,0.453027,-0.00318235,0.393398,-0.0128163,0.709407,0.00331666
6,0.452958,-0.0038843,0.392754,-0.0128328,0.7109,0.00334226
6,0.45289,-0.00458622,0.392111,-0.0128493,0.712387,0.0033674
6,0.452821,-0.0052881,0.391467,-0.0128657,0.71387,0.00339165
6,0.452754,-0.00599007,0.390823,-0.0128822,0.715349,0.00341747
6,0.452754,-0.00599007,0.390823,-0.0128822,0.715349,0.00341747
6,0.452754,-0.00599007,0.390823,-0.0128822,0.715349,0.00341747
6,0.453756,-0.00599033,0.390761,-0.0128642,0.713804,0.00339284
6,0.45476,-0.00599133,0.3907,-0.0128469,0.712257,0.00336703
6,0.455763,-0.00599235,0.390638,-0.0128297,0.710706,0.00334099
6,0.456767,-0.00599337,0.390577,-0.0128125,0.709153,0.00331499
6,0.457771,-0.00599439,0.390515,-0.0127954,0.707597,0.00328901
6,0.458775,-0.00599541,0.390453,-0.0127783,0.706038,0.00326305
7,0.458775,-0.00599541,0.390453,-0.0127783,0.706038,0.00326305
7,0.458732,-0.00508073,0.390098,-0.0127876,0.706956,0.00327644
7,0.45869,-0.00416595,0.389741,-0.0127976,0.707869,0.0032918
7,0.458648,-0.00325116,0.389385,-0.0128076,0.708781,0.00330716
7,0.458606,-0.00233638,0.389029,-0.0128176,0.70969,0.0033225
7,0.458564,-0.0014216,0.388672,-0.0128276,0.710597,0.00333784
7,0.458523,-0.000506823,0.388316,-0.0128376,0.711501,0.00335315
7,0.458481,0.000407955,0.387959,-0.0128476,0.712404,0.00336846
7,0.45844,0.00132273,0.387603,-0.0128576,0.713304,0.00338376
7,0.458399,0.0022375,0.387246,-0.0128677,0.714203,0.00339904
7,0.458358,0.00315228,0.386889,-0.0128777,0.715099,0.00341431
7,0.458317,0.00406705,0.386533,-0.0128877,0.715993,0.00342958
7,0.458276,0.00498182,0.386176,-0.0128977,0.716886,0.00344483
7,0.458235,0.00589659,0.385819,-0.0129078,0.717776,0.00346007
7,0.458194,0.00681135,0.385462,-0.0129178,0.718664,0.0034753
7,0.458154,0.00772612,0.385105,-0.0129278,0.719551,0.00349052
7,0.458114,0.00864088,0.384748,-0.0129379,0.720435,0.00350573
7,0.458073,0.00955565,0.384391,-0.0129479,0.721318,0.00352093
7,0.458033,0.0104704,0.384034,-0.012958,0.722198,0.00353612
7,0.457993,0.0113852,0.383677,-0.012968,0.723077,0.00355131
7,0.457953,0.0122999,0.38332,-0.0129781,0.723954,0.00356648
7,0.457914,0.0132147,0.382963,-0.0129881,0.724829,0.00358165
7,0.457874,0.0141294,0.382606,-0.0129982,0.725702,0.00359681
7,0.457834,0.0150442,0.382249,-0.0130083,0.726574,0.00361196
7,0.457795,0.015959,0.381892,-0.0130184,0.727443,0.0036271
7,0.457756,0.0168737,0.381534,-0.0130284,0.728311,0.00364223
7,0.457716,0.0177885,0.381177,-0.0130385,0.729177,0.00365736
7,0.457677,0.0187032,0.38082,-0.0130486,0.730041,0.00367248
7,0.457638,0.019618,0.380462,-0.0130587,0.730904,0.00368759
7,0.457599,0.0205327,0.380105,-0.0130688,0.731765,0.0037027
7,0.457561,0.0214475,0.379748,-0.0130789,0.732624,0.0037178
7,0.457522,0.0223622,0.37939,-0.013089,0.733481,0.0037329
7,0.457483,0.0232769,0.379033,-0.0130992,0.734337,0.00374798
7,0.457445,0.0241917,0.378675,-0.0131093,0.735192,0.00376307
7,0.457406,0.0251064,0.378317,-0.0131194,0.736044,0.00377814
7,0.457368,0.0260212,0.37796,-0.0131296,0.736895,0.00379322
7,0.45733,0.0269359,0.377602,-0.0131397,0.737744,0.00380828
7,0.457292,0.0278506,0.377244,-0.0131498,0.738592,0.00382335
7,0.457254,0.0287654,0.376887,-0.01316,0.739439,0.0038384
7,0.457216,0.0296801,0.376529,-0.0131702,0.740283,0.00385346
7,0.457178,0.0305949,0.376171,-0.0131803,0.741126,0.00386851
7,0.457141,0.0315096,0.375813,-0.0131905,0.741968,0.00388355
7,0.457103,0.0324243,0.375456,-0.0132007,0.742808,0.00389859
7,0.457066,0.0333391,0.375098,-0.0132109,0.743647,0.00391363
7,0.457028,0.0342538,0.37474,-0.0132211,0.744484,0.00392867
7,0.456991,0.0351685,0.374382,-0.0132313,0.74532,0.0039437
7,0.456954,0.0360832,0.374024,-0.0132415,0.746154,0.00395873
7,0.456917,0.036998,0.373666,-0.0132517,0.746987,0.00397376
7,0.45688,0.0379127,0.373308,-0.0132619,0.747818,0.00398878
7,0.456843,0.0388274,0.37295,-0.0132722,0.748648,0.0040038
7,0.456806,0.0397421,0.372592,-0.0132824,0.749477,0.00401882
7,0.456769,0.0406569,0.372234,-0.0132926,0.750304,0.00403384
7,0.456733,0.0415716,0.371876,-0.0133029,0.75113,0.00404886
7,0.456696,0.0424863,0.371518,-0.0133132,0.751955,0.00406387
7,0.456659,0.043401,0.371159,-0.0133234,0.752778,0.00407889
7,0.456623,0.0443158,0.370801,-0.0133337,0.7536,0.0040939
7,0.456587,0.0452305,0.370443,-0.013344,0.75442,0.00410891
7,0.456551,0.0461452,0.370085,-0.0133543,0.75524,0.00412393
7,0.456514,0.0470599,0.369726,-0.0133646,0.756058,0.00413894
7,0.456478,0.0479746,0.369368,-0.0133749,0.756874,0.00415395
7,0.456442,0.0488893,0.36901,-0.0133852,0.75769,0.00416896
7,0.456407,0.0498041,0.368652,-0.0133956,0.758504,0.00418397
7,0.456371,0.0507188,0.368293,-0.0134059,0.759317,0.00419898
7,0.456335,0.0516335,0.367935,-0.0134163,0.760129,0.00421399
7,0.456299,0.0525482,0.367576,-0.0134266,0.760939,0.00422901
7,0.456264,0.0534629,0.367218,-0.013437,0.761749,0.00424402
7,0.456228,0.0543776,0.36686,-0.0134474,0.762557,0.00425903
7,0.456193,0.0552923,0.366501,-0.0134578,0.763364,0.00427405
7,0.456158,0.056207,0.366143,-0.0134682,0.76417,0.00428907
7,0.456122,0.0571217,0.365784,-0.0134786,0.764974,0.00430409
7,0.456087,0.0580364,0.365426,-0.013489,0.765778,0.00431911
7,0.456052,0.0589511,0.365067,-0.0134994,0.76658,0.00433413
7,0.456017,0.0598658,0.364708,-0.0135099,0.767381,0.00434915
7,0.455982,0.0607806,0.36435,-0.0135203,0.768181,0.00436418
7,0.455947,0.0616953,0.363991,-0.0135308,0.76898,0.00437921
7,0.455912,0.06261,0.363633,-0.0135412,0.769778,0.00439424
7,0.455878,0.0635247,0.363274,-0.0135517,0.770575,0.00440928
7,0.455843,0.0644394,0.362915,-0.0135622,0.771371,0.00442432
7,0.455809,0.0653541,0.362557,-0.0135727,0.772166,0.00443936
7,0.455774,0.0662688,0.362198,-0.0135832,0.772959,0.0044544
7,0.45574,0.0671835,0.361839,-0.0135937,0.773752,0.00446945
7,0.455705,0.0680982,0.361481,-0.0136043,0.774543,0.0044845
7,0.455671,0.0690129,0.361122,-0.0136148,0.775334,0.00449956
7,0.455637,0.0699275,0.360763,-0.0136254,0.776123,0.00451461
7,0.455603,0.0708422,0.360404,-0.013636,0.776912,0.00452968
7,0.455569,0.0717569,0.360045,-0.0136465,0.777699,0.00454475
7,0.455535,0.0726716,0.359687,-0.0136571,0.778486,0.00455982
7,0.455501,0.0735863,0.359328,-0.0136677,0.779271,0.00457489
7,0.455467,0.074501,0.358969,-0.0136783,0.780056,0.00458997
7,0.455433,0.0754157,0.35861,-0.013689,0.780839,0.00460506
7,0.455399,0.0763304,0.358251,-0.0136996,0.781622,0.00462015
7,0.455366,0.0772451,0.357892,-0.0137103,0.782404,0.00463525
7,0.455332,0.0781598,0.357534,-0.0137209,0.783184,0.00465035
7,0.455298,0.0790745,0.357175,-0.0137316,0.783964,0.00466545
7,0.455265,0.0799892,0.356816,-0.0137423,0.784743,0.00468057
7,0.455232,0.0809038,0.356457,-0.013753,0.785521,0.00469568
7,0.455198,0.0818185,0.356098,-0.0137637,0.786298,0.00471081
7,0.455165,0.0827332,0.355739,-0.0137744,0.787074,0.00472594
7,0.455132,0.0836479,0.35538,-0.0137851,0.787849,0.00474107
7,0.455099,0.0845626,0.355021,-0.0137959,0.788623,0.00475621
7,0.455066,0.0854773,0.354662,-0.0138066,0.789397,0.00477136
7,0.455033,0.086392,0.354303,-0.0138174,0.790169,0.00478651
7,0.455,0.0873066,0.353944,-0.0138282,0.790941,0.00480167
7,0.454967,0.0882213,0.353585,-0.013839,0.791712,0.00481684
7,0.454934,0.089136,0.353226,-0.0138498,0.792482,0.00483202
7,0.454901,0.0900507,0.352867,-0.0138606,0.793251,0.0048472
7,0.454869,0.0909654,0.352508,-0.0138715,0.794019,0.00486239
7,0.454836,0.09188,0.352149,-0.0138823,0.794787,0.00487758
7,0.454803,0.0927947,0.35179,-0.0138932,0.795553,0.00489278
7,0.454771,0.0937094,0.35143,-0.0139041,0.796319,0.00490799
7,0.454738,0.0946241,0.351071,-0.013915,0.797084,0.00492321
7,0.454706,0.0955387,0.350712,-0.0139259,0.797848,0.00493844
7,0.454674,0.0964534,0.350353,-0.0139368,0.798611,0.00495367
7,0.454641,0.0973681,0.349994,-0.0139477,0.799374,0.00496891
7,0.454609,0.0982828,0.349635,-0.0139587,0.800136,0.00498416
7,0.454577,0.0991974,0.349276,-0.0139696,0.800896,0.00499942
7,0.454545,0.100112,0.348916,-0.0139806,0.801657,0.00501468
7,0.454513,0.101027,0.348557,-0.0139916,0.802416,0.00502995
7,0.454481,0.101941,0.348198,-0.0140026,0.803175,0.00504524
7,0.454449,0.102856,0.347839,-0.0140136,0.803932,0.00506053
7,0.454417,0.103771,0.34748,-0.0140247,0.804689,0.00507582
7,0.454385,0.104685,0.34712,-0.0140357,0.805446,0.00509113
7,0.454353,0.1056,0.346761,-0.0140468,0.806201,0.00510645
7,0.454322,0.106515,0.346402,-0.0140578,0.806956,0.00512177
7,0.45429,0.107429,0.346043,-0.0140689,0.80771,0.00513711
7,0.454258,0.108344,0.345683,-0.01408,0.808463,0.00515245
7,0.454227,0.109259,0.345324,-0.0140911,0.809216,0.0051678
7,0.454195,0.110173,0.344965,-0.0141023,0.809967,0.00518316
7,0.454164,0.111088,0.344606,-0.0141134,0.810718,0.00519853
7,0.454133,0.112003,0.344246,-0.0141246,0.811469,0.00521391
7,0.454101,0.112917,0.343887,-0.0141358,0.812218,0.0052293
7,0.45407,0.113832,0.343528,-0.014147,0.812967,0.0052447
7,0.454039,0.114747,0.343168,-0.0141582,0.813715,0.00526011
7,0.454008,0.115661,0.342809,-0.0141694,0.814463,0.00527553
7,0.453977,0.116576,0.34245,-0.0141806,0.815209,0.00529095
7,0.453946,0.117491,0.34209,-0.0141919,0.815955,0.00530639
7,0.453915,0.118405,0.341731,-0.0142031,0.816701,0.00532184
7,0.453884,0.11932,0.341372,-0.0142144,0.817445,0.00533729
7,0.453853,0.120235,0.341012,-0.0142257,0.818189,0.00535276
7,0.453822,0.121149,0.340653,-0.014237,0.818932,0.00536824
7,0.453791,0.122064,0.340294,-0.0142483,0.819675,0.00538373
7,0.453761,0.122979,0.339934,-0.0142597,0.820417,0.00539922
7,0.45373,0.123893,0.339575,-0.014271,0.821158,0.00541473
7,0.453699,0.124808,0.339215,-0.0142824,0.821898,0.00543025
7,0.453669,0.125723,0.338856,-0.0142938,0.822638,0.00544578
7,0.453638,0.126637,0.338497,-0.0143052,0.823377,0.00546132
7,0.453608,0.127552,0.338137,-0.0143166,0.824115,0.00547686
7,0.453577,0.128467,0.337778,-0.0143281,0.824853,0.00549242
7,0.453547,0.129381,0.337418,-0.0143395,0.82559,0.00550799
7,0.453517,0.130296,0.337059,-0.014351,0.826326,0.00552358
7,0.453487,0.131211,0.336699,-0.0143625,0.827062,0.00553917
7,0.453456,0.132125,0.33634,-0.014374,0.827797,0.00555477
7,0.453426,0.13304,0.33598,-0.0143855,0.828531,0.00557038
7,0.453396,0.133955,0.335621,-0.014397,0.829265,0.00558601
7,0.453366,0.134869,0.335261,-0.0144085,0.829998,0.00560164
7,0.453336,0.135784,0.334902,-0.0144201,0.83073,0.00561728
7,0.453306,0.136699,0.334542,-0.0144317,0.831462,0.00563294
7,0.453276,0.137613,0.334183,-0.0144433,0.832193,0.00564861
7,0.453246,0.138528,0.333823,-0.0144549,0.832923,0.00566429
7,0.453217,0.139443,0.333464,-0.0144665,0.833653,0.00567997
7,0.453187,0.140357,0.333104,-0.0144781,0.834382,0.00569567
7,0.453157,0.141272,0.332745,-0.0144898,0.83511,0.00571139
7,0.453128,0.142187,0.332385,-0.0145014,0.835838,0.00572711
7,0.453098,0.143101,0.332026,-0.0145131,0.836565,0.00574284
7,0.453069,0.144016,0.331666,-0.0145248,0.837291,0.00575858
7,0.453039,0.14493,0.331306,-0.0145366,0.838017,0.00577434
7,0.45301,0.145845,0.330947,-0.0145483,0.838742,0.00579011
7,0.45298,0.14676,0.330587,-0.01456,0.839466,0.00580588
7,0.452951,0.147674,0.330228,-0.0145718,0.84019,0.00582167
7,0.452922,0.148589,0.329868,-0.0145836,0.840913,0.00583747
7,0.452892,0.149504,0.329508,-0.0145954,0.841635,0.00585328
7,0.452863,0.150418,0.329149,-0.0146072,0.842357,0.0058691
7,0.452834,0.151333,0.328789,-0.014619,0.843078,0.00588494
7,0.452805,0.152248,0.328429,-0.0146309,0.843798,0.00590078
7,0.452776,0.153162,0.32807,-0.0146427,0.844518,0.00591664
7,0.452747,0.154077,0.32771,-0.0146546,0.845237,0.0059325
7,0.452718,0.154992,0.32735,-0.0146665,0.845955,0.00594838
7,0.452689,0.155906,0.326991,-0.0146784,0.846673,0.00596427
7,0.45266,0.156821,0.326631,-0.0146903,0.84739,0.00598017
7,0.452632,0.157735,0.326271,-0.0147023,0.848107,0.00599608
7,0.452603,0.15865,0.325912,-0.0147142,0.848822,0.006012
7,0.452574,0.159565,0.325552,-0.0147262,0.849537,0.00602793
7,0.452546,0.160479,0.325192,-0.0147382,0.850252,0.00604388
7,0.452546,0.160479,0.325192,-0.0147382,0.850252,0.00604388
7,0.452546,0.160479,0.325192,-0.0147382,0.850252,0.00604388
7,0.453333,0.160479,0.32514,-0.0147185,0.849101,0.00601852
7,0.454121,0.160478,0.325087,-0.0146992,0.847948,0.00599362
7,0.454909,0.160477,0.325034,-0.0146796,0.846793,0.00596832
8,0.454909,0.160477,0.325034,-0.0146796,0.846793,0.00596832
8,0.454825,0.160489,0.324145,-0.014714,0.84884,0.00601421
8,0.454744,0.160501,0.323256,-0.0147485,0.850882,0.00606022
8,0.454662,0.160512,0.322367,-0.0147832,0.852921,0.00610638
8,0.454581,0.160524,0.321477,-0.0148173,0.854957,0.00615136
8,0.4545,0.160536,0.320588,-0.0148523,0.856991,0.00619783
8,0.454419,0.160547,0.319699,-0.0148876,0.859021,0.00624445
8,0.454339,0.160559,0.31881,-0.0149221,0.861049,0.00628988
8,0.454259,0.160571,0.317921,-0.0149577,0.863074,0.00633681
8,0.454179,0.160582,0.317032,-0.0149935,0.865096,0.00638389
8,0.4541,0.160594,0.316143,-0.0150286,0.867115,0.00642977
8,0.454021,0.160606,0.315254,-0.0150647,0.869131,0.00647716
8,0.453942,0.160617,0.314365,-0.015101,0.871144,0.00652471
8,0.453864,0.160629,0.313476,-0.0151366,0.873154,0.00657104
8,0.453785,0.16064,0.312587,-0.0151733,0.875161,0.0066189
8,0.453708,0.160652,0.311698,-0.0152101,0.877165,0.00666693
8,0.45363,0.160664,0.310809,-0.0152463,0.879166,0.00671372
8,0.453553,0.160675,0.30992,-0.0152835,0.881163,0.00676206
8,0.453476,0.160687,0.309031,-0.0153209,0.883158,0.00681056
8,0.453399,0.160698,0.308142,-0.0153576,0.88515,0.00685782
8,0.453323,0.16071,0.307253,-0.0153954,0.887139,0.00690665
8,0.453247,0.160722,0.306364,-0.0154333,0.889124,0.00695563
8,0.453171,0.160733,0.305475,-0.0154706,0.891107,0.00700336
8,0.453096,0.160745,0.304586,-0.0155089,0.893086,0.00705267
8,0.453021,0.160757,0.303697,-0.0155474,0.895062,0.00710215
8,0.452946,0.160768,0.302809,-0.0155853,0.897035,0.00715036
8,0.452871,0.16078,0.30192,-0.0156241,0.899005,0.00720017
8,0.452797,0.160791,0.301031,-0.0156632,0.900971,0.00725014
8,0.452723,0.160803,0.300142,-0.0157016,0.902934,0.00729883
8,0.45265,0.160814,0.299253,-0.0157411,0.904895,0.00734913
8,0.452576,0.160826,0.298364,-0.0157801,0.906851,0.00739863
8,0.452503,0.160838,0.297475,-0.01582,0.908805,0.00744928
8,0.452431,0.160849,0.296586,-0.0158594,0.910755,0.00749911
8,0.452358,0.160861,0.295697,-0.0158997,0.912702,0.00755009
8,0.452286,0.160872,0.294808,-0.0159395,0.914646,0.00760025
8,0.452215,0.160884,0.293919,-0.0159801,0.916586,0.00765157
8,0.452143,0.160895,0.29303,-0.0160203,0.918523,0.00770207
8,0.452072,0.160907,0.292141,-0.0160613,0.920457,0.00775374
8,0.452001,0.160918,0.291252,-0.0161019,0.922387,0.00780458
8,0.451931,0.16093,0.290363,-0.0161433,0.924314,0.00785659
8,0.45186,0.160942,0.289474,-0.0161843,0.926238,0.00790776
8,0.45179,0.160953,0.288585,-0.0162261,0.928158,0.00796013
8,0.451721,0.160965,0.287695,-0.0162675,0.930074,0.00801165
8,0.451651,0.160976,0.286806,-0.0163097,0.931987,0.00806436
8,0.451582,0.160988,0.285917,-0.0163515,0.933897,0.00811622
8,0.451514,0.160999,0.285028,-0.0163941,0.935803,0.00816929
8,0.451445,0.161011,0.284138,-0.0164363,0.937706,0.0082215
8,0.451377,0.161022,0.283249,-0.0164793,0.939605,0.00827493
8,0.451309,0.161034,0.282359,-0.0165219,0.941501,0.00832748
8,0.451242,0.161045,0.28147,-0.0165653,0.943393,0.00838127
8,0.451175,0.161057,0.28058,-0.0166083,0.945282,0.00843418
8,0.451108,0.161068,0.279691,-0.0166522,0.947167,0.00848833
8,0.451108,0.161068,0.279691,-0.0166522,0.947167,0.00848833
8,0.451108,0.161068,0.279691,-0.0166522,0.947167,0.00848833
8,0.450305,0.161069,0.279756,-0.0166827,0.948495,0.00852668
8,0.449504,0.16107,0.279822,-0.0167133,0.949822,0.00856419
8,0.448702,0.161071,0.279887,-0.0167442,0.951147,0.00860208
8,0.4479,0.161072,0.279953,-0.0167752,0.952472,0.00864008
9,0.4479,0.161072,0.279953,-0.0167752,0.952472,0.00864008
9,0.447943,0.160367,0.280586,-0.0167459,0.951215,0.00860274
9,0.447988,0.159663,0.28122,-0.0167163,0.949955,0.00856642
9,0.448033,0.158959,0.281853,-0.0166869,0.948692,0.00853019
9,0.448077,0.158255,0.282487,-0.0166575,0.947428,0.00849403
9,0.448122,0.157551,0.28312,-0.0166282,0.946161,0.00845794
9,0.448167,0.156846,0.283753,-0.016599,0.944893,0.00842192
9,0.448213,0.156142,0.284387,-0.0165699,0.943623,0.00838597
9,0.448258,0.155438,0.28502,-0.0165409,0.94235,0.00835009
9,0.448303,0.154734,0.285653,-0.016512,0.941076,0.00831428
9,0.448349,0.154029,0.286286,-0.0164831,0.9398,0.00827854
9,0.448395,0.153325,0.286919,-0.0164543,0.938522,0.00824288
9,0.448441,0.152621,0.287552,-0.0164256,0.937242,0.00820729
9,0.448487,0.151917,0.288185,-0.016397,0.93596,0.00817176
9,0.448533,0.151212,0.288818,-0.0163685,0.934676,0.00813631
9,0.44858,0.150508,0.289451,-0.0163401,0.93339,0.00810093
9,0.448626,0.149804,0.290084,-0.0163117,0.932103,0.00806562
9,0.448673,0.1491,0.290717,-0.0162835,0.930813,0.00803038
9,0.44872,0.148395,0.29135,-0.0162553,0.929522,0.00799522
9,0.448767,0.147691,0.291983,-0.0162272,0.928229,0.00796012
9,0.448814,0.146987,0.292615,-0.0161992,0.926934,0.00792509
9,0.448861,0.146283,0.293248,-0.0161712,0.925637,0.00789014
9,0.448909,0.145578,0.293881,-0.0161434,0.924338,0.00785525
9,0.448956,0.144874,0.294514,-0.0161156,0.923037,0.00782044
9,0.449004,0.14417,0.295146,-0.0160879,0.921735,0.00778569
9,0.449052,0.143466,0.295779,-0.0160603,0.920431,0.00775102
9,0.4491,0.142761,0.296412,-0.0160328,0.919125,0.00771642
9,0.449148,0.142057,0.297044,-0.0160054,0.917817,0.00768189
9,0.449196,0.141353,0.297677,-0.015978,0.916507,0.00764742
9,0.449245,0.140649,0.29831,-0.0159508,0.915195,0.00761303
9,0.449294,0.139944,0.298942,-0.0159236,0.913882,0.00757871
9,0.449342,0.13924,0.299575,-0.0158965,0.912567,0.00754446
9,0.449391,0.138536,0.300207,-0.0158695,0.91125,0.00751028
9,0.44944,0.137832,0.30084,-0.0158425,0.909931,0.00747616
9,0.44949,0.137127,0.301472,-0.0158157,0.908611,0.00744212
9,0.449539,0.136423,0.302104,-0.0157889,0.907288,0.00740815
9,0.449589,0.135719,0.302737,-0.0157622,0.905964,0.00737424
9,0.449638,0.135014,0.303369,-0.0157356,0.904639,0.00734041
9,0.449688,0.13431,0.304002,-0.0157091,0.903311,0.00730665
9,0.449738,0.133606,0.304634,-0.0156827,0.901982,0.00727295
9,0.449788,0.132902,0.305266,-0.0156563,0.900651,0.00723932
9,0.449839,0.132197,0.305899,-0.01563,0.899318,0.00720577
9,0.449889,0.131493,0.306531,-0.0156038,0.897983,0.00717228
9,0.44994,0.130789,0.307163,-0.0155777,0.896647,0.00713886
9,0.44999,0.130084,0.307796,-0.0155517,0.895309,0.00710551
9,0.450041,0.12938,0.308428,-0.0155257,0.893969,0.00707222
9,0.450092,0.128676,0.30906,-0.0154999,0.892628,0.00703901
9,0.450144,0.127972,0.309692,-0.0154741,0.891284,0.00700586
9,0.450195,0.127267,0.310325,-0.0154484,0.88994,0.00697278
9,0.450246,0.126563,0.310957,-0.0154228,0.888593,0.00693977
9,0.450298,0.125859,0.311589,-0.0153972,0.887245,0.00690683
9,0.45035,0.125154,0.312221,-0.0153717,0.885895,0.00687396
9,0.450402,0.12445,0.312854,-0.0153464,0.884543,0.00684115
9,0.450454,0.123746,0.313486,-0.0153211,0.88319,0.00680841
9,0.450506,0.123041,0.314118,-0.0152958,0.881835,0.00677573
9,0.450559,0.122337,0.31475,-0.0152707,0.880478,0.00674313
9,0.450611,0.121633,0.315382,-0.0152456,0.879119,0.00671059
9,0.450664,0.120929,0.316014,-0.0152206,0.877759,0.00667812
9,0.450717,0.120224,0.316647,-0.0151957,0.876398,0.00664571
9,0.45077,0.11952,0.317279,-0.0151709,0.875034,0.00661337
9,0.450823,0.118816,0.317911,-0.0151462,0.873669,0.0065811
9,0.450876,0.118111,0.318543,-0.0151215,0.872303,0.00654889
9,0.45093,0.117407,0.319175,-0.0150969,0.870934,0.00651675
9,0.450983,0.116703,0.319807,-0.0150724,0.869564,0.00648468
9,0.451037,0.115998,0.320439,-0.0150479,0.868193,0.00645267
9,0.451091,0.115294,0.321072,-0.0150236,0.866819,0.00642073
9,0.451145,0.11459,0.321704,-0.0149993,0.865444,0.00638885
9,0.451199,0.113885,0.322336,-0.0149751,0.864068,0.00635703
9,0.451254,0.113181,0.322968,-0.014951,0.86269,0.00632529
9,0.451308,0.112477,0.3236,-0.014927,0.86131,0.0062936
9,0.451363,0.111772,0.324232,-0.014903,0.859928,0.00626198
9,0.451418,0.111068,0.324864,-0.0148791,0.858545,0.00623043
9,0.451473,0.110364,0.325496,-0.0148553,0.857161,0.00619894
9,0.451528,0.109659,0.326129,-0.0148316,0.855774,0.00616751
9,0.451528,0.109659,0.326129,-0.0148316,0.855774,0.00616751
9,0.451528,0.109659,0.326129,-0.0148316,0.855774,0.00616751
9,0.452353,0.109659,0.326071,-0.0148097,0.854514,0.00614053
9,0.453178,0.109658,0.326013,-0.0147878,0.853252,0.00611276
10,0.453178,0.109658,0.326013,-0.0147878,0.853252,0.00611276
10,0.453095,0.109735,0.325116,-0.014823,0.85532,0.0061594
10,0.453013,0.109812,0.324218,-0.0148584,0.857383,0.00620617
10,0.452931,0.109889,0.323321,-0.0148939,0.859443,0.0062531
10,0.45285,0.109966,0.322424,-0.0149296,0.8615,0.00630018
10,0.452769,0.110044,0.321527,-0.0149655,0.863554,0.00634742
10,0.452688,0.110121,0.32063,-0.0150016,0.865605,0.00639482
10,0.452607,0.110198,0.319733,-0.0150378,0.867653,0.00644238
10,0.452527,0.110275,0.318836,-0.0150743,0.869697,0.0064901
10,0.452447,0.110352,0.317939,-0.0151109,0.871739,0.00653798
10,0.452368,0.110429,0.317042,-0.0151477,0.873777,0.00658546
10,0.452289,0.110506,0.316145,-0.0151847,0.875813,0.00663366
10,0.45221,0.110583,0.315248,-0.0152219,0.877845,0.00668203
10,0.452131,0.11066,0.314351,-0.0152593,0.879874,0.00673056
10,0.452053,0.110737,0.313454,-0.0152968,0.881899,0.00677925
10,0.451975,0.110814,0.312557,-0.0153346,0.883922,0.00682811
10,0.451897,0.110891,0.31166,-0.0153725,0.885941,0.00687713
10,0.45182,0.110968,0.310763,-0.0154106,0.887957,0.00692632
10,0.451743,0.111045,0.309866,-0.0154488,0.889969,0.00697502
10,0.451666,0.111122,0.30897,-0.0154874,0.891979,0.00702454
10,0.45159,0.111199,0.308073,-0.0155261,0.893985,0.00707424
10,0.451514,0.111276,0.307176,-0.015565,0.895988,0.0071241
10,0.451438,0.111353,0.306279,-0.015604,0.897987,0.00717413
10,0.451363,0.11143,0.305382,-0.0156433,0.899983,0.00722433
10,0.451288,0.111507,0.304485,-0.0156828,0.901976,0.0072747
10,0.451213,0.111584,0.303588,-0.0157223,0.903965,0.00732452
