1,0.469063,-0.0964252,0.708784,-4.48634e-05,-2.23216,3.13474
1,0.469028,-0.0964287,0.708663,0.0010113,-2.23235,3.13486
1,0.469977,-0.0964298,0.708611,0.00101074,-2.23343,3.13486
1,0.470927,-0.0964302,0.708559,0.00100939,-2.23451,3.13485
1,0.471877,-0.0964306,0.708508,0.00100801,-2.23558,3.13485
1,0.472826,-0.096431,0.708457,0.00100665,-2.23666,3.13485
1,0.473776,-0.0964315,0.708405,0.00100529,-2.23774,3.13485
1,0.474726,-0.0964319,0.708354,0.00100393,-2.23881,3.13485
1,0.475675,-0.0964323,0.708303,0.00100258,-2.23989,3.13485
1,0.476625,-0.0964327,0.708252,0.00100123,-2.24096,3.13484
1,0.477574,-0.0964331,0.7082,0.000999894,-2.24204,3.13484
1,0.478524,-0.0964335,0.708149,0.000998559,-2.24311,3.13484
1,0.479473,-0.0964339,0.708098,0.00099723,-2.24419,3.13484
1,0.480422,-0.0964343,0.708048,0.000995905,-2.24526,3.13484
1,0.481372,-0.0964348,0.707997,0.000994586,-2.24633,3.13484
1,0.482321,-0.0964352,0.707946,0.000993272,-2.24741,3.13483
1,0.48327,-0.0964356,0.707895,0.000991963,-2.24848,3.13483
2,0.48327,-0.0964356,0.707895,0.000991963,-2.24848,3.13483
2,0.483244,-0.0967554,0.70692,0.000989029,-2.24912,3.13483
2,0.48322,-0.097075,0.705944,0.000988223,-2.24977,3.13483
2,0.483195,-0.0973946,0.704968,0.000987424,-2.25041,3.13483
2,0.48317,-0.0977142,0.703993,0.000986626,-2.25106,3.13483
2,0.483146,-0.0980337,0.703017,0.000985828,-2.25171,3.13482
2,0.483121,-0.0983533,0.702041,0.000985029,-2.25236,3.13482
2,0.483096,-0.0986729,0.701065,0.000984231,-2.25301,3.13482
2,0.483071,-0.0989925,0.700089,0.000983433,-2.25366,3.13482
2,0.483046,-0.0993121,0.699114,0.000982635,-2.25432,3.13482
2,0.483021,-0.0996317,0.698138,0.000981838,-2.25497,3.13482
2,0.482995,-0.0999512,0.697162,0.000981041,-2.25563,3.13482
2,0.48297,-0.100271,0.696186,0.000980243,-2.25629,3.13482
2,0.482945,-0.10059,0.69521,0.000979446,-2.25695,3.13482
2,0.482919,-0.10091,0.694233,0.000978649,-2.25761,3.13482
2,0.482894,-0.10123,0.693257,0.000977852,-2.25827,3.13481
2,0.482868,-0.101549,0.692281,0.000977055,-2.25893,3.13481
2,0.482843,-0.101869,0.691305,0.000976259,-2.2596,3.13481
2,0.482817,-0.102188,0.690328,0.000975462,-2.26026,3.13481
2,0.482791,-0.102508,0.689352,0.000974666,-2.26093,3.13481
2,0.482765,-0.102828,0.688376,0.00097387,-2.2616,3.13481
2,0.48274,-0.103147,0.687399,0.000973074,-2.26227,3.13481
2,0.482714,-0.103467,0.686423,0.000972278,-2.26294,3.13481
2,0.482687,-0.103786,0.685446,0.000971483,-2.26361,3.13481
2,0.482661,-0.104106,0.68447,0.000970688,-2.26429,3.1348
2,0.482635,-0.104425,0.683493,0.000969893,-2.26496,3.1348
2,0.482609,-0.104745,0.682516,0.000969097,-2.26564,3.1348
2,0.482583,-0.105065,0.68154,0.000968303,-2.26632,3.1348
2,0.482556,-0.105384,0.680563,0.000967508,-2.267,3.1348
2,0.48253,-0.105704,0.679586,0.000966714,-2.26768,3.1348
2,0.482503,-0.106023,0.678609,0.00096592,-2.26836,3.1348
2,0.482476,-0.106343,0.677632,0.000965126,-2.26904,3.1348
2,0.48245,-0.106663,0.676655,0.000964333,-2.26973,3.1348
2,0.482423,-0.106982,0.675678,0.000963539,-2.27041,3.1348
2,0.482396,-0.107302,0.674701,0.000962746,-2.2711,3.13479
2,0.482369,-0.107621,0.673724,0.000961953,-2.27179,3.13479
2,0.482342,-0.107941,0.672747,0.00096116,-2.27248,3.13479
2,0.482315,-0.108261,0.67177,0.000960368,-2.27317,3.13479
2,0.482288,-0.10858,0.670793,0.000959575,-2.27386,3.13479
2,0.482261,-0.1089,0.669816,0.000958783,-2.27455,3.13479
2,0.482233,-0.109219,0.668838,0.000957992,-2.27525,3.13479
2,0.482206,-0.109539,0.667861,0.0009572,-2.27595,3.13479
2,0.482178,-0.109859,0.666884,0.000956408,-2.27664,3.13479
2,0.482151,-0.110178,0.665906,0.000955618,-2.27734,3.13478
2,0.482123,-0.110498,0.664929,0.000954827,-2.27804,3.13478
2,0.482095,-0.110817,0.663951,0.000954036,-2.27875,3.13478
2,0.482068,-0.111137,0.662974,0.000953246,-2.27945,3.13478
2,0.48204,-0.111457,0.661996,0.000952456,-2.28016,3.13478
2,0.482012,-0.111776,0.661019,0.000951666,-2.28086,3.13478
2,0.481984,-0.112096,0.660041,0.000950877,-2.28157,3.13478
2,0.481956,-0.112415,0.659063,0.000950088,-2.28228,3.13478
2,0.481928,-0.112735,0.658085,0.000949298,-2.28299,3.13478
2,0.481899,-0.113055,0.657108,0.00094851,-2.2837,3.13478
2,0.481871,-0.113374,0.65613,0.000947722,-2.28441,3.13477
2,0.481843,-0.113694,0.655152,0.000946934,-2.28513,3.13477
2,0.481814,-0.114013,0.654174,0.000946146,-2.28584,3.13477
2,0.481786,-0.114333,0.653196,0.000945358,-2.28656,3.13477
2,0.481757,-0.114653,0.652218,0.000944571,-2.28728,3.13477
2,0.481728,-0.114972,0.65124,0.000943784,-2.288,3.13477
2,0.4817,-0.115292,0.650262,0.000942997,-2.28872,3.13477
2,0.481671,-0.115611,0.649284,0.000942211,-2.28944,3.13477
2,0.481642,-0.115931,0.648306,0.000941425,-2.29017,3.13477
2,0.481613,-0.116251,0.647327,0.000940639,-2.29089,3.13476
2,0.481584,-0.11657,0.646349,0.000939854,-2.29162,3.13476
2,0.481554,-0.11689,0.645371,0.000939069,-2.29235,3.13476
2,0.481525,-0.117209,0.644392,0.000938284,-2.29308,3.13476
2,0.481496,-0.117529,0.643414,0.0009375,-2.29381,3.13476
2,0.481466,-0.117849,0.642436,0.000936716,-2.29454,3.13476
2,0.481437,-0.118168,0.641457,0.000935932,-2.29527,3.13476
2,0.481407,-0.118488,0.640479,0.000935148,-2.29601,3.13476
2,0.481378,-0.118807,0.6395,0.000934365,-2.29675,3.13476
2,0.481348,-0.119127,0.638521,0.000933582,-2.29748,3.13476
2,0.481318,-0.119447,0.637543,0.0009328,-2.29822,3.13475
2,0.481288,-0.119766,0.636564,0.000932018,-2.29896,3.13475
2,0.481258,-0.120086,0.635585,0.000931236,-2.29971,3.13475
2,0.481228,-0.120406,0.634607,0.000930455,-2.30045,3.13475
2,0.481198,-0.120725,0.633628,0.000929674,-2.3012,3.13475
2,0.481168,-0.121045,0.632649,0.000928893,-2.30194,3.13475
2,0.481137,-0.121364,0.63167,0.000928113,-2.30269,3.13475
2,0.481107,-0.121684,0.630691,0.000927333,-2.30344,3.13475
2,0.481076,-0.122004,0.629712,0.000926554,-2.30419,3.13475
2,0.481046,-0.122323,0.628733,0.000925774,-2.30494,3.13474
2,0.481015,-0.122643,0.627754,0.000924995,-2.3057,3.13474
2,0.480984,-0.122962,0.626775,0.000924216,-2.30645,3.13474
2,0.480954,-0.123282,0.625796,0.000923438,-2.30721,3.13474
2,0.480923,-0.123602,0.624817,0.00092266,-2.30797,3.13474
2,0.480892,-0.123921,0.623837,0.000921883,-2.30873,3.13474
2,0.480861,-0.124241,0.622858,0.000921106,-2.30949,3.13474
2,0.480829,-0.124561,0.621879,0.000920329,-2.31025,3.13474
2,0.480798,-0.12488,0.620899,0.000919553,-2.31101,3.13474
2,0.480767,-0.1252,0.61992,0.000918777,-2.31178,3.13474
2,0.480735,-0.125519,0.61894,0.000918001,-2.31255,3.13473
2,0.480704,-0.125839,0.617961,0.000917226,-2.31331,3.13473
2,0.480672,-0.126159,0.616981,0.000916451,-2.31408,3.13473
2,0.480641,-0.126478,0.616002,0.000915677,-2.31486,3.13473
2,0.480609,-0.126798,0.615022,0.000914903,-2.31563,3.13473
2,0.480577,-0.127117,0.614043,0.000914129,-2.3164,3.13473
2,0.480545,-0.127437,0.613063,0.000913356,-2.31718,3.13473
2,0.480513,-0.127757,0.612083,0.000912583,-2.31796,3.13473
2,0.480481,-0.128076,0.611103,0.000911811,-2.31873,3.13473
2,0.480449,-0.128396,0.610124,0.000911039,-2.31951,3.13472
2,0.480416,-0.128716,0.609144,0.000910268,-2.3203,3.13472
2,0.480384,-0.129035,0.608164,0.000909497,-2.32108,3.13472
2,0.480351,-0.129355,0.607184,0.000908726,-2.32186,3.13472
2,0.480319,-0.129674,0.606204,0.000907956,-2.32265,3.13472
2,0.480286,-0.129994,0.605224,0.000907186,-2.32344,3.13472
2,0.480253,-0.130314,0.604244,0.000906417,-2.32423,3.13472
2,0.480221,-0.130633,0.603264,0.000905647,-2.32502,3.13472
2,0.480188,-0.130953,0.602284,0.000904879,-2.32581,3.13472
2,0.480155,-0.131273,0.601304,0.00090411,-2.3266,3.13472
2,0.480122,-0.131592,0.600323,0.000903343,-2.3274,3.13471
2,0.480088,-0.131912,0.599343,0.000902576,-2.32819,3.13471
2,0.480055,-0.132231,0.598363,0.000901809,-2.32899,3.13471
2,0.480022,-0.132551,0.597382,0.000901043,-2.32979,3.13471
2,0.479988,-0.132871,0.596402,0.000900277,-2.33059,3.13471
2,0.479955,-0.13319,0.595422,0.000899511,-2.33139,3.13471
2,0.479921,-0.13351,0.594441,0.000898746,-2.3322,3.13471
2,0.479887,-0.133829,0.593461,0.000897982,-2.333,3.13471
2,0.479853,-0.134149,0.59248,0.000897217,-2.33381,3.13471
2,0.479819,-0.134469,0.5915,0.000896454,-2.33462,3.1347
2,0.479785,-0.134788,0.590519,0.000895691,-2.33543,3.1347
2,0.479751,-0.135108,0.589538,0.000894928,-2.33624,3.1347
2,0.479717,-0.135428,0.588558,0.000894166,-2.33705,3.1347
2,0.479683,-0.135747,0.587577,0.000893404,-2.33787,3.1347
2,0.479648,-0.136067,0.586596,0.000892643,-2.33869,3.1347
2,0.479614,-0.136387,0.585615,0.000891882,-2.3395,3.1347
2,0.479579,-0.136706,0.584634,0.000891121,-2.34032,3.1347
2,0.479545,-0.137026,0.583654,0.000890362,-2.34114,3.1347
2,0.47951,-0.137345,0.582673,0.000889602,-2.34197,3.1347
2,0.479475,-0.137665,0.581692,0.000888843,-2.34279,3.13469
2,0.47944,-0.137985,0.580711,0.000888085,-2.34362,3.13469
2,0.479405,-0.138304,0.57973,0.000887327,-2.34444,3.13469
2,0.47937,-0.138624,0.578749,0.000886569,-2.34527,3.13469
2,0.479335,-0.138944,0.577767,0.000885812,-2.3461,3.13469
2,0.479299,-0.139263,0.576786,0.000885055,-2.34693,3.13469
2,0.479264,-0.139583,0.575805,0.0008843,-2.34777,3.13469
2,0.479228,-0.139902,0.574824,0.000883544,-2.3486,3.13469
2,0.479193,-0.140222,0.573843,0.000882789,-2.34944,3.13469
2,0.479157,-0.140542,0.572861,0.000882035,-2.35028,3.13468
2,0.479121,-0.140861,0.57188,0.000881281,-2.35112,3.13468
2,0.479085,-0.141181,0.570899,0.000880528,-2.35196,3.13468
2,0.479049,-0.141501,0.569917,0.000879775,-2.3528,3.13468
2,0.479013,-0.14182,0.568936,0.000879022,-2.35364,3.13468
2,0.478977,-0.14214,0.567954,0.00087827,-2.35449,3.13468
2,0.47894,-0.14246,0.566973,0.000877519,-2.35534,3.13468
2,0.478904,-0.142779,0.565991,0.000876768,-2.35619,3.13468
2,0.478867,-0.143099,0.565009,0.000876018,-2.35704,3.13468
2,0.478831,-0.143418,0.564028,0.000875268,-2.35789,3.13467
2,0.478794,-0.143738,0.563046,0.000874519,-2.35874,3.13467
2,0.478757,-0.144058,0.562064,0.00087377,-2.3596,3.13467
2,0.47872,-0.144377,0.561083,0.000873022,-2.36046,3.13467
2,0.478683,-0.144697,0.560101,0.000872274,-2.36132,3.13467
2,0.478646,-0.145017,0.559119,0.000871527,-2.36218,3.13467
2,0.478609,-0.145336,0.558137,0.000870781,-2.36304,3.13467
2,0.478571,-0.145656,0.557155,0.000870035,-2.3639,3.13467
2,0.478534,-0.145976,0.556173,0.000869289,-2.36477,3.13467
2,0.478496,-0.146295,0.555191,0.000868544,-2.36563,3.13467
2,0.478459,-0.146615,0.554209,0.0008678,-2.3665,3.13466
2,0.478421,-0.146934,0.553227,0.000867056,-2.36737,3.13466
3,0.478421,-0.146934,0.553227,0.000867056,-2.36737,3.13466
3,0.478421,-0.146934,0.553227,0.000867056,-2.36737,3.13466
3,0.477532,-0.146935,0.553267,0.000868043,-2.36641,3.13467
3,0.476643,-0.146934,0.553308,0.000869232,-2.36544,3.13467
3,0.475754,-0.146934,0.55335,0.000870244,-2.36447,3.13467
3,0.474865,-0.146933,0.553391,0.000871259,-2.3635,3.13467
3,0.473975,-0.146933,0.553432,0.000872277,-2.36253,3.13467
3,0.473086,-0.146933,0.553474,0.000873298,-2.36156,3.13467
3,0.472197,-0.146932,0.553515,0.000874322,-2.36059,3.13467
3,0.471308,-0.146932,0.553556,0.000875349,-2.35962,3.13468
3,0.470419,-0.146932,0.553598,0.00087638,-2.35865,3.13468
3,0.469529,-0.146931,0.55364,0.000877413,-2.35768,3.13468
3,0.46864,-0.146931,0.553681,0.00087845,-2.35671,3.13468
3,0.467751,-0.14693,0.553723,0.00087949,-2.35574,3.13468
4,0.467751,-0.14693,0.553723,0.00087949,-2.35574,3.13468
4,0.46779,-0.147597,0.554501,0.00087906,-2.35479,3.13468
4,0.46783,-0.148264,0.55528,0.000879897,-2.35385,3.13468
4,0.46787,-0.14893,0.556058,0.000880731,-2.35291,3.13468
4,0.467911,-0.149596,0.556836,0.000881566,-2.35197,3.13468
4,0.467951,-0.150263,0.557615,0.000882403,-2.35104,3.13468
4,0.467991,-0.150929,0.558393,0.000883242,-2.3501,3.13469
4,0.46803,-0.151595,0.559171,0.000884081,-2.34917,3.13469
4,0.46807,-0.152261,0.559949,0.000884921,-2.34823,3.13469
4,0.46811,-0.152928,0.560727,0.000885763,-2.3473,3.13469
4,0.468149,-0.153594,0.561506,0.000886606,-2.34637,3.13469
4,0.468189,-0.15426,0.562284,0.00088745,-2.34544,3.13469
4,0.468228,-0.154927,0.563062,0.000888296,-2.34452,3.13469
4,0.468267,-0.155593,0.56384,0.000889142,-2.34359,3.13469
4,0.468307,-0.156259,0.564618,0.00088999,-2.34266,3.1347
4,0.468346,-0.156925,0.565396,0.000890839,-2.34174,3.1347
4,0.468385,-0.157592,0.566174,0.00089169,-2.34082,3.1347
4,0.468424,-0.158258,0.566952,0.000892541,-2.3399,3.1347
4,0.468463,-0.158924,0.56773,0.000893394,-2.33898,3.1347
4,0.468501,-0.159591,0.568508,0.000894247,-2.33806,3.1347
4,0.46854,-0.160257,0.569286,0.000895102,-2.33714,3.1347
4,0.468578,-0.160923,0.570064,0.000895958,-2.33622,3.1347
4,0.468617,-0.161589,0.570842,0.000896815,-2.33531,3.1347
4,0.468655,-0.162256,0.57162,0.000897674,-2.33439,3.13471
4,0.468694,-0.162922,0.572398,0.000898534,-2.33348,3.13471
4,0.468732,-0.163588,0.573176,0.000899395,-2.33257,3.13471
4,0.46877,-0.164255,0.573954,0.000900256,-2.33166,3.13471
4,0.468808,-0.164921,0.574732,0.000901119,-2.33075,3.13471
4,0.468846,-0.165587,0.575509,0.000901983,-2.32985,3.13471
4,0.468883,-0.166254,0.576287,0.000902849,-2.32894,3.13471
4,0.468921,-0.16692,0.577065,0.000903715,-2.32804,3.13471
4,0.468959,-0.167586,0.577843,0.000904583,-2.32714,3.13472
4,0.468996,-0.168252,0.57862,0.000905452,-2.32623,3.13472
4,0.469034,-0.168919,0.579398,0.000906321,-2.32533,3.13472
4,0.469071,-0.169585,0.580176,0.000907192,-2.32444,3.13472
4,0.469108,-0.170251,0.580953,0.000908064,-2.32354,3.13472
4,0.469146,-0.170918,0.581731,0.000908937,-2.32264,3.13472
4,0.469183,-0.171584,0.582508,0.000909811,-2.32175,3.13472
4,0.46922,-0.17225,0.583286,0.000910686,-2.32085,3.13472
4,0.469256,-0.172916,0.584063,0.000911563,-2.31996,3.13472
4,0.469293,-0.173583,0.584841,0.00091244,-2.31907,3.13473
4,0.46933,-0.174249,0.585618,0.000913318,-2.31818,3.13473
4,0.469367,-0.174915,0.586396,0.000914198,-2.3173,3.13473
4,0.469403,-0.175582,0.587173,0.000915078,-2.31641,3.13473
4,0.469439,-0.176248,0.587951,0.000915959,-2.31552,3.13473
4,0.469476,-0.176914,0.588728,0.000916842,-2.31464,3.13473
4,0.469512,-0.177581,0.589505,0.000917725,-2.31376,3.13473
4,0.469548,-0.178247,0.590282,0.00091861,-2.31288,3.13473
4,0.469584,-0.178913,0.59106,0.000919496,-2.312,3.13474
4,0.46962,-0.179579,0.591837,0.000920382,-2.31112,3.13474
4,0.469656,-0.180246,0.592614,0.00092127,-2.31024,3.13474
4,0.469692,-0.180912,0.593391,0.000922158,-2.30937,3.13474
4,0.469728,-0.181578,0.594168,0.000923048,-2.3085,3.13474
4,0.469763,-0.182245,0.594945,0.000923938,-2.30762,3.13474
4,0.469799,-0.182911,0.595722,0.00092483,-2.30675,3.13474
4,0.469834,-0.183577,0.596499,0.000925722,-2.30588,3.13474
4,0.469869,-0.184244,0.597276,0.000926616,-2.30502,3.13475
4,0.469905,-0.18491,0.598053,0.00092751,-2.30415,3.13475
4,0.46994,-0.185576,0.59883,0.000928405,-2.30328,3.13475
4,0.469975,-0.186242,0.599607,0.000929302,-2.30242,3.13475
4,0.47001,-0.186909,0.600384,0.000930199,-2.30156,3.13475
4,0.470045,-0.187575,0.601161,0.000931097,-2.3007,3.13475
4,0.470079,-0.188241,0.601938,0.000931996,-2.29984,3.13475
4,0.470114,-0.188908,0.602714,0.000932896,-2.29898,3.13475
4,0.470149,-0.189574,0.603491,0.000933797,-2.29812,3.13475
4,0.470183,-0.19024,0.604268,0.000934699,-2.29727,3.13476
4,0.470217,-0.190907,0.605044,0.000935602,-2.29642,3.13476
4,0.470252,-0.191573,0.605821,0.000936505,-2.29556,3.13476
4,0.470286,-0.192239,0.606597,0.00093741,-2.29471,3.13476
4,0.47032,-0.192905,0.607374,0.000938315,-2.29386,3.13476
4,0.470354,-0.193572,0.60815,0.000939222,-2.29302,3.13476
4,0.470388,-0.194238,0.608927,0.000940129,-2.29217,3.13476
4,0.470422,-0.194904,0.609703,0.000941037,-2.29132,3.13476
4,0.470456,-0.195571,0.61048,0.000941946,-2.29048,3.13477
4,0.470489,-0.196237,0.611256,0.000942855,-2.28964,3.13477
4,0.470523,-0.196903,0.612032,0.000943766,-2.2888,3.13477
4,0.470556,-0.19757,0.612808,0.000944677,-2.28796,3.13477
4,0.47059,-0.198236,0.613585,0.000945589,-2.28712,3.13477
4,0.470623,-0.198902,0.614361,0.000946503,-2.28629,3.13477
4,0.470656,-0.199569,0.615137,0.000947416,-2.28545,3.13477
4,0.470689,-0.200235,0.615913,0.000948331,-2.28462,3.13477
4,0.470722,-0.200901,0.616689,0.000949246,-2.28379,3.13477
4,0.470755,-0.201567,0.617465,0.000950163,-2.28296,3.13478
4,0.470788,-0.202234,0.618241,0.00095108,-2.28213,3.13478
4,0.470821,-0.2029,0.619017,0.000951997,-2.2813,3.13478
4,0.470854,-0.203566,0.619793,0.000952916,-2.28048,3.13478
4,0.470886,-0.204233,0.620569,0.000953835,-2.27965,3.13478
4,0.470919,-0.204899,0.621344,0.000954755,-2.27883,3.13478
4,0.470951,-0.205565,0.62212,0.000955676,-2.27801,3.13478
4,0.470983,-0.206232,0.622896,0.000956598,-2.27719,3.13478
4,0.471016,-0.206898,0.623672,0.00095752,-2.27637,3.13479
4,0.471048,-0.207564,0.624447,0.000958443,-2.27555,3.13479
4,0.47108,-0.208231,0.625223,0.000959367,-2.27474,3.13479
4,0.471112,-0.208897,0.625998,0.000960291,-2.27393,3.13479
4,0.471144,-0.209563,0.626774,0.000961216,-2.27311,3.13479
4,0.471175,-0.21023,0.627549,0.000962142,-2.2723,3.13479
4,0.471207,-0.210896,0.628325,0.000963069,-2.27149,3.13479
4,0.471239,-0.211562,0.6291,0.000963996,-2.27069,3.13479
4,0.47127,-0.212228,0.629875,0.000964924,-2.26988,3.1348
4,0.471302,-0.212895,0.630651,0.000965853,-2.26908,3.1348
4,0.471333,-0.213561,0.631426,0.000966782,-2.26827,3.1348
4,0.471364,-0.214227,0.632201,0.000967712,-2.26747,3.1348
4,0.471395,-0.214894,0.632976,0.000968642,-2.26667,3.1348
4,0.471426,-0.21556,0.633751,0.000969573,-2.26587,3.1348
4,0.471457,-0.216226,0.634526,0.000970505,-2.26508,3.1348
4,0.471488,-0.216893,0.635301,0.000971438,-2.26428,3.1348
4,0.471519,-0.217559,0.636076,0.000972371,-2.26349,3.13481
4,0.47155,-0.218225,0.636851,0.000973304,-2.26269,3.13481
4,0.47158,-0.218892,0.637626,0.000974239,-2.2619,3.13481
4,0.471611,-0.219558,0.638401,0.000975174,-2.26111,3.13481
4,0.471641,-0.220224,0.639176,0.000976109,-2.26033,3.13481
4,0.471671,-0.220891,0.63995,0.000977045,-2.25954,3.13481
4,0.471702,-0.221557,0.640725,0.000977982,-2.25876,3.13481
4,0.471732,-0.222223,0.6415,0.000978919,-2.25797,3.13481
4,0.471762,-0.22289,0.642274,0.000979857,-2.25719,3.13481
4,0.471792,-0.223556,0.643049,0.000980795,-2.25641,3.13482
4,0.471822,-0.224222,0.643823,0.000981734,-2.25563,3.13482
4,0.471852,-0.224889,0.644598,0.000982673,-2.25486,3.13482
4,0.471881,-0.225555,0.645372,0.000983613,-2.25408,3.13482
4,0.471911,-0.226221,0.646146,0.000984553,-2.25331,3.13482
4,0.471941,-0.226888,0.64692,0.000985494,-2.25253,3.13482
4,0.47197,-0.227554,0.647695,0.000986436,-2.25176,3.13482
4,0.471999,-0.22822,0.648469,0.000987377,-2.25099,3.13482
4,0.472029,-0.228886,0.649243,0.00098832,-2.25023,3.13483
4,0.472058,-0.229553,0.650017,0.000989263,-2.24946,3.13483
4,0.472087,-0.230219,0.650791,0.000990206,-2.24869,3.13483
4,0.472116,-0.230885,0.651565,0.00099115,-2.24793,3.13483
4,0.472145,-0.231552,0.652339,0.000992094,-2.24717,3.13483
4,0.472174,-0.232218,0.653113,0.000993039,-2.24641,3.13483
4,0.472203,-0.232884,0.653887,0.000993984,-2.24565,3.13483
4,0.472231,-0.233551,0.65466,0.00099493,-2.24489,3.13483
4,0.47226,-0.234217,0.655434,0.000995876,-2.24414,3.13484
4,0.472289,-0.234883,0.656208,0.000996822,-2.24339,3.13484
4,0.472317,-0.23555,0.656981,0.000997769,-2.24263,3.13484
4,0.472345,-0.236216,0.657755,0.000998716,-2.24188,3.13484
4,0.472374,-0.236882,0.658528,0.000999664,-2.24113,3.13484
4,0.472402,-0.237549,0.659302,0.00100061,-2.24039,3.13484
4,0.47243,-0.238215,0.660075,0.00100156,-2.23964,3.13484
4,0.472458,-0.238881,0.660849,0.00100251,-2.2389,3.13484
4,0.472486,-0.239548,0.661622,0.00100346,-2.23815,3.13484
4,0.472514,-0.240214,0.662395,0.00100441,-2.23741,3.13485
4,0.472541,-0.24088,0.663168,0.00100536,-2.23667,3.13485
4,0.472569,-0.241547,0.663941,0.00100631,-2.23593,3.13485
4,0.472597,-0.242213,0.664714,0.00100726,-2.2352,3.13485
4,0.472624,-0.242879,0.665488,0.00100821,-2.23446,3.13485
4,0.472651,-0.243546,0.66626,0.00100916,-2.23373,3.13485
4,0.472679,-0.244212,0.667033,0.00101011,-2.233,3.13485
4,0.472706,-0.244878,0.667806,0.00101106,-2.23227,3.13485
4,0.472733,-0.245545,0.668579,0.00101201,-2.23154,3.13486
4,0.47276,-0.246211,0.669352,0.00101297,-2.23081,3.13486
4,0.472787,-0.246877,0.670124,0.00101392,-2.23009,3.13486
4,0.472814,-0.247544,0.670897,0.00101487,-2.22936,3.13486
4,0.472841,-0.24821,0.67167,0.00101582,-2.22864,3.13486
4,0.472868,-0.248876,0.672442,0.00101678,-2.22792,3.13486
4,0.472894,-0.249543,0.673215,0.00101773,-2.2272,3.13486
4,0.472894,-0.249543,0.673215,0.00101773,-2.2272,3.13486
4,0.472894,-0.249543,0.673215,0.00101773,-2.2272,3.13486
4,0.473836,-0.249544,0.673157,0.00101631,-2.22838,3.13486
4,0.474778,-0.249544,0.6731,0.00101486,-2.22956,3.13486
4,0.47572,-0.249545,0.673043,0.00101337,-2.23074,3.13486
4,0.476662,-0.249545,0.672987,0.00101188,-2.23192,3.13486
4,0.477604,-0.249545,0.67293,0.0010104,-2.23309,3.13486
4,0.478546,-0.249546,0.672874,0.00100893,-2.23427,3.13485
4,0.479487,-0.249546,0.672818,0.00100746,-2.23545,3.13485
4,0.480429,-0.249547,0.672762,0.001006,-2.23662,3.13485
4,0.481371,-0.249547,0.672706,0.00100454,-2.2378,3.13485
4,0.482312,-0.249548,0.67265,0.00100309,-2.23897,3.13485
4,0.483254,-0.249548,0.672594,0.00100165,-2.24015,3.13484
4,0.484195,-0.249548,0.672538,0.00100022,-2.24132,3.13484
5,0.484195,-0.249548,0.672538,0.00100022,-2.24132,3.13484
5,0.48417,-0.248753,0.671904,0.00099927,-2.24196,3.13484
5,0.484146,-0.247957,0.67127,0.000998453,-2.2426,3.13484
5,0.484122,-0.247162,0.670636,0.000997643,-2.24324,3.13484
5,0.484097,-0.246366,0.670002,0.000996833,-2.24388,3.13484
5,0.484073,-0.24557,0.669368,0.000996023,-2.24452,3.13484
5,0.484049,-0.244775,0.668734,0.000995213,-2.24517,3.13484
5,0.484024,-0.243979,0.668099,0.000994404,-2.24582,3.13483
5,0.483999,-0.243184,0.667465,0.000993595,-2.24646,3.13483
5,0.483975,-0.242388,0.666831,0.000992786,-2.24711,3.13483
5,0.48395,-0.241592,0.666197,0.000991978,-2.24776,3.13483
5,0.483925,-0.240797,0.665562,0.000991169,-2.24841,3.13483
5,0.483901,-0.240001,0.664928,0.000990361,-2.24906,3.13483
5,0.483876,-0.239206,0.664293,0.000989554,-2.24972,3.13483
5,0.483851,-0.23841,0.663659,0.000988746,-2.25037,3.13483
5,0.483826,-0.237614,0.663024,0.000987939,-2.25103,3.13483
5,0.483801,-0.236819,0.66239,0.000987132,-2.25168,3.13483
5,0.483775,-0.236023,0.661755,0.000986326,-2.25234,3.13482
5,0.48375,-0.235228,0.66112,0.000985519,-2.253,3.13482
5,0.483725,-0.234432,0.660486,0.000984714,-2.25366,3.13482
5,0.4837,-0.233636,0.659851,0.000983908,-2.25432,3.13482
5,0.483674,-0.232841,0.659216,0.000983103,-2.25499,3.13482
5,0.483649,-0.232045,0.658581,0.000982298,-2.25565,3.13482
5,0.483623,-0.23125,0.657946,0.000981493,-2.25632,3.13482
5,0.483598,-0.230454,0.657312,0.000980689,-2.25698,3.13482
5,0.483572,-0.229658,0.656677,0.000979885,-2.25765,3.13482
5,0.483546,-0.228863,0.656042,0.000979082,-2.25832,3.13481
5,0.48352,-0.228067,0.655407,0.000978279,-2.25899,3.13481
5,0.483494,-0.227272,0.654772,0.000977476,-2.25966,3.13481
5,0.483469,-0.226476,0.654137,0.000976674,-2.26033,3.13481
5,0.483443,-0.22568,0.653501,0.000975872,-2.261,3.13481
5,0.483416,-0.224885,0.652866,0.00097507,-2.26168,3.13481
5,0.48339,-0.224089,0.652231,0.000974269,-2.26235,3.13481
5,0.483364,-0.223294,0.651596,0.000973468,-2.26303,3.13481
5,0.483338,-0.222498,0.650961,0.000972668,-2.26371,3.13481
5,0.483312,-0.221702,0.650325,0.000971868,-2.26439,3.13481
5,0.483285,-0.220907,0.64969,0.000971069,-2.26507,3.1348
5,0.483259,-0.220111,0.649055,0.00097027,-2.26575,3.1348
5,0.483232,-0.219316,0.648419,0.000969471,-2.26643,3.1348
5,0.483206,-0.21852,0.647784,0.000968673,-2.26711,3.1348
5,0.483179,-0.217724,0.647148,0.000967875,-2.2678,3.1348
5,0.483152,-0.216929,0.646513,0.000967078,-2.26848,3.1348
5,0.483125,-0.216133,0.645877,0.000966281,-2.26917,3.1348
5,0.483099,-0.215338,0.645242,0.000965485,-2.26986,3.1348
5,0.483072,-0.214542,0.644606,0.000964689,-2.27054,3.1348
5,0.483045,-0.213746,0.643971,0.000963894,-2.27123,3.13479
5,0.483018,-0.212951,0.643335,0.000963099,-2.27193,3.13479
5,0.482991,-0.212155,0.642699,0.000962305,-2.27262,3.13479
5,0.482963,-0.21136,0.642064,0.000961511,-2.27331,3.13479
5,0.482936,-0.210564,0.641428,0.000960718,-2.27401,3.13479
5,0.482909,-0.209768,0.640792,0.000959925,-2.2747,3.13479
5,0.482881,-0.208973,0.640156,0.000959133,-2.2754,3.13479
5,0.482854,-0.208177,0.63952,0.000958341,-2.2761,3.13479
5,0.482826,-0.207382,0.638884,0.00095755,-2.2768,3.13479
5,0.482799,-0.206586,0.638248,0.00095676,-2.27749,3.13479
5,0.482771,-0.20579,0.637613,0.00095597,-2.2782,3.13478
5,0.482744,-0.204995,0.636977,0.00095518,-2.2789,3.13478
5,0.482716,-0.204199,0.636341,0.000954391,-2.2796,3.13478
5,0.482688,-0.203404,0.635705,0.000953603,-2.28031,3.13478
5,0.48266,-0.202608,0.635068,0.000952815,-2.28101,3.13478
5,0.482632,-0.201812,0.634432,0.000952028,-2.28172,3.13478
5,0.482604,-0.201017,0.633796,0.000951241,-2.28242,3.13478
5,0.482576,-0.200221,0.63316,0.000950455,-2.28313,3.13478
5,0.482548,-0.199426,0.632524,0.00094967,-2.28384,3.13478
5,0.48252,-0.19863,0.631888,0.000948885,-2.28455,3.13477
5,0.482491,-0.197834,0.631251,0.000948101,-2.28527,3.13477
5,0.482463,-0.197039,0.630615,0.000947317,-2.28598,3.13477
5,0.482434,-0.196243,0.629979,0.000946534,-2.28669,3.13477
5,0.482406,-0.195448,0.629343,0.000945752,-2.28741,3.13477
5,0.482377,-0.194652,0.628706,0.00094497,-2.28812,3.13477
5,0.482349,-0.193856,0.62807,0.000944189,-2.28884,3.13477
5,0.48232,-0.193061,0.627433,0.000943409,-2.28956,3.13477
5,0.482291,-0.192265,0.626797,0.000942629,-2.29028,3.13477
5,0.482263,-0.19147,0.62616,0.00094185,-2.291,3.13477
5,0.482234,-0.190674,0.625524,0.000941071,-2.29172,3.13476
5,0.482205,-0.189878,0.624887,0.000940293,-2.29244,3.13476
5,0.482176,-0.189083,0.624251,0.000939516,-2.29316,3.13476
5,0.482147,-0.188287,0.623614,0.00093874,-2.29389,3.13476
5,0.482117,-0.187492,0.622978,0.000937964,-2.29461,3.13476
5,0.482088,-0.186696,0.622341,0.000937189,-2.29534,3.13476
5,0.482059,-0.185901,0.621704,0.000936415,-2.29607,3.13476
5,0.48203,-0.185105,0.621068,0.000935641,-2.2968,3.13476
5,0.482,-0.184309,0.620431,0.000934868,-2.29753,3.13476
5,0.481971,-0.183514,0.619794,0.000934096,-2.29826,3.13476
5,0.481941,-0.182718,0.619158,0.000933324,-2.29899,3.13475
5,0.481912,-0.181923,0.618521,0.000932553,-2.29972,3.13475
5,0.481882,-0.181127,0.617884,0.000931783,-2.30045,3.13475
5,0.481852,-0.180331,0.617247,0.000931014,-2.30119,3.13475
5,0.481822,-0.179536,0.61661,0.000930245,-2.30192,3.13475
5,0.481793,-0.17874,0.615974,0.000929477,-2.30266,3.13475
5,0.481763,-0.177945,0.615337,0.00092871,-2.3034,3.13475
5,0.481733,-0.177149,0.6147,0.000927944,-2.30414,3.13475
5,0.481703,-0.176353,0.614063,0.000927178,-2.30487,3.13475
5,0.481673,-0.175558,0.613426,0.000926413,-2.30562,3.13474
5,0.481642,-0.174762,0.612789,0.000925649,-2.30636,3.13474
5,0.481612,-0.173967,0.612152,0.000924886,-2.3071,3.13474
5,0.481582,-0.173171,0.611515,0.000924124,-2.30784,3.13474
5,0.481551,-0.172376,0.610878,0.000923362,-2.30859,3.13474
5,0.481521,-0.17158,0.610241,0.000922601,-2.30933,3.13474
5,0.481491,-0.170784,0.609604,0.000921841,-2.31008,3.13474
5,0.48146,-0.169989,0.608967,0.000921081,-2.31082,3.13474
5,0.481429,-0.169193,0.60833,0.000920323,-2.31157,3.13474
5,0.481399,-0.168398,0.607692,0.000919565,-2.31232,3.13474
5,0.481368,-0.167602,0.607055,0.000918808,-2.31307,3.13473
5,0.481337,-0.166806,0.606418,0.000918052,-2.31382,3.13473
5,0.481306,-0.166011,0.605781,0.000917297,-2.31457,3.13473
5,0.481275,-0.165215,0.605144,0.000916542,-2.31533,3.13473
5,0.481244,-0.16442,0.604506,0.000915789,-2.31608,3.13473
5,0.481213,-0.163624,0.603869,0.000915036,-2.31684,3.13473
5,0.481182,-0.162829,0.603232,0.000914284,-2.31759,3.13473
5,0.481151,-0.162033,0.602595,0.000913533,-2.31835,3.13473
5,0.48112,-0.161237,0.601957,0.000912783,-2.31911,3.13473
5,0.481088,-0.160442,0.60132,0.000912034,-2.31986,3.13473
5,0.481057,-0.159646,0.600683,0.000911285,-2.32062,3.13472
5,0.481025,-0.158851,0.600045,0.000910537,-2.32138,3.13472
5,0.480994,-0.158055,0.599408,0.000909791,-2.32214,3.13472
5,0.480962,-0.157259,0.598771,0.000909045,-2.32291,3.13472
5,0.480931,-0.156464,0.598133,0.0009083,-2.32367,3.13472
5,0.480899,-0.155668,0.597496,0.000907556,-2.32443,3.13472
5,0.480867,-0.154873,0.596858,0.000906812,-2.3252,3.13472
5,0.480835,-0.154077,0.596221,0.00090607,-2.32596,3.13472
5,0.480803,-0.153282,0.595583,0.000905329,-2.32673,3.13472
5,0.480771,-0.152486,0.594946,0.000904588,-2.3275,3.13471
5,0.480739,-0.15169,0.594308,0.000903848,-2.32827,3.13471
5,0.480707,-0.150895,0.593671,0.00090311,-2.32903,3.13471
5,0.480675,-0.150099,0.593033,0.000902372,-2.3298,3.13471
5,0.480643,-0.149304,0.592396,0.000901635,-2.33058,3.13471
5,0.480611,-0.148508,0.591758,0.000900899,-2.33135,3.13471
5,0.480578,-0.147712,0.591121,0.000900164,-2.33212,3.13471
5,0.480546,-0.146917,0.590483,0.00089943,-2.33289,3.13471
5,0.480513,-0.146121,0.589846,0.000898697,-2.33367,3.13471
5,0.480481,-0.145326,0.589208,0.000897965,-2.33444,3.13471
5,0.480448,-0.14453,0.58857,0.000897234,-2.33522,3.1347
5,0.480416,-0.143735,0.587933,0.000896503,-2.336,3.1347
5,0.480383,-0.142939,0.587295,0.000895774,-2.33677,3.1347
5,0.48035,-0.142143,0.586658,0.000895046,-2.33755,3.1347
5,0.480317,-0.141348,0.58602,0.000894318,-2.33833,3.1347
5,0.480285,-0.140552,0.585382,0.000893592,-2.33911,3.1347
5,0.480252,-0.139757,0.584745,0.000892866,-2.33989,3.1347
5,0.480219,-0.138961,0.584107,0.000892142,-2.34067,3.1347
5,0.480185,-0.138165,0.583469,0.000891418,-2.34146,3.1347
5,0.480152,-0.13737,0.582832,0.000890696,-2.34224,3.1347
5,0.480119,-0.136574,0.582194,0.000889974,-2.34302,3.13469
5,0.480086,-0.135779,0.581556,0.000889254,-2.34381,3.13469
5,0.480053,-0.134983,0.580918,0.000888534,-2.3446,3.13469
5,0.480019,-0.134188,0.580281,0.000887815,-2.34538,3.13469
5,0.479986,-0.133392,0.579643,0.000887098,-2.34617,3.13469
5,0.479952,-0.132596,0.579005,0.000886381,-2.34696,3.13469
5,0.479919,-0.131801,0.578367,0.000885665,-2.34775,3.13469
5,0.479885,-0.131005,0.57773,0.000884951,-2.34854,3.13469
5,0.479851,-0.13021,0.577092,0.000884237,-2.34933,3.13469
5,0.479818,-0.129414,0.576454,0.000883524,-2.35012,3.13469
5,0.479784,-0.128619,0.575816,0.000882813,-2.35091,3.13468
5,0.47975,-0.127823,0.575178,0.000882103,-2.3517,3.13468
5,0.479716,-0.127027,0.574541,0.000881393,-2.3525,3.13468
5,0.479682,-0.126232,0.573903,0.000880685,-2.35329,3.13468
5,0.479648,-0.125436,0.573265,0.000879977,-2.35409,3.13468
5,0.479614,-0.124641,0.572627,0.000879271,-2.35488,3.13468
5,0.47958,-0.123845,0.571989,0.000878565,-2.35568,3.13468
5,0.479545,-0.123049,0.571352,0.000877861,-2.35648,3.13468
5,0.479511,-0.122254,0.570714,0.000877158,-2.35728,3.13468
5,0.479477,-0.121458,0.570076,0.000876456,-2.35807,3.13468
5,0.479442,-0.120663,0.569438,0.000875754,-2.35887,3.13467
5,0.479408,-0.119867,0.5688,0.000875054,-2.35967,3.13467
5,0.479373,-0.119072,0.568162,0.000874355,-2.36048,3.13467
5,0.479339,-0.118276,0.567525,0.000873657,-2.36128,3.13467
5,0.479304,-0.11748,0.566887,0.00087296,-2.36208,3.13467
5,0.47927,-0.116685,0.566249,0.000872264,-2.36288,3.13467
5,0.479235,-0.115889,0.565611,0.00087157,-2.36369,3.13467
5,0.4792,-0.115094,0.564973,0.000870876,-2.36449,3.13467
5,0.479165,-0.114298,0.564335,0.000870183,-2.3653,3.13467
5,0.47913,-0.113503,0.563697,0.000869492,-2.3661,3.13467
5,0.479095,-0.112707,0.563059,0.000868801,-2.36691,3.13466
5,0.47906,-0.111911,0.562422,0.000868111,-2.36772,3.13466
5,0.479025,-0.111116,0.561784,0.000867423,-2.36853,3.13466
5,0.47899,-0.11032,0.561146,0.000866736,-2.36934,3.13466
5,0.478955,-0.109525,0.560508,0.00086605,-2.37015,3.13466
5,0.478919,-0.108729,0.55987,0.000865365,-2.37096,3.13466
5,0.478884,-0.107933,0.559232,0.00086468,-2.37177,3.13466
5,0.478849,-0.107138,0.558594,0.000863998,-2.37258,3.13466
5,0.478813,-0.106342,0.557956,0.000863316,-2.37339,3.13466
5,0.478778,-0.105547,0.557319,0.000862635,-2.3742,3.13466
5,0.478742,-0.104751,0.556681,0.000861955,-2.37502,3.13465
5,0.478707,-0.103956,0.556043,0.000861277,-2.37583,3.13465
5,0.478671,-0.10316,0.555405,0.0008606,-2.37665,3.13465
5,0.478635,-0.102364,0.554767,0.000859923,-2.37746,3.13465
5,0.478599,-0.101569,0.554129,0.000859248,-2.37828,3.13465
5,0.478564,-0.100773,0.553491,0.000858574,-2.3791,3.13465
5,0.478528,-0.0999777,0.552854,0.000857901,-2.37991,3.13465
5,0.478492,-0.0991821,0.552216,0.000857229,-2.38073,3.13465
5,0.478456,-0.0983866,0.551578,0.000856559,-2.38155,3.13465
5,0.47842,-0.097591,0.55094,0.000855889,-2.38237,3.13465
5,0.478383,-0.0967954,0.550302,0.00085522,-2.38319,3.13464
5,0.478347,-0.0959998,0.549664,0.000854553,-2.38401,3.13464
5,0.478311,-0.0952042,0.549026,0.000853887,-2.38483,3.13464
5,0.478275,-0.0944087,0.548389,0.000853222,-2.38566,3.13464
5,0.478238,-0.0936131,0.547751,0.000852558,-2.38648,3.13464
5,0.478202,-0.0928175,0.547113,0.000851895,-2.3873,3.13464
5,0.478166,-0.0920219,0.546475,0.000851234,-2.38812,3.13464
5,0.478129,-0.0912264,0.545837,0.000850573,-2.38895,3.13464
5,0.478129,-0.0912264,0.545837,0.000850573,-2.38895,3.13464
5,0.478129,-0.0912264,0.545837,0.000850573,-2.38895,3.13464
5,0.479074,-0.0912273,0.545796,0.000850135,-2.38993,3.13464
5,0.48002,-0.0912276,0.545755,0.000849499,-2.39091,3.13464
5,0.480966,-0.0912278,0.545714,0.000848791,-2.3919,3.13464
5,0.481911,-0.0912281,0.545674,0.000848085,-2.39288,3.13464
5,0.482857,-0.0912284,0.545633,0.000847382,-2.39386,3.13463
5,0.483802,-0.0912287,0.545593,0.000846681,-2.39484,3.13463
5,0.484748,-0.091229,0.545552,0.000845982,-2.39582,3.13463
5,0.485693,-0.0912293,0.545512,0.000845286,-2.3968,3.13463
5,0.486639,-0.0912296,0.545472,0.000844591,-2.39778,3.13463
5,0.487584,-0.0912299,0.545432,0.000843899,-2.39877,3.13463
5,0.488529,-0.0912302,0.545391,0.00084321,-2.39975,3.13463
5,0.489475,-0.0912305,0.545351,0.000842522,-2.40073,3.13463
6,0.489475,-0.0912305,0.545351,0.000842522,-2.40073,3.13463
6,0.489433,-0.0905331,0.544602,0.000840762,-2.40163,3.13462
6,0.489393,-0.0898351,0.543853,0.00084006,-2.40253,3.13462
6,0.489352,-0.0891371,0.543103,0.000839364,-2.40344,3.13462
6,0.489311,-0.0884392,0.542354,0.000838669,-2.40434,3.13462
6,0.489271,-0.0877412,0.541605,0.000837974,-2.40525,3.13462
6,0.48923,-0.0870432,0.540856,0.000837282,-2.40616,3.13462
6,0.489189,-0.0863452,0.540106,0.00083659,-2.40707,3.13462
6,0.489148,-0.0856473,0.539357,0.000835899,-2.40798,3.13462
6,0.489107,-0.0849493,0.538608,0.00083521,-2.40889,3.13462
6,0.489066,-0.0842513,0.537859,0.000834522,-2.4098,3.13462
6,0.489024,-0.0835534,0.537109,0.000833835,-2.41071,3.13461
6,0.488983,-0.0828554,0.53636,0.000833149,-2.41162,3.13461
6,0.488942,-0.0821574,0.535611,0.000832465,-2.41254,3.13461
6,0.4889,-0.0814594,0.534862,0.000831782,-2.41345,3.13461
6,0.488859,-0.0807615,0.534112,0.0008311,-2.41437,3.13461
6,0.488817,-0.0800635,0.533363,0.000830418,-2.41528,3.13461
6,0.488776,-0.0793655,0.532614,0.000829739,-2.4162,3.13461
6,0.488734,-0.0786675,0.531865,0.00082906,-2.41712,3.13461
6,0.488692,-0.0779696,0.531116,0.000828383,-2.41804,3.13461
6,0.48865,-0.0772716,0.530366,0.000827707,-2.41896,3.13461
6,0.488608,-0.0765736,0.529617,0.000827032,-2.41988,3.1346
6,0.488566,-0.0758756,0.528868,0.000826358,-2.4208,3.1346
6,0.488524,-0.0751777,0.528119,0.000825685,-2.42172,3.1346
6,0.488482,-0.0744797,0.52737,0.000825014,-2.42264,3.1346
6,0.48844,-0.0737817,0.52662,0.000824344,-2.42357,3.1346
6,0.488398,-0.0730837,0.525871,0.000823675,-2.42449,3.1346
6,0.488355,-0.0723858,0.525122,0.000823008,-2.42542,3.1346
6,0.488313,-0.0716878,0.524373,0.000822341,-2.42634,3.1346
6,0.488271,-0.0709898,0.523624,0.000821676,-2.42727,3.1346
6,0.488228,-0.0702918,0.522875,0.000821012,-2.4282,3.13459
6,0.488185,-0.0695939,0.522125,0.000820349,-2.42913,3.13459
6,0.488143,-0.0688959,0.521376,0.000819688,-2.43006,3.13459
6,0.4881,-0.0681979,0.520627,0.000819027,-2.43099,3.13459
6,0.488057,-0.0675,0.519878,0.000818368,-2.43192,3.13459
6,0.488014,-0.066802,0.519129,0.00081771,-2.43285,3.13459
6,0.487971,-0.066104,0.51838,0.000817053,-2.43378,3.13459
6,0.487928,-0.065406,0.517631,0.000816398,-2.43472,3.13459
6,0.487885,-0.0647081,0.516882,0.000815743,-2.43565,3.13459
6,0.487842,-0.0640101,0.516133,0.000815091,-2.43658,3.13459
6,0.487798,-0.0633121,0.515383,0.000814439,-2.43752,3.13458
6,0.487755,-0.0626141,0.514634,0.000813788,-2.43846,3.13458
6,0.487712,-0.0619162,0.513885,0.000813139,-2.43939,3.13458
6,0.487668,-0.0612182,0.513136,0.000812491,-2.44033,3.13458
6,0.487625,-0.0605202,0.512387,0.000811844,-2.44127,3.13458
6,0.487581,-0.0598222,0.511638,0.000811198,-2.44221,3.13458
6,0.487537,-0.0591243,0.510889,0.000810554,-2.44315,3.13458
6,0.487493,-0.0584263,0.51014,0.000809911,-2.44409,3.13458
6,0.48745,-0.0577283,0.509391,0.000809269,-2.44503,3.13458
6,0.487406,-0.0570303,0.508642,0.000808628,-2.44598,3.13458
6,0.487362,-0.0563324,0.507893,0.000807989,-2.44692,3.13457
6,0.487318,-0.0556344,0.507145,0.00080735,-2.44786,3.13457
6,0.487274,-0.0549364,0.506396,0.000806713,-2.44881,3.13457
6,0.487229,-0.0542384,0.505647,0.000806077,-2.44976,3.13457
6,0.487185,-0.0535405,0.504898,0.000805443,-2.4507,3.13457
6,0.487141,-0.0528425,0.504149,0.00080481,-2.45165,3.13457
6,0.487096,-0.0521445,0.5034,0.000804178,-2.4526,3.13457
6,0.487052,-0.0514465,0.502651,0.000803547,-2.45355,3.13457
6,0.487007,-0.0507486,0.501902,0.000802917,-2.4545,3.13457
6,0.486963,-0.0500506,0.501153,0.000802289,-2.45545,3.13457
6,0.486918,-0.0493526,0.500405,0.000801662,-2.4564,3.13456
6,0.486873,-0.0486546,0.499656,0.000801036,-2.45735,3.13456
6,0.486829,-0.0479567,0.498907,0.000800411,-2.4583,3.13456
6,0.486784,-0.0472587,0.498158,0.000799788,-2.45925,3.13456
6,0.486739,-0.0465607,0.49741,0.000799165,-2.46021,3.13456
6,0.486694,-0.0458627,0.496661,0.000798544,-2.46116,3.13456
6,0.486649,-0.0451648,0.495912,0.000797925,-2.46212,3.13456
6,0.486604,-0.0444668,0.495163,0.000797306,-2.46307,3.13456
6,0.486558,-0.0437688,0.494415,0.000796689,-2.46403,3.13456
6,0.486513,-0.0430708,0.493666,0.000796073,-2.46499,3.13456
6,0.486468,-0.0423729,0.492917,0.000795458,-2.46595,3.13455
6,0.486422,-0.0416749,0.492169,0.000794845,-2.4669,3.13455
6,0.486377,-0.0409769,0.49142,0.000794233,-2.46786,3.13455
6,0.486331,-0.0402789,0.490671,0.000793622,-2.46882,3.13455
6,0.486286,-0.0395809,0.489923,0.000793012,-2.46979,3.13455
6,0.48624,-0.038883,0.489174,0.000792403,-2.47075,3.13455
6,0.486194,-0.038185,0.488426,0.000791796,-2.47171,3.13455
6,0.486148,-0.037487,0.487677,0.000791189,-2.47267,3.13455
6,0.486102,-0.036789,0.486929,0.000790585,-2.47364,3.13455
6,0.486056,-0.0360911,0.48618,0.000789981,-2.4746,3.13455
6,0.48601,-0.0353931,0.485432,0.000789379,-2.47557,3.13455
6,0.485964,-0.0346951,0.484683,0.000788778,-2.47653,3.13454
6,0.485918,-0.0339971,0.483935,0.000788178,-2.4775,3.13454
6,0.485872,-0.0332992,0.483186,0.000787579,-2.47847,3.13454
6,0.485825,-0.0326012,0.482438,0.000786982,-2.47943,3.13454
6,0.485779,-0.0319032,0.481689,0.000786385,-2.4804,3.13454
6,0.485733,-0.0312052,0.480941,0.000785791,-2.48137,3.13454
6,0.485686,-0.0305072,0.480193,0.000785197,-2.48234,3.13454
6,0.485639,-0.0298093,0.479444,0.000784604,-2.48331,3.13454
6,0.485593,-0.0291113,0.478696,0.000784013,-2.48428,3.13454
6,0.485546,-0.0284133,0.477948,0.000783423,-2.48525,3.13454
6,0.485499,-0.0277153,0.477199,0.000782834,-2.48623,3.13453
6,0.485452,-0.0270174,0.476451,0.000782246,-2.4872,3.13453
6,0.485406,-0.0263194,0.475703,0.00078166,-2.48817,3.13453
6,0.485359,-0.0256214,0.474955,0.000781075,-2.48915,3.13453
6,0.485312,-0.0249234,0.474207,0.000780491,-2.49012,3.13453
6,0.485264,-0.0242254,0.473458,0.000779908,-2.4911,3.13453
6,0.485217,-0.0235275,0.47271,0.000779326,-2.49208,3.13453
6,0.48517,-0.0228295,0.471962,0.000778746,-2.49306,3.13453
6,0.485123,-0.0221315,0.471214,0.000778167,-2.49403,3.13453
6,0.485075,-0.0214335,0.470466,0.00077759,-2.49501,3.13453
6,0.485028,-0.0207355,0.469718,0.000777013,-2.49599,3.13452
6,0.48498,-0.0200376,0.46897,0.000776438,-2.49697,3.13452
6,0.484933,-0.0193396,0.468222,0.000775864,-2.49795,3.13452
6,0.484885,-0.0186416,0.467474,0.000775291,-2.49893,3.13452
6,0.484837,-0.0179436,0.466726,0.000774719,-2.49992,3.13452
6,0.484789,-0.0172456,0.465978,0.000774148,-2.5009,3.13452
6,0.484742,-0.0165477,0.46523,0.000773579,-2.50188,3.13452
6,0.484694,-0.0158497,0.464482,0.000773011,-2.50287,3.13452
6,0.484646,-0.0151517,0.463734,0.000772444,-2.50385,3.13452
6,0.484598,-0.0144537,0.462986,0.000771879,-2.50484,3.13452
6,0.484549,-0.0137557,0.462238,0.000771314,-2.50582,3.13452
6,0.484501,-0.0130578,0.461491,0.000770751,-2.50681,3.13451
6,0.484453,-0.0123598,0.460743,0.000770189,-2.5078,3.13451
6,0.484405,-0.0116618,0.459995,0.000769628,-2.50878,3.13451
6,0.484356,-0.0109638,0.459247,0.000769069,-2.50977,3.13451
6,0.484308,-0.0102658,0.4585,0.00076851,-2.51076,3.13451
6,0.484259,-0.00956785,0.457752,0.000767953,-2.51175,3.13451
6,0.484211,-0.00886986,0.457004,0.000767397,-2.51274,3.13451
6,0.484162,-0.00817188,0.456257,0.000766842,-2.51373,3.13451
6,0.484113,-0.0074739,0.455509,0.000766289,-2.51473,3.13451
6,0.484064,-0.00677592,0.454761,0.000765736,-2.51572,3.13451
6,0.484015,-0.00607793,0.454014,0.000765185,-2.51671,3.1345
6,0.483967,-0.00537995,0.453266,0.000764635,-2.5177,3.1345
6,0.483918,-0.00468197,0.452519,0.000764086,-2.5187,3.1345
6,0.483868,-0.00398399,0.451771,0.000763539,-2.51969,3.1345
6,0.483819,-0.003286,0.451024,0.000762993,-2.52069,3.1345
6,0.48377,-0.00258802,0.450276,0.000762447,-2.52169,3.1345
6,0.483721,-0.00189004,0.449529,0.000761903,-2.52268,3.1345
6,0.483671,-0.00119205,0.448782,0.000761361,-2.52368,3.1345
6,0.483622,-0.000494068,0.448034,0.000760819,-2.52468,3.1345
6,0.483573,0.000203916,0.447287,0.000760278,-2.52568,3.1345
6,0.483523,0.0009019,0.44654,0.000759739,-2.52668,3.1345
6,0.483473,0.00159988,0.445792,0.000759201,-2.52768,3.13449
6,0.483424,0.00229787,0.445045,0.000758664,-2.52868,3.13449
6,0.483374,0.00299585,0.444298,0.000758128,-2.52968,3.13449
6,0.483324,0.00369384,0.443551,0.000757593,-2.53068,3.13449
6,0.483274,0.00439182,0.442804,0.00075706,-2.53169,3.13449
6,0.483224,0.00508981,0.442056,0.000756528,-2.53269,3.13449
6,0.483174,0.00578779,0.441309,0.000755997,-2.5337,3.13449
6,0.483124,0.00648578,0.440562,0.000755467,-2.5347,3.13449
6,0.483074,0.00718377,0.439815,0.000754938,-2.53571,3.13449
6,0.483024,0.00788175,0.439068,0.00075441,-2.53671,3.13449
6,0.482974,0.00857974,0.438321,0.000753885,-2.53772,3.13448
6,0.482923,0.00927772,0.437574,0.00075336,-2.53873,3.13448
6,0.482873,0.00997571,0.436827,0.000752835,-2.53973,3.13448
6,0.482822,0.0106737,0.43608,0.000752313,-2.54074,3.13448
6,0.482772,0.0113717,0.435333,0.000751791,-2.54175,3.13448
6,0.482721,0.0120697,0.434587,0.00075127,-2.54276,3.13448
6,0.48267,0.0127677,0.43384,0.000750751,-2.54377,3.13448
6,0.48262,0.0134656,0.433093,0.000750232,-2.54479,3.13448
6,0.482569,0.0141636,0.432346,0.000749716,-2.5458,3.13448
6,0.482518,0.0148616,0.431599,0.000749199,-2.54681,3.13448
6,0.482467,0.0155596,0.430853,0.000748685,-2.54782,3.13448
6,0.482416,0.0162576,0.430106,0.000748171,-2.54884,3.13447
6,0.482365,0.0169556,0.429359,0.000747659,-2.54985,3.13447
6,0.482314,0.0176536,0.428613,0.000747147,-2.55087,3.13447
6,0.482262,0.0183516,0.427866,0.000746637,-2.55189,3.13447
6,0.482211,0.0190495,0.427119,0.000746128,-2.5529,3.13447
6,0.482211,0.0190495,0.427119,0.000746128,-2.5529,3.13447
6,0.482211,0.0190495,0.427119,0.000746128,-2.5529,3.13447
6,0.481576,0.0190496,0.427139,0.000747063,-2.55233,3.13447
6,0.480941,0.01905,0.427158,0.000747439,-2.55175,3.13447
7,0.480941,0.01905,0.427158,0.000747439,-2.55175,3.13447
7,0.480954,0.0180561,0.427136,0.0007471,-2.55147,3.13447
7,0.480968,0.017062,0.427114,0.000747284,-2.55119,3.13447
7,0.480982,0.0160678,0.427092,0.000747446,-2.55091,3.13447
7,0.480997,0.0150737,0.42707,0.000747608,-2.55063,3.13447
7,0.481011,0.0140796,0.427047,0.00074777,-2.55035,3.13447
7,0.481025,0.0130855,0.427025,0.000747933,-2.55006,3.13447
7,0.481039,0.0120914,0.427003,0.000748096,-2.54978,3.13447
7,0.481053,0.0110973,0.426981,0.000748259,-2.5495,3.13447
7,0.481068,0.0101032,0.426959,0.000748422,-2.54922,3.13448
7,0.481082,0.00910907,0.426937,0.000748585,-2.54894,3.13448
7,0.481096,0.00811495,0.426915,0.000748749,-2.54865,3.13448
7,0.48111,0.00712084,0.426893,0.000748914,-2.54837,3.13448
7,0.481125,0.00612673,0.426871,0.000749078,-2.54809,3.13448
7,0.481139,0.00513262,0.426849,0.000749242,-2.5478,3.13448
7,0.481153,0.00413851,0.426827,0.000749407,-2.54752,3.13448
7,0.481168,0.0031444,0.426805,0.000749572,-2.54723,3.13448
7,0.481182,0.00215029,0.426783,0.000749737,-2.54695,3.13448
7,0.481196,0.00115618,0.426761,0.000749903,-2.54666,3.13448
7,0.481196,0.00115618,0.426761,0.000749903,-2.54666,3.13448
7,0.481196,0.00115618,0.426761,0.000749903,-2.54666,3.13448
7,0.482088,0.00115517,0.426733,0.000749645,-2.54748,3.13448
7,0.482981,0.00115492,0.426705,0.000749307,-2.54829,3.13448
7,0.483873,0.00115467,0.426678,0.000748932,-2.5491,3.13448
7,0.484765,0.00115442,0.42665,0.000748559,-2.54991,3.13448
7,0.485657,0.00115417,0.426623,0.000748186,-2.55072,3.13447
7,0.486549,0.00115393,0.426595,0.000747814,-2.55154,3.13447
7,0.487442,0.00115368,0.426568,0.000747442,-2.55235,3.13447
7,0.488334,0.00115343,0.426541,0.000747071,-2.55316,3.13447
7,0.489226,0.00115318,0.426513,0.000746701,-2.55398,3.13447
7,0.490118,0.00115293,0.426486,0.000746332,-2.55479,3.13447
7,0.49101,0.00115268,0.426458,0.000745963,-2.55561,3.13447
7,0.491902,0.00115244,0.426431,0.000745596,-2.55642,3.13447
7,0.492793,0.00115219,0.426404,0.000745228,-2.55724,3.13447
8,0.492793,0.00115219,0.426404,0.000745228,-2.55724,3.13447
8,0.49277,0.000367603,0.425772,0.000743937,-2.55768,3.13447
8,0.492747,-0.000416847,0.42514,0.000743717,-2.55812,3.13447
8,0.492725,-0.0012013,0.424508,0.000743498,-2.55857,3.13447
8,0.492702,-0.00198575,0.423876,0.00074328,-2.55901,3.13447
8,0.49268,-0.0027702,0.423244,0.000743061,-2.55946,3.13447
8,0.492657,-0.00355465,0.422612,0.000742843,-2.5599,3.13447
8,0.492635,-0.0043391,0.421979,0.000742624,-2.56035,3.13447
8,0.492612,-0.00512355,0.421347,0.000742406,-2.5608,3.13447
8,0.492589,-0.005908,0.420715,0.000742188,-2.56124,3.13446
8,0.492566,-0.00669245,0.420083,0.00074197,-2.56169,3.13446
8,0.492544,-0.0074769,0.419451,0.000741752,-2.56214,3.13446
8,0.492521,-0.00826135,0.418819,0.000741534,-2.56259,3.13446
8,0.492498,-0.0090458,0.418186,0.000741316,-2.56304,3.13446
8,0.492475,-0.00983025,0.417554,0.000741098,-2.56349,3.13446
8,0.492452,-0.0106147,0.416922,0.00074088,-2.56394,3.13446
8,0.492429,-0.0113991,0.41629,0.000740662,-2.56439,3.13446
8,0.492406,-0.0121836,0.415658,0.000740444,-2.56484,3.13446
8,0.492383,-0.0129681,0.415026,0.000740226,-2.56529,3.13446
8,0.49236,-0.0137525,0.414393,0.000740009,-2.56574,3.13446
8,0.492337,-0.014537,0.413761,0.000739791,-2.5662,3.13446
8,0.492314,-0.0153214,0.413129,0.000739574,-2.56665,3.13446
8,0.492291,-0.0161059,0.412497,0.000739356,-2.5671,3.13446
8,0.492268,-0.0168903,0.411865,0.000739139,-2.56756,3.13446
8,0.492245,-0.0176748,0.411232,0.000738921,-2.56801,3.13446
8,0.492222,-0.0184592,0.4106,0.000738704,-2.56847,3.13446
8,0.492199,-0.0192437,0.409968,0.000738487,-2.56892,3.13446
8,0.492175,-0.0200281,0.409336,0.00073827,-2.56938,3.13446
8,0.492152,-0.0208126,0.408703,0.000738053,-2.56983,3.13446
8,0.492129,-0.021597,0.408071,0.000737835,-2.57029,3.13446
8,0.492105,-0.0223815,0.407439,0.000737619,-2.57075,3.13446
8,0.492082,-0.0231659,0.406807,0.000737402,-2.57121,3.13446
8,0.492058,-0.0239504,0.406174,0.000737185,-2.57166,3.13446
8,0.492035,-0.0247348,0.405542,0.000736968,-2.57212,3.13446
8,0.492012,-0.0255193,0.40491,0.000736752,-2.57258,3.13445
8,0.491988,-0.0263037,0.404278,0.000736535,-2.57304,3.13445
8,0.491964,-0.0270882,0.403645,0.000736318,-2.5735,3.13445
8,0.491941,-0.0278726,0.403013,0.000736102,-2.57396,3.13445
8,0.491917,-0.0286571,0.402381,0.000735885,-2.57443,3.13445
8,0.491894,-0.0294415,0.401748,0.000735669,-2.57489,3.13445
8,0.49187,-0.030226,0.401116,0.000735452,-2.57535,3.13445
8,0.491846,-0.0310104,0.400484,0.000735236,-2.57581,3.13445
8,0.491822,-0.0317949,0.399851,0.00073502,-2.57628,3.13445
8,0.491799,-0.0325793,0.399219,0.000734804,-2.57674,3.13445
8,0.491775,-0.0333638,0.398587,0.000734587,-2.5772,3.13445
8,0.491751,-0.0341482,0.397954,0.000734372,-2.57767,3.13445
8,0.491727,-0.0349327,0.397322,0.000734155,-2.57813,3.13445
8,0.491703,-0.0357172,0.39669,0.000733939,-2.5786,3.13445
8,0.491679,-0.0365016,0.396057,0.000733723,-2.57907,3.13445
8,0.491655,-0.0372861,0.395425,0.000733507,-2.57953,3.13445
8,0.491631,-0.0380705,0.394793,0.000733292,-2.58,3.13445
8,0.491607,-0.038855,0.39416,0.000733076,-2.58047,3.13445
8,0.491583,-0.0396394,0.393528,0.00073286,-2.58094,3.13445
8,0.491559,-0.0404239,0.392896,0.000732645,-2.58141,3.13445
8,0.491535,-0.0412083,0.392263,0.000732429,-2.58188,3.13445
8,0.491511,-0.0419928,0.391631,0.000732213,-2.58235,3.13445
8,0.491487,-0.0427772,0.390998,0.000731998,-2.58282,3.13445
8,0.491462,-0.0435617,0.390366,0.000731783,-2.58329,3.13445
8,0.491438,-0.0443461,0.389734,0.000731567,-2.58376,3.13445
8,0.491414,-0.0451306,0.389101,0.000731352,-2.58423,3.13444
8,0.491389,-0.045915,0.388469,0.000731137,-2.58471,3.13444
8,0.491365,-0.0466995,0.387836,0.000730921,-2.58518,3.13444
8,0.49134,-0.0474839,0.387204,0.000730706,-2.58565,3.13444
8,0.491316,-0.0482684,0.386571,0.000730491,-2.58613,3.13444
8,0.491291,-0.0490529,0.385939,0.000730276,-2.5866,3.13444
8,0.491267,-0.0498373,0.385306,0.000730061,-2.58708,3.13444
8,0.491242,-0.0506218,0.384674,0.000729846,-2.58755,3.13444
8,0.491218,-0.0514062,0.384042,0.000729631,-2.58803,3.13444
8,0.491193,-0.0521907,0.383409,0.000729416,-2.58851,3.13444
8,0.491168,-0.0529751,0.382777,0.000729202,-2.58899,3.13444
8,0.491144,-0.0537596,0.382144,0.000728987,-2.58946,3.13444
8,0.491119,-0.054544,0.381512,0.000728772,-2.58994,3.13444
8,0.491094,-0.0553285,0.380879,0.000728558,-2.59042,3.13444
8,0.491069,-0.0561129,0.380247,0.000728343,-2.5909,3.13444
8,0.491045,-0.0568974,0.379614,0.000728128,-2.59138,3.13444
8,0.49102,-0.0576819,0.378982,0.000727914,-2.59186,3.13444
8,0.490995,-0.0584663,0.378349,0.0007277,-2.59234,3.13444
8,0.49097,-0.0592508,0.377717,0.000727485,-2.59283,3.13444
8,0.490945,-0.0600352,0.377084,0.000727271,-2.59331,3.13444
8,0.49092,-0.0608197,0.376452,0.000727057,-2.59379,3.13444
8,0.490895,-0.0616041,0.375819,0.000726843,-2.59428,3.13444
8,0.49087,-0.0623886,0.375186,0.000726629,-2.59476,3.13444
8,0.490844,-0.063173,0.374554,0.000726414,-2.59525,3.13444
8,0.490819,-0.0639575,0.373921,0.000726201,-2.59573,3.13443
8,0.490794,-0.0647419,0.373289,0.000725986,-2.59622,3.13443
8,0.490769,-0.0655264,0.372656,0.000725773,-2.59671,3.13443
8,0.490743,-0.0663109,0.372024,0.000725559,-2.59719,3.13443
8,0.490718,-0.0670953,0.371391,0.000725345,-2.59768,3.13443
8,0.490693,-0.0678798,0.370758,0.000725131,-2.59817,3.13443
8,0.490667,-0.0686642,0.370126,0.000724917,-2.59866,3.13443
8,0.490642,-0.0694487,0.369493,0.000724704,-2.59915,3.13443
8,0.490616,-0.0702331,0.368861,0.00072449,-2.59964,3.13443
8,0.490591,-0.0710176,0.368228,0.000724277,-2.60013,3.13443
8,0.490565,-0.071802,0.367595,0.000724063,-2.60062,3.13443
8,0.49054,-0.0725865,0.366963,0.00072385,-2.60111,3.13443
8,0.490514,-0.073371,0.36633,0.000723636,-2.6016,3.13443
8,0.490488,-0.0741554,0.365698,0.000723423,-2.6021,3.13443
8,0.490463,-0.0749399,0.365065,0.00072321,-2.60259,3.13443
8,0.490437,-0.0757243,0.364432,0.000722997,-2.60309,3.13443
8,0.490411,-0.0765088,0.3638,0.000722783,-2.60358,3.13443
8,0.490385,-0.0772932,0.363167,0.00072257,-2.60408,3.13443
8,0.490359,-0.0780777,0.362534,0.000722357,-2.60457,3.13443
8,0.490333,-0.0788622,0.361902,0.000722144,-2.60507,3.13443
8,0.490307,-0.0796466,0.361269,0.000721931,-2.60557,3.13443
8,0.490281,-0.0804311,0.360636,0.000721718,-2.60607,3.13443
8,0.490255,-0.0812155,0.360004,0.000721505,-2.60656,3.13443
8,0.490229,-0.082,0.359371,0.000721292,-2.60706,3.13443
8,0.490203,-0.0827844,0.358738,0.000721079,-2.60756,3.13442
8,0.490177,-0.0835689,0.358106,0.000720867,-2.60806,3.13442
8,0.490151,-0.0843534,0.357473,0.000720654,-2.60856,3.13442
8,0.490125,-0.0851378,0.35684,0.000720442,-2.60907,3.13442
8,0.490098,-0.0859223,0.356207,0.000720229,-2.60957,3.13442
8,0.490072,-0.0867067,0.355575,0.000720017,-2.61007,3.13442
8,0.490046,-0.0874912,0.354942,0.000719804,-2.61057,3.13442
8,0.490019,-0.0882756,0.354309,0.000719592,-2.61108,3.13442
8,0.489993,-0.0890601,0.353676,0.000719379,-2.61158,3.13442
8,0.489966,-0.0898446,0.353044,0.000719167,-2.61209,3.13442
8,0.48994,-0.090629,0.352411,0.000718955,-2.6126,3.13442
8,0.489913,-0.0914135,0.351778,0.000718743,-2.6131,3.13442
8,0.489887,-0.0921979,0.351145,0.000718531,-2.61361,3.13442
8,0.48986,-0.0929824,0.350513,0.000718318,-2.61412,3.13442
8,0.489833,-0.0937668,0.34988,0.000718106,-2.61463,3.13442
8,0.489807,-0.0945513,0.349247,0.000717894,-2.61514,3.13442
8,0.48978,-0.0953358,0.348614,0.000717682,-2.61565,3.13442
8,0.489753,-0.0961202,0.347981,0.00071747,-2.61616,3.13442
8,0.489726,-0.0969047,0.347349,0.000717259,-2.61667,3.13442
8,0.489699,-0.0976891,0.346716,0.000717047,-2.61718,3.13442
8,0.489673,-0.0984736,0.346083,0.000716835,-2.61769,3.13442
8,0.489646,-0.0992581,0.34545,0.000716624,-2.6182,3.13442
8,0.489619,-0.100043,0.344817,0.000716412,-2.61872,3.13442
8,0.489592,-0.100827,0.344185,0.0007162,-2.61923,3.13442
8,0.489564,-0.101611,0.343552,0.000715989,-2.61975,3.13441
8,0.489537,-0.102396,0.342919,0.000715777,-2.62026,3.13441
8,0.48951,-0.10318,0.342286,0.000715566,-2.62078,3.13441
8,0.489483,-0.103965,0.341653,0.000715354,-2.6213,3.13441
8,0.489456,-0.104749,0.34102,0.000715143,-2.62181,3.13441
8,0.489428,-0.105534,0.340387,0.000714932,-2.62233,3.13441
8,0.489401,-0.106318,0.339755,0.00071472,-2.62285,3.13441
8,0.489374,-0.107103,0.339122,0.000714509,-2.62337,3.13441
8,0.489346,-0.107887,0.338489,0.000714298,-2.62389,3.13441
8,0.489319,-0.108672,0.337856,0.000714087,-2.62441,3.13441
8,0.489291,-0.109456,0.337223,0.000713876,-2.62493,3.13441
8,0.489264,-0.11024,0.33659,0.000713665,-2.62546,3.13441
8,0.489236,-0.111025,0.335957,0.000713454,-2.62598,3.13441
8,0.489208,-0.111809,0.335324,0.000713244,-2.6265,3.13441
8,0.489181,-0.112594,0.334691,0.000713033,-2.62703,3.13441
8,0.489153,-0.113378,0.334058,0.000712822,-2.62755,3.13441
8,0.489125,-0.114163,0.333425,0.000712611,-2.62808,3.13441
8,0.489097,-0.114947,0.332793,0.0007124,-2.6286,3.13441
8,0.489069,-0.115732,0.33216,0.00071219,-2.62913,3.13441
8,0.489041,-0.116516,0.331527,0.000711979,-2.62966,3.13441
8,0.489013,-0.117301,0.330894,0.000711768,-2.63019,3.13441
8,0.488985,-0.118085,0.330261,0.000711558,-2.63072,3.13441
8,0.488957,-0.11887,0.329628,0.000711348,-2.63125,3.13441
8,0.488929,-0.119654,0.328995,0.000711137,-2.63178,3.1344
8,0.488901,-0.120438,0.328362,0.000710927,-2.63231,3.1344
8,0.488873,-0.121223,0.327729,0.000710716,-2.63284,3.1344
8,0.488845,-0.122007,0.327096,0.000710507,-2.63337,3.1344
8,0.488816,-0.122792,0.326463,0.000710297,-2.63391,3.1344
8,0.488788,-0.123576,0.32583,0.000710087,-2.63444,3.1344
8,0.48876,-0.124361,0.325197,0.000709876,-2.63498,3.1344
8,0.488731,-0.125145,0.324564,0.000709666,-2.63551,3.1344
8,0.488703,-0.12593,0.323931,0.000709457,-2.63605,3.1344
8,0.488674,-0.126714,0.323298,0.000709246,-2.63658,3.1344
8,0.488646,-0.127499,0.322665,0.000709037,-2.63712,3.1344
8,0.488617,-0.128283,0.322032,0.000708827,-2.63766,3.1344
8,0.488588,-0.129068,0.321399,0.000708617,-2.6382,3.1344
8,0.48856,-0.129852,0.320766,0.000708407,-2.63874,3.1344
8,0.488531,-0.130636,0.320133,0.000708197,-2.63928,3.1344
8,0.488502,-0.131421,0.3195,0.000707988,-2.63982,3.1344
8,0.488473,-0.132205,0.318866,0.000707778,-2.64036,3.1344
8,0.488444,-0.13299,0.318233,0.000707569,-2.64091,3.1344
8,0.488415,-0.133774,0.3176,0.00070736,-2.64145,3.1344
8,0.488386,-0.134559,0.316967,0.00070715,-2.64199,3.1344
8,0.488357,-0.135343,0.316334,0.000706941,-2.64254,3.1344
8,0.488328,-0.136128,0.315701,0.000706731,-2.64308,3.1344
8,0.488299,-0.136912,0.315068,0.000706522,-2.64363,3.1344
8,0.48827,-0.137697,0.314435,0.000706313,-2.64418,3.1344
8,0.488241,-0.138481,0.313802,0.000706104,-2.64473,3.13439
8,0.488212,-0.139266,0.313169,0.000705895,-2.64527,3.13439
8,0.488182,-0.14005,0.312535,0.000705686,-2.64582,3.13439
8,0.488153,-0.140834,0.311902,0.000705477,-2.64637,3.13439
8,0.488123,-0.141619,0.311269,0.000705268,-2.64693,3.13439
8,0.488094,-0.142403,0.310636,0.000705059,-2.64748,3.13439
8,0.488064,-0.143188,0.310003,0.00070485,-2.64803,3.13439
8,0.488035,-0.143972,0.30937,0.000704641,-2.64858,3.13439
8,0.488005,-0.144757,0.308737,0.000704433,-2.64914,3.13439
8,0.487975,-0.145541,0.308103,0.000704224,-2.64969,3.13439
8,0.487946,-0.146326,0.30747,0.000704015,-2.65025,3.13439
8,0.487916,-0.14711,0.306837,0.000703806,-2.6508,3.13439
8,0.487886,-0.147895,0.306204,0.000703598,-2.65136,3.13439
8,0.487856,-0.148679,0.305571,0.00070339,-2.65192,3.13439
8,0.487826,-0.149464,0.304938,0.000703181,-2.65248,3.13439
8,0.487826,-0.149464,0.304938,0.000703181,-2.65248,3.13439
8,0.487826,-0.149464,0.304938,0.000703181,-2.65248,3.13439
8,0.486951,-0.149464,0.304959,0.000703142,-2.6517,3.13439
8,0.486076,-0.149464,0.304981,0.000703765,-2.65093,3.13439
8,0.485201,-0.149463,0.305004,0.000704222,-2.65016,3.13439
8,0.484326,-0.149463,0.305026,0.000704679,-2.64939,3.13439
8,0.48345,-0.149463,0.305048,0.000705137,-2.64862,3.13439
9,0.48345,-0.149463,0.305048,0.000705137,-2.64862,3.13439
9,0.483486,-0.14875,0.305753,0.000704427,-2.64793,3.13439
9,0.483523,-0.148038,0.306457,0.000704695,-2.64724,3.13439
9,0.48356,-0.147325,0.307162,0.000704959,-2.64655,3.13439
9,0.483597,-0.146613,0.307867,0.000705225,-2.64587,3.13439
9,0.483633,-0.1459,0.308571,0.000705489,-2.64518,3.13439
9,0.48367,-0.145187,0.309276,0.000705755,-2.6445,3.13439
9,0.483706,-0.144475,0.309981,0.00070602,-2.64381,3.13439
9,0.483743,-0.143762,0.310685,0.000706285,-2.64313,3.1344
9,0.483779,-0.143049,0.31139,0.00070655,-2.64245,3.1344
9,0.483815,-0.142337,0.312095,0.000706816,-2.64177,3.1344
9,0.483852,-0.141624,0.312799,0.000707082,-2.64109,3.1344
9,0.483888,-0.140911,0.313504,0.000707348,-2.64041,3.1344
9,0.483924,-0.140199,0.314209,0.000707614,-2.63973,3.1344
9,0.48396,-0.139486,0.314913,0.000707881,-2.63905,3.1344
9,0.483996,-0.138773,0.315618,0.000708147,-2.63838,3.1344
9,0.484032,-0.138061,0.316323,0.000708414,-2.6377,3.1344
9,0.484068,-0.137348,0.317027,0.00070868,-2.63703,3.1344
9,0.484103,-0.136635,0.317732,0.000708947,-2.63635,3.1344
9,0.484139,-0.135923,0.318437,0.000709214,-2.63568,3.1344
9,0.484175,-0.13521,0.319141,0.000709481,-2.63501,3.1344
9,0.48421,-0.134497,0.319846,0.000709749,-2.63434,3.1344
9,0.484246,-0.133785,0.32055,0.000710016,-2.63367,3.1344
9,0.484281,-0.133072,0.321255,0.000710284,-2.633,3.1344
9,0.484317,-0.132359,0.32196,0.000710551,-2.63233,3.1344
9,0.484352,-0.131647,0.322664,0.000710819,-2.63167,3.1344
9,0.484387,-0.130934,0.323369,0.000711088,-2.631,3.1344
9,0.484422,-0.130222,0.324073,0.000711356,-2.63034,3.13441
9,0.484457,-0.129509,0.324778,0.000711624,-2.62967,3.13441
9,0.484493,-0.128796,0.325483,0.000711893,-2.62901,3.13441
9,0.484528,-0.128084,0.326187,0.000712161,-2.62835,3.13441
9,0.484563,-0.127371,0.326892,0.00071243,-2.62769,3.13441
9,0.484597,-0.126658,0.327596,0.000712699,-2.62703,3.13441
9,0.484632,-0.125946,0.328301,0.000712968,-2.62637,3.13441
9,0.484667,-0.125233,0.329006,0.000713237,-2.62571,3.13441
9,0.484702,-0.12452,0.32971,0.000713506,-2.62505,3.13441
9,0.484736,-0.123808,0.330415,0.000713775,-2.6244,3.13441
9,0.484771,-0.123095,0.331119,0.000714045,-2.62374,3.13441
9,0.484805,-0.122382,0.331824,0.000714315,-2.62309,3.13441
9,0.48484,-0.12167,0.332528,0.000714585,-2.62243,3.13441
9,0.484874,-0.120957,0.333233,0.000714855,-2.62178,3.13441
9,0.484909,-0.120244,0.333937,0.000715124,-2.62113,3.13441
9,0.484943,-0.119532,0.334642,0.000715395,-2.62048,3.13441
9,0.484977,-0.118819,0.335346,0.000715665,-2.61983,3.13441
9,0.485011,-0.118106,0.336051,0.000715936,-2.61918,3.13441
9,0.485045,-0.117394,0.336755,0.000716207,-2.61853,3.13442
9,0.485079,-0.116681,0.33746,0.000716477,-2.61788,3.13442
9,0.485113,-0.115968,0.338165,0.000716748,-2.61724,3.13442
9,0.485147,-0.115256,0.338869,0.00071702,-2.61659,3.13442
9,0.485181,-0.114543,0.339574,0.00071729,-2.61595,3.13442
9,0.485215,-0.113831,0.340278,0.000717562,-2.6153,3.13442
9,0.485249,-0.113118,0.340982,0.000717833,-2.61466,3.13442
9,0.485282,-0.112405,0.341687,0.000718105,-2.61402,3.13442
9,0.485316,-0.111693,0.342391,0.000718377,-2.61338,3.13442
9,0.48535,-0.11098,0.343096,0.000718649,-2.61274,3.13442
9,0.485383,-0.110267,0.3438,0.00071892,-2.6121,3.13442
9,0.485417,-0.109555,0.344505,0.000719193,-2.61146,3.13442
9,0.48545,-0.108842,0.345209,0.000719465,-2.61082,3.13442
9,0.485483,-0.108129,0.345914,0.000719737,-2.61018,3.13442
9,0.485517,-0.107417,0.346618,0.00072001,-2.60955,3.13442
9,0.48555,-0.106704,0.347323,0.000720283,-2.60891,3.13442
9,0.485583,-0.105991,0.348027,0.000720555,-2.60828,3.13442
9,0.485616,-0.105279,0.348731,0.000720828,-2.60765,3.13442
9,0.485649,-0.104566,0.349436,0.000721101,-2.60701,3.13442
9,0.485682,-0.103853,0.35014,0.000721375,-2.60638,3.13443
9,0.485715,-0.103141,0.350845,0.000721648,-2.60575,3.13443
9,0.485748,-0.102428,0.351549,0.000721921,-2.60512,3.13443
9,0.485781,-0.101715,0.352253,0.000722195,-2.60449,3.13443
9,0.485813,-0.101003,0.352958,0.000722469,-2.60386,3.13443
9,0.485846,-0.10029,0.353662,0.000722743,-2.60324,3.13443
9,0.485879,-0.0995775,0.354367,0.000723016,-2.60261,3.13443
9,0.485911,-0.0988649,0.355071,0.00072329,-2.60198,3.13443
9,0.485944,-0.0981522,0.355775,0.000723565,-2.60136,3.13443
9,0.485976,-0.0974396,0.35648,0.000723839,-2.60074,3.13443
9,0.485976,-0.0974396,0.35648,0.000723839,-2.60074,3.13443
9,0.485976,-0.0974396,0.35648,0.000723839,-2.60074,3.13443
9,0.486904,-0.0974404,0.356453,0.000723285,-2.60157,3.13443
9,0.487832,-0.0974405,0.356427,0.000724017,-2.60241,3.13443
10,0.487832,-0.0974405,0.356427,0.000724017,-2.60241,3.13443
10,0.487765,-0.0975306,0.355398,0.000721539,-2.60368,3.13443
10,0.487698,-0.0976197,0.354369,0.000721002,-2.60497,3.13443
10,0.487631,-0.0977088,0.353339,0.000720461,-2.60625,3.13442
10,0.487564,-0.0977979,0.35231,0.00071992,-2.60753,3.13442
10,0.487497,-0.097887,0.351281,0.00071938,-2.60882,3.13442
10,0.48743,-0.0979761,0.350251,0.000718842,-2.61011,3.13442
10,0.487362,-0.0980652,0.349222,0.000718306,-2.6114,3.13442
10,0.487295,-0.0981543,0.348193,0.00071777,-2.61269,3.13442
10,0.487227,-0.0982435,0.347164,0.000717235,-2.61398,3.13442
10,0.487159,-0.0983326,0.346135,0.000716702,-2.61528,3.13442
10,0.487091,-0.0984217,0.345106,0.00071617,-2.61657,3.13442
10,0.487023,-0.0985108,0.344076,0.000715639,-2.61787,3.13441
10,0.486954,-0.0985999,0.343047,0.00071511,-2.61917,3.13441
10,0.486886,-0.098689,0.342018,0.000714582,-2.62047,3.13441
10,0.486817,-0.0987781,0.340989,0.000714055,-2.62178,3.13441
10,0.486748,-0.0988672,0.339961,0.000713529,-2.62309,3.13441
10,0.486679,-0.0989564,0.338932,0.000713005,-2.62439,3.13441
10,0.48661,-0.0990455,0.337903,0.000712482,-2.6257,3.13441
10,0.486541,-0.0991346,0.336874,0.00071196,-2.62702,3.13441
10,0.486471,-0.0992237,0.335845,0.000711439,-2.62833,3.13441
10,0.486402,-0.0993128,0.334816,0.000710919,-2.62964,3.13441
10,0.486332,-0.0994019,0.333788,0.000710402,-2.63096,3.1344
10,0.486262,-0.099491,0.332759,0.000709885,-2.63228,3.1344
10,0.486192,-0.0995801,0.33173,0.000709369,-2.6336,3.1344
10,0.486122,-0.0996692,0.330702,0.000708855,-2.63492,3.1344
