1,0.000775522,0.557028,-0.324669,-0.841762,1.78333,1.80112,0.155699
1,0.000655448,0.557042,-0.324297,-0.841868,1.7839,1.80158,0.155016
1,0.0015776,0.553842,-0.324738,-0.846827,1.78286,1.80206,0.153264
1,0.0024933,0.55066,-0.325175,-0.851741,1.78182,1.80254,0.151536
1,0.00340425,0.547489,-0.325609,-0.856625,1.78077,1.80301,0.149823
1,0.00431048,0.54433,-0.326039,-0.861481,1.77973,1.80347,0.148125
1,0.00521205,0.541182,-0.326466,-0.866308,1.77868,1.80393,0.146442
1,0.00610901,0.538045,-0.326889,-0.871107,1.77764,1.80437,0.144774
1,0.00700142,0.534919,-0.327309,-0.875879,1.77659,1.80482,0.14312
1,0.00788931,0.531803,-0.327726,-0.880624,1.77555,1.80525,0.14148
1,0.00877274,0.528698,-0.328139,-0.885343,1.7745,1.80568,0.139855
1,0.00965175,0.525603,-0.328549,-0.890035,1.77346,1.80609,0.138243
1,0.0105264,0.522517,-0.328956,-0.894701,1.77241,1.80651,0.136645
1,0.0113967,0.519441,-0.329359,-0.899342,1.77137,1.80691,0.135061
1,0.0122627,0.516375,-0.329759,-0.903959,1.77032,1.80731,0.13349
1,0.0131244,0.513318,-0.330155,-0.90855,1.76927,1.8077,0.131932
1,0.013982,0.51027,-0.330549,-0.913117,1.76822,1.80809,0.130388
1,0.0148353,0.507231,-0.330939,-0.917661,1.76718,1.80847,0.128856
1,0.0156845,0.504201,-0.331326,-0.922181,1.76613,1.80884,0.127337
1,0.0165296,0.501179,-0.33171,-0.926677,1.76508,1.80921,0.125831
1,0.0173706,0.498166,-0.33209,-0.931151,1.76403,1.80957,0.124337
1,0.0182075,0.495161,-0.332467,-0.935602,1.76298,1.80992,0.122855
1,0.0190404,0.492164,-0.332842,-0.940031,1.76193,1.81027,0.121386
1,0.0198694,0.489175,-0.333212,-0.944437,1.76089,1.81061,0.119929
1,0.0206943,0.486194,-0.33358,-0.948823,1.75984,1.81094,0.118483
1,0.0215154,0.483221,-0.333945,-0.953186,1.75879,1.81127,0.11705
1,0.0223325,0.480255,-0.334306,-0.957529,1.75774,1.81159,0.115628
1,0.0231457,0.477297,-0.334664,-0.961851,1.75668,1.81191,0.114218
1,0.0239551,0.474345,-0.33502,-0.966152,1.75563,1.81222,0.112819
1,0.0247606,0.471401,-0.335372,-0.970433,1.75458,1.81252,0.111432
1,0.0255623,0.468464,-0.33572,-0.974694,1.75353,1.81282,0.110055
1,0.0263603,0.465534,-0.336066,-0.978935,1.75248,1.81311,0.10869
1,0.0271544,0.46261,-0.336409,-0.983157,1.75143,1.8134,0.107336
1,0.0279448,0.459693,-0.336748,-0.987359,1.75037,1.81368,0.105993
1,0.0287315,0.456783,-0.337085,-0.991542,1.74932,1.81395,0.104661
1,0.0295144,0.453879,-0.337418,-0.995706,1.74827,1.81422,0.103339
1,0.0302936,0.450981,-0.337748,-0.999852,1.74721,1.81448,0.102028
1,0.0310692,0.448089,-0.338076,-1.00398,1.74616,1.81474,0.100728
1,0.0318411,0.445204,-0.3384,-1.00809,1.74511,1.81499,0.099438
1,0.0326093,0.442324,-0.338721,-1.01218,1.74405,1.81524,0.0981585
1,0.0333739,0.43945,-0.339039,-1.01625,1.743,1.81548,0.0968893
1,0.0341349,0.436582,-0.339354,-1.02031,1.74194,1.81571,0.0956302
1,0.0348923,0.433719,-0.339666,-1.02435,1.74089,1.81594,0.0943814
1,0.0356461,0.430862,-0.339975,-1.02837,1.73983,1.81616,0.0931425
1,0.0363963,0.42801,-0.34028,-1.03237,1.73878,1.81638,0.0919136
1,0.0371429,0.425164,-0.340583,-1.03636,1.73772,1.81659,0.0906947
1,0.037886,0.422323,-0.340883,-1.04033,1.73666,1.8168,0.0894855
1,0.0386255,0.419487,-0.34118,-1.04429,1.73561,1.817,0.0882861
1,0.0393615,0.416656,-0.341473,-1.04822,1.73455,1.8172,0.0870964
1,0.040094,0.41383,-0.341764,-1.05215,1.7335,1.81739,0.0859163
1,0.040823,0.411009,-0.342051,-1.05605,1.73244,1.81758,0.0847458
1,0.0415484,0.408192,-0.342336,-1.05994,1.73138,1.81776,0.0835847
1,0.0422704,0.405381,-0.342617,-1.06382,1.73032,1.81794,0.0824331
1,0.0429889,0.402574,-0.342896,-1.06768,1.72927,1.81811,0.0812908
1,0.0437039,0.399771,-0.343171,-1.07152,1.72821,1.81827,0.0801578
1,0.0444154,0.396973,-0.343444,-1.07535,1.72715,1.81843,0.0790341
1,0.0451234,0.394179,-0.343713,-1.07916,1.72609,1.81859,0.0779195
1,0.045828,0.39139,-0.34398,-1.08296,1.72504,1.81874,0.0768141
1,0.0465291,0.388605,-0.344243,-1.08675,1.72398,1.81889,0.0757177
1,0.0472268,0.385823,-0.344504,-1.09052,1.72292,1.81903,0.0746304
1,0.0479211,0.383046,-0.344761,-1.09427,1.72186,1.81916,0.073552
1,0.0486119,0.380273,-0.345016,-1.09801,1.7208,1.81929,0.0724825
1,0.0492993,0.377504,-0.345267,-1.10174,1.71975,1.81942,0.071422
1,0.0499832,0.374739,-0.345515,-1.10545,1.71869,1.81954,0.0703702
1,0.0506637,0.371978,-0.345761,-1.10915,1.71763,1.81966,0.0693272
1,0.0513408,0.36922,-0.346003,-1.11284,1.71657,1.81977,0.0682929
1,0.0520145,0.366466,-0.346243,-1.11651,1.71551,1.81987,0.0672673
1,0.0526848,0.363716,-0.346479,-1.12017,1.71445,1.81998,0.0662503
1,0.0533517,0.360969,-0.346712,-1.12381,1.7134,1.82007,0.0652419
1,0.0540151,0.358225,-0.346943,-1.12744,1.71234,1.82017,0.0642421
1,0.0546752,0.355485,-0.34717,-1.13106,1.71128,1.82025,0.0632507
1,0.0553318,0.352749,-0.347394,-1.13467,1.71022,1.82034,0.0622679
1,0.0559851,0.350015,-0.347616,-1.13826,1.70916,1.82042,0.0612934
1,0.0566349,0.347285,-0.347834,-1.14184,1.7081,1.82049,0.0603273
1,0.0572814,0.344558,-0.34805,-1.14541,1.70705,1.82056,0.0593696
1,0.0579244,0.341834,-0.348262,-1.14896,1.70599,1.82062,0.0584202
1,0.0585641,0.339114,-0.348471,-1.1525,1.70493,1.82068,0.0574791
1,0.0592003,0.336396,-0.348678,-1.15603,1.70387,1.82074,0.0565462
1,0.0598332,0.333681,-0.348881,-1.15955,1.70281,1.82079,0.0556215
1,0.0604626,0.330969,-0.349081,-1.16306,1.70176,1.82084,0.054705
1,0.0610887,0.32826,-0.349279,-1.16655,1.7007,1.82088,0.0537966
1,0.0617114,0.325554,-0.349473,-1.17003,1.69964,1.82092,0.0528964
1,0.0623306,0.322851,-0.349665,-1.1735,1.69859,1.82095,0.0520042
1,0.0629465,0.32015,-0.349853,-1.17696,1.69753,1.82098,0.05112
1,0.063559,0.317452,-0.350038,-1.1804,1.69647,1.82101,0.0502439
1,0.0641681,0.314756,-0.350221,-1.18384,1.69542,1.82103,0.0493758
1,0.0647737,0.312063,-0.3504,-1.18726,1.69436,1.82105,0.0485156
1,0.065376,0.309373,-0.350576,-1.19067,1.6933,1.82106,0.0476633
1,0.0659748,0.306685,-0.35075,-1.19407,1.69225,1.82107,0.046819
1,0.0665703,0.303999,-0.35092,-1.19746,1.69119,1.82107,0.0459825
1,0.0671623,0.301316,-0.351087,-1.20084,1.69014,1.82107,0.0451538
1,0.067751,0.298635,-0.351252,-1.2042,1.68908,1.82107,0.044333
1,0.0683362,0.295956,-0.351413,-1.20756,1.68803,1.82106,0.04352
1,0.068918,0.29328,-0.351571,-1.2109,1.68698,1.82105,0.0427148
1,0.0694964,0.290606,-0.351727,-1.21424,1.68592,1.82103,0.0419173
1,0.0700713,0.287934,-0.351879,-1.21756,1.68487,1.82101,0.0411275
1,0.0706428,0.285264,-0.352028,-1.22087,1.68382,1.82099,0.0403455
1,0.0712109,0.282597,-0.352175,-1.22417,1.68276,1.82096,0.0395711
1,0.0717756,0.279931,-0.352318,-1.22746,1.68171,1.82093,0.0388044
1,0.0723368,0.277267,-0.352458,-1.23074,1.68066,1.82089,0.0380453
1,0.0728946,0.274605,-0.352595,-1.23401,1.67961,1.82085,0.0372939
1,0.073449,0.271946,-0.35273,-1.23727,1.67856,1.82081,0.03655
1,0.0739999,0.269288,-0.352861,-1.24052,1.67751,1.82076,0.0358138
1,0.0745474,0.266632,-0.352989,-1.24376,1.67646,1.82071,0.035085
1,0.0750914,0.263978,-0.353115,-1.24699,1.67541,1.82066,0.0343639
1,0.0756319,0.261325,-0.353237,-1.25021,1.67436,1.8206,0.0336502
1,0.076169,0.258674,-0.353356,-1.25342,1.67331,1.82054,0.0329441
1,0.0767026,0.256026,-0.353472,-1.25662,1.67227,1.82047,0.0322454
1,0.0772328,0.253378,-0.353586,-1.25981,1.67122,1.8204,0.0315543
1,0.0777595,0.250733,-0.353696,-1.26299,1.67018,1.82033,0.0308705
2,0.0777595,0.250733,-0.353696,-1.26299,1.67018,1.82033,0.0308705
2,0.0790629,0.250234,-0.353317,-1.26543,1.66929,1.81891,0.0287897
2,0.0803605,0.249744,-0.352936,-1.26787,1.66842,1.8175,0.0267147
2,0.0816537,0.249261,-0.352553,-1.27029,1.66755,1.81609,0.0246434
2,0.0829426,0.248785,-0.352167,-1.27271,1.6667,1.81467,0.0225758
2,0.0842273,0.248314,-0.35178,-1.27512,1.66585,1.81326,0.0205119
2,0.0855077,0.247851,-0.35139,-1.27752,1.66501,1.81184,0.0184517
2,0.086784,0.247393,-0.350998,-1.27991,1.66419,1.81042,0.0163952
2,0.0880561,0.246942,-0.350604,-1.2823,1.66337,1.809,0.0143422
2,0.0893241,0.246498,-0.350208,-1.28467,1.66256,1.80758,0.0122928
2,0.090588,0.246059,-0.34981,-1.28704,1.66176,1.80616,0.0102469
2,0.0918479,0.245627,-0.349411,-1.2894,1.66096,1.80474,0.00820449
2,0.0931037,0.245202,-0.349009,-1.29176,1.66018,1.80331,0.00616555
2,0.0943556,0.244782,-0.348605,-1.2941,1.6594,1.80189,0.00413004
2,0.0956035,0.244369,-0.348199,-1.29644,1.65864,1.80046,0.00209792
2,0.0968475,0.243962,-0.347791,-1.29877,1.65788,1.79904,6.91539e-05
2,0.0980877,0.243562,-0.347382,-1.30109,1.65713,1.79761,-0.00195628
2,0.0993239,0.243168,-0.346971,-1.3034,1.65639,1.79618,-0.00397843
2,0.100556,0.24278,-0.346557,-1.3057,1.65566,1.79475,-0.00599731
2,0.101785,0.242398,-0.346142,-1.308,1.65494,1.79332,-0.00801296
2,0.10301,0.242023,-0.345726,-1.31029,1.65422,1.79189,-0.0100254
2,0.104231,0.241654,-0.345307,-1.31257,1.65352,1.79046,-0.0120347
2,0.105448,0.241291,-0.344887,-1.31485,1.65282,1.78903,-0.0140409
2,0.106662,0.240935,-0.344465,-1.31711,1.65213,1.78759,-0.0160439
2,0.107872,0.240584,-0.344042,-1.31937,1.65145,1.78616,-0.0180439
2,0.109079,0.24024,-0.343616,-1.32162,1.65078,1.78473,-0.0200409
2,0.110282,0.239902,-0.34319,-1.32386,1.65012,1.78329,-0.0220348
2,0.111481,0.239571,-0.342761,-1.3261,1.64946,1.78186,-0.0240258
2,0.112677,0.239245,-0.342331,-1.32833,1.64882,1.78042,-0.0260138
2,0.113869,0.238926,-0.341899,-1.33055,1.64818,1.77899,-0.0279989
2,0.115058,0.238613,-0.341466,-1.33276,1.64755,1.77755,-0.0299811
2,0.116244,0.238306,-0.341032,-1.33496,1.64693,1.77612,-0.0319605
2,0.117426,0.238005,-0.340595,-1.33716,1.64632,1.77468,-0.033937
2,0.118605,0.23771,-0.340158,-1.33935,1.64571,1.77324,-0.0359108
2,0.11978,0.237422,-0.339718,-1.34153,1.64512,1.7718,-0.0378817
2,0.120952,0.23714,-0.339278,-1.34371,1.64453,1.77037,-0.03985
2,0.122121,0.236864,-0.338836,-1.34588,1.64395,1.76893,-0.0418155
2,0.123286,0.236594,-0.338392,-1.34804,1.64338,1.76749,-0.0437783
2,0.124448,0.23633,-0.337947,-1.35019,1.64282,1.76605,-0.0457385
2,0.125607,0.236072,-0.337501,-1.35234,1.64226,1.76461,-0.0476961
2,0.126763,0.235821,-0.337053,-1.35447,1.64172,1.76318,-0.049651
2,0.127916,0.235575,-0.336604,-1.3566,1.64118,1.76174,-0.0516034
2,0.129065,0.235336,-0.336154,-1.35873,1.64065,1.7603,-0.0535533
2,0.130212,0.235103,-0.335703,-1.36084,1.64013,1.75886,-0.0555006
2,0.131355,0.234875,-0.33525,-1.36295,1.63961,1.75742,-0.0574455
2,0.132495,0.234654,-0.334795,-1.36506,1.63911,1.75598,-0.0593879
2,0.133633,0.234439,-0.33434,-1.36715,1.63861,1.75454,-0.0613278
2,0.134767,0.23423,-0.333883,-1.36924,1.63812,1.7531,-0.0632654
2,0.135898,0.234028,-0.333425,-1.37132,1.63764,1.75166,-0.0652006
2,0.137026,0.233831,-0.332966,-1.37339,1.63716,1.75023,-0.0671334
2,0.138152,0.23364,-0.332506,-1.37546,1.6367,1.74879,-0.0690639
2,0.139274,0.233455,-0.332044,-1.37752,1.63624,1.74735,-0.0709921
2,0.140394,0.233277,-0.331582,-1.37957,1.63579,1.74591,-0.072918
2,0.14151,0.233104,-0.331118,-1.38161,1.63535,1.74447,-0.0748417
2,0.142624,0.232938,-0.330653,-1.38365,1.63491,1.74303,-0.0767631
2,0.143735,0.232777,-0.330187,-1.38568,1.63449,1.7416,-0.0786824
2,0.144844,0.232623,-0.32972,-1.3877,1.63407,1.74016,-0.0805995
2,0.145949,0.232474,-0.329251,-1.38972,1.63366,1.73872,-0.0825144
2,0.147052,0.232332,-0.328782,-1.39173,1.63325,1.73728,-0.0844272
2,0.148152,0.232195,-0.328312,-1.39373,1.63286,1.73585,-0.0863379
2,0.149249,0.232065,-0.32784,-1.39573,1.63247,1.73441,-0.0882465
2,0.150344,0.23194,-0.327368,-1.39772,1.63209,1.73297,-0.0901531
2,0.151436,0.231822,-0.326894,-1.3997,1.63172,1.73154,-0.0920576
2,0.152525,0.231709,-0.32642,-1.40167,1.63135,1.7301,-0.0939602
2,0.153612,0.231603,-0.325944,-1.40364,1.63099,1.72867,-0.0958607
2,0.154696,0.231502,-0.325468,-1.4056,1.63064,1.72723,-0.0977593
2,0.155778,0.231408,-0.32499,-1.40755,1.6303,1.7258,-0.099656
2,0.156857,0.231319,-0.324512,-1.4095,1.62997,1.72437,-0.101551
2,0.157934,0.231237,-0.324032,-1.41144,1.62964,1.72293,-0.103444
2,0.159008,0.23116,-0.323552,-1.41337,1.62932,1.7215,-0.105335
2,0.160079,0.231089,-0.323071,-1.4153,1.62901,1.72007,-0.107224
2,0.161148,0.231024,-0.322588,-1.41722,1.6287,1.71864,-0.109111
2,0.162215,0.230965,-0.322105,-1.41913,1.62841,1.71721,-0.110997
2,0.163279,0.230912,-0.321621,-1.42104,1.62812,1.71578,-0.11288
2,0.164341,0.230865,-0.321136,-1.42294,1.62783,1.71435,-0.114762
2,0.165401,0.230824,-0.320651,-1.42483,1.62756,1.71292,-0.116643
2,0.166458,0.230789,-0.320164,-1.42671,1.62729,1.71149,-0.118521
2,0.167512,0.23076,-0.319677,-1.42859,1.62703,1.71006,-0.120398
2,0.168565,0.230736,-0.319188,-1.43047,1.62678,1.70863,-0.122273
2,0.169615,0.230719,-0.318699,-1.43233,1.62653,1.70721,-0.124147
2,0.170663,0.230707,-0.31821,-1.43419,1.62629,1.70578,-0.126019
2,0.171708,0.230702,-0.317719,-1.43604,1.62606,1.70436,-0.127889
2,0.172752,0.230702,-0.317227,-1.43789,1.62584,1.70293,-0.129758
2,0.173793,0.230708,-0.316735,-1.43972,1.62562,1.70151,-0.131625
2,0.174832,0.23072,-0.316242,-1.44156,1.62541,1.70009,-0.13349
2,0.175869,0.230738,-0.315748,-1.44338,1.62521,1.69867,-0.135354
2,0.176903,0.230761,-0.315253,-1.4452,1.62501,1.69725,-0.137217
2,0.177935,0.230791,-0.314758,-1.44701,1.62483,1.69583,-0.139078
2,0.178966,0.230826,-0.314262,-1.44882,1.62465,1.69441,-0.140937
2,0.179994,0.230867,-0.313765,-1.45062,1.62447,1.69299,-0.142796
2,0.18102,0.230914,-0.313268,-1.45241,1.6243,1.69157,-0.144652
2,0.182044,0.230967,-0.312769,-1.45419,1.62414,1.69015,-0.146508
2,0.183066,0.231026,-0.31227,-1.45597,1.62399,1.68874,-0.148361
2,0.184086,0.231091,-0.311771,-1.45775,1.62385,1.68732,-0.150214
2,0.185103,0.231161,-0.31127,-1.45951,1.62371,1.68591,-0.152065
2,0.186119,0.231237,-0.310769,-1.46127,1.62358,1.6845,-0.153915
2,0.187133,0.231319,-0.310268,-1.46302,1.62345,1.68309,-0.155763
2,0.188145,0.231407,-0.309765,-1.46477,1.62333,1.68168,-0.15761
2,0.189154,0.231501,-0.309262,-1.46651,1.62322,1.68027,-0.159456
2,0.190162,0.2316,-0.308759,-1.46824,1.62312,1.67886,-0.161301
2,0.191168,0.231705,-0.308254,-1.46997,1.62302,1.67745,-0.163144
2,0.192172,0.231816,-0.30775,-1.47169,1.62293,1.67604,-0.164986
2,0.193174,0.231933,-0.307244,-1.4734,1.62285,1.67464,-0.166827
2,0.194174,0.232056,-0.306738,-1.47511,1.62277,1.67323,-0.168667
2,0.195173,0.232184,-0.306231,-1.47681,1.6227,1.67183,-0.170505
2,0.196169,0.232318,-0.305724,-1.4785,1.62263,1.67043,-0.172342
2,0.197164,0.232458,-0.305216,-1.48019,1.62258,1.66903,-0.174179
2,0.198157,0.232603,-0.304707,-1.48187,1.62253,1.66763,-0.176014
2,0.199148,0.232755,-0.304198,-1.48355,1.62248,1.66623,-0.177847
2,0.200137,0.232912,-0.303688,-1.48522,1.62245,1.66483,-0.17968
2,0.201124,0.233075,-0.303178,-1.48688,1.62242,1.66344,-0.181512
2,0.20211,0.233243,-0.302667,-1.48853,1.62239,1.66204,-0.183342
2,0.203094,0.233418,-0.302155,-1.49018,1.62238,1.66065,-0.185172
2,0.204076,0.233598,-0.301643,-1.49182,1.62237,1.65926,-0.187
2,0.205056,0.233784,-0.301131,-1.49346,1.62236,1.65787,-0.188828
2,0.206035,0.233975,-0.300618,-1.49509,1.62237,1.65648,-0.190654
2,0.207012,0.234172,-0.300104,-1.49671,1.62238,1.65509,-0.19248
2,0.207987,0.234375,-0.29959,-1.49833,1.62239,1.6537,-0.194304
2,0.20896,0.234584,-0.299075,-1.49994,1.62242,1.65231,-0.196127
2,0.209932,0.234798,-0.29856,-1.50155,1.62244,1.65093,-0.19795
2,0.210903,0.235018,-0.298044,-1.50314,1.62248,1.64955,-0.199771
2,0.211871,0.235244,-0.297528,-1.50474,1.62252,1.64816,-0.201592
2,0.212838,0.235476,-0.297011,-1.50632,1.62257,1.64678,-0.203412
2,0.213804,0.235713,-0.296494,-1.5079,1.62263,1.64541,-0.20523
2,0.214767,0.235956,-0.295976,-1.50947,1.62269,1.64403,-0.207048
2,0.215729,0.236204,-0.295458,-1.51104,1.62275,1.64265,-0.208865
2,0.21669,0.236458,-0.29494,-1.5126,1.62283,1.64128,-0.210681
2,0.217649,0.236718,-0.29442,-1.51415,1.62291,1.6399,-0.212497
2,0.218607,0.236983,-0.293901,-1.5157,1.62299,1.63853,-0.214311
2,0.219562,0.237254,-0.293381,-1.51724,1.62309,1.63716,-0.216124
2,0.220517,0.237531,-0.29286,-1.51877,1.62319,1.63579,-0.217937
2,0.22147,0.237814,-0.292339,-1.5203,1.62329,1.63442,-0.219749
2,0.222421,0.238102,-0.291818,-1.52183,1.6234,1.63306,-0.22156
2,0.223371,0.238395,-0.291296,-1.52334,1.62352,1.63169,-0.223371
2,0.224319,0.238695,-0.290773,-1.52485,1.62364,1.63033,-0.22518
3,0.224319,0.238695,-0.290773,-1.52485,1.62364,1.63033,-0.22518
3,0.224319,0.238695,-0.290773,-1.52485,1.62364,1.63033,-0.22518
3,0.22433,0.23864,-0.290773,-1.52492,1.62363,1.63032,-0.225193
4,0.22433,0.23864,-0.290773,-1.52492,1.62363,1.63032,-0.225193
4,0.225731,0.238456,-0.290027,-1.52452,1.62383,1.62817,-0.224633
4,0.227131,0.238279,-0.289281,-1.52411,1.62403,1.62602,-0.224072
4,0.228529,0.238108,-0.288535,-1.52369,1.62423,1.62387,-0.223511
4,0.229927,0.237942,-0.287789,-1.52327,1.62443,1.62173,-0.22295
4,0.231324,0.237782,-0.287043,-1.52284,1.62463,1.61958,-0.222389
4,0.232719,0.237627,-0.286298,-1.52241,1.62482,1.61743,-0.221827
4,0.234114,0.237477,-0.285552,-1.52196,1.62502,1.61529,-0.221265
4,0.235508,0.237333,-0.284807,-1.52152,1.62522,1.61314,-0.220702
4,0.2369,0.237194,-0.284061,-1.52106,1.62541,1.611,-0.22014
4,0.238292,0.237061,-0.283316,-1.52061,1.6256,1.60886,-0.219577
4,0.239683,0.236933,-0.282571,-1.52014,1.6258,1.60671,-0.219013
4,0.241072,0.23681,-0.281826,-1.51967,1.62599,1.60457,-0.21845
4,0.242461,0.236693,-0.281081,-1.51919,1.62618,1.60243,-0.217886
4,0.243849,0.236581,-0.280337,-1.51871,1.62637,1.60029,-0.217321
4,0.245235,0.236475,-0.279592,-1.51821,1.62656,1.59815,-0.216757
4,0.246621,0.236374,-0.278848,-1.51772,1.62675,1.59602,-0.216192
4,0.248006,0.236278,-0.278104,-1.51722,1.62693,1.59388,-0.215626
4,0.249389,0.236188,-0.277361,-1.51671,1.62712,1.59174,-0.21506
4,0.250772,0.236103,-0.276617,-1.51619,1.6273,1.58961,-0.214494
4,0.252154,0.236024,-0.275874,-1.51567,1.62749,1.58747,-0.213928
4,0.253534,0.23595,-0.275131,-1.51514,1.62767,1.58534,-0.213361
4,0.254914,0.235881,-0.274389,-1.51461,1.62785,1.5832,-0.212793
4,0.256293,0.235818,-0.273646,-1.51407,1.62804,1.58107,-0.212226
4,0.257671,0.23576,-0.272904,-1.51352,1.62822,1.57894,-0.211658
4,0.259048,0.235708,-0.272163,-1.51297,1.6284,1.57681,-0.211089
4,0.260423,0.23566,-0.271422,-1.51241,1.62857,1.57468,-0.21052
4,0.261798,0.235619,-0.270681,-1.51184,1.62875,1.57255,-0.209951
4,0.263172,0.235582,-0.26994,-1.51127,1.62893,1.57043,-0.209381
4,0.264545,0.235551,-0.2692,-1.51069,1.6291,1.5683,-0.20881
4,0.265917,0.235526,-0.26846,-1.51011,1.62928,1.56618,-0.20824
4,0.267288,0.235506,-0.267721,-1.50952,1.62945,1.56405,-0.207668
4,0.268658,0.235491,-0.266982,-1.50892,1.62962,1.56193,-0.207097
4,0.270027,0.235482,-0.266244,-1.50832,1.62979,1.55981,-0.206524
4,0.271395,0.235478,-0.265506,-1.50771,1.62996,1.55768,-0.205952
4,0.272762,0.235479,-0.264768,-1.50709,1.63013,1.55557,-0.205378
4,0.274129,0.235486,-0.264031,-1.50647,1.6303,1.55345,-0.204805
4,0.275494,0.235498,-0.263294,-1.50584,1.63046,1.55133,-0.20423
4,0.276858,0.235515,-0.262558,-1.50521,1.63063,1.54921,-0.203656
4,0.278221,0.235538,-0.261823,-1.50457,1.63079,1.5471,-0.20308
4,0.279584,0.235566,-0.261088,-1.50392,1.63096,1.54498,-0.202504
4,0.280945,0.2356,-0.260353,-1.50327,1.63112,1.54287,-0.201928
4,0.282306,0.235639,-0.259619,-1.50261,1.63128,1.54076,-0.201351
4,0.283665,0.235683,-0.258886,-1.50194,1.63144,1.53864,-0.200773
4,0.285024,0.235733,-0.258153,-1.50127,1.63159,1.53653,-0.200195
4,0.286382,0.235788,-0.257421,-1.50059,1.63175,1.53443,-0.199617
4,0.287738,0.235848,-0.25669,-1.49991,1.6319,1.53232,-0.199037
4,0.289094,0.235914,-0.255959,-1.49922,1.63206,1.53021,-0.198457
4,0.290449,0.235985,-0.255228,-1.49852,1.63221,1.52811,-0.197877
4,0.291803,0.236062,-0.254499,-1.49782,1.63236,1.526,-0.197295
4,0.293156,0.236144,-0.25377,-1.49711,1.63251,1.5239,-0.196714
4,0.294508,0.236231,-0.253041,-1.4964,1.63266,1.5218,-0.196131
4,0.29586,0.236324,-0.252314,-1.49567,1.63281,1.5197,-0.195548
4,0.29721,0.236421,-0.251587,-1.49495,1.63295,1.5176,-0.194964
4,0.298559,0.236525,-0.250861,-1.49421,1.6331,1.5155,-0.19438
5,0.298559,0.236525,-0.250861,-1.49421,1.6331,1.5155,-0.19438
5,0.298559,0.236525,-0.250861,-1.49421,1.6331,1.5155,-0.19438
5,0.298096,0.238556,-0.250951,-1.49176,1.63351,1.51598,-0.193896
5,0.297632,0.240588,-0.251039,-1.48931,1.63392,1.51646,-0.193406
5,0.297166,0.242621,-0.251126,-1.48685,1.63433,1.51693,-0.192912
5,0.296699,0.244654,-0.251211,-1.48439,1.63475,1.5174,-0.192414
6,0.296699,0.244654,-0.251211,-1.48439,1.63475,1.5174,-0.192414
6,0.295585,0.244726,-0.251775,-1.48584,1.63473,1.51916,-0.193892
6,0.29447,0.244806,-0.25234,-1.48728,1.6347,1.52092,-0.19537
6,0.293354,0.244893,-0.252906,-1.48871,1.63467,1.52268,-0.196847
6,0.292237,0.244985,-0.253472,-1.49014,1.63463,1.52444,-0.198322
6,0.29112,0.245082,-0.254039,-1.49156,1.6346,1.5262,-0.199798
6,0.290002,0.245186,-0.254607,-1.49297,1.63455,1.52797,-0.201272
6,0.288883,0.245295,-0.255176,-1.49438,1.63451,1.52973,-0.202745
6,0.287764,0.245409,-0.255746,-1.49578,1.63446,1.5315,-0.204218
6,0.286644,0.24553,-0.256316,-1.49717,1.63441,1.53326,-0.20569
6,0.285523,0.245656,-0.256887,-1.49856,1.63435,1.53503,-0.207161
6,0.284401,0.245788,-0.257458,-1.49994,1.63429,1.5368,-0.208632
6,0.283279,0.245925,-0.258031,-1.50132,1.63423,1.53857,-0.210101
6,0.282156,0.246068,-0.258604,-1.50269,1.63416,1.54034,-0.21157
6,0.281032,0.246217,-0.259177,-1.50405,1.63409,1.54211,-0.213039
6,0.279908,0.246371,-0.259752,-1.50541,1.63401,1.54388,-0.214507
6,0.278783,0.246531,-0.260327,-1.50676,1.63394,1.54566,-0.215974
6,0.277657,0.246697,-0.260902,-1.5081,1.63386,1.54743,-0.21744
6,0.276531,0.246868,-0.261478,-1.50944,1.63377,1.54921,-0.218906
6,0.275403,0.247045,-0.262055,-1.51077,1.63368,1.55098,-0.220371
6,0.274275,0.247227,-0.262632,-1.5121,1.63359,1.55276,-0.221836
6,0.273147,0.247416,-0.26321,-1.51342,1.6335,1.55454,-0.2233
6,0.272017,0.24761,-0.263789,-1.51473,1.6334,1.55631,-0.224764
6,0.270887,0.247809,-0.264368,-1.51604,1.63329,1.55809,-0.226227
6,0.269756,0.248014,-0.264948,-1.51734,1.63319,1.55987,-0.22769
6,0.268624,0.248225,-0.265528,-1.51863,1.63308,1.56165,-0.229152
6,0.267492,0.248442,-0.266109,-1.51992,1.63297,1.56343,-0.230613
6,0.266359,0.248664,-0.26669,-1.5212,1.63285,1.56522,-0.232074
6,0.265225,0.248892,-0.267272,-1.52247,1.63273,1.567,-0.233535
6,0.26409,0.249125,-0.267854,-1.52374,1.63261,1.56878,-0.234995
6,0.262954,0.249364,-0.268437,-1.525,1.63248,1.57057,-0.236455
6,0.261818,0.249609,-0.26902,-1.52626,1.63235,1.57235,-0.237914
6,0.260681,0.249859,-0.269604,-1.52751,1.63222,1.57414,-0.239373
6,0.259544,0.250115,-0.270188,-1.52875,1.63208,1.57593,-0.240831
6,0.258405,0.250377,-0.270772,-1.52999,1.63194,1.57771,-0.242289
6,0.257266,0.250644,-0.271358,-1.53122,1.63179,1.5795,-0.243747
6,0.256126,0.250917,-0.271943,-1.53245,1.63165,1.58129,-0.245204
6,0.254985,0.251195,-0.272529,-1.53367,1.6315,1.58308,-0.246661
6,0.253844,0.251479,-0.273115,-1.53488,1.63134,1.58487,-0.248118
6,0.252701,0.251769,-0.273702,-1.53608,1.63118,1.58666,-0.249574
6,0.251558,0.252064,-0.274289,-1.53728,1.63102,1.58845,-0.25103
6,0.250414,0.252365,-0.274876,-1.53848,1.63086,1.59024,-0.252486
6,0.24927,0.252672,-0.275464,-1.53966,1.63069,1.59203,-0.253942
6,0.248124,0.252984,-0.276052,-1.54084,1.63052,1.59382,-0.255397
6,0.246978,0.253302,-0.276641,-1.54202,1.63035,1.59562,-0.256852
6,0.245831,0.253625,-0.277229,-1.54319,1.63017,1.59741,-0.258306
6,0.244683,0.253954,-0.277819,-1.54435,1.62999,1.5992,-0.259761
6,0.243535,0.254289,-0.278408,-1.54551,1.6298,1.601,-0.261215
6,0.242386,0.254629,-0.278998,-1.54666,1.62962,1.60279,-0.262669
6,0.241235,0.254975,-0.279588,-1.5478,1.62942,1.60459,-0.264123
6,0.240085,0.255326,-0.280178,-1.54894,1.62923,1.60638,-0.265577
6,0.238933,0.255683,-0.280769,-1.55007,1.62903,1.60818,-0.26703
6,0.23778,0.256046,-0.281359,-1.55119,1.62883,1.60998,-0.268483
6,0.236627,0.256414,-0.28195,-1.55231,1.62863,1.61177,-0.269937
6,0.235473,0.256788,-0.282542,-1.55342,1.62842,1.61357,-0.27139
6,0.234318,0.257167,-0.283133,-1.55453,1.62821,1.61537,-0.272843
6,0.233163,0.257552,-0.283725,-1.55563,1.628,1.61716,-0.274295
6,0.232006,0.257943,-0.284317,-1.55672,1.62778,1.61896,-0.275748
6,0.230849,0.258339,-0.284909,-1.55781,1.62756,1.62076,-0.277201
6,0.229691,0.258741,-0.285501,-1.55889,1.62733,1.62256,-0.278653
6,0.228532,0.259148,-0.286093,-1.55997,1.62711,1.62436,-0.280106
6,0.227372,0.259561,-0.286686,-1.56104,1.62688,1.62616,-0.281558
6,0.226212,0.259979,-0.287279,-1.5621,1.62664,1.62796,-0.283011
6,0.225051,0.260403,-0.287872,-1.56316,1.62641,1.62976,-0.284463
6,0.223889,0.260833,-0.288465,-1.56421,1.62617,1.63156,-0.285915
6,0.222726,0.261268,-0.289058,-1.56525,1.62593,1.63336,-0.287368
6,0.221562,0.261708,-0.289651,-1.56629,1.62568,1.63516,-0.28882
6,0.220398,0.262155,-0.290244,-1.56732,1.62543,1.63696,-0.290272
6,0.219233,0.262606,-0.290838,-1.56835,1.62518,1.63876,-0.291725
6,0.218066,0.263064,-0.291431,-1.56937,1.62492,1.64056,-0.293177
6,0.2169,0.263527,-0.292025,-1.57038,1.62466,1.64236,-0.294629
6,0.215732,0.263995,-0.292618,-1.57139,1.6244,1.64416,-0.296082
6,0.214563,0.264469,-0.293212,-1.57239,1.62414,1.64597,-0.297534
6,0.213394,0.264949,-0.293805,-1.57338,1.62387,1.64777,-0.298987
6,0.212224,0.265434,-0.294399,-1.57437,1.6236,1.64957,-0.30044
6,0.211053,0.265924,-0.294993,-1.57535,1.62332,1.65137,-0.301892
6,0.209881,0.26642,-0.295587,-1.57633,1.62305,1.65317,-0.303345
6,0.208709,0.266922,-0.29618,-1.5773,1.62277,1.65497,-0.304798
6,0.207536,0.267429,-0.296774,-1.57826,1.62248,1.65678,-0.306251
6,0.206361,0.267942,-0.297367,-1.57922,1.62219,1.65858,-0.307704
6,0.205186,0.26846,-0.297961,-1.58017,1.6219,1.66038,-0.309158
6,0.204011,0.268984,-0.298555,-1.58112,1.62161,1.66218,-0.310611
6,0.202834,0.269513,-0.299148,-1.58205,1.62132,1.66398,-0.312065
6,0.201657,0.270047,-0.299741,-1.58299,1.62102,1.66578,-0.313518
6,0.200478,0.270588,-0.300335,-1.58391,1.62072,1.66758,-0.314972
6,0.199299,0.271133,-0.300928,-1.58483,1.62041,1.66939,-0.316426
6,0.19812,0.271684,-0.301521,-1.58575,1.6201,1.67119,-0.317881
6,0.196939,0.272241,-0.302114,-1.58666,1.61979,1.67299,-0.319335
6,0.195757,0.272803,-0.302707,-1.58756,1.61948,1.67479,-0.32079
6,0.194575,0.273371,-0.3033,-1.58845,1.61916,1.67659,-0.322245
6,0.193392,0.273944,-0.303892,-1.58934,1.61884,1.67839,-0.3237
6,0.192208,0.274522,-0.304485,-1.59023,1.61852,1.68019,-0.325155
6,0.191023,0.275107,-0.305077,-1.5911,1.61819,1.68199,-0.326611
6,0.189838,0.275696,-0.305669,-1.59198,1.61786,1.68379,-0.328067
6,0.188652,0.276291,-0.306261,-1.59284,1.61753,1.68559,-0.329523
6,0.187464,0.276891,-0.306853,-1.5937,1.61719,1.68739,-0.330979
6,0.186276,0.277497,-0.307444,-1.59455,1.61686,1.68919,-0.332436
6,0.185088,0.278108,-0.308035,-1.5954,1.61652,1.69099,-0.333892
6,0.183898,0.278725,-0.308627,-1.59624,1.61617,1.69279,-0.335349
6,0.182708,0.279347,-0.309217,-1.59707,1.61583,1.69459,-0.336807
6,0.181516,0.279975,-0.309808,-1.5979,1.61548,1.69639,-0.338265
6,0.180324,0.280608,-0.310398,-1.59872,1.61512,1.69819,-0.339723
6,0.179132,0.281246,-0.310988,-1.59954,1.61477,1.69998,-0.341181
6,0.177938,0.28189,-0.311578,-1.60034,1.61441,1.70178,-0.34264
6,0.176743,0.282539,-0.312168,-1.60115,1.61405,1.70358,-0.344099
6,0.175548,0.283194,-0.312757,-1.60194,1.61368,1.70537,-0.345558
6,0.174352,0.283854,-0.313346,-1.60273,1.61332,1.70717,-0.347017
6,0.173155,0.284519,-0.313934,-1.60352,1.61295,1.70897,-0.348477
6,0.171958,0.28519,-0.314523,-1.6043,1.61258,1.71076,-0.349938
6,0.170759,0.285866,-0.31511,-1.60507,1.6122,1.71256,-0.351398
6,0.16956,0.286548,-0.315698,-1.60584,1.61182,1.71435,-0.352859
6,0.16836,0.287235,-0.316285,-1.6066,1.61144,1.71614,-0.354321
6,0.167159,0.287927,-0.316872,-1.60735,1.61106,1.71794,-0.355782
6,0.165957,0.288625,-0.317459,-1.6081,1.61067,1.71973,-0.357245
6,0.164755,0.289328,-0.318045,-1.60884,1.61028,1.72152,-0.358707
6,0.163551,0.290036,-0.31863,-1.60957,1.60989,1.72331,-0.36017
6,0.162347,0.29075,-0.319216,-1.6103,1.60949,1.7251,-0.361633
6,0.161142,0.291469,-0.319801,-1.61102,1.60909,1.7269,-0.363097
6,0.159937,0.292193,-0.320385,-1.61174,1.60869,1.72869,-0.364561
6,0.15873,0.292923,-0.320969,-1.61245,1.60829,1.73047,-0.366025
6,0.157523,0.293658,-0.321553,-1.61315,1.60788,1.73226,-0.36749
6,0.156315,0.294398,-0.322136,-1.61385,1.60747,1.73405,-0.368956
6,0.155106,0.295144,-0.322718,-1.61454,1.60706,1.73584,-0.370421
6,0.153896,0.295895,-0.323301,-1.61523,1.60665,1.73763,-0.371888
6,0.152686,0.296651,-0.323882,-1.61591,1.60623,1.73941,-0.373354
6,0.151475,0.297412,-0.324463,-1.61658,1.60581,1.7412,-0.374821
6,0.150263,0.298179,-0.325044,-1.61725,1.60539,1.74298,-0.376289
6,0.14905,0.298951,-0.325624,-1.61791,1.60496,1.74477,-0.377757
6,0.147836,0.299728,-0.326204,-1.61857,1.60454,1.74655,-0.379225
6,0.146622,0.300511,-0.326783,-1.61921,1.60411,1.74833,-0.380694
6,0.145407,0.301299,-0.327362,-1.61986,1.60367,1.75011,-0.382163
6,0.144191,0.302092,-0.32794,-1.62049,1.60324,1.75189,-0.383633
6,0.142974,0.30289,-0.328517,-1.62112,1.6028,1.75367,-0.385103
6,0.141757,0.303694,-0.329094,-1.62175,1.60236,1.75545,-0.386573
6,0.140538,0.304502,-0.329671,-1.62236,1.60191,1.75723,-0.388045
6,0.139319,0.305316,-0.330246,-1.62298,1.60147,1.75901,-0.389516
6,0.138099,0.306135,-0.330822,-1.62358,1.60102,1.76079,-0.390988
6,0.136879,0.30696,-0.331396,-1.62418,1.60056,1.76256,-0.392461
6,0.135657,0.307789,-0.33197,-1.62477,1.60011,1.76434,-0.393934
6,0.134435,0.308624,-0.332543,-1.62536,1.59965,1.76611,-0.395407
6,0.133212,0.309464,-0.333116,-1.62594,1.59919,1.76788,-0.396881
6,0.131989,0.310309,-0.333688,-1.62651,1.59873,1.76965,-0.398356
6,0.130764,0.311159,-0.33426,-1.62708,1.59827,1.77143,-0.39983
6,0.129539,0.312015,-0.33483,-1.62764,1.5978,1.7732,-0.401306
6,0.128313,0.312875,-0.3354,-1.6282,1.59733,1.77496,-0.402782
6,0.127087,0.313741,-0.33597,-1.62875,1.59686,1.77673,-0.404258
6,0.125859,0.314612,-0.336538,-1.62929,1.59638,1.7785,-0.405735
6,0.124631,0.315488,-0.337107,-1.62983,1.5959,1.78027,-0.407213
6,0.123402,0.316369,-0.337674,-1.63036,1.59542,1.78203,-0.40869
6,0.122173,0.317255,-0.33824,-1.63089,1.59494,1.78379,-0.410169
6,0.120942,0.318146,-0.338806,-1.6314,1.59446,1.78556,-0.411648
6,0.119711,0.319042,-0.339371,-1.63192,1.59397,1.78732,-0.413127
6,0.118479,0.319944,-0.339936,-1.63242,1.59348,1.78908,-0.414607
6,0.117246,0.32085,-0.340499,-1.63292,1.59299,1.79084,-0.416088
6,0.116013,0.321762,-0.341062,-1.63342,1.59249,1.7926,-0.417569
6,0.114779,0.322678,-0.341625,-1.6339,1.59199,1.79435,-0.41905
6,0.113544,0.3236,-0.342186,-1.63439,1.59149,1.79611,-0.420532
6,0.112308,0.324527,-0.342746,-1.63486,1.59099,1.79786,-0.422014
6,0.111072,0.325458,-0.343306,-1.63533,1.59049,1.79962,-0.423497
6,0.109835,0.326395,-0.343865,-1.63579,1.58998,1.80137,-0.424981
6,0.108597,0.327337,-0.344423,-1.63625,1.58947,1.80312,-0.426465
6,0.107359,0.328283,-0.344981,-1.6367,1.58896,1.80487,-0.427949
6,0.10612,0.329235,-0.345537,-1.63715,1.58845,1.80662,-0.429434
6,0.10488,0.330192,-0.346093,-1.63758,1.58793,1.80836,-0.43092
6,0.103639,0.331153,-0.346648,-1.63802,1.58741,1.81011,-0.432406
6,0.102398,0.33212,-0.347202,-1.63844,1.58689,1.81185,-0.433893
6,0.101156,0.333092,-0.347755,-1.63886,1.58636,1.81359,-0.43538
6,0.0999132,0.334068,-0.348307,-1.63927,1.58584,1.81534,-0.436867
6,0.0986698,0.33505,-0.348859,-1.63968,1.58531,1.81708,-0.438355
6,0.0974256,0.336036,-0.349409,-1.64008,1.58478,1.81881,-0.439844
6,0.0961808,0.337027,-0.349959,-1.64048,1.58425,1.82055,-0.441333
6,0.0949353,0.338023,-0.350507,-1.64087,1.58371,1.82229,-0.442822
6,0.0936891,0.339024,-0.351055,-1.64125,1.58317,1.82402,-0.444312
6,0.0924422,0.34003,-0.351602,-1.64162,1.58263,1.82575,-0.445803
6,0.0911946,0.341041,-0.352148,-1.64199,1.58209,1.82749,-0.447294
6,0.0899463,0.342057,-0.352693,-1.64236,1.58155,1.82922,-0.448786
6,0.0886974,0.343077,-0.353237,-1.64272,1.581,1.83094,-0.450278
6,0.0874477,0.344103,-0.35378,-1.64307,1.58045,1.83267,-0.45177
6,0.0861974,0.345133,-0.354323,-1.64341,1.5799,1.8344,-0.453263
6,0.0849465,0.346168,-0.354864,-1.64375,1.57935,1.83612,-0.454757
6,0.0836948,0.347208,-0.355404,-1.64408,1.57879,1.83784,-0.456251
6,0.0824425,0.348252,-0.355943,-1.64441,1.57823,1.83956,-0.457745
6,0.0811895,0.349302,-0.356482,-1.64473,1.57767,1.84128,-0.45924
6,0.0799359,0.350356,-0.357019,-1.64505,1.57711,1.843,-0.460736
6,0.0786816,0.351415,-0.357555,-1.64535,1.57655,1.84471,-0.462232
6,0.0774267,0.352479,-0.358091,-1.64565,1.57598,1.84643,-0.463728
6,0.0761711,0.353547,-0.358625,-1.64595,1.57541,1.84814,-0.465225
6,0.0749148,0.35462,-0.359158,-1.64624,1.57484,1.84985,-0.466722
6,0.073658,0.355698,-0.35969,-1.64652,1.57427,1.85156,-0.46822
6,0.0724004,0.356781,-0.360221,-1.6468,1.57369,1.85327,-0.469718
6,0.0711423,0.357868,-0.360752,-1.64707,1.57312,1.85497,-0.471217
6,0.0698835,0.35896,-0.361281,-1.64734,1.57254,1.85668,-0.472716
6,0.068624,0.360057,-0.361809,-1.64759,1.57196,1.85838,-0.474216
6,0.067364,0.361158,-0.362336,-1.64785,1.57137,1.86008,-0.475716
6,0.0661033,0.362264,-0.362861,-1.64809,1.57079,1.86178,-0.477216
6,0.064842,0.363375,-0.363386,-1.64833,1.5702,1.86347,-0.478717
6,0.0635801,0.36449,-0.36391,-1.64856,1.56961,1.86517,-0.480218
6,0.0623175,0.36561,-0.364433,-1.64879,1.56902,1.86686,-0.48172
6,0.0610544,0.366734,-0.364954,-1.64901,1.56843,1.86855,-0.483222
6,0.0597906,0.367863,-0.365474,-1.64923,1.56783,1.87024,-0.484725
6,0.0585262,0.368997,-0.365994,-1.64944,1.56723,1.87193,-0.486228
7,0.0585262,0.368997,-0.365994,-1.64944,1.56723,1.87193,-0.486228
7,0.0585262,0.368997,-0.365994,-1.64944,1.56723,1.87193,-0.486228
7,0.0582722,0.371018,-0.365724,-1.64671,1.56812,1.87195,-0.485386
7,0.058016,0.373039,-0.365453,-1.64398,1.56901,1.87197,-0.484537
7,0.0577581,0.37506,-0.365182,-1.64124,1.56989,1.87198,-0.483685
8,0.0577581,0.37506,-0.365182,-1.64124,1.56989,1.87198,-0.483685
8,0.0566418,0.37625,-0.36563,-1.64166,1.56931,1.87347,-0.485441
8,0.0555252,0.377447,-0.366076,-1.64207,1.56873,1.87495,-0.487197
8,0.054408,0.378648,-0.366522,-1.64248,1.56814,1.87643,-0.488954
8,0.0532902,0.379854,-0.366967,-1.64287,1.56755,1.8779,-0.490712
8,0.0521719,0.381065,-0.36741,-1.64326,1.56695,1.87938,-0.492469
8,0.0510531,0.38228,-0.367853,-1.64365,1.56636,1.88085,-0.494227
8,0.0499336,0.3835,-0.368295,-1.64403,1.56576,1.88232,-0.495985
8,0.0488137,0.384725,-0.368735,-1.6444,1.56516,1.88379,-0.497744
8,0.0476932,0.385954,-0.369175,-1.64476,1.56456,1.88526,-0.499502
8,0.0465722,0.387187,-0.369614,-1.64512,1.56396,1.88673,-0.501261
8,0.0454506,0.388425,-0.370051,-1.64548,1.56335,1.88819,-0.503021
8,0.0443285,0.389668,-0.370488,-1.64582,1.56274,1.88965,-0.50478
8,0.0432058,0.390915,-0.370924,-1.64617,1.56213,1.89111,-0.50654
8,0.0420827,0.392167,-0.371358,-1.6465,1.56152,1.89257,-0.5083
8,0.040959,0.393423,-0.371792,-1.64683,1.56091,1.89403,-0.51006
8,0.0398348,0.394684,-0.372224,-1.64715,1.56029,1.89548,-0.511821
8,0.03871,0.395949,-0.372655,-1.64747,1.55967,1.89693,-0.513581
8,0.0375848,0.397219,-0.373086,-1.64778,1.55905,1.89838,-0.515342
8,0.036459,0.398493,-0.373515,-1.64808,1.55843,1.89983,-0.517103
8,0.0353328,0.399771,-0.373943,-1.64838,1.55781,1.90127,-0.518865
8,0.034206,0.401054,-0.37437,-1.64867,1.55718,1.90272,-0.520626
8,0.0330787,0.402341,-0.374797,-1.64896,1.55655,1.90416,-0.522388
8,0.031951,0.403633,-0.375222,-1.64924,1.55592,1.9056,-0.524149
8,0.0308227,0.404929,-0.375645,-1.64951,1.55529,1.90703,-0.525911
8,0.0296939,0.40623,-0.376068,-1.64978,1.55465,1.90847,-0.527674
8,0.0285647,0.407534,-0.37649,-1.65004,1.55402,1.9099,-0.529436
8,0.0274349,0.408844,-0.376911,-1.65029,1.55338,1.91133,-0.531198
8,0.0263047,0.410157,-0.37733,-1.65054,1.55274,1.91276,-0.532961
8,0.0251739,0.411475,-0.377748,-1.65078,1.55209,1.91418,-0.534723
8,0.0240428,0.412797,-0.378166,-1.65102,1.55145,1.9156,-0.536486
8,0.0229111,0.414123,-0.378582,-1.65125,1.5508,1.91703,-0.538249
8,0.0217789,0.415454,-0.378997,-1.65147,1.55015,1.91844,-0.540012
8,0.0206463,0.416789,-0.379411,-1.65169,1.5495,1.91986,-0.541775
8,0.0195132,0.418128,-0.379824,-1.6519,1.54885,1.92127,-0.543538
8,0.0183797,0.419472,-0.380235,-1.65211,1.5482,1.92269,-0.545301
8,0.0172457,0.420819,-0.380646,-1.65231,1.54754,1.9241,-0.547064
8,0.0161112,0.422171,-0.381055,-1.6525,1.54688,1.9255,-0.548827
8,0.0149763,0.423527,-0.381463,-1.65268,1.54623,1.92691,-0.55059
8,0.0138409,0.424887,-0.38187,-1.65286,1.54556,1.92831,-0.552354
8,0.0127051,0.426252,-0.382276,-1.65304,1.5449,1.92971,-0.554117
8,0.0115688,0.42762,-0.38268,-1.65321,1.54424,1.93111,-0.55588
8,0.0104321,0.428993,-0.383084,-1.65337,1.54357,1.9325,-0.557643
8,0.00929496,0.43037,-0.383486,-1.65352,1.5429,1.93389,-0.559406
8,0.00815738,0.43175,-0.383887,-1.65367,1.54223,1.93528,-0.561169
8,0.00701936,0.433135,-0.384287,-1.65382,1.54156,1.93667,-0.562932
8,0.00588091,0.434525,-0.384686,-1.65395,1.54089,1.93806,-0.564695
8,0.00474203,0.435918,-0.385084,-1.65408,1.54021,1.93944,-0.566458
8,0.00360272,0.437315,-0.38548,-1.65421,1.53953,1.94082,-0.568221
8,0.002463,0.438716,-0.385875,-1.65433,1.53886,1.9422,-0.569984
8,0.00132286,0.440121,-0.386269,-1.65444,1.53817,1.94357,-0.571746
8,0.000182303,0.441531,-0.386662,-1.65455,1.53749,1.94494,-0.573508
8,-0.000958665,0.442944,-0.387053,-1.65465,1.53681,1.94631,-0.575271
8,-0.00210004,0.444361,-0.387444,-1.65474,1.53612,1.94768,-0.577033
8,-0.00324183,0.445782,-0.387833,-1.65483,1.53544,1.94905,-0.578795
8,-0.00438401,0.447208,-0.388221,-1.65491,1.53475,1.95041,-0.580556
8,-0.0055266,0.448637,-0.388607,-1.65498,1.53406,1.95177,-0.582318
8,-0.00666958,0.45007,-0.388993,-1.65505,1.53337,1.95313,-0.584079
8,-0.00781296,0.451507,-0.389377,-1.65511,1.53267,1.95448,-0.58584
8,-0.00895672,0.452948,-0.38976,-1.65517,1.53198,1.95583,-0.587601
8,-0.0101009,0.454392,-0.390141,-1.65522,1.53128,1.95718,-0.589362
8,-0.0112454,0.455841,-0.390522,-1.65527,1.53059,1.95853,-0.591122
8,-0.0123903,0.457293,-0.390901,-1.6553,1.52989,1.95987,-0.592882
8,-0.0135356,0.45875,-0.391279,-1.65533,1.52919,1.96122,-0.594642
8,-0.0146813,0.46021,-0.391655,-1.65536,1.52848,1.96255,-0.596401
8,-0.0158274,0.461674,-0.392031,-1.65538,1.52778,1.96389,-0.59816
8,-0.0169738,0.463141,-0.392405,-1.65539,1.52708,1.96522,-0.599919
8,-0.0181206,0.464613,-0.392778,-1.6554,1.52637,1.96655,-0.601678
8,-0.0192677,0.466088,-0.393149,-1.6554,1.52566,1.96788,-0.603436
8,-0.0204152,0.467567,-0.39352,-1.65539,1.52495,1.96921,-0.605193
8,-0.0215631,0.46905,-0.393889,-1.65538,1.52424,1.97053,-0.60695
8,-0.0227113,0.470536,-0.394257,-1.65536,1.52353,1.97185,-0.608707
8,-0.0238599,0.472026,-0.394623,-1.65534,1.52282,1.97317,-0.610464
8,-0.0250088,0.47352,-0.394988,-1.65531,1.5221,1.97448,-0.61222
8,-0.026158,0.475018,-0.395352,-1.65527,1.52139,1.97579,-0.613975
8,-0.0273076,0.476519,-0.395715,-1.65523,1.52067,1.9771,-0.61573
8,-0.0284576,0.478024,-0.396076,-1.65518,1.51995,1.97841,-0.617485
8,-0.0296079,0.479532,-0.396436,-1.65513,1.51923,1.97971,-0.619239
8,-0.0307585,0.481044,-0.396795,-1.65507,1.51851,1.98101,-0.620992
8,-0.0319094,0.48256,-0.397152,-1.655,1.51779,1.98231,-0.622745
8,-0.0330607,0.484079,-0.397508,-1.65492,1.51706,1.9836,-0.624497
8,-0.0342123,0.485602,-0.397863,-1.65485,1.51634,1.9849,-0.626249
8,-0.0353642,0.487128,-0.398217,-1.65476,1.51561,1.98619,-0.628
8,-0.0365165,0.488658,-0.398569,-1.65467,1.51489,1.98747,-0.629751
8,-0.037669,0.490192,-0.39892,-1.65457,1.51416,1.98875,-0.631501
8,-0.0388219,0.491729,-0.399269,-1.65446,1.51343,1.99004,-0.63325
8,-0.0399751,0.493269,-0.399617,-1.65435,1.5127,1.99131,-0.634999
8,-0.0411286,0.494813,-0.399964,-1.65424,1.51197,1.99259,-0.636747
8,-0.0422824,0.49636,-0.40031,-1.65411,1.51124,1.99386,-0.638494
8,-0.0434365,0.497911,-0.400654,-1.65398,1.5105,1.99513,-0.640241
8,-0.0445909,0.499465,-0.400997,-1.65385,1.50977,1.99639,-0.641987
8,-0.0457456,0.501023,-0.401338,-1.65371,1.50903,1.99766,-0.643732
8,-0.0469006,0.502584,-0.401679,-1.65356,1.50829,1.99892,-0.645476
8,-0.0480559,0.504148,-0.402018,-1.6534,1.50756,2.00018,-0.647219
8,-0.0492114,0.505716,-0.402355,-1.65324,1.50682,2.00143,-0.648962
8,-0.0503673,0.507287,-0.402691,-1.65308,1.50608,2.00268,-0.650704
8,-0.0515234,0.508862,-0.403026,-1.6529,1.50534,2.00393,-0.652445
8,-0.0526798,0.51044,-0.40336,-1.65273,1.5046,2.00517,-0.654185
8,-0.0538365,0.512021,-0.403692,-1.65254,1.50385,2.00642,-0.655925
8,-0.0549935,0.513605,-0.404023,-1.65235,1.50311,2.00766,-0.657663
8,-0.0561508,0.515193,-0.404352,-1.65215,1.50237,2.00889,-0.659401
8,-0.0573083,0.516784,-0.40468,-1.65195,1.50162,2.01013,-0.661137
8,-0.0584661,0.518378,-0.405007,-1.65174,1.50087,2.01136,-0.662873
8,-0.0596241,0.519975,-0.405332,-1.65152,1.50013,2.01258,-0.664608
8,-0.0607824,0.521576,-0.405656,-1.6513,1.49938,2.01381,-0.666341
8,-0.061941,0.52318,-0.405979,-1.65107,1.49863,2.01503,-0.668074
8,-0.0630998,0.524787,-0.4063,-1.65084,1.49788,2.01625,-0.669805
8,-0.0642589,0.526397,-0.40662,-1.6506,1.49713,2.01747,-0.671536
8,-0.0654182,0.52801,-0.406939,-1.65035,1.49638,2.01868,-0.673266
8,-0.0665778,0.529627,-0.407256,-1.6501,1.49563,2.01989,-0.674994
8,-0.0677376,0.531246,-0.407572,-1.64984,1.49488,2.02109,-0.676721
8,-0.0688977,0.532869,-0.407887,-1.64957,1.49412,2.0223,-0.678447
8,-0.070058,0.534495,-0.4082,-1.6493,1.49337,2.0235,-0.680173
8,-0.0712185,0.536123,-0.408511,-1.64902,1.49262,2.02469,-0.681896
8,-0.0723793,0.537755,-0.408822,-1.64874,1.49186,2.02589,-0.683619
8,-0.0735403,0.53939,-0.409131,-1.64845,1.49111,2.02708,-0.685341
8,-0.0747016,0.541028,-0.409438,-1.64815,1.49035,2.02827,-0.687061
8,-0.0758631,0.542669,-0.409745,-1.64785,1.48959,2.02945,-0.68878
8,-0.0770248,0.544313,-0.410049,-1.64754,1.48883,2.03063,-0.690497
8,-0.0781867,0.54596,-0.410353,-1.64722,1.48808,2.03181,-0.692214
8,-0.0793489,0.54761,-0.410655,-1.6469,1.48732,2.03299,-0.693929
8,-0.0805112,0.549263,-0.410956,-1.64657,1.48656,2.03416,-0.695643
8,-0.0816738,0.550919,-0.411255,-1.64624,1.4858,2.03533,-0.697355
8,-0.0828366,0.552577,-0.411553,-1.6459,1.48504,2.0365,-0.699066
8,-0.0839996,0.554239,-0.41185,-1.64555,1.48428,2.03766,-0.700776
8,-0.0851629,0.555904,-0.412145,-1.6452,1.48352,2.03882,-0.702484
8,-0.0863263,0.557571,-0.412439,-1.64484,1.48276,2.03998,-0.704191
8,-0.0874899,0.559241,-0.412731,-1.64448,1.482,2.04113,-0.705896
8,-0.0886538,0.560914,-0.413022,-1.64411,1.48123,2.04228,-0.7076
8,-0.0898178,0.56259,-0.413312,-1.64373,1.48047,2.04343,-0.709302
8,-0.0909821,0.564269,-0.4136,-1.64335,1.47971,2.04457,-0.711003
8,-0.0921465,0.56595,-0.413887,-1.64296,1.47895,2.04571,-0.712703
8,-0.0933112,0.567635,-0.414173,-1.64256,1.47818,2.04685,-0.7144
8,-0.094476,0.569322,-0.414457,-1.64216,1.47742,2.04799,-0.716096
8,-0.095641,0.571012,-0.414739,-1.64175,1.47665,2.04912,-0.717791
8,-0.0968062,0.572704,-0.415021,-1.64134,1.47589,2.05025,-0.719484
8,-0.0979716,0.574399,-0.415301,-1.64092,1.47512,2.05137,-0.721175
8,-0.0991372,0.576097,-0.415579,-1.64049,1.47436,2.0525,-0.722864
8,-0.100303,0.577798,-0.415856,-1.64006,1.47359,2.05361,-0.724552
8,-0.101469,0.579501,-0.416132,-1.63962,1.47283,2.05473,-0.726238
8,-0.102635,0.581207,-0.416407,-1.63918,1.47206,2.05584,-0.727923
8,-0.103801,0.582916,-0.41668,-1.63873,1.4713,2.05695,-0.729605
8,-0.104968,0.584627,-0.416951,-1.63827,1.47053,2.05806,-0.731286
8,-0.106134,0.586341,-0.417221,-1.63781,1.46977,2.05916,-0.732965
8,-0.108581,0.587744,-0.415699,-1.63733,1.46832,2.05949,-0.734552
8,-0.11156,0.589018,-0.413428,-1.63686,1.46658,2.05949,-0.736097
8,-0.114529,0.590299,-0.411169,-1.63638,1.46485,2.05949,-0.737638
8,-0.117487,0.591585,-0.408924,-1.63589,1.46311,2.05949,-0.739173
8,-0.120433,0.592876,-0.406691,-1.63539,1.46139,2.05949,-0.740705
8,-0.123368,0.594173,-0.40447,-1.63489,1.45966,2.05949,-0.742231
8,-0.126294,0.595476,-0.402261,-1.63439,1.45794,2.05949,-0.743752
8,-0.129208,0.596785,-0.400065,-1.63387,1.45622,2.05949,-0.745269
8,-0.13211,0.598098,-0.397883,-1.63336,1.4545,2.05949,-0.746781
8,-0.135003,0.599418,-0.395711,-1.63283,1.45279,2.05949,-0.748288
8,-0.137884,0.600743,-0.393551,-1.6323,1.45108,2.05949,-0.74979
8,-0.140754,0.602073,-0.391405,-1.63176,1.44938,2.05949,-0.751288
8,-0.143614,0.603408,-0.389271,-1.63122,1.44767,2.05949,-0.752781
8,-0.146462,0.604749,-0.387149,-1.63067,1.44597,2.05949,-0.754269
8,-0.1493,0.606095,-0.385039,-1.63011,1.44427,2.05949,-0.755752
8,-0.152127,0.607446,-0.382941,-1.62955,1.44258,2.05949,-0.757231
9,-0.152127,0.607446,-0.382941,-1.62955,1.44258,2.05949,-0.757231
9,-0.152127,0.607446,-0.382941,-1.62955,1.44258,2.05949,-0.757231
9,-0.152183,0.6091,-0.382413,-1.62669,1.44392,2.05921,-0.755687
9,-0.152242,0.610755,-0.381886,-1.62382,1.44526,2.05894,-0.754138
9,-0.152304,0.612412,-0.381358,-1.62094,1.44659,2.05866,-0.752587
9,-0.152368,0.61407,-0.38083,-1.61806,1.44793,2.05838,-0.751034
9,-0.152434,0.615729,-0.380303,-1.61518,1.44926,2.0581,-0.749477
9,-0.152503,0.61739,-0.379775,-1.61229,1.45059,2.05782,-0.747918
10,-0.152503,0.61739,-0.379775,-1.61229,1.45059,2.05782,-0.747918
10,-0.151091,0.617144,-0.379361,-1.61382,1.45089,2.05617,-0.748835
10,-0.14968,0.616904,-0.378945,-1.61534,1.4512,2.05453,-0.749749
10,-0.148271,0.616669,-0.378525,-1.61686,1.45152,2.05288,-0.75066
10,-0.146862,0.616437,-0.378104,-1.61837,1.45184,2.05124,-0.751569
10,-0.145454,0.616209,-0.37768,-1.61988,1.45217,2.04959,-0.752476
10,-0.144048,0.615986,-0.377254,-1.62138,1.45251,2.04795,-0.753381
10,-0.142642,0.615766,-0.376825,-1.62287,1.45285,2.0463,-0.754283
10,-0.141237,0.615551,-0.376395,-1.62436,1.45319,2.04466,-0.755184
10,-0.139833,0.61534,-0.375961,-1.62584,1.45354,2.04301,-0.756082
10,-0.13843,0.615133,-0.375526,-1.62732,1.4539,2.04137,-0.756979
10,-0.137028,0.61493,-0.375088,-1.62879,1.45426,2.03972,-0.757873
10,-0.135627,0.614731,-0.374648,-1.63025,1.45463,2.03807,-0.758766
10,-0.134226,0.614536,-0.374206,-1.63171,1.45501,2.03643,-0.759656
10,-0.132827,0.614345,-0.373761,-1.63316,1.45539,2.03478,-0.760544
10,-0.131428,0.614158,-0.373314,-1.6346,1.45577,2.03314,-0.761431
10,-0.130031,0.613976,-0.372865,-1.63604,1.45616,2.03149,-0.762315
10,-0.128634,0.613797,-0.372414,-1.63747,1.45656,2.02985,-0.763198
10,-0.127238,0.613623,-0.37196,-1.6389,1.45696,2.0282,-0.764079
10,-0.125844,0.613453,-0.371504,-1.64032,1.45737,2.02656,-0.764957
10,-0.12445,0.613286,-0.371046,-1.64174,1.45778,2.02491,-0.765834
10,-0.123056,0.613124,-0.370586,-1.64314,1.4582,2.02326,-0.766709
10,-0.121664,0.612966,-0.370123,-1.64455,1.45862,2.02162,-0.767583
10,-0.120273,0.612812,-0.369659,-1.64594,1.45905,2.01997,-0.768454
10,-0.118882,0.612663,-0.369192,-1.64733,1.45948,2.01833,-0.769324
10,-0.117493,0.612517,-0.368722,-1.64872,1.45992,2.01668,-0.770192
10,-0.116104,0.612375,-0.368251,-1.6501,1.46037,2.01504,-0.771058
10,-0.114716,0.612238,-0.367777,-1.65147,1.46082,2.0134,-0.771922
10,-0.113329,0.612104,-0.367301,-1.65283,1.46127,2.01175,-0.772785
10,-0.111942,0.611975,-0.366823,-1.65419,1.46174,2.01011,-0.773646
10,-0.110557,0.61185,-0.366343,-1.65555,1.4622,2.00846,-0.774505
10,-0.109173,0.611729,-0.365861,-1.6569,1.46267,2.00682,-0.775363
10,-0.107789,0.611612,-0.365376,-1.65824,1.46315,2.00517,-0.776219
10,-0.106406,0.611499,-0.36489,-1.65957,1.46363,2.00353,-0.777073
10,-0.105024,0.61139,-0.364401,-1.6609,1.46412,2.00189,-0.777926
10,-0.103643,0.611286,-0.36391,-1.66223,1.46461,2.00024,-0.778777
10,-0.102262,0.611185,-0.363417,-1.66355,1.46511,1.9986,-0.779626
10,-0.100883,0.611089,-0.362922,-1.66486,1.46561,1.99696,-0.780474
10,-0.099504,0.610996,-0.362424,-1.66616,1.46612,1.99532,-0.78132
10,-0.0981261,0.610908,-0.361925,-1.66746,1.46664,1.99368,-0.782165
10,-0.0967489,0.610824,-0.361423,-1.66876,1.46715,1.99203,-0.783008
10,-0.0953726,0.610744,-0.360919,-1.67004,1.46768,1.99039,-0.78385
10,-0.0939971,0.610668,-0.360414,-1.67133,1.46821,1.98875,-0.78469
10,-0.0926224,0.610596,-0.359906,-1.6726,1.46874,1.98711,-0.785529
10,-0.0912486,0.610529,-0.359396,-1.67387,1.46928,1.98547,-0.786366
10,-0.0898755,0.610465,-0.358884,-1.67513,1.46982,1.98383,-0.787202
10,-0.0885032,0.610406,-0.358369,-1.67639,1.47037,1.98219,-0.788036
10,-0.0871316,0.61035,-0.357853,-1.67764,1.47093,1.98055,-0.788869
10,-0.0857609,0.610299,-0.357335,-1.67889,1.47149,1.97891,-0.789701
10,-0.084391,0.610252,-0.356814,-1.68013,1.47205,1.97727,-0.790531
10,-0.0830218,0.610209,-0.356292,-1.68136,1.47262,1.97563,-0.79136
10,-0.0816535,0.61017,-0.355767,-1.68259,1.47319,1.974,-0.792187
10,-0.0802859,0.610135,-0.355241,-1.68381,1.47377,1.97236,-0.793013
10,-0.0789191,0.610105,-0.354712,-1.68502,1.47436,1.97072,-0.793838
10,-0.077553,0.610078,-0.354182,-1.68623,1.47495,1.96908,-0.794661
10,-0.0761878,0.610055,-0.353649,-1.68743,1.47554,1.96745,-0.795483
10,-0.0748233,0.610037,-0.353114,-1.68863,1.47614,1.96581,-0.796303
10,-0.0734595,0.610023,-0.352578,-1.68982,1.47674,1.96418,-0.797123
10,-0.0720965,0.610013,-0.352039,-1.691,1.47735,1.96254,-0.797941
10,-0.0707343,0.610007,-0.351498,-1.69218,1.47797,1.96091,-0.798758
10,-0.0693729,0.610005,-0.350956,-1.69336,1.47858,1.95927,-0.799573
10,-0.0680122,0.610007,-0.350411,-1.69452,1.47921,1.95764,-0.800387
10,-0.0666522,0.610013,-0.349864,-1.69568,1.47984,1.95601,-0.8012
10,-0.065293,0.610023,-0.349316,-1.69684,1.48047,1.95438,-0.802012
10,-0.0639346,0.610038,-0.348765,-1.69798,1.48111,1.95274,-0.802823
10,-0.0625769,0.610057,-0.348213,-1.69913,1.48175,1.95111,-0.803632
10,-0.0612199,0.610079,-0.347658,-1.70026,1.4824,1.94948,-0.804441
10,-0.0598637,0.610106,-0.347102,-1.70139,1.48305,1.94785,-0.805248
10,-0.0585082,0.610137,-0.346543,-1.70252,1.48371,1.94622,-0.806053
10,-0.0571534,0.610172,-0.345983,-1.70363,1.48437,1.94459,-0.806858
10,-0.0557994,0.610211,-0.345421,-1.70475,1.48503,1.94296,-0.807662
10,-0.0544462,0.610254,-0.344856,-1.70585,1.4857,1.94134,-0.808464
10,-0.0530936,0.610301,-0.34429,-1.70695,1.48638,1.93971,-0.809265
10,-0.0517418,0.610353,-0.343722,-1.70804,1.48706,1.93808,-0.810066
10,-0.0503907,0.610408,-0.343152,-1.70913,1.48774,1.93645,-0.810865
10,-0.0490403,0.610468,-0.34258,-1.71021,1.48843,1.93483,-0.811663
10,-0.0476907,0.610531,-0.342007,-1.71129,1.48913,1.9332,-0.81246
10,-0.0463418,0.610599,-0.341431,-1.71236,1.48983,1.93158,-0.813255
10,-0.0449936,0.610671,-0.340854,-1.71342,1.49053,1.92996,-0.81405
10,-0.0436461,0.610747,-0.340274,-1.71448,1.49124,1.92833,-0.814844
10,-0.0422993,0.610827,-0.339693,-1.71553,1.49195,1.92671,-0.815636
10,-0.0409533,0.610911,-0.33911,-1.71657,1.49267,1.92509,-0.816428
10,-0.0396079,0.610999,-0.338525,-1.71761,1.49339,1.92347,-0.817219
10,-0.0382633,0.611092,-0.337938,-1.71864,1.49411,1.92185,-0.818008
10,-0.0369194,0.611188,-0.337349,-1.71967,1.49484,1.92023,-0.818797
10,-0.0355762,0.611289,-0.336759,-1.72069,1.49558,1.91861,-0.819584
10,-0.0342336,0.611393,-0.336166,-1.72171,1.49632,1.91699,-0.820371
10,-0.0328918,0.611502,-0.335572,-1.72271,1.49706,1.91537,-0.821156
10,-0.0315507,0.611614,-0.334976,-1.72372,1.49781,1.91376,-0.821941
10,-0.0302103,0.611731,-0.334378,-1.72471,1.49856,1.91214,-0.822725
10,-0.0288706,0.611852,-0.333779,-1.7257,1.49932,1.91052,-0.823507
10,-0.0275316,0.611977,-0.333177,-1.72669,1.50008,1.90891,-0.824289
10,-0.0261933,0.612106,-0.332574,-1.72766,1.50085,1.9073,-0.82507
10,-0.0248557,0.612239,-0.331969,-1.72864,1.50162,1.90568,-0.82585
10,-0.0235188,0.612376,-0.331363,-1.7296,1.50239,1.90407,-0.826629
10,-0.0221825,0.612517,-0.330754,-1.73056,1.50317,1.90246,-0.827406
10,-0.020847,0.612663,-0.330144,-1.73151,1.50395,1.90085,-0.828184
10,-0.0195121,0.612812,-0.329532,-1.73246,1.50474,1.89924,-0.82896
10,-0.018178,0.612966,-0.328918,-1.7334,1.50553,1.89763,-0.829735
10,-0.0168445,0.613123,-0.328302,-1.73434,1.50633,1.89602,-0.830509
10,-0.0155117,0.613285,-0.327685,-1.73527,1.50713,1.89441,-0.831283
10,-0.0141796,0.61345,-0.327066,-1.73619,1.50793,1.89281,-0.832056
10,-0.0128482,0.61362,-0.326445,-1.7371,1.50874,1.8912,-0.832827
10,-0.0115174,0.613793,-0.325823,-1.73801,1.50955,1.88959,-0.833598
10,-0.0101874,0.613971,-0.325199,-1.73892,1.51037,1.88799,-0.834368
10,-0.00885798,0.614153,-0.324573,-1.73982,1.51119,1.88639,-0.835137
10,-0.00752927,0.614339,-0.323945,-1.74071,1.51201,1.88478,-0.835906
10,-0.00620125,0.614529,-0.323316,-1.74159,1.51284,1.88318,-0.836673
10,-0.0048739,0.614723,-0.322685,-1.74247,1.51368,1.88158,-0.83744
10,-0.00354723,0.61492,-0.322052,-1.74335,1.51451,1.87998,-0.838206
10,-0.00222123,0.615122,-0.321418,-1.74422,1.51535,1.87838,-0.838971
10,-0.000895907,0.615328,-0.320782,-1.74508,1.5162,1.87679,-0.839735
10,0.000428744,0.615538,-0.320144,-1.74593,1.51705,1.87519,-0.840498
10,0.00175272,0.615753,-0.319505,-1.74678,1.5179,1.87359,-0.841261
10,0.00307603,0.615971,-0.318864,-1.74762,1.51876,1.872,-0.842023
10,0.00439867,0.616193,-0.318222,-1.74846,1.51962,1.8704,-0.842784
10,0.00572064,0.616419,-0.317578,-1.74929,1.52049,1.86881,-0.843544
10,0.00704193,0.616649,-0.316932,-1.75011,1.52136,1.86722,-0.844303
10,0.00836256,0.616883,-0.316284,-1.75093,1.52223,1.86562,-0.845062
10,0.00968253,0.617121,-0.315635,-1.75174,1.52311,1.86403,-0.84582
10,0.0110018,0.617364,-0.314985,-1.75255,1.52399,1.86244,-0.846577
10,0.0123205,0.61761,-0.314333,-1.75335,1.52487,1.86086,-0.847333
10,0.0136384,0.61786,-0.313679,-1.75414,1.52576,1.85927,-0.848089
10,0.0149557,0.618114,-0.313023,-1.75493,1.52665,1.85768,-0.848844
10,0.0162724,0.618372,-0.312367,-1.75571,1.52755,1.8561,-0.849598
10,0.0175883,0.618635,-0.311708,-1.75649,1.52845,1.85451,-0.850351
10,0.0189036,0.618901,-0.311048,-1.75726,1.52935,1.85293,-0.851104
10,0.0202183,0.619171,-0.310386,-1.75802,1.53026,1.85134,-0.851855
10,0.0215323,0.619445,-0.309723,-1.75877,1.53117,1.84976,-0.852607
10,0.0228456,0.619723,-0.309059,-1.75952,1.53209,1.84818,-0.853357
10,0.0241583,0.620005,-0.308393,-1.76027,1.53301,1.8466,-0.854107
10,0.0254703,0.620291,-0.307725,-1.76101,1.53393,1.84502,-0.854856
10,0.0267816,0.620581,-0.307056,-1.76174,1.53486,1.84345,-0.855604
10,0.0280923,0.620875,-0.306385,-1.76246,1.53579,1.84187,-0.856351
10,0.0294023,0.621173,-0.305713,-1.76318,1.53672,1.84029,-0.857098
10,0.0307117,0.621475,-0.305039,-1.7639,1.53766,1.83872,-0.857844
10,0.0320204,0.621781,-0.304364,-1.7646,1.5386,1.83714,-0.858589
10,0.0333285,0.622091,-0.303687,-1.7653,1.53954,1.83557,-0.859334
10,0.0346359,0.622405,-0.303009,-1.766,1.54049,1.834,-0.860078
10,0.0359426,0.622722,-0.30233,-1.76669,1.54144,1.83243,-0.860821
10,0.0372487,0.623044,-0.301649,-1.76737,1.5424,1.83086,-0.861564
10,0.0385541,0.62337,-0.300966,-1.76804,1.54336,1.82929,-0.862306
10,0.0398589,0.623699,-0.300283,-1.76871,1.54432,1.82773,-0.863047
10,0.041163,0.624033,-0.299597,-1.76938,1.54529,1.82616,-0.863787
10,0.0424664,0.62437,-0.298911,-1.77003,1.54626,1.8246,-0.864527
10,0.0437692,0.624711,-0.298223,-1.77068,1.54723,1.82303,-0.865266
10,0.0450714,0.625057,-0.297533,-1.77133,1.54821,1.82147,-0.866005
10,0.0463729,0.625406,-0.296842,-1.77197,1.54919,1.81991,-0.866743
10,0.0476737,0.625759,-0.29615,-1.7726,1.55017,1.81835,-0.86748
10,0.0489739,0.626116,-0.295456,-1.77323,1.55116,1.81679,-0.868216
10,0.0502734,0.626477,-0.294761,-1.77384,1.55215,1.81523,-0.868952
10,0.0515722,0.626841,-0.294065,-1.77446,1.55314,1.81367,-0.869687
10,0.0528705,0.62721,-0.293367,-1.77507,1.55414,1.81212,-0.870421
10,0.054168,0.627582,-0.292668,-1.77567,1.55514,1.81056,-0.871155
10,0.0554649,0.627959,-0.291968,-1.77626,1.55614,1.80901,-0.871888
10,0.0567611,0.628339,-0.291266,-1.77685,1.55715,1.80746,-0.87262
10,0.0580567,0.628723,-0.290563,-1.77743,1.55816,1.8059,-0.873352
10,0.0593517,0.629111,-0.289859,-1.77801,1.55917,1.80435,-0.874083
10,0.0606459,0.629503,-0.289153,-1.77858,1.56019,1.80281,-0.874813
10,0.0619396,0.629899,-0.288447,-1.77914,1.5612,1.80126,-0.875543
10,0.0632325,0.630298,-0.287738,-1.7797,1.56223,1.79971,-0.876272
10,0.0645248,0.630702,-0.287029,-1.78025,1.56325,1.79817,-0.877
10,0.0658165,0.631109,-0.286318,-1.78079,1.56428,1.79662,-0.877728
10,0.0671075,0.63152,-0.285606,-1.78133,1.56531,1.79508,-0.878455
10,0.0683978,0.631935,-0.284893,-1.78186,1.56635,1.79354,-0.879182
10,0.0696875,0.632354,-0.284179,-1.78239,1.56739,1.792,-0.879907
10,0.0709765,0.632777,-0.283463,-1.78291,1.56843,1.79046,-0.880632
10,0.0722649,0.633203,-0.282746,-1.78342,1.56947,1.78892,-0.881357
10,0.0735526,0.633633,-0.282028,-1.78393,1.57052,1.78738,-0.882081
10,0.0748396,0.634068,-0.281309,-1.78443,1.57157,1.78585,-0.882804
10,0.076126,0.634505,-0.280588,-1.78493,1.57263,1.78431,-0.883526
10,0.0774118,0.634947,-0.279866,-1.78541,1.57368,1.78278,-0.884248
10,0.0786968,0.635393,-0.279144,-1.7859,1.57474,1.78125,-0.884969
10,0.0799813,0.635842,-0.27842,-1.78637,1.57581,1.77972,-0.88569
10,0.081265,0.636295,-0.277694,-1.78684,1.57687,1.77819,-0.886409
10,0.0825481,0.636752,-0.276968,-1.78731,1.57794,1.77666,-0.887129
10,0.0838306,0.637212,-0.27624,-1.78776,1.57901,1.77513,-0.887847
10,0.0851123,0.637677,-0.275512,-1.78821,1.58008,1.7736,-0.888565
10,0.0863935,0.638145,-0.274782,-1.78866,1.58116,1.77208,-0.889282
10,0.0876739,0.638617,-0.274051,-1.78909,1.58224,1.77056,-0.889998
10,0.0889537,0.639092,-0.273319,-1.78953,1.58332,1.76903,-0.890714
10,0.0902329,0.639572,-0.272586,-1.78995,1.58441,1.76751,-0.891429
10,0.0915113,0.640055,-0.271852,-1.79037,1.5855,1.76599,-0.892144
11,0.0915113,0.640055,-0.271852,-1.79037,1.5855,1.76599,-0.892144
11,0.0915113,0.640055,-0.271852,-1.79037,1.5855,1.76599,-0.892144
11,0.0913146,0.641427,-0.271634,-1.78777,1.58601,1.76597,-0.890873
11,0.0911166,0.642801,-0.271415,-1.78517,1.58651,1.76595,-0.8896
11,0.0909178,0.644176,-0.271197,-1.78256,1.58702,1.76593,-0.888325
12,0.0909178,0.644176,-0.271197,-1.78256,1.58702,1.76593,-0.888325
12,0.091835,0.645332,-0.270572,-1.78294,1.58786,1.7648,-0.889722
12,0.092751,0.646494,-0.269945,-1.78332,1.5887,1.76367,-0.891117
12,0.0936664,0.64766,-0.269317,-1.78369,1.58954,1.76254,-0.89251
12,0.0945812,0.648829,-0.268687,-1.78405,1.59039,1.76142,-0.893901
12,0.0954953,0.650002,-0.268057,-1.78441,1.59124,1.7603,-0.895291
12,0.0964088,0.651179,-0.267426,-1.78476,1.59209,1.75918,-0.896679
12,0.0973216,0.652359,-0.266793,-1.78511,1.59295,1.75806,-0.898065
12,0.0982338,0.653543,-0.26616,-1.78545,1.59381,1.75695,-0.89945
12,0.0991454,0.654731,-0.265525,-1.78578,1.59467,1.75583,-0.900832
12,0.100056,0.655922,-0.26489,-1.7861,1.59554,1.75472,-0.902214
12,0.100967,0.657117,-0.264253,-1.78642,1.5964,1.75361,-0.903593
12,0.101876,0.658316,-0.263616,-1.78674,1.59727,1.7525,-0.90497
12,0.102785,0.659518,-0.262977,-1.78704,1.59815,1.75139,-0.906346
12,0.103694,0.660724,-0.262338,-1.78734,1.59903,1.75028,-0.90772
12,0.104602,0.661934,-0.261697,-1.78764,1.5999,1.74918,-0.909093
12,0.105509,0.663147,-0.261055,-1.78793,1.60079,1.74808,-0.910463
12,0.106416,0.664363,-0.260413,-1.78821,1.60167,1.74698,-0.911832
12,0.107322,0.665583,-0.259769,-1.78848,1.60256,1.74588,-0.913199
12,0.108227,0.666807,-0.259125,-1.78875,1.60345,1.74478,-0.914564
12,0.109132,0.668034,-0.258479,-1.78902,1.60434,1.74369,-0.915927
12,0.110036,0.669265,-0.257833,-1.78927,1.60524,1.74259,-0.917289
12,0.110939,0.670499,-0.257185,-1.78952,1.60614,1.7415,-0.918648
12,0.111842,0.671737,-0.256537,-1.78977,1.60704,1.74041,-0.920006
12,0.112745,0.672978,-0.255887,-1.79001,1.60794,1.73932,-0.921362
12,0.113646,0.674223,-0.255237,-1.79024,1.60885,1.73824,-0.922716
12,0.114547,0.675471,-0.254586,-1.79046,1.60976,1.73715,-0.924069
12,0.115448,0.676722,-0.253934,-1.79068,1.61067,1.73607,-0.925419
12,0.116348,0.677977,-0.253281,-1.79089,1.61159,1.73499,-0.926768
12,0.117247,0.679236,-0.252627,-1.7911,1.6125,1.73391,-0.928115
12,0.118146,0.680498,-0.251972,-1.7913,1.61342,1.73283,-0.929459
12,0.119044,0.681763,-0.251316,-1.79149,1.61434,1.73176,-0.930802
12,0.119941,0.683032,-0.250659,-1.79168,1.61527,1.73068,-0.932143
12,0.120838,0.684304,-0.250002,-1.79186,1.6162,1.72961,-0.933483
12,0.121734,0.685579,-0.249343,-1.79203,1.61713,1.72854,-0.93482
12,0.12263,0.686858,-0.248684,-1.7922,1.61806,1.72747,-0.936155
12,0.123525,0.68814,-0.248024,-1.79236,1.61899,1.7264,-0.937489
12,0.12442,0.689425,-0.247363,-1.79252,1.61993,1.72534,-0.93882
12,0.125314,0.690714,-0.246701,-1.79267,1.62087,1.72428,-0.94015
12,0.126207,0.692006,-0.246038,-1.79281,1.62181,1.72321,-0.941477
12,0.1271,0.693301,-0.245375,-1.79295,1.62275,1.72215,-0.942803
12,0.127992,0.694599,-0.24471,-1.79308,1.6237,1.72109,-0.944126
12,0.128883,0.695901,-0.244045,-1.7932,1.62465,1.72004,-0.945448
12,0.129774,0.697206,-0.243379,-1.79332,1.6256,1.71898,-0.946768
12,0.130665,0.698515,-0.242713,-1.79343,1.62655,1.71793,-0.948085
12,0.131555,0.699826,-0.242045,-1.79353,1.6275,1.71688,-0.949401
12,0.132444,0.701141,-0.241377,-1.79363,1.62846,1.71583,-0.950715
12,0.133333,0.702459,-0.240707,-1.79372,1.62942,1.71478,-0.952026
12,0.134221,0.70378,-0.240037,-1.79381,1.63038,1.71373,-0.953336
12,0.135108,0.705104,-0.239367,-1.79389,1.63135,1.71269,-0.954644
12,0.135995,0.706432,-0.238695,-1.79396,1.63231,1.71165,-0.955949
12,0.136881,0.707762,-0.238023,-1.79403,1.63328,1.7106,-0.957253
12,0.137767,0.709096,-0.23735,-1.79409,1.63425,1.70956,-0.958554
12,0.138652,0.710433,-0.236676,-1.79414,1.63522,1.70853,-0.959854
12,0.139537,0.711773,-0.236002,-1.79419,1.63619,1.70749,-0.961151
12,0.140421,0.713116,-0.235327,-1.79423,1.63717,1.70646,-0.962446
12,0.141305,0.714462,-0.234651,-1.79427,1.63815,1.70542,-0.963739
12,0.142188,0.715811,-0.233974,-1.7943,1.63913,1.70439,-0.96503
12,0.14307,0.717163,-0.233297,-1.79432,1.64011,1.70336,-0.966319
12,0.143952,0.718519,-0.232619,-1.79433,1.64109,1.70233,-0.967606
12,0.144833,0.719877,-0.231941,-1.79434,1.64208,1.70131,-0.968891
12,0.145714,0.721239,-0.231261,-1.79435,1.64306,1.70028,-0.970173
12,0.146594,0.722603,-0.230581,-1.79434,1.64405,1.69926,-0.971454
12,0.147474,0.723971,-0.229901,-1.79433,1.64504,1.69824,-0.972732
12,0.148353,0.725341,-0.229219,-1.79432,1.64604,1.69722,-0.974008
12,0.149231,0.726714,-0.228537,-1.7943,1.64703,1.6962,-0.975282
12,0.150109,0.728091,-0.227855,-1.79427,1.64803,1.69519,-0.976554
12,0.150986,0.72947,-0.227172,-1.79423,1.64903,1.69417,-0.977823
12,0.151863,0.730852,-0.226488,-1.79419,1.65003,1.69316,-0.979091
12,0.152739,0.732237,-0.225803,-1.79414,1.65103,1.69215,-0.980356
12,0.153615,0.733626,-0.225118,-1.79409,1.65203,1.69114,-0.981619
13,0.153615,0.733626,-0.225118,-1.79409,1.65203,1.69114,-0.981619
13,0.153615,0.733626,-0.225118,-1.79409,1.65203,1.69114,-0.981619
13,0.153855,0.732413,-0.225236,-1.79669,1.65177,1.69117,-0.98301
13,0.154094,0.731202,-0.225354,-1.79928,1.6515,1.69119,-0.9844
13,0.154333,0.729993,-0.225471,-1.80187,1.65124,1.69122,-0.985789
13,0.154571,0.728785,-0.225589,-1.80446,1.65097,1.69124,-0.987177
14,0.154571,0.728785,-0.225589,-1.80446,1.65097,1.69124,-0.987177
14,0.153385,0.727956,-0.226382,-1.80446,1.64974,1.6926,-0.986434
14,0.152198,0.727132,-0.227173,-1.80446,1.64852,1.69396,-0.985689
14,0.15101,0.72631,-0.227965,-1.80445,1.64729,1.69532,-0.984943
14,0.149821,0.725492,-0.228756,-1.80443,1.64607,1.69668,-0.984196
14,0.148632,0.724677,-0.229546,-1.80441,1.64485,1.69804,-0.983448
14,0.147442,0.723866,-0.230336,-1.80438,1.64363,1.69941,-0.982698
14,0.146251,0.723057,-0.231125,-1.80434,1.64241,1.70077,-0.981948
14,0.14506,0.722251,-0.231913,-1.8043,1.64119,1.70214,-0.981196
14,0.143868,0.721449,-0.232701,-1.80425,1.63997,1.70351,-0.980443
14,0.142675,0.72065,-0.233488,-1.80419,1.63876,1.70488,-0.97969
14,0.141482,0.719854,-0.234275,-1.80413,1.63755,1.70625,-0.978935
14,0.140288,0.719062,-0.235061,-1.80406,1.63634,1.70762,-0.978179
14,0.139093,0.718272,-0.235846,-1.80398,1.63513,1.70899,-0.977422
14,0.137897,0.717486,-0.236631,-1.8039,1.63392,1.71037,-0.976664
14,0.136701,0.716703,-0.237415,-1.80382,1.63272,1.71175,-0.975904
14,0.135505,0.715923,-0.238198,-1.80372,1.63151,1.71312,-0.975144
14,0.134307,0.715147,-0.238981,-1.80362,1.63031,1.7145,-0.974383
14,0.133109,0.714374,-0.239763,-1.80351,1.62911,1.71588,-0.97362
14,0.131911,0.713604,-0.240544,-1.8034,1.62791,1.71727,-0.972857
14,0.130711,0.712837,-0.241324,-1.80328,1.62672,1.71865,-0.972092
14,0.129511,0.712074,-0.242104,-1.80315,1.62552,1.72004,-0.971326
14,0.128311,0.711314,-0.242883,-1.80302,1.62433,1.72142,-0.97056
14,0.127109,0.710557,-0.243661,-1.80288,1.62314,1.72281,-0.969792
14,0.125907,0.709804,-0.244439,-1.80274,1.62195,1.7242,-0.969023
14,0.124705,0.709054,-0.245216,-1.80259,1.62076,1.72559,-0.968254
14,0.123501,0.708307,-0.245991,-1.80243,1.61958,1.72698,-0.967483
14,0.122297,0.707564,-0.246766,-1.80226,1.6184,1.72838,-0.966711
14,0.121093,0.706823,-0.247541,-1.80209,1.61721,1.72977,-0.965938
14,0.119887,0.706087,-0.248314,-1.80192,1.61604,1.73117,-0.965164
14,0.118681,0.705353,-0.249087,-1.80173,1.61486,1.73257,-0.964389
14,0.117475,0.704623,-0.249859,-1.80154,1.61369,1.73397,-0.963613
14,0.116268,0.703897,-0.25063,-1.80135,1.61251,1.73537,-0.962836
14,0.11506,0.703173,-0.2514,-1.80114,1.61134,1.73677,-0.962058
14,0.113851,0.702454,-0.252169,-1.80094,1.61017,1.73817,-0.961279
14,0.112642,0.701737,-0.252937,-1.80072,1.60901,1.73958,-0.9605
14,0.111432,0.701024,-0.253705,-1.8005,1.60785,1.74098,-0.959719
14,0.110221,0.700315,-0.254471,-1.80027,1.60668,1.74239,-0.958937
14,0.10901,0.699608,-0.255237,-1.80004,1.60552,1.7438,-0.958154
14,0.107798,0.698906,-0.256002,-1.7998,1.60437,1.74521,-0.95737
14,0.106586,0.698206,-0.256766,-1.79955,1.60321,1.74662,-0.956585
14,0.105372,0.69751,-0.257528,-1.79929,1.60206,1.74804,-0.955799
14,0.104159,0.696818,-0.25829,-1.79903,1.60091,1.74945,-0.955013
14,0.102944,0.696129,-0.259051,-1.79877,1.59976,1.75087,-0.954225
14,0.101729,0.695443,-0.259811,-1.7985,1.59862,1.75229,-0.953436
14,0.100513,0.694761,-0.26057,-1.79822,1.59748,1.75371,-0.952646
14,0.0992965,0.694083,-0.261329,-1.79793,1.59633,1.75513,-0.951856
14,0.0980794,0.693408,-0.262086,-1.79764,1.5952,1.75655,-0.951064
14,0.0968616,0.692736,-0.262842,-1.79734,1.59406,1.75797,-0.950272
14,0.0956431,0.692068,-0.263597,-1.79704,1.59293,1.7594,-0.949478
14,0.094424,0.691403,-0.264351,-1.79673,1.5918,1.76082,-0.948684
14,0.0932043,0.690742,-0.265104,-1.79641,1.59067,1.76225,-0.947888
14,0.0919839,0.690085,-0.265856,-1.79609,1.58954,1.76368,-0.947092
14,0.0907628,0.689431,-0.266607,-1.79576,1.58842,1.76511,-0.946295
14,0.0895411,0.68878,-0.267357,-1.79542,1.5873,1.76654,-0.945497
14,0.0883187,0.688133,-0.268105,-1.79508,1.58618,1.76797,-0.944698
14,0.0870957,0.68749,-0.268853,-1.79473,1.58507,1.76941,-0.943898
14,0.085872,0.68685,-0.2696,-1.79438,1.58396,1.77084,-0.943097
14,0.0846477,0.686214,-0.270345,-1.79401,1.58285,1.77228,-0.942295
14,0.0834227,0.685581,-0.27109,-1.79365,1.58174,1.77372,-0.941492
14,0.082197,0.684952,-0.271833,-1.79327,1.58063,1.77516,-0.940688
14,0.0809707,0.684327,-0.272575,-1.79289,1.57953,1.7766,-0.939884
14,0.0797438,0.683705,-0.273316,-1.79251,1.57843,1.77805,-0.939078
14,0.0785162,0.683087,-0.274056,-1.79211,1.57734,1.77949,-0.938272
14,0.077288,0.682472,-0.274795,-1.79171,1.57624,1.78094,-0.937464
14,0.0760591,0.681861,-0.275533,-1.79131,1.57515,1.78238,-0.936656
14,0.0748295,0.681253,-0.276269,-1.7909,1.57406,1.78383,-0.935847
14,0.0735993,0.68065,-0.277004,-1.79048,1.57298,1.78528,-0.935037
14,0.0723684,0.68005,-0.277738,-1.79005,1.5719,1.78673,-0.934226
14,0.0711369,0.679453,-0.278471,-1.78962,1.57082,1.78818,-0.933414
14,0.0699048,0.67886,-0.279203,-1.78918,1.56974,1.78964,-0.932601
14,0.068672,0.678271,-0.279933,-1.78874,1.56867,1.79109,-0.931788
14,0.0674385,0.677685,-0.280663,-1.78829,1.5676,1.79255,-0.930973
14,0.0662044,0.677103,-0.281391,-1.78783,1.56653,1.79401,-0.930158
14,0.0649696,0.676525,-0.282117,-1.78737,1.56547,1.79547,-0.929341
14,0.0637342,0.675951,-0.282843,-1.7869,1.5644,1.79693,-0.928524
14,0.0624981,0.67538,-0.283567,-1.78643,1.56334,1.79839,-0.927706
14,0.0612614,0.674813,-0.28429,-1.78595,1.56229,1.79985,-0.926887
14,0.060024,0.674249,-0.285012,-1.78546,1.56124,1.80132,-0.926067
14,0.058786,0.67369,-0.285733,-1.78496,1.56019,1.80278,-0.925247
14,0.0575473,0.673134,-0.286452,-1.78446,1.55914,1.80425,-0.924425
14,0.056308,0.672581,-0.28717,-1.78396,1.5581,1.80572,-0.923602
14,0.055068,0.672033,-0.287886,-1.78344,1.55706,1.80719,-0.922779
14,0.0538274,0.671488,-0.288601,-1.78292,1.55602,1.80866,-0.921955
14,0.0525861,0.670947,-0.289315,-1.7824,1.55499,1.81013,-0.92113
14,0.0513442,0.67041,-0.290028,-1.78187,1.55396,1.81161,-0.920303
14,0.0501016,0.669876,-0.290739,-1.78133,1.55293,1.81308,-0.919477
14,0.0488583,0.669346,-0.291449,-1.78078,1.55191,1.81456,-0.918649
14,0.0476144,0.66882,-0.292158,-1.78023,1.55088,1.81604,-0.91782
14,0.0463699,0.668298,-0.292865,-1.77968,1.54987,1.81752,-0.91699
14,0.0451247,0.667779,-0.293571,-1.77911,1.54885,1.819,-0.91616
14,0.0438788,0.667265,-0.294275,-1.77854,1.54784,1.82048,-0.915329
14,0.0426323,0.666754,-0.294978,-1.77797,1.54683,1.82196,-0.914496
14,0.0413851,0.666246,-0.29568,-1.77739,1.54583,1.82345,-0.913663
14,0.0401373,0.665743,-0.29638,-1.7768,1.54483,1.82493,-0.912829
14,0.0388888,0.665244,-0.297079,-1.7762,1.54383,1.82642,-0.911995
14,0.0376397,0.664748,-0.297776,-1.7756,1.54284,1.82791,-0.911159
14,0.0363899,0.664256,-0.298472,-1.775,1.54185,1.8294,-0.910322
14,0.0351395,0.663768,-0.299167,-1.77438,1.54086,1.83089,-0.909485
14,0.0338884,0.663284,-0.29986,-1.77376,1.53988,1.83238,-0.908646
14,0.0326366,0.662803,-0.300552,-1.77314,1.5389,1.83387,-0.907807
14,0.0313842,0.662327,-0.301242,-1.7725,1.53792,1.83537,-0.906967
14,0.0301311,0.661854,-0.30193,-1.77187,1.53695,1.83686,-0.906126
14,0.0288774,0.661385,-0.302618,-1.77122,1.53598,1.83836,-0.905284
14,0.027623,0.66092,-0.303303,-1.77057,1.53501,1.83986,-0.904441
14,0.0263679,0.660459,-0.303988,-1.76991,1.53405,1.84136,-0.903597
14,0.0251122,0.660001,-0.30467,-1.76925,1.53309,1.84286,-0.902753
14,0.0238559,0.659548,-0.305352,-1.76858,1.53213,1.84436,-0.901907
14,0.0225988,0.659098,-0.306031,-1.7679,1.53118,1.84586,-0.901061
14,0.0213411,0.658653,-0.30671,-1.76722,1.53023,1.84737,-0.900214
14,0.0200828,0.658211,-0.307386,-1.76653,1.52929,1.84887,-0.899366
14,0.0188238,0.657773,-0.308062,-1.76584,1.52835,1.85038,-0.898517
14,0.0175641,0.657339,-0.308735,-1.76514,1.52741,1.85189,-0.897667
15,0.0175641,0.657339,-0.308735,-1.76514,1.52741,1.85189,-0.897667
15,0.0175641,0.657339,-0.308735,-1.76514,1.52741,1.85189,-0.897667
15,0.0174294,0.658613,-0.30844,-1.76269,1.5281,1.85182,-0.896407
15,0.0172934,0.659889,-0.308146,-1.76024,1.52879,1.85174,-0.895145
16,0.0172934,0.659889,-0.308146,-1.76024,1.52879,1.85174,-0.895145
16,0.0172722,0.661741,-0.307929,-1.76047,1.52879,1.85157,-0.897213
16,0.0172503,0.663598,-0.307711,-1.76068,1.5288,1.85139,-0.899276
16,0.017228,0.665458,-0.307492,-1.76089,1.52881,1.85121,-0.901337
16,0.0172052,0.667322,-0.307271,-1.76109,1.52882,1.85103,-0.903394
16,0.017182,0.669189,-0.30705,-1.76129,1.52883,1.85086,-0.905448
16,0.0171583,0.67106,-0.306828,-1.76148,1.52884,1.85068,-0.907499
16,0.0171342,0.672934,-0.306605,-1.76166,1.52886,1.8505,-0.909547
16,0.0171096,0.674812,-0.306381,-1.76184,1.52887,1.85032,-0.911592
16,0.0170846,0.676692,-0.306156,-1.76201,1.52889,1.85014,-0.913634
16,0.0170592,0.678577,-0.30593,-1.76217,1.52891,1.84996,-0.915673
16,0.0170335,0.680464,-0.305704,-1.76233,1.52893,1.84978,-0.917708
16,0.0170072,0.682355,-0.305476,-1.76248,1.52895,1.8496,-0.919741
16,0.0169805,0.684248,-0.305247,-1.76263,1.52898,1.84942,-0.92177
16,0.0169533,0.686146,-0.305017,-1.76276,1.529,1.84924,-0.923796
16,0.0169258,0.688046,-0.304787,-1.7629,1.52903,1.84906,-0.925818
16,0.0168978,0.68995,-0.304555,-1.76302,1.52906,1.84888,-0.927838
16,0.0168694,0.691857,-0.304323,-1.76314,1.52909,1.8487,-0.929854
16,0.0168406,0.693767,-0.304089,-1.76326,1.52913,1.84851,-0.931867
16,0.0168114,0.69568,-0.303855,-1.76336,1.52916,1.84833,-0.933876
16,0.0167818,0.697596,-0.30362,-1.76347,1.5292,1.84815,-0.935882
16,0.0167517,0.699516,-0.303384,-1.76356,1.52923,1.84797,-0.937885
16,0.0167213,0.701438,-0.303147,-1.76365,1.52927,1.84778,-0.939885
16,0.0166904,0.703364,-0.302909,-1.76373,1.52931,1.8476,-0.941881
16,0.0166591,0.705293,-0.30267,-1.76381,1.52936,1.84741,-0.943874
16,0.0166275,0.707225,-0.30243,-1.76388,1.5294,1.84723,-0.945864
