1,0.505672,0.0368459,0.89515,3.1285,-2.40826,3.1278
1,0.505672,0.0368459,0.89515,3.1285,-2.40826,3.1278
1,0.506793,0.0368451,0.895284,3.12846,-2.40495,3.12774
1,0.507919,0.0368443,0.895424,3.12842,-2.40153,3.12768
1,0.50905,0.0368435,0.89557,3.12838,-2.39797,3.12762
1,0.510186,0.0368426,0.895722,3.12834,-2.39428,3.12755
1,0.511329,0.0368418,0.895881,3.12829,-2.39045,3.12748
1,0.512478,0.0368409,0.896047,3.12824,-2.38645,3.12741
1,0.513634,0.0368399,0.896221,3.12819,-2.38227,3.12733
1,0.514799,0.036839,0.896405,3.12813,-2.37789,3.12725
1,0.515972,0.036838,0.896599,3.12807,-2.37328,3.12716
1,0.517156,0.0368369,0.896804,3.12801,-2.36843,3.12707
1,0.51835,0.0368359,0.897023,3.12794,-2.36329,3.12697
1,0.519558,0.0368347,0.897257,3.12786,-2.35782,3.12687
1,0.520782,0.0368335,0.897509,3.12778,-2.35195,3.12675
1,0.522024,0.0368323,0.897783,3.12769,-2.34562,3.12663
1,0.523288,0.0368309,0.898084,3.12759,-2.33871,3.12649
1,0.524581,0.0368295,0.898419,3.12748,-2.33106,3.12634
1,0.524174,0.0376717,0.897458,3.12762,-2.34075,3.12653
1,0.523798,0.0385138,0.896538,3.12775,-2.3496,3.12671
1,0.523447,0.0393558,0.895649,3.12786,-2.35781,3.12687
1,0.523115,0.0401977,0.894785,3.12797,-2.36549,3.12702
1,0.5228,0.0410396,0.893942,3.12806,-2.37275,3.12715
1,0.522498,0.0418815,0.893116,3.12815,-2.37964,3.12728
1,0.522208,0.0427233,0.892305,3.12824,-2.38622,3.12741
1,0.521929,0.0435651,0.891507,3.12831,-2.39253,3.12752
1,0.521658,0.0444068,0.890721,3.12839,-2.3986,3.12763
1,0.521396,0.0452485,0.889945,3.12846,-2.40446,3.12773
1,0.52114,0.0460902,0.889179,3.12853,-2.41012,3.12783
1,0.520892,0.0469319,0.888421,3.12859,-2.41561,3.12793
1,0.520649,0.0477736,0.887671,3.12865,-2.42095,3.12802
1,0.520412,0.0486152,0.886927,3.12871,-2.42614,3.12811
1,0.520179,0.0494568,0.886191,3.12877,-2.4312,3.1282
1,0.519952,0.0502984,0.88546,3.12882,-2.43613,3.12828
1,0.519729,0.05114,0.884735,3.12887,-2.44095,3.12836
1,0.51951,0.0519816,0.884015,3.12892,-2.44566,3.12844
1,0.519294,0.0528232,0.8833,3.12897,-2.45028,3.12852
1,0.519083,0.0536647,0.882589,3.12902,-2.4548,3.12859
1,0.518874,0.0545063,0.881883,3.12906,-2.45923,3.12866
1,0.518669,0.0553478,0.881181,3.12911,-2.46358,3.12873
1,0.518466,0.0561893,0.880483,3.12915,-2.46785,3.1288
1,0.518267,0.0570309,0.879788,3.12919,-2.47205,3.12887
1,0.51807,0.0578724,0.879097,3.12923,-2.47618,3.12893
1,0.517876,0.0587139,0.878409,3.12927,-2.48024,3.12899
1,0.517684,0.0595554,0.877724,3.12931,-2.48424,3.12906
1,0.517495,0.0603968,0.877043,3.12935,-2.48817,3.12912
1,0.517307,0.0612383,0.876364,3.12938,-2.49205,3.12918
1,0.517122,0.0620798,0.875688,3.12942,-2.49588,3.12924
1,0.516939,0.0629213,0.875014,3.12945,-2.49965,3.12929
1,0.516758,0.0637627,0.874343,3.12949,-2.50337,3.12935
1,0.516579,0.0646042,0.873675,3.12952,-2.50704,3.1294
1,0.516401,0.0654456,0.873009,3.12955,-2.51067,3.12946
1,0.516226,0.066287,0.872345,3.12958,-2.51425,3.12951
1,0.516052,0.0671285,0.871683,3.12961,-2.51778,3.12956
1,0.515879,0.0679699,0.871024,3.12964,-2.52128,3.12962
1,0.515708,0.0688113,0.870366,3.12967,-2.52473,3.12967
1,0.515539,0.0696528,0.86971,3.1297,-2.52815,3.12972
1,0.515371,0.0704942,0.869057,3.12973,-2.53152,3.12976
1,0.515205,0.0713356,0.868405,3.12976,-2.53486,3.12981
1,0.51504,0.072177,0.867755,3.12978,-2.53817,3.12986
1,0.514876,0.0730184,0.867106,3.12981,-2.54144,3.12991
1,0.514714,0.0738598,0.86646,3.12984,-2.54468,3.12995
1,0.514553,0.0747012,0.865814,3.12986,-2.54788,3.13
1,0.514393,0.0755426,0.865171,3.12989,-2.55106,3.13004
1,0.514234,0.0763839,0.864529,3.12991,-2.5542,3.13009
1,0.514077,0.0772253,0.863888,3.12993,-2.55731,3.13013
1,0.513921,0.0780667,0.863249,3.12996,-2.5604,3.13017
1,0.513765,0.0789081,0.862612,3.12998,-2.56345,3.13022
1,0.513611,0.0797494,0.861975,3.13,-2.56648,3.13026
1,0.513458,0.0805908,0.86134,3.13003,-2.56949,3.1303
1,0.513306,0.0814322,0.860707,3.13005,-2.57246,3.13034
1,0.513155,0.0822735,0.860074,3.13007,-2.57542,3.13038
1,0.513005,0.0831149,0.859443,3.13009,-2.57834,3.13042
1,0.512856,0.0839562,0.858814,3.13011,-2.58125,3.13046
1,0.512708,0.0847976,0.858185,3.13013,-2.58413,3.1305
1,0.51256,0.0856389,0.857557,3.13015,-2.58698,3.13054
1,0.512414,0.0864803,0.856931,3.13017,-2.58982,3.13058
1,0.512268,0.0873216,0.856306,3.13019,-2.59263,3.13061
1,0.512124,0.0881629,0.855681,3.13021,-2.59542,3.13065
1,0.51198,0.0890043,0.855058,3.13023,-2.59819,3.13069
1,0.511837,0.0898456,0.854436,3.13025,-2.60094,3.13072
1,0.511695,0.0906869,0.853815,3.13027,-2.60367,3.13076
1,0.511553,0.0915283,0.853195,3.13029,-2.60638,3.1308
1,0.511413,0.0923696,0.852576,3.13031,-2.60907,3.13083
1,0.511273,0.0932109,0.851958,3.13032,-2.61174,3.13087
1,0.511134,0.0940522,0.851341,3.13034,-2.61439,3.1309
1,0.510996,0.0948935,0.850724,3.13036,-2.61703,3.13094
1,0.510858,0.0957349,0.850109,3.13037,-2.61964,3.13097
1,0.510721,0.0965762,0.849494,3.13039,-2.62224,3.131
1,0.510585,0.0974175,0.848881,3.13041,-2.62483,3.13104
1,0.51045,0.0982588,0.848268,3.13042,-2.62739,3.13107
1,0.510315,0.0991001,0.847656,3.13044,-2.62994,3.1311
1,0.510181,0.0999414,0.847045,3.13046,-2.63247,3.13113
1,0.510047,0.100783,0.846435,3.13047,-2.63499,3.13117
1,0.509914,0.101624,0.845825,3.13049,-2.63749,3.1312
1,0.509782,0.102465,0.845216,3.1305,-2.63998,3.13123
1,0.50965,0.103307,0.844608,3.13052,-2.64245,3.13126
1,0.509519,0.104148,0.844001,3.13053,-2.6449,3.13129
1,0.509389,0.104989,0.843395,3.13055,-2.64735,3.13132
1,0.509258,0.105833,0.842788,3.13057,-2.64978,3.13136
1,0.509128,0.106673,0.842183,3.13058,-2.65219,3.13138
1,0.508999,0.107513,0.841578,3.13059,-2.65459,3.13141
1,0.508871,0.108354,0.840975,3.1306,-2.65698,3.13144
1,0.508744,0.109195,0.840372,3.13062,-2.65935,3.13147
1,0.508617,0.110037,0.83977,3.13063,-2.66171,3.1315
1,0.508491,0.110878,0.839168,3.13064,-2.66405,3.13153
1,0.508365,0.111719,0.838567,3.13066,-2.66639,3.13156
1,0.508239,0.11256,0.837967,3.13067,-2.66871,3.13158
1,0.508115,0.113402,0.837367,3.13068,-2.67101,3.13161
1,0.50799,0.114243,0.836768,3.13069,-2.67331,3.13164
1,0.507867,0.115084,0.83617,3.13071,-2.67559,3.13167
1,0.507743,0.115925,0.835572,3.13072,-2.67787,3.1317
1,0.507621,0.116767,0.834975,3.13073,-2.68013,3.13172
1,0.507498,0.117608,0.834378,3.13074,-2.68237,3.13175
1,0.507377,0.118449,0.833782,3.13076,-2.68461,3.13178
1,0.507255,0.119291,0.833187,3.13077,-2.68684,3.1318
1,0.507135,0.120132,0.832592,3.13078,-2.68905,3.13183
1,0.507014,0.120973,0.831997,3.13079,-2.69125,3.13186
1,0.506894,0.121814,0.831404,3.1308,-2.69345,3.13188
1,0.506775,0.122656,0.83081,3.13081,-2.69563,3.13191
1,0.506656,0.123497,0.830218,3.13083,-2.6978,3.13194
1,0.506537,0.124338,0.829625,3.13084,-2.69996,3.13196
1,0.506419,0.125179,0.829034,3.13085,-2.70211,3.13199
1,0.506302,0.126021,0.828443,3.13086,-2.70426,3.13201
1,0.506184,0.126862,0.827852,3.13087,-2.70639,3.13204
1,0.506068,0.127703,0.827262,3.13088,-2.70851,3.13206
1,0.505951,0.128544,0.826672,3.13089,-2.71062,3.13209
1,0.505835,0.129385,0.826083,3.1309,-2.71272,3.13211
1,0.50572,0.130227,0.825494,3.13091,-2.71481,3.13214
1,0.505604,0.131068,0.824906,3.13092,-2.7169,3.13216
1,0.50549,0.131909,0.824318,3.13093,-2.71897,3.13219
1,0.505375,0.13275,0.823731,3.13094,-2.72104,3.13221
1,0.505261,0.133592,0.823144,3.13095,-2.72309,3.13223
1,0.505148,0.134433,0.822558,3.13096,-2.72514,3.13226
1,0.505035,0.135274,0.821972,3.13097,-2.72718,3.13228
1,0.504922,0.136115,0.821386,3.13098,-2.72921,3.1323
1,0.504809,0.136957,0.820801,3.13099,-2.73123,3.13233
1,0.504697,0.137798,0.820217,3.131,-2.73324,3.13235
1,0.504586,0.138639,0.819633,3.13101,-2.73524,3.13237
1,0.504474,0.13948,0.819049,3.13102,-2.73724,3.1324
1,0.504364,0.140321,0.818465,3.13102,-2.73922,3.13242
1,0.504253,0.141163,0.817883,3.13103,-2.7412,3.13244
1,0.504143,0.142004,0.8173,3.13104,-2.74317,3.13247
1,0.504033,0.142845,0.816718,3.13105,-2.74514,3.13249
1,0.503923,0.143686,0.816136,3.13106,-2.74709,3.13251
1,0.503814,0.144527,0.815555,3.13107,-2.74904,3.13253
1,0.503705,0.145369,0.814974,3.13108,-2.75098,3.13255
1,0.503597,0.14621,0.814393,3.13108,-2.75291,3.13258
1,0.503489,0.147051,0.813813,3.13109,-2.75484,3.1326
1,0.503381,0.147892,0.813233,3.1311,-2.75676,3.13262
1,0.503273,0.148733,0.812654,3.13111,-2.75867,3.13264
1,0.503166,0.149575,0.812075,3.13112,-2.76057,3.13266
1,0.503059,0.150416,0.811496,3.13113,-2.76246,3.13268
1,0.502953,0.151257,0.810918,3.13113,-2.76435,3.13271
1,0.502847,0.152098,0.81034,3.13114,-2.76623,3.13273
1,0.502741,0.152939,0.809762,3.13115,-2.76811,3.13275
1,0.502635,0.153781,0.809185,3.13116,-2.76998,3.13277
1,0.50253,0.154622,0.808608,3.13116,-2.77184,3.13279
1,0.502425,0.155463,0.808032,3.13117,-2.77369,3.13281
1,0.50232,0.156304,0.807455,3.13118,-2.77554,3.13283
1,0.502216,0.157145,0.80688,3.13119,-2.77738,3.13285
1,0.502112,0.157987,0.806304,3.13119,-2.77921,3.13287
1,0.502008,0.158828,0.805729,3.1312,-2.78104,3.13289
1,0.501905,0.159669,0.805154,3.13121,-2.78286,3.13291
1,0.501801,0.16051,0.804579,3.13121,-2.78468,3.13293
1,0.501699,0.161351,0.804005,3.13122,-2.78648,3.13295
1,0.501596,0.162193,0.803431,3.13123,-2.78829,3.13297
1,0.501494,0.163034,0.802857,3.13124,-2.79008,3.13299
1,0.501392,0.163875,0.802284,3.13124,-2.79187,3.13301
1,0.50129,0.164716,0.801711,3.13125,-2.79366,3.13303
1,0.501188,0.165557,0.801138,3.13126,-2.79544,3.13305
1,0.501087,0.166398,0.800566,3.13126,-2.79721,3.13307
1,0.500986,0.16724,0.799994,3.13127,-2.79897,3.13309
1,0.500885,0.168081,0.799422,3.13127,-2.80073,3.13311
1,0.500785,0.168922,0.798851,3.13128,-2.80249,3.13313
1,0.500685,0.169763,0.798279,3.13129,-2.80424,3.13315
1,0.500585,0.170604,0.797708,3.13129,-2.80598,3.13317
1,0.500485,0.171445,0.797138,3.1313,-2.80772,3.13319
1,0.500386,0.172287,0.796567,3.13131,-2.80945,3.13321
1,0.500287,0.173128,0.795997,3.13131,-2.81118,3.13322
1,0.500188,0.173969,0.795427,3.13132,-2.8129,3.13324
1,0.500089,0.17481,0.794858,3.13132,-2.81462,3.13326
1,0.499991,0.175651,0.794289,3.13133,-2.81633,3.13328
1,0.499893,0.176492,0.79372,3.13134,-2.81803,3.1333
1,0.499795,0.177334,0.793151,3.13134,-2.81973,3.13332
1,0.499697,0.178175,0.792582,3.13135,-2.82143,3.13334
1,0.4996,0.179016,0.792014,3.13135,-2.82312,3.13335
1,0.499503,0.179857,0.791446,3.13136,-2.8248,3.13337
1,0.499406,0.180698,0.790879,3.13137,-2.82648,3.13339
1,0.499309,0.181539,0.790311,3.13137,-2.82816,3.13341
1,0.499213,0.182381,0.789744,3.13138,-2.82983,3.13343
1,0.499116,0.183222,0.789177,3.13138,-2.8315,3.13344
1,0.49902,0.184063,0.78861,3.13139,-2.83316,3.13346
1,0.498925,0.184904,0.788044,3.13139,-2.83481,3.13348
1,0.498829,0.185745,0.787478,3.1314,-2.83646,3.1335
1,0.498734,0.186586,0.786912,3.1314,-2.83811,3.13351
1,0.498639,0.187428,0.786346,3.13141,-2.83975,3.13353
1,0.498544,0.188269,0.785781,3.13141,-2.84139,3.13355
1,0.498449,0.18911,0.785215,3.13142,-2.84302,3.13357
1,0.498354,0.189951,0.78465,3.13142,-2.84465,3.13358
1,0.49826,0.190792,0.784086,3.13143,-2.84627,3.1336
1,0.498166,0.191633,0.783521,3.13143,-2.84789,3.13362
1,0.498072,0.192474,0.782957,3.13144,-2.84951,3.13364
1,0.497979,0.193316,0.782393,3.13144,-2.85112,3.13365
1,0.497885,0.194157,0.781829,3.13145,-2.85272,3.13367
1,0.497792,0.194998,0.781265,3.13145,-2.85432,3.13369
1,0.497699,0.195839,0.780702,3.13146,-2.85592,3.1337
1,0.497606,0.19668,0.780139,3.13146,-2.85752,3.13372
1,0.497514,0.197521,0.779576,3.13147,-2.8591,3.13374
1,0.497421,0.198362,0.779013,3.13147,-2.86069,3.13375
1,0.497329,0.199204,0.778451,3.13148,-2.86227,3.13377
1,0.497237,0.200045,0.777888,3.13148,-2.86385,3.13379
1,0.497145,0.200886,0.777326,3.13149,-2.86542,3.1338
1,0.497053,0.201727,0.776764,3.13149,-2.86699,3.13382
1,0.496962,0.202568,0.776203,3.13149,-2.86856,3.13384
1,0.496871,0.203409,0.775641,3.1315,-2.87012,3.13385
1,0.49678,0.20425,0.77508,3.1315,-2.87167,3.13387
1,0.496689,0.205091,0.774519,3.13151,-2.87323,3.13389
1,0.496598,0.205933,0.773958,3.13151,-2.87478,3.1339
1,0.496507,0.206774,0.773397,3.13152,-2.87632,3.13392
1,0.496417,0.207615,0.772837,3.13152,-2.87787,3.13393
1,0.496327,0.208456,0.772276,3.13152,-2.8794,3.13395
1,0.496237,0.209297,0.771716,3.13153,-2.88094,3.13397
1,0.496147,0.210138,0.771156,3.13153,-2.88247,3.13398
1,0.496057,0.210979,0.770597,3.13154,-2.884,3.134
1,0.495968,0.21182,0.770037,3.13154,-2.88552,3.13401
1,0.495878,0.212662,0.769478,3.13154,-2.88704,3.13403
1,0.495789,0.213503,0.768919,3.13155,-2.88856,3.13405
1,0.4957,0.214344,0.76836,3.13155,-2.89008,3.13406
1,0.495612,0.215185,0.767801,3.13156,-2.89159,3.13408
1,0.495523,0.216026,0.767243,3.13156,-2.89309,3.13409
1,0.495434,0.216867,0.766684,3.13156,-2.8946,3.13411
2,0.496811,0.216856,0.767048,3.1315,-2.87116,3.13387
2,0.496811,0.216856,0.767048,3.1315,-2.87116,3.13387
2,0.497778,0.216854,0.767061,3.1315,-2.87024,3.13386
2,0.498745,0.216854,0.767076,3.1315,-2.86931,3.13385
2,0.499712,0.216853,0.767091,3.1315,-2.86838,3.13384
2,0.50068,0.216853,0.767107,3.1315,-2.86743,3.13383
2,0.501647,0.216852,0.767122,3.13149,-2.86649,3.13382
2,0.502616,0.216852,0.767138,3.13149,-2.86553,3.13381
2,0.502501,0.217636,0.766491,3.1315,-2.86747,3.13383
2,0.502388,0.218419,0.765844,3.1315,-2.8694,3.13385
2,0.502276,0.219203,0.765198,3.13151,-2.87133,3.13387
2,0.502163,0.219986,0.764552,3.13151,-2.87325,3.13389
2,0.502051,0.22077,0.763906,3.13152,-2.87517,3.13391
2,0.501939,0.221554,0.763261,3.13152,-2.87708,3.13393
2,0.501828,0.222337,0.762616,3.13153,-2.87898,3.13395
2,0.501716,0.223121,0.761971,3.13153,-2.88088,3.13397
2,0.501605,0.223905,0.761327,3.13154,-2.88278,3.13399
2,0.501494,0.224688,0.760683,3.13154,-2.88466,3.13401
2,0.501383,0.225472,0.760039,3.13155,-2.88655,3.13402
2,0.501273,0.226255,0.759395,3.13155,-2.88843,3.13404
2,0.501163,0.227039,0.758752,3.13156,-2.8903,3.13406
2,0.501053,0.227823,0.758109,3.13156,-2.89217,3.13408
2,0.500943,0.228606,0.757466,3.13157,-2.89403,3.1341
2,0.500834,0.22939,0.756823,3.13157,-2.89589,3.13412
2,0.500725,0.230173,0.756181,3.13158,-2.89775,3.13414
2,0.500616,0.230957,0.755539,3.13158,-2.89959,3.13416
2,0.500507,0.231741,0.754898,3.13158,-2.90144,3.13418
2,0.500399,0.232524,0.754256,3.13159,-2.90328,3.1342
2,0.50029,0.233308,0.753615,3.13159,-2.90511,3.13422
2,0.500182,0.234091,0.752974,3.1316,-2.90694,3.13424
2,0.500075,0.234875,0.752334,3.1316,-2.90877,3.13425
2,0.499967,0.235659,0.751693,3.13161,-2.91059,3.13427
2,0.49986,0.236442,0.751053,3.13161,-2.9124,3.13429
2,0.499753,0.237226,0.750414,3.13161,-2.91421,3.13431
2,0.499646,0.238009,0.749774,3.13162,-2.91602,3.13433
2,0.499539,0.238793,0.749135,3.13162,-2.91782,3.13435
2,0.499433,0.239577,0.748496,3.13163,-2.91962,3.13436
2,0.499327,0.24036,0.747857,3.13163,-2.92141,3.13438
2,0.499221,0.241144,0.747218,3.13163,-2.92319,3.1344
2,0.499115,0.241927,0.74658,3.13164,-2.92498,3.13442
2,0.49901,0.242711,0.745942,3.13164,-2.92676,3.13444
2,0.498904,0.243495,0.745304,3.13165,-2.92853,3.13446
2,0.498799,0.244278,0.744667,3.13165,-2.9303,3.13447
2,0.498694,0.245062,0.744029,3.13165,-2.93207,3.13449
2,0.49859,0.245845,0.743392,3.13166,-2.93383,3.13451
2,0.498485,0.246629,0.742755,3.13166,-2.93558,3.13453
2,0.498381,0.247413,0.742119,3.13166,-2.93734,3.13454
2,0.498277,0.248196,0.741482,3.13167,-2.93908,3.13456
2,0.498174,0.24898,0.740846,3.13167,-2.94083,3.13458
2,0.49807,0.249763,0.74021,3.13167,-2.94257,3.1346
2,0.497967,0.250547,0.739575,3.13168,-2.9443,3.13462
2,0.497864,0.251331,0.738939,3.13168,-2.94604,3.13463
2,0.497761,0.252114,0.738304,3.13168,-2.94776,3.13465
2,0.497658,0.252898,0.737669,3.13169,-2.94949,3.13467
2,0.497556,0.253681,0.737034,3.13169,-2.95121,3.13468
3,0.497203,0.253684,0.736967,3.1317,-2.95714,3.13475
3,0.497203,0.253684,0.736967,3.1317,-2.95714,3.13475
3,0.498232,0.253683,0.736974,3.1317,-2.9563,3.13474
3,0.499262,0.253682,0.736984,3.1317,-2.95545,3.13473
3,0.500291,0.253682,0.736994,3.1317,-2.95459,3.13472
3,0.501322,0.253682,0.737003,3.1317,-2.95372,3.13471
3,0.50123,0.252869,0.736408,3.1317,-2.95524,3.13473
3,0.501139,0.252057,0.735812,3.1317,-2.95676,3.13475
3,0.501049,0.251244,0.735217,3.13171,-2.95828,3.13476
3,0.500958,0.250432,0.734621,3.13171,-2.95979,3.13478
3,0.500868,0.249619,0.734026,3.13171,-2.9613,3.13479
3,0.500778,0.248807,0.733431,3.13172,-2.96281,3.13481
3,0.500688,0.247994,0.732837,3.13172,-2.96432,3.13482
3,0.500598,0.247181,0.732242,3.13172,-2.96582,3.13484
3,0.500508,0.246369,0.731647,3.13172,-2.96733,3.13485
3,0.500419,0.245556,0.731053,3.13173,-2.96883,3.13487
3,0.500329,0.244744,0.730459,3.13173,-2.97032,3.13488
3,0.50024,0.243931,0.729865,3.13173,-2.97182,3.1349
3,0.50015,0.243119,0.729271,3.13173,-2.97331,3.13491
3,0.500061,0.242306,0.728678,3.13174,-2.9748,3.13493
3,0.499972,0.241494,0.728084,3.13174,-2.97629,3.13494
3,0.499883,0.240681,0.727491,3.13174,-2.97778,3.13496
3,0.499794,0.239869,0.726898,3.13174,-2.97926,3.13497
3,0.499705,0.239056,0.726305,3.13175,-2.98074,3.13499
3,0.499617,0.238244,0.725712,3.13175,-2.98222,3.135
3,0.499528,0.237431,0.725119,3.13175,-2.9837,3.13502
3,0.499439,0.236618,0.724526,3.13175,-2.98518,3.13503
3,0.499351,0.235806,0.723934,3.13175,-2.98665,3.13505
3,0.499263,0.234993,0.723342,3.13176,-2.98812,3.13506
3,0.499175,0.234181,0.72275,3.13176,-2.98959,3.13508
3,0.499087,0.233368,0.722158,3.13176,-2.99106,3.13509
3,0.498999,0.232556,0.721566,3.13176,-2.99253,3.1351
3,0.498911,0.231743,0.720974,3.13177,-2.99399,3.13512
3,0.498823,0.230931,0.720382,3.13177,-2.99545,3.13513
3,0.498735,0.230118,0.719791,3.13177,-2.99691,3.13515
3,0.498648,0.229306,0.7192,3.13177,-2.99837,3.13516
3,0.49856,0.228493,0.718609,3.13177,-2.99983,3.13518
3,0.498473,0.22768,0.718018,3.13178,-3.00128,3.13519
3,0.498385,0.226868,0.717427,3.13178,-3.00273,3.13521
3,0.498298,0.226055,0.716836,3.13178,-3.00418,3.13522
3,0.498211,0.225243,0.716246,3.13178,-3.00563,3.13523
3,0.498124,0.22443,0.715655,3.13178,-3.00708,3.13525
3,0.498037,0.223618,0.715065,3.13179,-3.00853,3.13526
3,0.49795,0.222805,0.714475,3.13179,-3.00997,3.13528
3,0.497863,0.221993,0.713885,3.13179,-3.01141,3.13529
3,0.497777,0.22118,0.713295,3.13179,-3.01285,3.13531
3,0.49769,0.220368,0.712705,3.13179,-3.01429,3.13532
3,0.497604,0.219555,0.712116,3.13179,-3.01573,3.13533
3,0.497517,0.218742,0.711526,3.1318,-3.01716,3.13535
3,0.497431,0.21793,0.710937,3.1318,-3.01859,3.13536
3,0.497345,0.217117,0.710348,3.1318,-3.02003,3.13538
3,0.497258,0.216305,0.709759,3.1318,-3.02146,3.13539
3,0.497172,0.215492,0.70917,3.1318,-3.02288,3.13541
3,0.497086,0.21468,0.708581,3.1318,-3.02431,3.13542
3,0.497,0.213867,0.707993,3.13181,-3.02574,3.13543
3,0.496914,0.213055,0.707404,3.13181,-3.02716,3.13545
3,0.496829,0.212242,0.706816,3.13181,-3.02858,3.13546
3,0.496743,0.21143,0.706228,3.13181,-3.03,3.13548
3,0.496657,0.210617,0.705639,3.13181,-3.03142,3.13549
3,0.496572,0.209804,0.705051,3.13181,-3.03284,3.1355
3,0.496486,0.208992,0.704464,3.13182,-3.03426,3.13552
3,0.496401,0.208179,0.703876,3.13182,-3.03567,3.13553
3,0.496316,0.207367,0.703288,3.13182,-3.03709,3.13555
3,0.49623,0.206554,0.702701,3.13182,-3.0385,3.13556
3,0.496145,0.205742,0.702114,3.13182,-3.03991,3.13557
3,0.49606,0.204929,0.701526,3.13182,-3.04132,3.13559
3,0.495975,0.204117,0.700939,3.13182,-3.04273,3.1356
3,0.49589,0.203304,0.700352,3.13182,-3.04413,3.13561
3,0.495805,0.202492,0.699766,3.13183,-3.04554,3.13563
3,0.49572,0.201679,0.699179,3.13183,-3.04694,3.13564
3,0.495635,0.200866,0.698592,3.13183,-3.04835,3.13566
3,0.495551,0.200054,0.698006,3.13183,-3.04975,3.13567
3,0.495466,0.199241,0.69742,3.13183,-3.05115,3.13568
3,0.495382,0.198429,0.696834,3.13183,-3.05255,3.1357
3,0.495297,0.197616,0.696247,3.13183,-3.05395,3.13571
3,0.495213,0.196804,0.695662,3.13183,-3.05534,3.13572
3,0.495128,0.195991,0.695076,3.13184,-3.05674,3.13574
3,0.495044,0.195179,0.69449,3.13184,-3.05813,3.13575
3,0.49496,0.194366,0.693905,3.13184,-3.05952,3.13577
3,0.494875,0.193553,0.693319,3.13184,-3.06092,3.13578
3,0.494791,0.192741,0.692734,3.13184,-3.06231,3.13579
3,0.494707,0.191928,0.692149,3.13184,-3.0637,3.13581
3,0.494623,0.191116,0.691564,3.13184,-3.06509,3.13582
3,0.494539,0.190303,0.690979,3.13184,-3.06647,3.13583
3,0.494455,0.189491,0.690394,3.13184,-3.06786,3.13585
3,0.494371,0.188678,0.689809,3.13185,-3.06924,3.13586
3,0.494287,0.187866,0.689224,3.13185,-3.07063,3.13587
3,0.494204,0.187053,0.68864,3.13185,-3.07201,3.13589
3,0.49412,0.186241,0.688056,3.13185,-3.07339,3.1359
3,0.494036,0.185428,0.687471,3.13185,-3.07477,3.13591
3,0.493953,0.184615,0.686887,3.13185,-3.07616,3.13593
3,0.493869,0.183803,0.686303,3.13185,-3.07753,3.13594
3,0.493786,0.18299,0.68572,3.13185,-3.07891,3.13595
3,0.493702,0.182178,0.685136,3.13185,-3.08029,3.13597
3,0.493619,0.181365,0.684552,3.13185,-3.08167,3.13598
3,0.493536,0.180553,0.683969,3.13185,-3.08304,3.13599
3,0.493452,0.17974,0.683385,3.13185,-3.08442,3.13601
3,0.493369,0.178928,0.682802,3.13186,-3.08579,3.13602
3,0.493286,0.178115,0.682219,3.13186,-3.08716,3.13603
3,0.493203,0.177303,0.681636,3.13186,-3.08853,3.13605
3,0.49312,0.17649,0.681053,3.13186,-3.08991,3.13606
3,0.493036,0.175677,0.68047,3.13186,-3.09128,3.13608
3,0.492953,0.174865,0.679887,3.13186,-3.09264,3.13609
3,0.492871,0.174052,0.679305,3.13186,-3.09401,3.1361
3,0.492788,0.17324,0.678722,3.13186,-3.09538,3.13612
3,0.492705,0.172427,0.67814,3.13186,-3.09675,3.13613
3,0.492622,0.171615,0.677558,3.13186,-3.09811,3.13614
3,0.492539,0.170802,0.676976,3.13186,-3.09948,3.13615
3,0.492456,0.16999,0.676394,3.13186,-3.10084,3.13617
3,0.492374,0.169177,0.675812,3.13186,-3.10221,3.13618
3,0.492291,0.168365,0.67523,3.13186,-3.10357,3.13619
3,0.492208,0.167552,0.674648,3.13186,-3.10493,3.13621
3,0.492126,0.166739,0.674067,3.13186,-3.1063,3.13622
3,0.492043,0.165927,0.673486,3.13186,-3.10766,3.13623
3,0.491961,0.165114,0.672904,3.13186,-3.10902,3.13625
3,0.491878,0.164302,0.672323,3.13187,-3.11038,3.13626
3,0.491796,0.163489,0.671742,3.13187,-3.11174,3.13627
3,0.491713,0.162677,0.671161,3.13187,-3.11309,3.13629
3,0.491631,0.161864,0.67058,3.13187,-3.11445,3.1363
3,0.491548,0.161052,0.669999,3.13187,-3.11581,3.13631
3,0.491466,0.160239,0.669419,3.13187,-3.11717,3.13633
3,0.491384,0.159427,0.668838,3.13187,-3.11852,3.13634
3,0.491302,0.158614,0.668258,3.13187,-3.11988,3.13635
3,0.491219,0.157802,0.667678,3.13187,-3.12123,3.13637
3,0.491137,0.156989,0.667097,3.13187,-3.12259,3.13638
3,0.491055,0.156176,0.666517,3.13187,-3.12394,3.13639
3,0.490973,0.155364,0.665937,3.13187,-3.12529,3.13641
3,0.490891,0.154551,0.665357,3.13187,-3.12665,3.13642
3,0.490809,0.153739,0.664778,3.13187,-3.128,3.13643
3,0.490727,0.152926,0.664198,3.13187,-3.12935,3.13645
3,0.490645,0.152114,0.663619,3.13187,-3.1307,3.13646
3,0.490563,0.151301,0.663039,3.13187,-3.13205,3.13647
3,0.490481,0.150489,0.66246,3.13187,-3.1334,3.13648
3,0.490399,0.149676,0.661881,3.13187,-3.13475,3.1365
3,0.490317,0.148864,0.661302,3.13187,-3.1361,3.13651
3,0.490235,0.148051,0.660723,3.13187,-3.13745,3.13652
3,0.490153,0.147239,0.660144,3.13187,-3.1388,3.13654
3,0.490071,0.146426,0.659565,3.13187,-3.14015,3.13655
3,0.489989,0.145613,0.658987,3.13187,-3.14149,3.13656
3,0.489908,0.144801,0.658408,3.13187,3.14034,3.13658
3,0.489826,0.143988,0.65783,3.13187,3.139,3.13659
3,0.489744,0.143176,0.657251,3.13187,3.13765,3.1366
3,0.489662,0.142363,0.656673,3.13187,3.1363,3.13662
3,0.489581,0.141551,0.656095,3.13187,3.13496,3.13663
3,0.489499,0.140738,0.655517,3.13187,3.13361,3.13664
3,0.489417,0.139926,0.654939,3.13187,3.13227,3.13666
3,0.489336,0.139113,0.654361,3.13187,3.13092,3.13667
3,0.489254,0.138301,0.653784,3.13187,3.12958,3.13668
3,0.489172,0.137488,0.653206,3.13187,3.12823,3.13669
3,0.489091,0.136676,0.652629,3.13187,3.12689,3.13671
3,0.489009,0.135863,0.652052,3.13187,3.12554,3.13672
3,0.488928,0.13505,0.651474,3.13187,3.1242,3.13673
3,0.488846,0.134238,0.650897,3.13187,3.12286,3.13675
3,0.488765,0.133425,0.65032,3.13187,3.12151,3.13676
3,0.488683,0.132613,0.649743,3.13187,3.12017,3.13677
3,0.488602,0.1318,0.649167,3.13187,3.11883,3.13679
3,0.48852,0.130988,0.64859,3.13187,3.11749,3.1368
3,0.488439,0.130175,0.648013,3.13187,3.11614,3.13681
3,0.488357,0.129363,0.647437,3.13187,3.1148,3.13683
3,0.488276,0.12855,0.646861,3.13187,3.11346,3.13684
3,0.488195,0.127738,0.646284,3.13186,3.11212,3.13685
3,0.488113,0.126925,0.645708,3.13186,3.11078,3.13686
3,0.488032,0.126113,0.645132,3.13186,3.10944,3.13688
3,0.48795,0.1253,0.644556,3.13186,3.1081,3.13689
3,0.487869,0.124488,0.643981,3.13186,3.10675,3.1369
3,0.487788,0.123675,0.643405,3.13186,3.10541,3.13692
3,0.487706,0.122863,0.642829,3.13186,3.10407,3.13693
3,0.487625,0.12205,0.642254,3.13186,3.10273,3.13694
3,0.487544,0.121238,0.641679,3.13186,3.10139,3.13696
3,0.487463,0.120425,0.641103,3.13186,3.10005,3.13697
3,0.487381,0.119612,0.640528,3.13186,3.09871,3.13698
3,0.4873,0.1188,0.639953,3.13186,3.09737,3.13699
3,0.487219,0.117987,0.639378,3.13186,3.09603,3.13701
3,0.487137,0.117175,0.638804,3.13186,3.09469,3.13702
3,0.487056,0.116362,0.638229,3.13186,3.09335,3.13703
3,0.486975,0.11555,0.637654,3.13186,3.09201,3.13705
3,0.486894,0.114737,0.63708,3.13186,3.09067,3.13706
3,0.486812,0.113925,0.636505,3.13186,3.08933,3.13707
3,0.486731,0.113112,0.635931,3.13185,3.08799,3.13709
3,0.48665,0.1123,0.635357,3.13185,3.08665,3.1371
3,0.486569,0.111487,0.634783,3.13185,3.08531,3.13711
3,0.486488,0.110675,0.634209,3.13185,3.08397,3.13713
3,0.486406,0.109862,0.633635,3.13185,3.08263,3.13714
3,0.486325,0.10905,0.633062,3.13185,3.08129,3.13715
3,0.486244,0.108237,0.632488,3.13185,3.07995,3.13716
3,0.486163,0.107425,0.631914,3.13185,3.07861,3.13718
3,0.486082,0.106612,0.631341,3.13185,3.07727,3.13719
3,0.486001,0.1058,0.630768,3.13185,3.07593,3.1372
4,0.486336,0.105797,0.630747,3.13185,3.08145,3.13715
4,0.486336,0.105797,0.630747,3.13185,3.08145,3.13715
4,0.4873,0.105796,0.630744,3.13185,3.08238,3.13714
4,0.488264,0.105795,0.63074,3.13185,3.08332,3.13713
4,0.489229,0.105795,0.630737,3.13185,3.08426,3.13712
4,0.490195,0.105794,0.630734,3.13185,3.08521,3.13711
4,0.490061,0.105087,0.630043,3.13185,3.08302,3.13713
4,0.489928,0.104379,0.629351,3.13185,3.08083,3.13715
4,0.489796,0.103671,0.628659,3.13185,3.07865,3.13717
4,0.489665,0.102961,0.627964,3.13185,3.07647,3.1372
4,0.489532,0.102254,0.627275,3.13185,3.0743,3.13721
4,0.489401,0.101546,0.626584,3.13184,3.07214,3.13723
4,0.489271,0.100837,0.625891,3.13184,3.06997,3.13726
4,0.48914,0.100128,0.6252,3.13184,3.06782,3.13728
4,0.48901,0.0994207,0.62451,3.13184,3.06567,3.1373
4,0.48888,0.098712,0.623819,3.13184,3.06352,3.13732
4,0.48875,0.0980039,0.62313,3.13184,3.06138,3.13734
4,0.488621,0.0972958,0.62244,3.13183,3.05925,3.13736
4,0.488492,0.0965876,0.62175,3.13183,3.05712,3.13738
4,0.488365,0.0958775,0.621058,3.13183,3.05498,3.13741
4,0.488235,0.0951708,0.620372,3.13183,3.05287,3.13742
4,0.488108,0.0944622,0.619682,3.13183,3.05075,3.13744
4,0.48798,0.0937541,0.618994,3.13183,3.04864,3.13746
4,0.487853,0.0930457,0.618305,3.13182,3.04654,3.13748
4,0.487726,0.0923371,0.617617,3.13182,3.04444,3.13751
4,0.4876,0.0916285,0.616928,3.13182,3.04234,3.13753
4,0.487473,0.0909203,0.616241,3.13182,3.04025,3.13755
4,0.487347,0.0902118,0.615553,3.13181,3.03816,3.13757
4,0.487222,0.0895034,0.614866,3.13181,3.03608,3.13759
4,0.487097,0.0887945,0.614178,3.13181,3.034,3.13761
4,0.486971,0.0880871,0.613493,3.13181,3.03193,3.13763
4,0.486847,0.0873781,0.612805,3.13181,3.02987,3.13765
4,0.486722,0.0866705,0.61212,3.1318,3.02781,3.13767
4,0.486598,0.0859616,0.611433,3.1318,3.02575,3.13769
4,0.486474,0.0852536,0.610747,3.1318,3.0237,3.13771
4,0.486351,0.0845453,0.610062,3.1318,3.02165,3.13773
4,0.486229,0.0838355,0.609373,3.1318,3.0196,3.13775
4,0.486105,0.0831281,0.60869,3.13179,3.01757,3.13777
4,0.485983,0.08242,0.608006,3.13179,3.01554,3.13779
4,0.485861,0.0817113,0.60732,3.13179,3.01351,3.13781
4,0.485739,0.0810033,0.606636,3.13178,3.01148,3.13783
4,0.485617,0.0802949,0.605952,3.13178,3.00946,3.13785
4,0.485496,0.0795862,0.605267,3.13178,3.00745,3.13787
4,0.485375,0.0788781,0.604584,3.13178,3.00544,3.13789
4,0.485255,0.0781693,0.603899,3.13177,3.00343,3.13791
4,0.485134,0.0774617,0.603217,3.13177,3.00144,3.13793
4,0.485015,0.0767527,0.602532,3.13177,2.99944,3.13795
4,0.484895,0.0760443,0.601849,3.13176,2.99745,3.13797
4,0.484775,0.0753361,0.601166,3.13176,2.99546,3.13799
4,0.484656,0.0746277,0.600484,3.13176,2.99348,3.13801
4,0.484538,0.0739192,0.599801,3.13176,2.9915,3.13803
4,0.484419,0.0732108,0.599118,3.13175,2.98953,3.13805
4,0.484302,0.0725019,0.598435,3.13175,2.98756,3.13807
4,0.484184,0.071794,0.597754,3.13175,2.9856,3.13809
4,0.484066,0.0710859,0.597073,3.13174,2.98364,3.13811
4,0.483949,0.0703773,0.596391,3.13174,2.98168,3.13813
4,0.483832,0.0696687,0.595709,3.13174,2.97973,3.13815
4,0.483716,0.0689596,0.595026,3.13174,2.97778,3.13817
4,0.483599,0.0682518,0.594346,3.13173,2.97584,3.13818
4,0.483484,0.067543,0.593664,3.13173,2.97391,3.13821
4,0.483368,0.0668352,0.592985,3.13173,2.97198,3.13822
4,0.483252,0.0661267,0.592304,3.13172,2.97005,3.13824
4,0.483138,0.0654178,0.591623,3.13172,2.96812,3.13826
4,0.483023,0.0647095,0.590943,3.13172,2.9662,3.13828
4,0.482908,0.0640015,0.590264,3.13171,2.96429,3.1383
4,0.482794,0.0632927,0.589583,3.13171,2.96238,3.13832
4,0.482681,0.0625843,0.588903,3.1317,2.96047,3.13834
4,0.482567,0.0618758,0.588224,3.1317,2.95857,3.13836
4,0.482454,0.0611674,0.587544,3.1317,2.95668,3.13838
4,0.482341,0.0604589,0.586865,3.13169,2.95478,3.1384
4,0.482229,0.0597504,0.586186,3.13169,2.9529,3.13842
4,0.482116,0.0590421,0.585507,3.13169,2.95101,3.13843
4,0.482004,0.0583335,0.584828,3.13168,2.94913,3.13845
4,0.481893,0.0576242,0.584147,3.13168,2.94726,3.13848
4,0.481781,0.0569165,0.583471,3.13168,2.94539,3.13849
4,0.48167,0.0562082,0.582793,3.13167,2.94352,3.13851
4,0.481559,0.0554997,0.582115,3.13167,2.94166,3.13853
4,0.481449,0.0547913,0.581437,3.13167,2.9398,3.13855
4,0.481339,0.0540825,0.580758,3.13166,2.93795,3.13857
4,0.481229,0.0533742,0.580081,3.13166,2.9361,3.13859
4,0.481119,0.052666,0.579404,3.13165,2.93426,3.1386
4,0.48101,0.0519573,0.578726,3.13165,2.93242,3.13862
4,0.480901,0.0512488,0.578049,3.13165,2.93058,3.13864
4,0.480793,0.0505404,0.577372,3.13164,2.92875,3.13866
4,0.480684,0.049832,0.576695,3.13164,2.92693,3.13868
4,0.480576,0.0491234,0.576018,3.13163,2.9251,3.1387
4,0.480468,0.0484152,0.575342,3.13163,2.92329,3.13872
4,0.480361,0.0477063,0.574665,3.13163,2.92147,3.13874
4,0.480254,0.0469981,0.573989,3.13162,2.91966,3.13875
4,0.480147,0.0462891,0.573311,3.13162,2.91785,3.13877
4,0.48004,0.0455808,0.572636,3.13161,2.91605,3.13879
4,0.479934,0.0448722,0.57196,3.13161,2.91426,3.13881
4,0.479828,0.044164,0.571284,3.13161,2.91247,3.13883
4,0.479722,0.0434553,0.570608,3.1316,2.91068,3.13885
4,0.479617,0.0427468,0.569933,3.1316,2.90889,3.13886
4,0.479512,0.0420383,0.569257,3.13159,2.90711,3.13888
4,0.479407,0.0413298,0.568582,3.13159,2.90534,3.1389
4,0.479303,0.0406214,0.567907,3.13158,2.90357,3.13892
4,0.479198,0.0399129,0.567232,3.13158,2.9018,3.13894
4,0.479094,0.0392046,0.566557,3.13158,2.90004,3.13895
4,0.478991,0.0384961,0.565883,3.13157,2.89828,3.13897
4,0.478888,0.0377873,0.565207,3.13157,2.89653,3.13899
4,0.478785,0.0370787,0.564532,3.13156,2.89478,3.13901
4,0.478682,0.0363703,0.563858,3.13156,2.89303,3.13903
4,0.47858,0.0356617,0.563184,3.13155,2.89129,3.13905
4,0.478478,0.034953,0.562509,3.13155,2.88955,3.13906
4,0.478376,0.0342446,0.561835,3.13154,2.88782,3.13908
4,0.478274,0.033536,0.56116,3.13154,2.88609,3.1391
4,0.478173,0.0328274,0.560486,3.13154,2.88437,3.13912
4,0.478072,0.0321189,0.559813,3.13153,2.88265,3.13914
4,0.477971,0.0314105,0.559139,3.13153,2.88093,3.13915
4,0.477871,0.030702,0.558466,3.13152,2.87922,3.13917
4,0.477771,0.0299934,0.557792,3.13152,2.87751,3.13919
4,0.477671,0.0292849,0.557119,3.13151,2.87581,3.13921
4,0.477572,0.0285763,0.556445,3.13151,2.87411,3.13923
4,0.477472,0.0278678,0.555773,3.1315,2.87242,3.13924
4,0.477374,0.0271592,0.555099,3.1315,2.87073,3.13926
4,0.477275,0.0264506,0.554426,3.13149,2.86904,3.13928
4,0.477177,0.0257421,0.553753,3.13149,2.86736,3.1393
4,0.477079,0.0250336,0.553081,3.13148,2.86568,3.13931
4,0.476981,0.024325,0.552408,3.13148,2.86401,3.13933
4,0.476884,0.0236165,0.551735,3.13147,2.86234,3.13935
4,0.476787,0.0229078,0.551062,3.13147,2.86068,3.13937
4,0.47669,0.0221993,0.55039,3.13147,2.85902,3.13938
4,0.476593,0.0214907,0.549718,3.13146,2.85736,3.1394
4,0.476497,0.0207822,0.549046,3.13146,2.85571,3.13942
4,0.476401,0.0200735,0.548373,3.13145,2.85406,3.13944
4,0.476305,0.019365,0.547701,3.13145,2.85242,3.13945
4,0.47621,0.0186563,0.547029,3.13144,2.85078,3.13947
4,0.476115,0.0179478,0.546357,3.13144,2.84914,3.13949
4,0.47602,0.0172391,0.545685,3.13143,2.84751,3.13951
4,0.475926,0.0165307,0.545014,3.13143,2.84588,3.13952
4,0.475832,0.015822,0.544342,3.13142,2.84426,3.13954
4,0.475738,0.0151134,0.54367,3.13142,2.84264,3.13956
4,0.475644,0.0144048,0.542998,3.13141,2.84103,3.13957
4,0.475551,0.0136962,0.542327,3.13141,2.83942,3.13959
4,0.475458,0.0129876,0.541655,3.1314,2.83781,3.13961
4,0.475365,0.012279,0.540984,3.1314,2.83621,3.13963
4,0.475273,0.0115704,0.540313,3.13139,2.83462,3.13964
4,0.475181,0.0108618,0.539642,3.13138,2.83302,3.13966
4,0.475089,0.0101532,0.538971,3.13138,2.83143,3.13968
4,0.474997,0.00944462,0.5383,3.13137,2.82985,3.13969
4,0.474906,0.00873595,0.537629,3.13137,2.82827,3.13971
4,0.474815,0.00802738,0.536958,3.13136,2.82669,3.13973
4,0.474724,0.0073188,0.536287,3.13136,2.82512,3.13974
4,0.474634,0.00661015,0.535616,3.13135,2.82356,3.13976
4,0.474544,0.00590141,0.534945,3.13135,2.82199,3.13978
4,0.474454,0.00519292,0.534275,3.13134,2.82043,3.1398
4,0.474364,0.00448432,0.533605,3.13134,2.81888,3.13981
4,0.474275,0.00377567,0.532934,3.13133,2.81733,3.13983
4,0.474186,0.00306696,0.532263,3.13133,2.81578,3.13985
4,0.474098,0.0023584,0.531593,3.13132,2.81424,3.13986
4,0.47401,0.00164962,0.530922,3.13132,2.8127,3.13988
4,0.473921,0.000941089,0.530252,3.13131,2.81117,3.1399
4,0.473834,0.000232338,0.529581,3.13131,2.80964,3.13991
4,0.473746,-0.00047626,0.528911,3.1313,2.80812,3.13993
4,0.473659,-0.00118492,0.528241,3.13129,2.8066,3.13995
4,0.473572,-0.00189355,0.527571,3.13129,2.80508,3.13996
4,0.473486,-0.00260227,0.5269,3.13128,2.80357,3.13998
4,0.473399,-0.00331091,0.52623,3.13128,2.80206,3.14
4,0.473313,-0.00401954,0.52556,3.13127,2.80056,3.14001
4,0.473228,-0.00472819,0.524891,3.13127,2.79906,3.14003
4,0.473142,-0.00543688,0.52422,3.13126,2.79757,3.14005
4,0.473057,-0.00614557,0.52355,3.13126,2.79608,3.14006
5,0.48418,-0.00626815,0.520701,3.13175,2.98551,3.13809
5,0.48418,-0.00626815,0.520701,3.13175,2.98551,3.13809
5,0.485241,-0.00626742,0.520688,3.13175,2.98664,3.13808
5,0.486302,-0.00626814,0.520678,3.13175,2.98777,3.13807
5,0.487363,-0.00626885,0.520667,3.13175,2.9889,3.13806
5,0.488424,-0.00626957,0.520657,3.13175,2.99004,3.13805
5,0.489486,-0.00627028,0.520646,3.13176,2.99118,3.13804
5,0.490547,-0.006271,0.520636,3.13176,2.99232,3.13802
5,0.491609,-0.00627172,0.520626,3.13176,2.99346,3.13801
5,0.49267,-0.00627244,0.520616,3.13176,2.9946,3.138
5,0.493732,-0.00627316,0.520606,3.13176,2.99575,3.13799
5,0.494794,-0.00627388,0.520595,3.13176,2.99689,3.13798
5,0.495856,-0.0062746,0.520585,3.13177,2.99804,3.13797
5,0.496919,-0.00627533,0.520575,3.13177,2.99919,3.13796
5,0.497981,-0.00627605,0.520566,3.13177,3.00034,3.13794
5,0.499043,-0.00627677,0.520556,3.13177,3.0015,3.13793
5,0.500106,-0.0062775,0.520546,3.13177,3.00265,3.13792
5,0.501169,-0.00627822,0.520536,3.13177,3.00381,3.13791
5,0.502231,-0.00627895,0.520527,3.13178,3.00497,3.1379
5,0.503294,-0.00627968,0.520517,3.13178,3.00613,3.13789
5,0.504358,-0.00628041,0.520508,3.13178,3.0073,3.13788
5,0.505421,-0.00628114,0.520498,3.13178,3.00846,3.13786
5,0.506484,-0.00628187,0.520489,3.13178,3.00963,3.13785
5,0.507548,-0.0062826,0.52048,3.13178,3.0108,3.13784
5,0.508611,-0.00628333,0.52047,3.13179,3.01197,3.13783
5,0.509675,-0.00628406,0.520461,3.13179,3.01314,3.13782
5,0.510739,-0.0062848,0.520452,3.13179,3.01432,3.13781
5,0.511803,-0.00628553,0.520443,3.13179,3.01549,3.13779
5,0.512867,-0.00628627,0.520434,3.13179,3.01667,3.13778
5,0.513931,-0.00628701,0.520425,3.13179,3.01785,3.13777
5,0.514996,-0.00628774,0.520416,3.13179,3.01904,3.13776
5,0.51606,-0.00628848,0.520408,3.1318,3.02022,3.13775
5,0.517125,-0.00628922,0.520399,3.1318,3.02141,3.13774
5,0.51819,-0.00628996,0.52039,3.1318,3.0226,3.13772
5,0.519255,-0.0062907,0.520382,3.1318,3.02379,3.13771
5,0.52032,-0.00629145,0.520373,3.1318,3.02499,3.1377
5,0.521385,-0.00629219,0.520365,3.1318,3.02618,3.13769
5,0.52245,-0.00629294,0.520357,3.1318,3.02738,3.13768
5,0.523516,-0.00629368,0.520348,3.1318,3.02858,3.13767
5,0.524582,-0.00629443,0.52034,3.13181,3.02979,3.13765
5,0.525647,-0.00629518,0.520332,3.13181,3.03099,3.13764
5,0.526713,-0.00629593,0.520324,3.13181,3.0322,3.13763
5,0.52778,-0.00629668,0.520316,3.13181,3.03341,3.13762
5,0.528846,-0.00629743,0.520308,3.13181,3.03463,3.13761
5,0.529912,-0.00629818,0.5203,3.13181,3.03584,3.13759
5,0.530979,-0.00629893,0.520293,3.13181,3.03706,3.13758
5,0.532046,-0.00629969,0.520285,3.13182,3.03828,3.13757
5,0.533113,-0.00630044,0.520277,3.13182,3.0395,3.13756
5,0.53418,-0.0063012,0.52027,3.13182,3.04073,3.13755
5,0.535247,-0.00630196,0.520262,3.13182,3.04195,3.13753
5,0.536314,-0.00630272,0.520255,3.13182,3.04318,3.13752
5,0.537382,-0.00630348,0.520248,3.13182,3.04442,3.13751
5,0.53845,-0.00630424,0.52024,3.13182,3.04565,3.1375
5,0.539518,-0.006305,0.520233,3.13182,3.04689,3.13749
5,0.540586,-0.00630577,0.520226,3.13182,3.04813,3.13747
5,0.541654,-0.00630653,0.520219,3.13183,3.04937,3.13746
5,0.542723,-0.0063073,0.520212,3.13183,3.05062,3.13745
5,0.543791,-0.00630807,0.520205,3.13183,3.05187,3.13744
5,0.54486,-0.00630883,0.520199,3.13183,3.05312,3.13742
5,0.545929,-0.0063096,0.520192,3.13183,3.05438,3.13741
5,0.546998,-0.00631038,0.520185,3.13183,3.05563,3.1374
5,0.548067,-0.00631115,0.520179,3.13183,3.05689,3.13739
5,0.549137,-0.00631192,0.520172,3.13183,3.05816,3.13737
5,0.550207,-0.0063127,0.520166,3.13183,3.05942,3.13736
5,0.551276,-0.00631348,0.52016,3.13184,3.06069,3.13735
5,0.552346,-0.00631425,0.520154,3.13184,3.06196,3.13734
5,0.553417,-0.00631503,0.520147,3.13184,3.06324,3.13732
5,0.554487,-0.00631582,0.520141,3.13184,3.06452,3.13731
5,0.555558,-0.0063166,0.520136,3.13184,3.0658,3.1373
5,0.556629,-0.00631738,0.52013,3.13184,3.06708,3.13729
5,0.5577,-0.00631817,0.520124,3.13184,3.06837,3.13727
5,0.558771,-0.00631895,0.520118,3.13184,3.06966,3.13726
5,0.559842,-0.00631974,0.520113,3.13184,3.07095,3.13725
5,0.560914,-0.00632053,0.520107,3.13184,3.07225,3.13724
5,0.561986,-0.00632132,0.520102,3.13184,3.07355,3.13722
5,0.563058,-0.00632212,0.520096,3.13185,3.07485,3.13721
5,0.56413,-0.00632291,0.520091,3.13185,3.07616,3.1372
5,0.565203,-0.00632371,0.520086,3.13185,3.07747,3.13719
5,0.566275,-0.0063245,0.520081,3.13185,3.07878,3.13717
5,0.567348,-0.0063253,0.520076,3.13185,3.0801,3.13716
5,0.568421,-0.0063261,0.520071,3.13185,3.08142,3.13715
5,0.569495,-0.0063269,0.520066,3.13185,3.08274,3.13713
5,0.570568,-0.00632771,0.520062,3.13185,3.08407,3.13712
5,0.571642,-0.00632851,0.520057,3.13185,3.0854,3.13711
5,0.572716,-0.00632932,0.520053,3.13185,3.08674,3.13709
5,0.57379,-0.00633013,0.520048,3.13185,3.08808,3.13708
5,0.574865,-0.00633094,0.520044,3.13185,3.08942,3.13707
5,0.575939,-0.00633175,0.52004,3.13185,3.09076,3.13706
5,0.577014,-0.00633257,0.520036,3.13186,3.09211,3.13704
5,0.578089,-0.00633338,0.520032,3.13186,3.09347,3.13703
5,0.579165,-0.0063342,0.520028,3.13186,3.09483,3.13702
5,0.580241,-0.00633502,0.520024,3.13186,3.09619,3.137
5,0.581317,-0.00633584,0.52002,3.13186,3.09755,3.13699
5,0.582393,-0.00633667,0.520017,3.13186,3.09892,3.13698
5,0.583469,-0.00633749,0.520013,3.13186,3.1003,3.13696
5,0.584546,-0.00633832,0.52001,3.13186,3.10168,3.13695
5,0.585623,-0.00633915,0.520006,3.13186,3.10306,3.13694
5,0.5867,-0.00633998,0.520003,3.13186,3.10444,3.13692
5,0.587777,-0.00634081,0.52,3.13186,3.10584,3.13691
5,0.588855,-0.00634164,0.519997,3.13186,3.10723,3.13689
5,0.589933,-0.00634248,0.519994,3.13186,3.10863,3.13688
5,0.591012,-0.00634332,0.519992,3.13186,3.11003,3.13687
5,0.59209,-0.00634416,0.519989,3.13186,3.11144,3.13685
5,0.593169,-0.00634501,0.519986,3.13186,3.11286,3.13684
5,0.594248,-0.00634585,0.519984,3.13186,3.11428,3.13683
5,0.595328,-0.0063467,0.519982,3.13186,3.1157,3.13681
5,0.596407,-0.00634755,0.519979,3.13186,3.11713,3.1368
5,0.597487,-0.0063484,0.519977,3.13186,3.11856,3.13678
5,0.598568,-0.00634925,0.519975,3.13187,3.12,3.13677
5,0.599648,-0.00635011,0.519974,3.13187,3.12144,3.13676
5,0.600729,-0.00635097,0.519972,3.13187,3.12289,3.13674
5,0.601811,-0.00635183,0.51997,3.13187,3.12434,3.13673
5,0.602892,-0.00635269,0.519969,3.13187,3.1258,3.13671
5,0.603974,-0.00635356,0.519968,3.13187,3.12726,3.1367
5,0.605056,-0.00635443,0.519966,3.13187,3.12873,3.13669
5,0.606139,-0.0063553,0.519965,3.13187,3.1302,3.13667
5,0.607222,-0.00635617,0.519964,3.13187,3.13168,3.13666
5,0.608305,-0.00635705,0.519963,3.13187,3.13317,3.13664
5,0.609389,-0.00635793,0.519963,3.13187,3.13466,3.13663
5,0.610473,-0.00635881,0.519962,3.13187,3.13615,3.13661
5,0.611557,-0.00635969,0.519962,3.13187,3.13766,3.1366
5,0.612642,-0.00636058,0.519961,3.13187,3.13917,3.13658
5,0.613727,-0.00636147,0.519961,3.13187,3.14068,3.13657
5,0.614812,-0.00636236,0.519961,3.13187,-3.14098,3.13655
5,0.615898,-0.00636325,0.519961,3.13187,-3.13946,3.13654
5,0.616984,-0.00636415,0.519962,3.13187,-3.13792,3.13652
5,0.618071,-0.00636505,0.519962,3.13187,-3.13639,3.13651
5,0.619157,-0.00636596,0.519963,3.13187,-3.13484,3.13649
5,0.620245,-0.00636686,0.519963,3.13187,-3.13329,3.13648
5,0.621333,-0.00636777,0.519964,3.13187,-3.13173,3.13646
5,0.62123,-0.00555156,0.519388,3.13187,-3.1334,3.13648
5,0.621129,-0.00473519,0.518812,3.13187,-3.13506,3.13649
5,0.621029,-0.00391883,0.518237,3.13187,-3.13671,3.13651
5,0.620928,-0.00310247,0.517661,3.13187,-3.13837,3.13653
5,0.620828,-0.00228612,0.517086,3.13187,-3.14001,3.13654
5,0.620729,-0.00146976,0.516511,3.13187,3.14153,3.13656
5,0.620629,-0.000653411,0.515936,3.13187,3.13989,3.13657
5,0.62053,0.00016294,0.515361,3.13187,3.13826,3.13659
5,0.620431,0.000979289,0.514786,3.13187,3.13663,3.13661
5,0.620332,0.00179564,0.514212,3.13187,3.135,3.13662
5,0.620234,0.00261198,0.513638,3.13187,3.13338,3.13664
5,0.620136,0.00342832,0.513063,3.13187,3.13176,3.13665
5,0.620038,0.00424467,0.512489,3.13187,3.13015,3.13667
5,0.61994,0.00506101,0.511915,3.13187,3.12854,3.13669
5,0.619843,0.00587735,0.511342,3.13187,3.12694,3.1367
5,0.619746,0.00669368,0.510768,3.13187,3.12534,3.13672
5,0.619649,0.00751002,0.510195,3.13187,3.12374,3.13673
5,0.619553,0.00832635,0.509622,3.13187,3.12215,3.13675
5,0.619456,0.00914268,0.509048,3.13187,3.12056,3.13676
5,0.61936,0.00995901,0.508475,3.13186,3.11898,3.13678
5,0.619264,0.0107753,0.507903,3.13186,3.1174,3.13679
5,0.619169,0.0115917,0.50733,3.13186,3.11582,3.13681
5,0.619073,0.012408,0.506757,3.13186,3.11425,3.13682
5,0.618978,0.0132243,0.506185,3.13186,3.11268,3.13684
5,0.618883,0.0140406,0.505613,3.13186,3.11112,3.13686
5,0.618789,0.014857,0.505041,3.13186,3.10956,3.13687
5,0.618694,0.0156733,0.504469,3.13186,3.108,3.13689
5,0.6186,0.0164896,0.503897,3.13186,3.10645,3.1369
5,0.618506,0.0173059,0.503325,3.13186,3.1049,3.13692
5,0.618412,0.0181222,0.502754,3.13186,3.10336,3.13693
5,0.618319,0.0189385,0.502182,3.13186,3.10181,3.13695
5,0.618226,0.0197549,0.501611,3.13186,3.10028,3.13696
5,0.618132,0.0205712,0.50104,3.13186,3.09874,3.13698
5,0.61804,0.0213875,0.500469,3.13186,3.09721,3.13699
5,0.617947,0.0222038,0.499898,3.13186,3.09568,3.13701
5,0.617855,0.0230201,0.499327,3.13186,3.09416,3.13702
5,0.617762,0.0238364,0.498757,3.13186,3.09264,3.13704
5,0.617671,0.0246527,0.498186,3.13186,3.09112,3.13705
5,0.617579,0.025469,0.497616,3.13185,3.08961,3.13707
5,0.617487,0.0262853,0.497046,3.13185,3.0881,3.13708
5,0.617396,0.0271016,0.496476,3.13185,3.08659,3.13709
5,0.617305,0.0279179,0.495906,3.13185,3.08509,3.13711
5,0.617214,0.0287342,0.495336,3.13185,3.08359,3.13712
5,0.617123,0.0295505,0.494766,3.13185,3.08209,3.13714
5,0.617033,0.0303668,0.494196,3.13185,3.0806,3.13715
5,0.616942,0.0311831,0.493627,3.13185,3.07911,3.13717
5,0.616852,0.0319993,0.493058,3.13185,3.07762,3.13718
5,0.616762,0.0328156,0.492488,3.13185,3.07613,3.1372
5,0.616673,0.0336319,0.491919,3.13185,3.07465,3.13721
5,0.616583,0.0344482,0.49135,3.13184,3.07318,3.13723
5,0.616494,0.0352645,0.490781,3.13184,3.0717,3.13724
5,0.616405,0.0360808,0.490213,3.13184,3.07023,3.13725
5,0.616316,0.0368971,0.489644,3.13184,3.06876,3.13727
5,0.616227,0.0377133,0.489075,3.13184,3.0673,3.13728
5,0.616139,0.0385296,0.488507,3.13184,3.06583,3.1373
5,0.616051,0.0393459,0.487939,3.13184,3.06437,3.13731
5,0.615962,0.0401622,0.487371,3.13184,3.06292,3.13733
5,0.615874,0.0409785,0.486802,3.13184,3.06146,3.13734
5,0.615787,0.0417947,0.486235,3.13184,3.06001,3.13735
5,0.615699,0.042611,0.485667,3.13183,3.05857,3.13737
5,0.615612,0.0434273,0.485099,3.13183,3.05712,3.13738
5,0.615525,0.0442435,0.484531,3.13183,3.05568,3.1374
5,0.615438,0.0450598,0.483964,3.13183,3.05424,3.13741
5,0.615351,0.0458761,0.483396,3.13183,3.0528,3.13743
5,0.615264,0.0466924,0.482829,3.13183,3.05137,3.13744
5,0.615178,0.0475086,0.482262,3.13183,3.04994,3.13745
5,0.615091,0.0483249,0.481695,3.13183,3.04851,3.13747
5,0.615005,0.0491411,0.481128,3.13182,3.04709,3.13748
5,0.614919,0.0499574,0.480561,3.13182,3.04567,3.1375
5,0.614834,0.0507737,0.479994,3.13182,3.04425,3.13751
5,0.614748,0.0515899,0.479428,3.13182,3.04283,3.13752
5,0.614663,0.0524062,0.478861,3.13182,3.04141,3.13754
5,0.614577,0.0532224,0.478295,3.13182,3.04,3.13755
5,0.614492,0.0540387,0.477728,3.13182,3.03859,3.13756
5,0.614407,0.054855,0.477162,3.13181,3.03719,3.13758
5,0.614323,0.0556712,0.476596,3.13181,3.03578,3.13759
5,0.614238,0.0564875,0.47603,3.13181,3.03438,3.13761
5,0.614154,0.0573037,0.475464,3.13181,3.03298,3.13762
5,0.614069,0.05812,0.474898,3.13181,3.03159,3.13763
5,0.613985,0.0589362,0.474333,3.13181,3.03019,3.13765
5,0.613901,0.0597525,0.473767,3.13181,3.0288,3.13766
5,0.613818,0.0605687,0.473202,3.1318,3.02741,3.13768
5,0.613734,0.061385,0.472636,3.1318,3.02603,3.13769
5,0.613651,0.0622012,0.472071,3.1318,3.02464,3.1377
5,0.613567,0.0630175,0.471506,3.1318,3.02326,3.13772
5,0.613484,0.0638337,0.47094,3.1318,3.02188,3.13773
5,0.613401,0.0646499,0.470375,3.1318,3.02051,3.13774
5,0.613319,0.0654662,0.46981,3.13179,3.01913,3.13776
5,0.613236,0.0662824,0.469246,3.13179,3.01776,3.13777
5,0.613153,0.0670987,0.468681,3.13179,3.01639,3.13778
5,0.613071,0.0679149,0.468116,3.13179,3.01502,3.1378
5,0.612989,0.0687311,0.467552,3.13179,3.01366,3.13781
5,0.612907,0.0695474,0.466987,3.13179,3.0123,3.13782
5,0.612825,0.0703636,0.466423,3.13178,3.01093,3.13784
5,0.612743,0.0711799,0.465859,3.13178,3.00958,3.13785
5,0.612662,0.0719961,0.465294,3.13178,3.00822,3.13786
5,0.61258,0.0728123,0.46473,3.13178,3.00687,3.13788
5,0.612499,0.0736285,0.464166,3.13178,3.00552,3.13789
5,0.612418,0.0744448,0.463603,3.13178,3.00417,3.13791
5,0.612337,0.075261,0.463039,3.13177,3.00282,3.13792
5,0.612256,0.0760772,0.462475,3.13177,3.00147,3.13793
5,0.612175,0.0768935,0.461911,3.13177,3.00013,3.13795
5,0.612095,0.0777097,0.461348,3.13177,2.99879,3.13796
5,0.612015,0.0785259,0.460784,3.13177,2.99745,3.13797
5,0.611934,0.0793421,0.460221,3.13176,2.99612,3.13799
5,0.611854,0.0801584,0.459658,3.13176,2.99478,3.138
5,0.611774,0.0809746,0.459095,3.13176,2.99345,3.13801
5,0.611694,0.0817908,0.458532,3.13176,2.99212,3.13802
5,0.611615,0.082607,0.457969,3.13176,2.99079,3.13804
5,0.611535,0.0834233,0.457406,3.13176,2.98947,3.13805
5,0.611456,0.0842395,0.456843,3.13175,2.98814,3.13806
5,0.611376,0.0850557,0.45628,3.13175,2.98682,3.13808
5,0.611297,0.0858719,0.455717,3.13175,2.9855,3.13809
5,0.611218,0.0866881,0.455155,3.13175,2.98418,3.1381
5,0.611139,0.0875043,0.454592,3.13174,2.98287,3.13812
5,0.611061,0.0883206,0.45403,3.13174,2.98155,3.13813
5,0.610982,0.0891368,0.453468,3.13174,2.98024,3.13814
5,0.610904,0.089953,0.452905,3.13174,2.97893,3.13816
5,0.610825,0.0907692,0.452343,3.13174,2.97762,3.13817
5,0.610747,0.0915854,0.451781,3.13173,2.97632,3.13818
5,0.610669,0.0924016,0.451219,3.13173,2.97501,3.1382
5,0.610591,0.0932178,0.450657,3.13173,2.97371,3.13821
5,0.610513,0.094034,0.450095,3.13173,2.97241,3.13822
5,0.610435,0.0948503,0.449534,3.13173,2.97111,3.13823
5,0.610358,0.0956665,0.448972,3.13172,2.96981,3.13825
5,0.61028,0.0964827,0.44841,3.13172,2.96852,3.13826
5,0.610203,0.0972989,0.447849,3.13172,2.96722,3.13827
5,0.610126,0.0981151,0.447288,3.13172,2.96593,3.13829
5,0.610049,0.0989313,0.446726,3.13171,2.96464,3.1383
6,0.609626,0.0995364,0.566152,-3.1317,0.184039,3.13475
6,0.609626,0.0995364,0.566152,-3.1317,0.184039,3.13475
6,0.610619,0.0995373,0.56615,-3.1317,0.1841,3.13475
6,0.611613,0.0995374,0.56615,-3.1317,0.184163,3.13475
6,0.612607,0.0995374,0.566149,-3.1317,0.184226,3.13475
6,0.613601,0.0995374,0.566148,-3.1317,0.184291,3.13475
6,0.614595,0.0995375,0.566148,-3.1317,0.184356,3.13475
6,0.615588,0.0995375,0.566147,-3.1317,0.184423,3.13475
6,0.616582,0.0995375,0.566146,-3.1317,0.18449,3.13475
6,0.617576,0.0995376,0.566145,-3.1317,0.184559,3.13475
6,0.618569,0.0995376,0.566145,-3.1317,0.184628,3.13474
6,0.619563,0.0995376,0.566144,-3.1317,0.184699,3.13474
6,0.620556,0.0995377,0.566143,-3.1317,0.18477,3.13474
6,0.62155,0.0995377,0.566142,-3.1317,0.184842,3.13474
6,0.622543,0.0995378,0.566141,-3.1317,0.184916,3.13474
6,0.623536,0.0995378,0.56614,-3.1317,0.18499,3.13474
6,0.62453,0.0995378,0.56614,-3.1317,0.185066,3.13474
6,0.625523,0.0995379,0.566139,-3.1317,0.185142,3.13474
6,0.626516,0.0995379,0.566138,-3.1317,0.18522,3.13474
6,0.627509,0.0995379,0.566137,-3.1317,0.185298,3.13474
6,0.628502,0.099538,0.566136,-3.1317,0.185378,3.13474
6,0.629495,0.099538,0.566135,-3.1317,0.185458,3.13474
6,0.630488,0.0995381,0.566134,-3.1317,0.185539,3.13474
6,0.63148,0.0995381,0.566133,-3.1317,0.185622,3.13473
6,0.632473,0.0995382,0.566132,-3.1317,0.185705,3.13473
6,0.633466,0.0995382,0.566131,-3.1317,0.18579,3.13473
6,0.634458,0.0995382,0.56613,-3.1317,0.185875,3.13473
6,0.635451,0.0995383,0.56613,-3.1317,0.185962,3.13473
6,0.636443,0.0995383,0.566129,-3.1317,0.186049,3.13473
6,0.637436,0.0995384,0.566128,-3.1317,0.186137,3.13473
6,0.638428,0.0995384,0.566127,-3.1317,0.186227,3.13473
6,0.639421,0.0995385,0.566125,-3.1317,0.186317,3.13473
6,0.640413,0.0995385,0.566124,-3.1317,0.186409,3.13473
6,0.641405,0.0995386,0.566123,-3.1317,0.186501,3.13473
6,0.642397,0.0995386,0.566122,-3.1317,0.186595,3.13472
6,0.643389,0.0995387,0.566121,-3.1317,0.186689,3.13472
6,0.644381,0.0995387,0.56612,-3.1317,0.186785,3.13472
6,0.645373,0.0995388,0.566119,-3.1317,0.186881,3.13472
6,0.646365,0.0995388,0.566118,-3.1317,0.186979,3.13472
6,0.647357,0.0995389,0.566117,-3.1317,0.187077,3.13472
6,0.648349,0.0995389,0.566116,-3.1317,0.187177,3.13472
6,0.64934,0.099539,0.566115,-3.1317,0.187278,3.13472
6,0.650332,0.099539,0.566113,-3.1317,0.187379,3.13472
6,0.651324,0.0995391,0.566112,-3.1317,0.187482,3.13472
6,0.651321,0.100532,0.566169,-3.13169,0.18752,3.13472
6,0.651318,0.101524,0.566226,-3.13169,0.187558,3.13472
6,0.651316,0.102517,0.566283,-3.13169,0.187598,3.13471
6,0.651314,0.10351,0.56634,-3.13169,0.187638,3.13471
6,0.651311,0.104503,0.566397,-3.13169,0.187678,3.13471
6,0.651309,0.105495,0.566454,-3.13169,0.187719,3.13471
6,0.651306,0.106488,0.566511,-3.13169,0.18776,3.13471
6,0.651304,0.107481,0.566568,-3.13169,0.187802,3.13471
6,0.651301,0.108474,0.566625,-3.13169,0.187845,3.13471
6,0.651299,0.109466,0.566682,-3.13169,0.187888,3.13471
6,0.651296,0.110459,0.566739,-3.13169,0.187931,3.13471
6,0.651294,0.111452,0.566795,-3.13169,0.187976,3.13471
6,0.651291,0.112445,0.566852,-3.13169,0.18802,3.13471
6,0.651288,0.113437,0.566909,-3.13169,0.188066,3.13471
6,0.651286,0.11443,0.566966,-3.13169,0.188112,3.13471
6,0.651283,0.115423,0.567023,-3.13169,0.188158,3.13471
6,0.65128,0.116415,0.56708,-3.13169,0.188205,3.13471
6,0.651277,0.117408,0.567137,-3.13169,0.188253,3.13471
6,0.651275,0.118401,0.567194,-3.13169,0.188301,3.13471
6,0.651272,0.119394,0.56725,-3.13169,0.188349,3.13471
6,0.651269,0.120386,0.567307,-3.13169,0.188399,3.13471
6,0.651266,0.121379,0.567364,-3.13169,0.188448,3.13471
6,0.651263,0.122372,0.567421,-3.13169,0.188499,3.13471
6,0.65126,0.123365,0.567478,-3.13169,0.188549,3.13471
6,0.651257,0.124357,0.567535,-3.13169,0.188601,3.13471
6,0.651254,0.12535,0.567591,-3.13169,0.188653,3.1347
6,0.651251,0.126343,0.567648,-3.13169,0.188705,3.1347
6,0.651248,0.127336,0.567705,-3.13169,0.188758,3.1347
6,0.651244,0.128328,0.567762,-3.13169,0.188812,3.1347
6,0.651241,0.129321,0.567819,-3.13169,0.188866,3.1347
6,0.651238,0.130314,0.567875,-3.13169,0.188921,3.1347
6,0.651235,0.131307,0.567932,-3.13169,0.188976,3.1347
6,0.651231,0.132299,0.567989,-3.13169,0.189032,3.1347
6,0.651228,0.133292,0.568046,-3.13169,0.189088,3.1347
6,0.651225,0.134285,0.568102,-3.13169,0.189145,3.1347
6,0.651221,0.135277,0.568159,-3.13169,0.189202,3.1347
6,0.651218,0.13627,0.568216,-3.13169,0.18926,3.1347
6,0.651214,0.137263,0.568273,-3.13169,0.189319,3.1347
6,0.651211,0.138256,0.568329,-3.13169,0.189378,3.1347
6,0.651207,0.139248,0.568386,-3.13169,0.189437,3.1347
6,0.651204,0.140241,0.568443,-3.13169,0.189498,3.1347
6,0.6512,0.141234,0.5685,-3.13169,0.189558,3.1347
6,0.651197,0.142227,0.568556,-3.13169,0.18962,3.1347
6,0.651193,0.143219,0.568613,-3.13169,0.189681,3.13469
6,0.651189,0.144212,0.56867,-3.13169,0.189744,3.13469
6,0.651186,0.145205,0.568726,-3.13169,0.189806,3.13469
6,0.651182,0.146198,0.568783,-3.13169,0.18987,3.13469
6,0.651178,0.14719,0.56884,-3.13169,0.189934,3.13469
6,0.651174,0.148183,0.568896,-3.13169,0.189998,3.13469
6,0.65117,0.149176,0.568953,-3.13169,0.190063,3.13469
6,0.651166,0.150169,0.56901,-3.13169,0.190129,3.13469
6,0.651163,0.151161,0.569066,-3.13169,0.190195,3.13469
6,0.651159,0.152154,0.569123,-3.13169,0.190262,3.13469
6,0.651155,0.153147,0.56918,-3.13169,0.190329,3.13469
6,0.651151,0.15414,0.569236,-3.13169,0.190397,3.13469
6,0.651147,0.155132,0.569293,-3.13169,0.190465,3.13469
6,0.651143,0.156125,0.56935,-3.13169,0.190534,3.13469
6,0.651138,0.157118,0.569406,-3.13169,0.190603,3.13469
6,0.651134,0.158111,0.569463,-3.13169,0.190673,3.13469
6,0.65113,0.159103,0.569519,-3.13169,0.190744,3.13468
6,0.651126,0.160096,0.569576,-3.13169,0.190815,3.13468
6,0.651122,0.161089,0.569633,-3.13169,0.190887,3.13468
6,0.651117,0.162082,0.569689,-3.13169,0.190959,3.13468
6,0.651113,0.163074,0.569746,-3.13169,0.191031,3.13468
6,0.651109,0.164067,0.569802,-3.13169,0.191105,3.13468
6,0.651104,0.16506,0.569859,-3.13169,0.191178,3.13468
6,0.6511,0.166053,0.569915,-3.13169,0.191253,3.13468
7,0.620656,0.166269,0.554159,-3.12813,0.763766,3.12725
7,0.620656,0.166269,0.554159,-3.12813,0.763766,3.12725
7,0.619543,0.16627,0.554045,-3.12809,0.76645,3.1272
7,0.618432,0.166271,0.553932,-3.12806,0.769124,3.12715
7,0.617321,0.166271,0.553819,-3.12802,0.771792,3.1271
7,0.616212,0.166272,0.553707,-3.12799,0.774453,3.12704
7,0.615102,0.166273,0.553594,-3.12795,0.777108,3.12699
7,0.613994,0.166273,0.553481,-3.12792,0.779757,3.12694
7,0.612886,0.166274,0.553368,-3.12788,0.782399,3.12689
7,0.611778,0.166274,0.553255,-3.12784,0.785036,3.12684
7,0.610671,0.166275,0.553142,-3.12781,0.787667,3.12679
7,0.609565,0.166275,0.553029,-3.12777,0.790292,3.12674
7,0.608459,0.166276,0.552916,-3.12773,0.792911,3.12669
7,0.607353,0.166276,0.552802,-3.1277,0.795524,3.12664
7,0.606248,0.166277,0.552689,-3.12766,0.798133,3.12658
7,0.605144,0.166277,0.552576,-3.12762,0.800735,3.12653
7,0.60404,0.166278,0.552463,-3.12759,0.803333,3.12648
7,0.602937,0.166278,0.552349,-3.12755,0.805925,3.12643
7,0.601834,0.166279,0.552236,-3.12751,0.808512,3.12637
7,0.600732,0.166279,0.552122,-3.12747,0.811094,3.12632
7,0.59963,0.16628,0.552009,-3.12743,0.813671,3.12627
7,0.598529,0.16628,0.551895,-3.12739,0.816243,3.12622
7,0.597428,0.166281,0.551781,-3.12736,0.81881,3.12616
7,0.596328,0.166281,0.551668,-3.12732,0.821373,3.12611
7,0.595228,0.166282,0.551554,-3.12728,0.823931,3.12605
7,0.594129,0.166282,0.55144,-3.12724,0.826484,3.126
7,0.59303,0.166282,0.551326,-3.1272,0.829033,3.12595
7,0.591931,0.166283,0.551212,-3.12716,0.831577,3.12589
7,0.590834,0.166283,0.551098,-3.12712,0.834118,3.12584
7,0.589736,0.166284,0.550984,-3.12708,0.836653,3.12578
7,0.588639,0.166284,0.550869,-3.12704,0.839185,3.12573
7,0.587543,0.166285,0.550755,-3.12699,0.841713,3.12567
7,0.586446,0.166285,0.550641,-3.12695,0.844236,3.12562
7,0.585351,0.166285,0.550526,-3.12691,0.846756,3.12556
7,0.584256,0.166286,0.550412,-3.12687,0.849271,3.12551
7,0.583161,0.166286,0.550297,-3.12683,0.851783,3.12545
7,0.582067,0.166287,0.550182,-3.12678,0.854291,3.12539
7,0.580973,0.166287,0.550068,-3.12674,0.856795,3.12534
7,0.579879,0.166287,0.549953,-3.1267,0.859296,3.12528
7,0.578786,0.166288,0.549838,-3.12666,0.861793,3.12522
7,0.577694,0.166288,0.549723,-3.12661,0.864286,3.12517
7,0.576601,0.166289,0.549608,-3.12657,0.866776,3.12511
7,0.57551,0.166289,0.549493,-3.12652,0.869263,3.12505
7,0.574418,0.166289,0.549377,-3.12648,0.871746,3.12499
7,0.573327,0.16629,0.549262,-3.12643,0.874226,3.12493
7,0.572237,0.16629,0.549146,-3.12639,0.876703,3.12487
7,0.571147,0.16629,0.549031,-3.12634,0.879176,3.12482
7,0.570057,0.166291,0.548915,-3.1263,0.881647,3.12476
7,0.568968,0.166291,0.5488,-3.12625,0.884114,3.1247
7,0.567879,0.166291,0.548684,-3.12621,0.886579,3.12464
7,0.56679,0.166292,0.548568,-3.12616,0.88904,3.12458
7,0.565702,0.166292,0.548452,-3.12611,0.891499,3.12452
7,0.564615,0.166292,0.548336,-3.12607,0.893955,3.12446
7,0.563527,0.166293,0.548219,-3.12602,0.896407,3.12439
7,0.56244,0.166293,0.548103,-3.12597,0.898858,3.12433
7,0.561354,0.166293,0.547987,-3.12592,0.901305,3.12427
7,0.560268,0.166294,0.54787,-3.12587,0.90375,3.12421
7,0.559182,0.166294,0.547754,-3.12582,0.906192,3.12415
7,0.558097,0.166294,0.547637,-3.12577,0.908632,3.12409
7,0.557012,0.166295,0.54752,-3.12573,0.911069,3.12402
7,0.555927,0.166295,0.547403,-3.12568,0.913504,3.12396
7,0.554843,0.166295,0.547286,-3.12562,0.915937,3.1239
7,0.553759,0.166295,0.547169,-3.12557,0.918367,3.12383
7,0.552675,0.166296,0.547052,-3.12552,0.920795,3.12377
7,0.551592,0.166296,0.546934,-3.12547,0.92322,3.1237
7,0.550509,0.166296,0.546817,-3.12542,0.925644,3.12364
7,0.549427,0.166296,0.546699,-3.12537,0.928065,3.12357
7,0.548345,0.166297,0.546582,-3.12531,0.930484,3.12351
7,0.547263,0.166297,0.546464,-3.12526,0.932901,3.12344
7,0.546182,0.166297,0.546346,-3.12521,0.935316,3.12337
7,0.545101,0.166297,0.546228,-3.12515,0.937729,3.12331
7,0.54402,0.166298,0.54611,-3.1251,0.94014,3.12324
7,0.54294,0.166298,0.545992,-3.12505,0.942549,3.12317
7,0.54186,0.166298,0.545873,-3.12499,0.944956,3.1231
7,0.54078,0.166298,0.545755,-3.12493,0.947362,3.12304
7,0.539701,0.166299,0.545636,-3.12488,0.949765,3.12297
7,0.538622,0.166299,0.545518,-3.12482,0.952167,3.1229
7,0.537544,0.166299,0.545399,-3.12477,0.954567,3.12283
7,0.536466,0.166299,0.54528,-3.12471,0.956966,3.12276
7,0.535388,0.1663,0.545161,-3.12465,0.959363,3.12269
7,0.53431,0.1663,0.545042,-3.12459,0.961758,3.12262
7,0.533233,0.1663,0.544922,-3.12453,0.964152,3.12255
7,0.532156,0.1663,0.544803,-3.12448,0.966545,3.12247
7,0.53108,0.1663,0.544683,-3.12442,0.968935,3.1224
7,0.530003,0.166301,0.544564,-3.12436,0.971325,3.12233
7,0.528928,0.166301,0.544444,-3.1243,0.973713,3.12226
7,0.527852,0.166301,0.544324,-3.12423,0.9761,3.12218
7,0.526777,0.166301,0.544204,-3.12417,0.978485,3.12211
7,0.525702,0.166301,0.544084,-3.12411,0.980869,3.12203
7,0.524628,0.166302,0.543963,-3.12405,0.983252,3.12196
7,0.523553,0.166302,0.543843,-3.12399,0.985634,3.12188
7,0.52248,0.166302,0.543722,-3.12392,0.988014,3.12181
7,0.521406,0.166302,0.543602,-3.12386,0.990394,3.12173
7,0.520333,0.166302,0.543481,-3.12379,0.992772,3.12165
7,0.51926,0.166302,0.54336,-3.12373,0.995149,3.12157
7,0.518187,0.166302,0.543239,-3.12366,0.997525,3.1215
7,0.517115,0.166303,0.543118,-3.1236,0.9999,3.12142
7,0.516043,0.166303,0.542996,-3.12353,1.00227,3.12134
7,0.514972,0.166303,0.542875,-3.12346,1.00465,3.12126
7,0.5139,0.166303,0.542753,-3.12339,1.00702,3.12118
7,0.512829,0.166303,0.542631,-3.12333,1.00939,3.1211
7,0.511759,0.166303,0.542509,-3.12326,1.01176,3.12101
7,0.510688,0.166303,0.542387,-3.12319,1.01413,3.12093
7,0.509618,0.166304,0.542265,-3.12312,1.0165,3.12085
7,0.508548,0.166304,0.542143,-3.12304,1.01887,3.12077
7,0.507479,0.166304,0.54202,-3.12297,1.02124,3.12068
7,0.50641,0.166304,0.541898,-3.1229,1.0236,3.1206
7,0.505341,0.166304,0.541775,-3.12283,1.02597,3.12051
7,0.504273,0.166304,0.541652,-3.12275,1.02834,3.12043
7,0.503205,0.166304,0.541529,-3.12268,1.0307,3.12034
7,0.502137,0.166304,0.541406,-3.1226,1.03307,3.12025
7,0.501069,0.166304,0.541282,-3.12253,1.03543,3.12016
7,0.500002,0.166305,0.541159,-3.12245,1.03779,3.12008
7,0.498935,0.166305,0.541035,-3.12238,1.04016,3.11999
7,0.497868,0.166305,0.540911,-3.1223,1.04252,3.1199
7,0.496802,0.166305,0.540787,-3.12222,1.04488,3.11981
7,0.495736,0.166305,0.540663,-3.12214,1.04724,3.11971
7,0.49467,0.166305,0.540539,-3.12206,1.0496,3.11962
7,0.493605,0.166305,0.540414,-3.12198,1.05197,3.11953
7,0.49254,0.166305,0.54029,-3.1219,1.05433,3.11943
7,0.491475,0.166305,0.540165,-3.12182,1.05669,3.11934
7,0.49041,0.166305,0.54004,-3.12173,1.05905,3.11924
7,0.489346,0.166305,0.539915,-3.12165,1.06141,3.11915
7,0.488282,0.166305,0.53979,-3.12156,1.06377,3.11905
7,0.487219,0.166305,0.539665,-3.12148,1.06613,3.11895
7,0.486155,0.166305,0.539539,-3.12139,1.06849,3.11886
7,0.485092,0.166305,0.539414,-3.12131,1.07085,3.11876
7,0.48403,0.166305,0.539288,-3.12122,1.07321,3.11866
7,0.482967,0.166305,0.539162,-3.12113,1.07557,3.11855
7,0.481905,0.166305,0.539036,-3.12104,1.07793,3.11845
7,0.480843,0.166306,0.538909,-3.12095,1.08029,3.11835
7,0.479782,0.166306,0.538783,-3.12086,1.08265,3.11825
7,0.478721,0.166306,0.538656,-3.12076,1.08501,3.11814
7,0.47766,0.166306,0.538529,-3.12067,1.08737,3.11804
7,0.476599,0.166306,0.538402,-3.12058,1.08973,3.11793
7,0.475539,0.166306,0.538275,-3.12048,1.09209,3.11782
7,0.474479,0.166306,0.538148,-3.12038,1.09445,3.11771
7,0.473419,0.166306,0.538021,-3.12029,1.09681,3.1176
7,0.472359,0.166306,0.537893,-3.12019,1.09917,3.11749
7,0.4713,0.166306,0.537765,-3.12009,1.10153,3.11738
7,0.470241,0.166306,0.537637,-3.11999,1.10389,3.11727
7,0.469183,0.166306,0.537509,-3.11988,1.10625,3.11715
7,0.468124,0.166305,0.537381,-3.11978,1.10862,3.11704
7,0.467067,0.166305,0.537252,-3.11968,1.11098,3.11692
7,0.466009,0.166305,0.537124,-3.11957,1.11334,3.1168
7,0.464951,0.166305,0.536995,-3.11947,1.1157,3.11669
7,0.463894,0.166305,0.536866,-3.11936,1.11807,3.11657
7,0.462837,0.166305,0.536737,-3.11925,1.12043,3.11645
7,0.461781,0.166305,0.536607,-3.11914,1.1228,3.11632
7,0.460725,0.166305,0.536478,-3.11903,1.12516,3.1162
7,0.459669,0.166305,0.536348,-3.11892,1.12753,3.11608
7,0.458613,0.166305,0.536218,-3.1188,1.12989,3.11595
7,0.457558,0.166305,0.536088,-3.11869,1.13226,3.11582
7,0.456503,0.166305,0.535958,-3.11857,1.13463,3.1157
7,0.455448,0.166305,0.535828,-3.11845,1.137,3.11557
7,0.454393,0.166305,0.535697,-3.11834,1.13937,3.11543
7,0.453339,0.166305,0.535566,-3.11821,1.14174,3.1153
7,0.452285,0.166305,0.535435,-3.11809,1.14411,3.11517
7,0.451232,0.166305,0.535304,-3.11797,1.14648,3.11503
7,0.450178,0.166305,0.535173,-3.11785,1.14885,3.1149
7,0.449125,0.166304,0.535041,-3.11772,1.15122,3.11476
7,0.448073,0.166304,0.53491,-3.11759,1.1536,3.11462
7,0.44702,0.166304,0.534778,-3.11746,1.15597,3.11448
7,0.445968,0.166304,0.534646,-3.11733,1.15835,3.11433
7,0.444916,0.166304,0.534513,-3.1172,1.16072,3.11419
7,0.443865,0.166304,0.534381,-3.11706,1.1631,3.11404
7,0.442813,0.166304,0.534248,-3.11693,1.16548,3.11389
7,0.442818,0.165408,0.533836,-3.11694,1.16526,3.11391
7,0.442823,0.164512,0.533425,-3.11695,1.16504,3.11392
7,0.442828,0.163616,0.533013,-3.11697,1.16481,3.11394
7,0.442834,0.16272,0.532602,-3.11698,1.16459,3.11395
7,0.442839,0.161824,0.532191,-3.11699,1.16436,3.11396
7,0.442845,0.160928,0.531779,-3.117,1.16413,3.11398
7,0.44285,0.160032,0.531368,-3.11702,1.1639,3.11399
7,0.442856,0.159136,0.530957,-3.11703,1.16367,3.11401
7,0.442861,0.15824,0.530546,-3.11704,1.16343,3.11402
7,0.442867,0.157344,0.530135,-3.11706,1.1632,3.11404
7,0.442873,0.156448,0.529724,-3.11707,1.16296,3.11405
7,0.442879,0.155552,0.529314,-3.11708,1.16272,3.11407
7,0.442884,0.154656,0.528903,-3.1171,1.16248,3.11408
7,0.44289,0.15376,0.528492,-3.11711,1.16224,3.1141
7,0.442896,0.152864,0.528082,-3.11713,1.162,3.11411
7,0.442902,0.151968,0.527672,-3.11714,1.16175,3.11413
7,0.442908,0.151072,0.527261,-3.11715,1.16151,3.11414
7,0.442914,0.150177,0.526851,-3.11717,1.16126,3.11416
7,0.44292,0.149281,0.526441,-3.11718,1.16101,3.11417
7,0.442926,0.148385,0.526031,-3.1172,1.16076,3.11419
7,0.442932,0.147489,0.525621,-3.11721,1.16051,3.1142
7,0.442938,0.146593,0.525211,-3.11722,1.16025,3.11422
7,0.442945,0.145697,0.524801,-3.11724,1.16,3.11423
7,0.442951,0.144801,0.524392,-3.11725,1.15974,3.11425
7,0.442957,0.143905,0.523982,-3.11727,1.15948,3.11427
7,0.442964,0.143009,0.523573,-3.11728,1.15922,3.11428
7,0.44297,0.142113,0.523163,-3.1173,1.15895,3.1143
7,0.442976,0.141217,0.522754,-3.11731,1.15869,3.11431
7,0.442983,0.140321,0.522345,-3.11733,1.15842,3.11433
7,0.442989,0.139425,0.521936,-3.11734,1.15815,3.11435
7,0.442996,0.138529,0.521527,-3.11736,1.15788,3.11436
7,0.443003,0.137633,0.521118,-3.11737,1.15761,3.11438
7,0.443009,0.136737,0.520709,-3.11739,1.15734,3.1144
7,0.443016,0.135841,0.5203,-3.1174,1.15707,3.11441
7,0.443019,0.134945,0.51988,-3.11741,1.157,3.11442
7,0.44302,0.134049,0.519458,-3.11741,1.15695,3.11442
7,0.443021,0.133153,0.519038,-3.11741,1.15689,3.11442
7,0.443023,0.132257,0.518618,-3.11742,1.15682,3.11443
7,0.443025,0.131361,0.518198,-3.11742,1.15675,3.11443
7,0.443027,0.130465,0.517778,-3.11743,1.15667,3.11444
7,0.443029,0.129569,0.517359,-3.11743,1.15658,3.11444
7,0.443031,0.128673,0.51694,-3.11744,1.15649,3.11445
7,0.443034,0.127777,0.516522,-3.11744,1.15639,3.11445
7,0.443036,0.126881,0.516104,-3.11745,1.15628,3.11446
7,0.443039,0.125986,0.515686,-3.11745,1.15617,3.11447
7,0.443042,0.12509,0.515269,-3.11746,1.15605,3.11448
7,0.443045,0.124194,0.514852,-3.11747,1.15592,3.11448
7,0.443049,0.123298,0.514436,-3.11747,1.15578,3.11449
7,0.443052,0.122402,0.51402,-3.11748,1.15564,3.1145
7,0.443056,0.121506,0.513604,-3.11749,1.15549,3.11451
7,0.44306,0.12061,0.513188,-3.1175,1.15533,3.11452
7,0.443064,0.119714,0.512773,-3.11751,1.15517,3.11453
7,0.443068,0.118818,0.512359,-3.11752,1.155,3.11454
7,0.443072,0.117922,0.511945,-3.11753,1.15482,3.11455
7,0.443077,0.117026,0.511531,-3.11754,1.15464,3.11456
7,0.443081,0.11613,0.511118,-3.11755,1.15445,3.11457
7,0.443086,0.115234,0.510705,-3.11756,1.15425,3.11458
7,0.443091,0.114338,0.510292,-3.11757,1.15404,3.11459
7,0.443096,0.113442,0.50988,-3.11758,1.15383,3.11461
7,0.443102,0.112546,0.509468,-3.11759,1.15361,3.11462
7,0.443107,0.11165,0.509056,-3.11761,1.15339,3.11464
7,0.443113,0.110754,0.508645,-3.11762,1.15315,3.11465
8,0.464947,0.110164,0.433514,-0.0116833,0.587571,0.00144638
8,0.464947,0.110164,0.433514,-0.0116833,0.587571,0.00144638
8,0.464947,0.110164,0.433514,-0.0116833,0.587571,0.00144638
8,0.464947,0.110164,0.433514,-0.0116833,0.587571,0.00144638
