1,2.65544,-0.532054,-2.93215,-0.346563,1.68283,1.86564,0.691535
1,2.65544,-0.532054,-2.93215,-0.346563,1.68283,1.86564,0.691535
1,2.65763,-0.53705,-2.93215,-0.338182,1.68203,1.86461,0.694844
1,2.65984,-0.542155,-2.93215,-0.329578,1.68125,1.86357,0.698271
1,2.66208,-0.547376,-2.93215,-0.320733,1.68047,1.86253,0.701823
1,2.66436,-0.552723,-2.93215,-0.311627,1.6797,1.86148,0.705513
1,2.66669,-0.558209,-2.93215,-0.302236,1.67893,1.86042,0.709351
1,2.66905,-0.563847,-2.93215,-0.292533,1.67817,1.85936,0.713352
1,2.67147,-0.569652,-2.93215,-0.282485,1.67742,1.85829,0.717532
1,2.67394,-0.575642,-2.93215,-0.272055,1.67668,1.85721,0.721912
1,2.67648,-0.581841,-2.93215,-0.261197,1.67595,1.85611,0.726515
1,2.67908,-0.588276,-2.93215,-0.249854,1.67523,1.855,0.731369
1,2.68177,-0.59498,-2.93215,-0.237959,1.67452,1.85387,0.73651
1,2.68455,-0.601996,-2.93215,-0.225422,1.67383,1.85272,0.741984
1,2.68745,-0.60938,-2.93215,-0.212132,1.67315,1.85155,0.747848
1,2.69049,-0.617206,-2.93215,-0.197935,1.67248,1.85033,0.754182
1,2.6937,-0.625577,-2.93215,-0.182621,1.67184,1.84908,0.761094
1,2.69712,-0.634644,-2.93215,-0.165881,1.67123,1.84776,0.768743
1,2.69576,-0.625927,-2.93215,-0.183864,1.66984,1.84787,0.75905
1,2.69465,-0.618006,-2.93215,-0.200219,1.6685,1.84788,0.750198
1,2.69375,-0.610698,-2.93215,-0.215323,1.66718,1.84781,0.741993
1,2.69301,-0.603883,-2.93215,-0.229422,1.66589,1.84767,0.734308
1,2.6924,-0.597475,-2.93215,-0.242691,1.66463,1.84748,0.727053
1,2.69191,-0.591411,-2.93215,-0.25526,1.66339,1.84723,0.720159
1,2.69152,-0.585642,-2.93215,-0.267227,1.66216,1.84695,0.713578
1,2.69121,-0.580131,-2.93215,-0.27867,1.66095,1.84662,0.707268
1,2.69098,-0.574847,-2.93215,-0.289651,1.65976,1.84626,0.701197
1,2.69082,-0.569765,-2.93215,-0.30022,1.65858,1.84587,0.695339
1,2.69072,-0.564866,-2.93215,-0.310419,1.65742,1.84544,0.689673
1,2.69067,-0.560131,-2.93215,-0.320285,1.65626,1.845,0.684181
1,2.69068,-0.555546,-2.93215,-0.329846,1.65512,1.84452,0.678846
1,2.69073,-0.551098,-2.93215,-0.339129,1.65399,1.84402,0.673656
1,2.69082,-0.546777,-2.93215,-0.348156,1.65287,1.84351,0.668598
1,2.69096,-0.542574,-2.93215,-0.356945,1.65176,1.84297,0.663664
1,2.69113,-0.538479,-2.93215,-0.365515,1.65065,1.84241,0.658844
1,2.69134,-0.534485,-2.93215,-0.37388,1.64956,1.84183,0.654131
1,2.69158,-0.530587,-2.93215,-0.382054,1.64848,1.84123,0.649517
1,2.69186,-0.526777,-2.93215,-0.390048,1.6474,1.84062,0.644996
1,2.69216,-0.523052,-2.93215,-0.397874,1.64633,1.83999,0.640562
1,2.69249,-0.519405,-2.93215,-0.405541,1.64527,1.83934,0.636212
1,2.69285,-0.515833,-2.93215,-0.413058,1.64422,1.83868,0.631939
1,2.69323,-0.512331,-2.93215,-0.420433,1.64318,1.83801,0.627741
1,2.69363,-0.508897,-2.93215,-0.427673,1.64214,1.83732,0.623612
1,2.69406,-0.505527,-2.93215,-0.434785,1.64111,1.83662,0.619551
1,2.69451,-0.502218,-2.93215,-0.441776,1.64008,1.8359,0.615552
1,2.69498,-0.498967,-2.93215,-0.44865,1.63907,1.83517,0.611615
1,2.69548,-0.495772,-2.93215,-0.455414,1.63806,1.83443,0.607735
1,2.69599,-0.49263,-2.93215,-0.462071,1.63705,1.83368,0.60391
1,2.69652,-0.489539,-2.93215,-0.468627,1.63605,1.83291,0.600138
1,2.69706,-0.486497,-2.93215,-0.475086,1.63506,1.83214,0.596418
1,2.69763,-0.483502,-2.93215,-0.48145,1.63408,1.83135,0.592746
1,2.69821,-0.480553,-2.93215,-0.487726,1.6331,1.83055,0.58912
1,2.69881,-0.477647,-2.93215,-0.493914,1.63212,1.82974,0.58554
1,2.69942,-0.474784,-2.93215,-0.500019,1.63115,1.82893,0.582004
1,2.70005,-0.471961,-2.93215,-0.506045,1.63019,1.8281,0.578509
1,2.70069,-0.469177,-2.93215,-0.511992,1.62923,1.82726,0.575055
1,2.70135,-0.466432,-2.93215,-0.517865,1.62828,1.82641,0.57164
1,2.70202,-0.463723,-2.93215,-0.523665,1.62733,1.82555,0.568263
1,2.70271,-0.46105,-2.93215,-0.529396,1.62639,1.82468,0.564922
1,2.70341,-0.458412,-2.93215,-0.535058,1.62546,1.82381,0.561617
1,2.70412,-0.455807,-2.93215,-0.540655,1.62453,1.82292,0.558346
1,2.70484,-0.453235,-2.93215,-0.546189,1.6236,1.82203,0.555109
1,2.70558,-0.450695,-2.93215,-0.55166,1.62268,1.82112,0.551903
1,2.70633,-0.448186,-2.93215,-0.557072,1.62176,1.82021,0.548729
1,2.70709,-0.445706,-2.93215,-0.562425,1.62085,1.81929,0.545586
1,2.70786,-0.443256,-2.93215,-0.567722,1.61995,1.81836,0.542472
1,2.70864,-0.440834,-2.93215,-0.572963,1.61905,1.81743,0.539387
1,2.70943,-0.43844,-2.93215,-0.578151,1.61815,1.81648,0.53633
1,2.71024,-0.436073,-2.93215,-0.583287,1.61726,1.81553,0.5333
1,2.71105,-0.433732,-2.93215,-0.588372,1.61637,1.81457,0.530297
1,2.71187,-0.431417,-2.93215,-0.593408,1.61549,1.8136,0.52732
1,2.71271,-0.429128,-2.93215,-0.598395,1.61461,1.81263,0.524368
1,2.71355,-0.426862,-2.93215,-0.603334,1.61374,1.81164,0.521441
1,2.71441,-0.424621,-2.93215,-0.608228,1.61287,1.81065,0.518537
1,2.71527,-0.422404,-2.93215,-0.613077,1.61201,1.80966,0.515657
1,2.71614,-0.42021,-2.93215,-0.617882,1.61115,1.80865,0.512801
1,2.71702,-0.418038,-2.93215,-0.622644,1.61029,1.80764,0.509966
1,2.71791,-0.415888,-2.93215,-0.627364,1.60944,1.80662,0.507154
1,2.71881,-0.41376,-2.93215,-0.632044,1.60859,1.8056,0.504363
1,2.71972,-0.411653,-2.93215,-0.636683,1.60775,1.80456,0.501593
1,2.72064,-0.409567,-2.93215,-0.641282,1.60691,1.80352,0.498843
1,2.72156,-0.407502,-2.93215,-0.645843,1.60608,1.80248,0.496114
1,2.72249,-0.405456,-2.93215,-0.650367,1.60525,1.80143,0.493404
1,2.72343,-0.403431,-2.93215,-0.654853,1.60443,1.80037,0.490714
1,2.72438,-0.401424,-2.93215,-0.659304,1.60361,1.7993,0.488042
1,2.72534,-0.399437,-2.93215,-0.663718,1.60279,1.79823,0.485389
1,2.72631,-0.397468,-2.93215,-0.668098,1.60198,1.79715,0.482754
1,2.72728,-0.395518,-2.93215,-0.672444,1.60117,1.79607,0.480137
1,2.72826,-0.393585,-2.93215,-0.676757,1.60036,1.79497,0.477537
1,2.72924,-0.39167,-2.93215,-0.681036,1.59956,1.79388,0.474955
1,2.73024,-0.389773,-2.93215,-0.685283,1.59876,1.79277,0.472389
1,2.73124,-0.387893,-2.93215,-0.689499,1.59797,1.79166,0.46984
1,2.73225,-0.38603,-2.93215,-0.693683,1.59718,1.79055,0.467307
1,2.73327,-0.384184,-2.93215,-0.697837,1.5964,1.78943,0.464789
1,2.73429,-0.382354,-2.93215,-0.701961,1.59562,1.7883,0.462288
1,2.73532,-0.38054,-2.93215,-0.706055,1.59484,1.78717,0.459802
1,2.73636,-0.378742,-2.93215,-0.71012,1.59407,1.78603,0.457331
1,2.7374,-0.376959,-2.93215,-0.714156,1.5933,1.78488,0.454874
1,2.73845,-0.375193,-2.93215,-0.718164,1.59253,1.78373,0.452433
1,2.73951,-0.373433,-2.93215,-0.722158,1.59177,1.78258,0.449999
1,2.74057,-0.371697,-2.93215,-0.726111,1.59102,1.78142,0.447585
1,2.74163,-0.369976,-2.93215,-0.730038,1.59026,1.78025,0.445186
1,2.7427,-0.368269,-2.93214,-0.733937,1.5895,1.77908,0.442801
1,2.74378,-0.366577,-2.93213,-0.737811,1.58875,1.7779,0.440429
1,2.74485,-0.3649,-2.9321,-0.741659,1.588,1.77671,0.43807
1,2.74593,-0.363237,-2.93208,-0.745482,1.58725,1.77552,0.435724
1,2.74702,-0.361588,-2.93205,-0.74928,1.58649,1.77432,0.433391
1,2.7481,-0.359953,-2.93201,-0.753054,1.58575,1.77311,0.43107
1,2.74919,-0.358332,-2.93197,-0.756803,1.585,1.7719,0.428762
1,2.75028,-0.356725,-2.93192,-0.760528,1.58425,1.77068,0.426467
1,2.75137,-0.355131,-2.93187,-0.76423,1.58351,1.76945,0.424183
1,2.75247,-0.35355,-2.93181,-0.767909,1.58276,1.76822,0.421911
1,2.75357,-0.351982,-2.93174,-0.771565,1.58202,1.76698,0.419651
1,2.75467,-0.350428,-2.93168,-0.775199,1.58128,1.76574,0.417402
1,2.75577,-0.348887,-2.9316,-0.77881,1.58054,1.76449,0.415165
1,2.75688,-0.347358,-2.93152,-0.782399,1.5798,1.76324,0.412939
1,2.75799,-0.345842,-2.93144,-0.785966,1.57906,1.76197,0.410725
1,2.7591,-0.344338,-2.93135,-0.789512,1.57833,1.76071,0.408521
1,2.76021,-0.342847,-2.93125,-0.793037,1.5776,1.75943,0.406328
1,2.76133,-0.341368,-2.93115,-0.796541,1.57686,1.75816,0.404145
1,2.76244,-0.339901,-2.93105,-0.800025,1.57614,1.75687,0.401974
1,2.76356,-0.338446,-2.93094,-0.803488,1.57541,1.75558,0.399812
1,2.76468,-0.337003,-2.93083,-0.806931,1.57468,1.75428,0.397661
1,2.7658,-0.335571,-2.93071,-0.810354,1.57396,1.75298,0.39552
1,2.76693,-0.334152,-2.93058,-0.813757,1.57323,1.75168,0.393388
1,2.76805,-0.332744,-2.93046,-0.817141,1.57251,1.75036,0.391267
1,2.76918,-0.331347,-2.93032,-0.820506,1.5718,1.74904,0.389155
1,2.77031,-0.329962,-2.93018,-0.823852,1.57108,1.74772,0.387053
1,2.77144,-0.328588,-2.93004,-0.827179,1.57036,1.74639,0.384961
1,2.77257,-0.327225,-2.92989,-0.830487,1.56965,1.74506,0.382877
1,2.7737,-0.325873,-2.92974,-0.833777,1.56894,1.74372,0.380803
1,2.77484,-0.324532,-2.92959,-0.837049,1.56823,1.74237,0.378739
1,2.77598,-0.323202,-2.92942,-0.840303,1.56753,1.74102,0.376683
1,2.77711,-0.321882,-2.92926,-0.843539,1.56682,1.73967,0.374636
1,2.77825,-0.320574,-2.92909,-0.846758,1.56612,1.7383,0.372598
1,2.77939,-0.319276,-2.92891,-0.849959,1.56542,1.73694,0.370568
1,2.78053,-0.317988,-2.92873,-0.853143,1.56472,1.73557,0.368547
1,2.78168,-0.316711,-2.92855,-0.85631,1.56403,1.73419,0.366535
1,2.78282,-0.315444,-2.92836,-0.85946,1.56333,1.73281,0.364531
1,2.78397,-0.314188,-2.92817,-0.862594,1.56264,1.73142,0.362536
1,2.78511,-0.312941,-2.92797,-0.865711,1.56196,1.73003,0.360548
1,2.78626,-0.311705,-2.92777,-0.868811,1.56127,1.72864,0.358569
1,2.78741,-0.310479,-2.92757,-0.871895,1.56059,1.72724,0.356598
1,2.78856,-0.309263,-2.92736,-0.874963,1.5599,1.72583,0.354635
1,2.78971,-0.308056,-2.92715,-0.878016,1.55923,1.72442,0.352679
1,2.79086,-0.30686,-2.92693,-0.881052,1.55855,1.723,0.350732
1,2.79201,-0.305673,-2.92671,-0.884073,1.55788,1.72158,0.348792
1,2.79316,-0.304496,-2.92648,-0.887079,1.5572,1.72016,0.346859
1,2.79432,-0.303329,-2.92625,-0.890069,1.55653,1.71873,0.344934
1,2.79547,-0.302171,-2.92602,-0.893044,1.55587,1.71729,0.343017
1,2.79663,-0.301023,-2.92578,-0.896003,1.5552,1.71585,0.341107
1,2.79778,-0.299884,-2.92553,-0.898948,1.55454,1.71441,0.339204
1,2.79894,-0.298754,-2.92529,-0.901879,1.55388,1.71296,0.337308
1,2.8001,-0.297634,-2.92504,-0.904794,1.55323,1.71151,0.33542
1,2.80126,-0.296523,-2.92478,-0.907695,1.55257,1.71005,0.333538
1,2.80242,-0.295421,-2.92453,-0.910581,1.55192,1.70859,0.331664
1,2.80358,-0.294328,-2.92427,-0.913454,1.55127,1.70712,0.329796
1,2.80474,-0.293245,-2.924,-0.916312,1.55063,1.70565,0.327935
1,2.8059,-0.29217,-2.92373,-0.919156,1.54999,1.70418,0.326081
1,2.80706,-0.291105,-2.92346,-0.921986,1.54935,1.7027,0.324234
1,2.80823,-0.290048,-2.92318,-0.924802,1.54871,1.70122,0.322393
1,2.80939,-0.289001,-2.9229,-0.927604,1.54807,1.69973,0.320559
1,2.81055,-0.287962,-2.92262,-0.930393,1.54744,1.69824,0.318731
1,2.81172,-0.286932,-2.92233,-0.933168,1.54681,1.69674,0.31691
1,2.81288,-0.28591,-2.92204,-0.93593,1.54619,1.69524,0.315095
1,2.81405,-0.284898,-2.92174,-0.938679,1.54556,1.69373,0.313286
1,2.81521,-0.283894,-2.92144,-0.941414,1.54494,1.69223,0.311484
1,2.81638,-0.282898,-2.92114,-0.944137,1.54432,1.69071,0.309687
1,2.81755,-0.281911,-2.92084,-0.946846,1.54371,1.6892,0.307897
1,2.81872,-0.280933,-2.92053,-0.949542,1.54309,1.68768,0.306113
1,2.81988,-0.279963,-2.92022,-0.952226,1.54248,1.68615,0.304335
1,2.82105,-0.279002,-2.9199,-0.954897,1.54188,1.68462,0.302562
1,2.82222,-0.278049,-2.91958,-0.957555,1.54127,1.68309,0.300796
1,2.82339,-0.277104,-2.91926,-0.960201,1.54067,1.68155,0.299035
1,2.82456,-0.276167,-2.91893,-0.962834,1.54007,1.68001,0.29728
1,2.82573,-0.275239,-2.9186,-0.965455,1.53948,1.67847,0.295531
1,2.8269,-0.274319,-2.91827,-0.968063,1.53889,1.67692,0.293788
1,2.82807,-0.273408,-2.91793,-0.97066,1.5383,1.67537,0.292049
1,2.82925,-0.272504,-2.91759,-0.973244,1.53771,1.67381,0.290317
1,2.83042,-0.271609,-2.91725,-0.975816,1.53713,1.67225,0.28859
1,2.83159,-0.270721,-2.91691,-0.978376,1.53655,1.67069,0.286868
1,2.83276,-0.269842,-2.91656,-0.980925,1.53597,1.66912,0.285152
1,2.83393,-0.26897,-2.91621,-0.983461,1.53539,1.66755,0.283441
1,2.83511,-0.268107,-2.91585,-0.985986,1.53482,1.66597,0.281735
1,2.83628,-0.267251,-2.91549,-0.9885,1.53425,1.6644,0.280035
1,2.83746,-0.266404,-2.91513,-0.991001,1.53369,1.66282,0.278339
1,2.83863,-0.265564,-2.91477,-0.993491,1.53312,1.66123,0.276649
1,2.8398,-0.264732,-2.9144,-0.99597,1.53256,1.65964,0.274964
1,2.84098,-0.263908,-2.91403,-0.998437,1.53201,1.65805,0.273284
1,2.84215,-0.263092,-2.91366,-1.00089,1.53145,1.65645,0.271608
1,2.84333,-0.262284,-2.91328,-1.00334,1.5309,1.65485,0.269938
1,2.84451,-0.261483,-2.9129,-1.00577,1.53035,1.65325,0.268273
1,2.84568,-0.26069,-2.91252,-1.00819,1.52981,1.65165,0.266612
1,2.84686,-0.259904,-2.91213,-1.01061,1.52927,1.65004,0.264956
1,2.84803,-0.259127,-2.91175,-1.01301,1.52873,1.64842,0.263305
1,2.84921,-0.258356,-2.91136,-1.0154,1.52819,1.64681,0.261659
1,2.85039,-0.257594,-2.91096,-1.01778,1.52766,1.64519,0.260017
1,2.85157,-0.256839,-2.91057,-1.02014,1.52713,1.64356,0.25838
1,2.85274,-0.256091,-2.91017,-1.0225,1.52661,1.64194,0.256747
1,2.85392,-0.255351,-2.90977,-1.02485,1.52608,1.64031,0.255119
1,2.8551,-0.254619,-2.90936,-1.02718,1.52556,1.63868,0.253495
1,2.85628,-0.253894,-2.90895,-1.02951,1.52504,1.63704,0.251876
1,2.85746,-0.253176,-2.90855,-1.03182,1.52453,1.6354,0.250261
1,2.85864,-0.252466,-2.90813,-1.03413,1.52402,1.63376,0.248651
1,2.85981,-0.251763,-2.90772,-1.03642,1.52351,1.63212,0.247045
1,2.86099,-0.251067,-2.9073,-1.03871,1.52301,1.63047,0.245443
1,2.86217,-0.250379,-2.90688,-1.04098,1.5225,1.62882,0.243845
1,2.86335,-0.249698,-2.90646,-1.04324,1.522,1.62716,0.242252
1,2.86453,-0.249025,-2.90603,-1.0455,1.52151,1.6255,0.240662
1,2.86571,-0.248358,-2.9056,-1.04774,1.52102,1.62384,0.239077
1,2.86689,-0.247699,-2.90517,-1.04997,1.52053,1.62218,0.237496
1,2.86807,-0.247047,-2.90474,-1.0522,1.52004,1.62051,0.235919
1,2.86926,-0.246403,-2.90431,-1.05441,1.51956,1.61885,0.234346
1,2.87044,-0.245765,-2.90387,-1.05661,1.51908,1.61717,0.232776
1,2.87162,-0.245135,-2.90343,-1.05881,1.5186,1.6155,0.231211
1,2.8728,-0.244511,-2.90299,-1.06099,1.51813,1.61382,0.22965
1,2.87398,-0.243895,-2.90254,-1.06317,1.51765,1.61214,0.228092
1,2.87516,-0.243286,-2.90209,-1.06533,1.51719,1.61046,0.226538
1,2.87634,-0.242684,-2.90164,-1.06748,1.51672,1.60877,0.224988
1,2.87753,-0.242089,-2.90119,-1.06963,1.51626,1.60708,0.223442
1,2.87871,-0.241502,-2.90074,-1.07176,1.5158,1.60539,0.2219
1,2.87989,-0.240921,-2.90028,-1.07389,1.51535,1.60369,0.220361
1,2.88108,-0.240347,-2.89982,-1.07601,1.51489,1.602,0.218826
1,2.88226,-0.23978,-2.89936,-1.07811,1.51444,1.6003,0.217294
1,2.88344,-0.23922,-2.8989,-1.08021,1.514,1.59859,0.215766
1,2.88463,-0.238667,-2.89844,-1.0823,1.51355,1.59689,0.214241
1,2.88581,-0.238121,-2.89797,-1.08438,1.51311,1.59518,0.21272
1,2.88699,-0.237582,-2.8975,-1.08645,1.51268,1.59347,0.211203
1,2.88818,-0.23705,-2.89703,-1.08851,1.51224,1.59176,0.209689
1,2.88936,-0.236525,-2.89655,-1.09056,1.51181,1.59004,0.208178
1,2.89055,-0.236007,-2.89608,-1.0926,1.51138,1.58832,0.206671
1,2.89173,-0.235495,-2.8956,-1.09463,1.51096,1.5866,0.205167
2,0.515309,0.300408,-0.837274,-1.09463,1.85633,1.79231,0.228604
2,0.515309,0.300408,-0.837274,-1.09463,1.85633,1.79231,0.228604
2,0.512869,0.303203,-0.836819,-1.09156,1.85881,1.79302,0.229525
2,0.510431,0.305992,-0.836355,-1.08847,1.86128,1.79371,0.230455
2,0.507991,0.308777,-0.835882,-1.08538,1.86374,1.79438,0.231392
2,0.50555,0.311557,-0.8354,-1.08227,1.86619,1.79504,0.232334
2,0.503108,0.314334,-0.834908,-1.07916,1.86864,1.79568,0.233283
2,0.500665,0.317106,-0.834407,-1.07603,1.87107,1.79631,0.234238
2,0.503126,0.316492,-0.834383,-1.07833,1.86957,1.79469,0.232298
2,0.505572,0.315889,-0.834352,-1.08063,1.86809,1.79306,0.230366
2,0.508008,0.315291,-0.834315,-1.08291,1.86662,1.79143,0.22844
2,0.510432,0.314699,-0.834273,-1.08518,1.86516,1.7898,0.226518
2,0.512846,0.314114,-0.834225,-1.08745,1.86371,1.78817,0.224603
2,0.515249,0.313535,-0.834171,-1.0897,1.86228,1.78653,0.222692
2,0.517641,0.312962,-0.834112,-1.09194,1.86086,1.78489,0.220787
2,0.520023,0.312395,-0.834047,-1.09418,1.85945,1.78325,0.218887
2,0.522394,0.311835,-0.833977,-1.0964,1.85805,1.78161,0.216993
2,0.524754,0.31128,-0.833901,-1.09862,1.85667,1.77996,0.215103
2,0.527105,0.310732,-0.833821,-1.10083,1.85529,1.77831,0.213219
2,0.529444,0.31019,-0.833735,-1.10302,1.85393,1.77666,0.21134
2,0.531774,0.309655,-0.833644,-1.10521,1.85258,1.77501,0.209466
2,0.534092,0.309125,-0.833547,-1.10739,1.85125,1.77335,0.207597
2,0.536401,0.308602,-0.833446,-1.10956,1.84992,1.77169,0.205733
2,0.538699,0.308085,-0.833339,-1.11172,1.84861,1.77004,0.203874
2,0.540987,0.307574,-0.833228,-1.11387,1.84731,1.76837,0.20202
2,0.543265,0.307069,-0.833111,-1.11601,1.84602,1.76671,0.200171
2,0.545533,0.306571,-0.83299,-1.11814,1.84475,1.76505,0.198327
2,0.54779,0.306079,-0.832864,-1.12026,1.84348,1.76338,0.196488
2,0.550038,0.305593,-0.832733,-1.12238,1.84223,1.76171,0.194654
2,0.552275,0.305114,-0.832597,-1.12448,1.84099,1.76005,0.192824
2,0.554502,0.30464,-0.832456,-1.12658,1.83977,1.75838,0.191
2,0.55672,0.304173,-0.832311,-1.12866,1.83855,1.7567,0.18918
2,0.558927,0.303713,-0.832161,-1.13074,1.83735,1.75503,0.187364
2,0.561124,0.303258,-0.832007,-1.13281,1.83616,1.75336,0.185554
2,0.563312,0.30281,-0.831848,-1.13487,1.83498,1.75168,0.183748
2,0.56549,0.302368,-0.831684,-1.13692,1.83381,1.75,0.181946
2,0.567658,0.301932,-0.831516,-1.13896,1.83266,1.74833,0.18015
2,0.569816,0.301503,-0.831344,-1.141,1.83151,1.74665,0.178357
2,0.571965,0.30108,-0.831168,-1.14302,1.83038,1.74497,0.17657
2,0.574103,0.300664,-0.830987,-1.14504,1.82926,1.74329,0.174787
2,0.576233,0.300253,-0.830801,-1.14705,1.82815,1.74161,0.173008
2,0.578352,0.299849,-0.830612,-1.14905,1.82706,1.73993,0.171233
2,0.580462,0.299451,-0.830418,-1.15104,1.82598,1.73825,0.169463
2,0.582563,0.29906,-0.830221,-1.15302,1.8249,1.73656,0.167698
2,0.584654,0.298675,-0.830019,-1.15499,1.82384,1.73488,0.165937
2,0.586736,0.298296,-0.829813,-1.15696,1.8228,1.7332,0.16418
2,0.588808,0.297924,-0.829603,-1.15892,1.82176,1.73151,0.162427
2,0.590871,0.297558,-0.829389,-1.16087,1.82074,1.72983,0.160678
2,0.592925,0.297198,-0.829171,-1.16281,1.81972,1.72814,0.158934
2,0.594969,0.296845,-0.82895,-1.16474,1.81872,1.72646,0.157194
2,0.597004,0.296498,-0.828724,-1.16666,1.81773,1.72477,0.155458
2,0.59903,0.296157,-0.828495,-1.16858,1.81676,1.72309,0.153726
2,0.601047,0.295823,-0.828262,-1.17048,1.81579,1.7214,0.151998
2,0.603055,0.295495,-0.828025,-1.17238,1.81484,1.71972,0.150275
2,0.605053,0.295173,-0.827785,-1.17427,1.81389,1.71803,0.148555
3,0.537589,0.276524,-0.723028,-1.17427,1.77308,1.69206,0.142622
3,0.537589,0.276524,-0.723028,-1.17427,1.77308,1.69206,0.142622
3,0.535493,0.279466,-0.722861,-1.17106,1.77529,1.69303,0.143462
3,0.533394,0.282405,-0.722683,-1.16784,1.7775,1.69398,0.144315
3,0.531291,0.285341,-0.722495,-1.1646,1.77971,1.69492,0.145175
3,0.529183,0.288274,-0.722297,-1.16136,1.78191,1.69584,0.146044
3,0.528208,0.288033,-0.72265,-1.16319,1.78189,1.69752,0.144521
3,0.527226,0.287802,-0.723005,-1.165,1.78188,1.69921,0.143002
3,0.52624,0.287578,-0.72336,-1.16681,1.78187,1.7009,0.141486
3,0.52525,0.287361,-0.723717,-1.16861,1.78186,1.70259,0.139971
3,0.524255,0.287152,-0.724074,-1.1704,1.78185,1.70429,0.13846
3,0.523256,0.286949,-0.724432,-1.17218,1.78184,1.70599,0.13695
3,0.522252,0.286753,-0.724791,-1.17395,1.78183,1.70769,0.135443
3,0.521245,0.286564,-0.725151,-1.17572,1.78182,1.70939,0.133939
3,0.520233,0.286383,-0.725512,-1.17748,1.78182,1.7111,0.132437
3,0.519216,0.286208,-0.725874,-1.17923,1.78181,1.71281,0.130937
3,0.518196,0.28604,-0.726236,-1.18097,1.78181,1.71452,0.129439
3,0.517171,0.28588,-0.7266,-1.18271,1.7818,1.71624,0.127944
3,0.516142,0.285726,-0.726964,-1.18443,1.7818,1.71796,0.126451
3,0.515109,0.285579,-0.727329,-1.18615,1.7818,1.71968,0.12496
3,0.514072,0.285439,-0.727694,-1.18786,1.7818,1.72141,0.123471
3,0.513031,0.285307,-0.728061,-1.18957,1.7818,1.72313,0.121984
3,0.511985,0.285181,-0.728428,-1.19126,1.7818,1.72486,0.1205
3,0.510935,0.285062,-0.728796,-1.19295,1.7818,1.7266,0.119018
3,0.509882,0.28495,-0.729165,-1.19463,1.7818,1.72834,0.117538
3,0.508824,0.284845,-0.729535,-1.1963,1.78181,1.73007,0.11606
3,0.507762,0.284747,-0.729905,-1.19796,1.78181,1.73182,0.114584
3,0.506696,0.284656,-0.730276,-1.19962,1.78182,1.73356,0.11311
3,0.505626,0.284572,-0.730647,-1.20127,1.78182,1.73531,0.111638
3,0.504552,0.284495,-0.73102,-1.20291,1.78183,1.73706,0.110168
3,0.503474,0.284425,-0.731393,-1.20454,1.78183,1.73881,0.1087
3,0.502392,0.284362,-0.731766,-1.20617,1.78184,1.74057,0.107234
3,0.501306,0.284305,-0.732141,-1.20778,1.78185,1.74233,0.105771
3,0.500216,0.284256,-0.732515,-1.20939,1.78186,1.74409,0.104309
3,0.499122,0.284213,-0.732891,-1.211,1.78187,1.74586,0.102849
3,0.498024,0.284178,-0.733267,-1.21259,1.78188,1.74762,0.10139
3,0.496922,0.284149,-0.733644,-1.21418,1.78189,1.74939,0.0999341
3,0.495816,0.284127,-0.734021,-1.21576,1.7819,1.75117,0.0984797
3,0.494706,0.284112,-0.734399,-1.21733,1.78192,1.75294,0.0970272
3,0.493593,0.284104,-0.734777,-1.21889,1.78193,1.75472,0.0955765
3,0.492475,0.284103,-0.735156,-1.22045,1.78194,1.7565,0.0941276
3,0.491354,0.284108,-0.735535,-1.222,1.78196,1.75829,0.0926804
3,0.490229,0.284121,-0.735915,-1.22354,1.78197,1.76007,0.0912351
3,0.4891,0.28414,-0.736296,-1.22508,1.78199,1.76186,0.0897915
3,0.487967,0.284166,-0.736676,-1.2266,1.78201,1.76366,0.0883496
3,0.48683,0.284199,-0.737058,-1.22812,1.78202,1.76545,0.0869094
3,0.48569,0.284239,-0.73744,-1.22963,1.78204,1.76725,0.085471
3,0.484545,0.284286,-0.737822,-1.23114,1.78206,1.76905,0.0840342
3,0.483397,0.28434,-0.738204,-1.23264,1.78208,1.77085,0.0825991
3,0.482245,0.2844,-0.738587,-1.23412,1.7821,1.77265,0.0811656
3,0.48109,0.284467,-0.738971,-1.23561,1.78212,1.77446,0.0797337
3,0.47993,0.284541,-0.739354,-1.23708,1.78214,1.77627,0.0783035
3,0.478767,0.284622,-0.739739,-1.23855,1.78216,1.77808,0.0768748
3,0.477601,0.28471,-0.740123,-1.24001,1.78218,1.7799,0.0754477
3,0.47643,0.284804,-0.740508,-1.24146,1.7822,1.78172,0.0740222
3,0.475256,0.284905,-0.740893,-1.24291,1.78223,1.78354,0.0725982
3,0.474078,0.285013,-0.741278,-1.24435,1.78225,1.78536,0.0711758
3,0.472896,0.285128,-0.741664,-1.24578,1.78227,1.78719,0.0697548
3,0.471711,0.28525,-0.74205,-1.2472,1.7823,1.78901,0.0683353
3,0.470522,0.285378,-0.742436,-1.24862,1.78232,1.79084,0.0669173
3,0.46933,0.285513,-0.742822,-1.25003,1.78235,1.79268,0.0655008
3,0.468134,0.285655,-0.743209,-1.25143,1.78237,1.79451,0.0640857
3,0.466934,0.285804,-0.743596,-1.25283,1.7824,1.79635,0.062672
3,0.465731,0.285959,-0.743983,-1.25421,1.78243,1.79819,0.0612597
3,0.464524,0.286121,-0.74437,-1.25559,1.78245,1.80003,0.0598488
3,0.463313,0.28629,-0.744757,-1.25697,1.78248,1.80187,0.0584393
3,0.462099,0.286465,-0.745145,-1.25833,1.78251,1.80372,0.0570312
3,0.460881,0.286648,-0.745533,-1.25969,1.78254,1.80557,0.0556244
3,0.45966,0.286837,-0.74592,-1.26105,1.78256,1.80742,0.0542189
3,0.458435,0.287032,-0.746308,-1.26239,1.78259,1.80928,0.0528147
3,0.457207,0.287235,-0.746696,-1.26373,1.78262,1.81113,0.0514118
3,0.455975,0.287444,-0.747084,-1.26506,1.78265,1.81299,0.0500102
3,0.45474,0.287659,-0.747472,-1.26638,1.78268,1.81485,0.0486098
3,0.453501,0.287882,-0.74786,-1.2677,1.78271,1.81671,0.0472107
3,0.452258,0.288111,-0.748248,-1.26901,1.78274,1.81858,0.0458128
3,0.451013,0.288347,-0.748636,-1.27031,1.78277,1.82045,0.0444162
3,0.449763,0.288589,-0.749024,-1.27161,1.78281,1.82232,0.0430207
3,0.448511,0.288838,-0.749412,-1.2729,1.78284,1.82419,0.0416264
3,0.447254,0.289094,-0.7498,-1.27418,1.78287,1.82606,0.0402333
3,0.445995,0.289356,-0.750188,-1.27545,1.7829,1.82794,0.0388413
3,0.444732,0.289625,-0.750576,-1.27672,1.78293,1.82981,0.0374505
3,0.443465,0.289901,-0.750964,-1.27798,1.78297,1.83169,0.0360608
3,0.442195,0.290183,-0.751351,-1.27923,1.783,1.83358,0.0346723
3,0.440922,0.290472,-0.751739,-1.28048,1.78303,1.83546,0.0332848
3,0.439645,0.290767,-0.752126,-1.28172,1.78307,1.83735,0.0318984
3,0.438365,0.291069,-0.752513,-1.28295,1.7831,1.83924,0.030513
3,0.437082,0.291378,-0.7529,-1.28418,1.78313,1.84113,0.0291287
3,0.435795,0.291693,-0.753287,-1.2854,1.78317,1.84302,0.0277455
3,0.434505,0.292015,-0.753673,-1.28661,1.7832,1.84491,0.0263632
3,0.433211,0.292343,-0.75406,-1.28781,1.78324,1.84681,0.024982
3,0.431915,0.292678,-0.754446,-1.28901,1.78327,1.84871,0.0236018
3,0.430614,0.293019,-0.754832,-1.2902,1.78331,1.85061,0.0222225
3,0.429311,0.293367,-0.755217,-1.29138,1.78334,1.85251,0.0208443
3,0.428004,0.293721,-0.755603,-1.29256,1.78338,1.85441,0.0194669
3,0.426694,0.294082,-0.755988,-1.29373,1.78341,1.85632,0.0180905
3,0.425381,0.29445,-0.756372,-1.2949,1.78345,1.85822,0.0167151
3,0.424065,0.294824,-0.756757,-1.29605,1.78348,1.86013,0.0153405
3,0.422745,0.295204,-0.757141,-1.2972,1.78352,1.86204,0.0139668
3,0.421422,0.295591,-0.757524,-1.29835,1.78355,1.86396,0.012594
3,0.420095,0.295985,-0.757907,-1.29948,1.78359,1.86587,0.0112221
3,0.418766,0.296385,-0.75829,-1.30061,1.78363,1.86779,0.00985107
3,0.417433,0.296791,-0.758673,-1.30173,1.78366,1.86971,0.00848085
3,0.416097,0.297204,-0.759055,-1.30285,1.7837,1.87162,0.00711146
3,0.414758,0.297623,-0.759436,-1.30396,1.78373,1.87355,0.00574289
3,0.413416,0.298049,-0.759817,-1.30506,1.78377,1.87547,0.00437512
3,0.412071,0.298481,-0.760198,-1.30616,1.78381,1.87739,0.00300814
3,0.410722,0.298919,-0.760578,-1.30724,1.78384,1.87932,0.00164193
3,0.40937,0.299364,-0.760957,-1.30833,1.78388,1.88125,0.000276491
3,0.408015,0.299816,-0.761336,-1.3094,1.78391,1.88318,-0.0010882
3,0.406657,0.300273,-0.761715,-1.31047,1.78395,1.88511,-0.00245215
3,0.405296,0.300738,-0.762093,-1.31153,1.78399,1.88704,-0.00381538
3,0.403932,0.301208,-0.76247,-1.31259,1.78402,1.88897,-0.0051779
3,0.402564,0.301685,-0.762847,-1.31363,1.78406,1.89091,-0.00653972
3,0.401194,0.302168,-0.763223,-1.31468,1.7841,1.89285,-0.00790085
3,0.39982,0.302658,-0.763598,-1.31571,1.78413,1.89478,-0.00926131
3,0.398444,0.303153,-0.763973,-1.31674,1.78417,1.89672,-0.0106211
3,0.397064,0.303656,-0.764348,-1.31776,1.7842,1.89866,-0.0119802
3,0.395681,0.304164,-0.764721,-1.31877,1.78424,1.90061,-0.0133388
3,0.394295,0.304679,-0.765094,-1.31978,1.78428,1.90255,-0.0146966
3,0.392907,0.3052,-0.765466,-1.32078,1.78431,1.90449,-0.0160539
3,0.391515,0.305727,-0.765837,-1.32178,1.78435,1.90644,-0.0174106
3,0.39012,0.306261,-0.766208,-1.32277,1.78438,1.90839,-0.0187667
3,0.388722,0.306801,-0.766578,-1.32375,1.78442,1.91034,-0.0201222
3,0.387321,0.307347,-0.766947,-1.32472,1.78445,1.91229,-0.0214771
3,0.385917,0.307899,-0.767316,-1.32569,1.78449,1.91424,-0.0228315
3,0.384511,0.308458,-0.767683,-1.32665,1.78452,1.91619,-0.0241853
3,0.383101,0.309022,-0.76805,-1.3276,1.78456,1.91814,-0.0255386
3,0.381688,0.309593,-0.768416,-1.32855,1.78459,1.9201,-0.0268914
3,0.380273,0.310171,-0.768781,-1.32949,1.78463,1.92205,-0.0282437
3,0.378854,0.310754,-0.769146,-1.33043,1.78466,1.92401,-0.0295955
3,0.377433,0.311343,-0.769509,-1.33136,1.7847,1.92597,-0.0309468
3,0.376008,0.311939,-0.769872,-1.33228,1.78473,1.92793,-0.0322976
3,0.374581,0.312541,-0.770233,-1.33319,1.78476,1.92989,-0.033648
3,0.373151,0.313149,-0.770594,-1.3341,1.7848,1.93185,-0.0349979
3,0.371718,0.313763,-0.770954,-1.335,1.78483,1.93381,-0.0363474
3,0.370282,0.314383,-0.771313,-1.3359,1.78486,1.93577,-0.0376965
3,0.368844,0.315009,-0.771671,-1.33679,1.78489,1.93774,-0.0390451
3,0.367402,0.315642,-0.772028,-1.33767,1.78493,1.9397,-0.0403933
3,0.365958,0.31628,-0.772384,-1.33854,1.78496,1.94167,-0.0417411
3,0.364511,0.316925,-0.772739,-1.33941,1.78499,1.94363,-0.0430886
3,0.363061,0.317575,-0.773093,-1.34027,1.78502,1.9456,-0.0444356
3,0.361608,0.318232,-0.773446,-1.34113,1.78505,1.94757,-0.0457823
3,0.360153,0.318894,-0.773798,-1.34198,1.78508,1.94954,-0.0471287
3,0.358695,0.319563,-0.774148,-1.34282,1.78511,1.95151,-0.0484747
3,0.357234,0.320238,-0.774498,-1.34366,1.78514,1.95348,-0.0498204
3,0.35577,0.320918,-0.774847,-1.34448,1.78517,1.95545,-0.0511657
3,0.354304,0.321605,-0.775195,-1.34531,1.7852,1.95742,-0.0525107
3,0.352835,0.322297,-0.775541,-1.34612,1.78523,1.95939,-0.0538555
3,0.351363,0.322996,-0.775887,-1.34693,1.78526,1.96137,-0.0551999
3,0.349888,0.3237,-0.776231,-1.34774,1.78529,1.96334,-0.0565441
3,0.348411,0.32441,-0.776574,-1.34853,1.78532,1.96531,-0.0578879
3,0.346931,0.325127,-0.776916,-1.34932,1.78534,1.96729,-0.0592316
3,0.345449,0.325849,-0.777257,-1.35011,1.78537,1.96926,-0.0605749
3,0.343964,0.326577,-0.777597,-1.35088,1.7854,1.97124,-0.061918
3,0.342476,0.327311,-0.777935,-1.35165,1.78542,1.97321,-0.0632609
3,0.340985,0.32805,-0.778273,-1.35242,1.78545,1.97519,-0.0646036
3,0.339492,0.328796,-0.778609,-1.35318,1.78548,1.97717,-0.065946
3,0.337997,0.329547,-0.778944,-1.35393,1.7855,1.97915,-0.0672882
3,0.336499,0.330305,-0.779277,-1.35467,1.78552,1.98112,-0.0686303
3,0.334998,0.331068,-0.779609,-1.35541,1.78555,1.9831,-0.0699721
3,0.333495,0.331836,-0.779941,-1.35614,1.78557,1.98508,-0.0713138
3,0.331989,0.332611,-0.78027,-1.35686,1.78559,1.98706,-0.0726553
3,0.330481,0.333391,-0.780599,-1.35758,1.78562,1.98904,-0.0739966
3,0.32897,0.334177,-0.780926,-1.3583,1.78564,1.99102,-0.0753378
3,0.327456,0.334969,-0.781252,-1.359,1.78566,1.993,-0.0766788
3,0.325941,0.335767,-0.781577,-1.3597,1.78568,1.99497,-0.0780197
3,0.324422,0.33657,-0.7819,-1.36039,1.7857,1.99695,-0.0793605
3,0.322902,0.337379,-0.782222,-1.36108,1.78572,1.99893,-0.0807011
3,0.321378,0.338193,-0.782543,-1.36176,1.78574,2.00091,-0.0820417
3,0.319853,0.339014,-0.782862,-1.36243,1.78576,2.00289,-0.0833821
3,0.318325,0.339839,-0.78318,-1.3631,1.78578,2.00487,-0.0847225
3,0.316794,0.340671,-0.783497,-1.36376,1.78579,2.00685,-0.0860627
3,0.315261,0.341508,-0.783812,-1.36441,1.78581,2.00883,-0.0874029
3,0.313726,0.342351,-0.784125,-1.36506,1.78583,2.01081,-0.088743
3,0.312189,0.343199,-0.784438,-1.3657,1.78584,2.01279,-0.0900831
3,0.310649,0.344053,-0.784749,-1.36634,1.78586,2.01477,-0.0914231
3,0.309106,0.344912,-0.785058,-1.36696,1.78587,2.01675,-0.092763
3,0.307562,0.345777,-0.785366,-1.36758,1.78588,2.01873,-0.0941029
3,0.306015,0.346648,-0.785673,-1.3682,1.7859,2.02071,-0.0954428
3,0.304466,0.347524,-0.785978,-1.36881,1.78591,2.02269,-0.0967826
3,0.302914,0.348405,-0.786282,-1.36941,1.78592,2.02467,-0.0981225
3,0.30136,0.349292,-0.786584,-1.37001,1.78593,2.02665,-0.0994623
3,0.299804,0.350184,-0.786885,-1.3706,1.78594,2.02863,-0.100802
3,0.298246,0.351082,-0.787184,-1.37118,1.78595,2.03061,-0.102142
3,0.296686,0.351985,-0.787482,-1.37176,1.78596,2.03259,-0.103482
3,0.295123,0.352894,-0.787778,-1.37233,1.78597,2.03456,-0.104822
3,0.293558,0.353808,-0.788073,-1.37289,1.78598,2.03654,-0.106161
3,0.291991,0.354727,-0.788366,-1.37345,1.78598,2.03852,-0.107501
4,0.333373,0.37049,-0.853327,-1.37344,1.81479,2.05949,-0.101982
4,0.333373,0.37049,-0.853327,-1.37344,1.81479,2.05949,-0.101982
4,0.33137,0.372743,-0.85191,-1.37062,1.81651,2.05949,-0.101054
4,0.329387,0.374998,-0.850519,-1.36779,1.81823,2.05949,-0.100119
4,0.327427,0.377258,-0.849157,-1.36495,1.81997,2.05949,-0.0991776
4,0.325488,0.379521,-0.847825,-1.36211,1.82171,2.05949,-0.098229
4,0.320885,0.37903,-0.842746,-1.36303,1.81904,2.05949,-0.100423
4,0.316259,0.378552,-0.837651,-1.36394,1.81639,2.05949,-0.102611
4,0.311612,0.378087,-0.832544,-1.36485,1.81374,2.05949,-0.104792
4,0.306933,0.377637,-0.82741,-1.36575,1.81109,2.05949,-0.106967
4,0.302277,0.377195,-0.822312,-1.36665,1.80845,2.05949,-0.109141
4,0.297591,0.376768,-0.81719,-1.36754,1.80582,2.05949,-0.111307
4,0.292882,0.376356,-0.812053,-1.36842,1.8032,2.05949,-0.113467
4,0.288168,0.375954,-0.80692,-1.3693,1.80058,2.05949,-0.115623
4,0.283448,0.375565,-0.801788,-1.37017,1.79797,2.05949,-0.117775
4,0.278707,0.375189,-0.796643,-1.37103,1.79537,2.05949,-0.11992
4,0.273959,0.374825,-0.7915,-1.37189,1.79277,2.05949,-0.122061
4,0.2692,0.374474,-0.786353,-1.37274,1.79018,2.05949,-0.124197
4,0.264428,0.374136,-0.781202,-1.37358,1.78759,2.05949,-0.126328
4,0.259625,0.373813,-0.776024,-1.37442,1.78501,2.05949,-0.128452
4,0.25485,0.373499,-0.770887,-1.37525,1.78244,2.05949,-0.130574
4,0.250043,0.3732,-0.765723,-1.37608,1.77987,2.05949,-0.13269
4,0.245231,0.372913,-0.760562,-1.3769,1.77731,2.05949,-0.1348
4,0.240408,0.372638,-0.755398,-1.37771,1.77476,2.05949,-0.136906
4,0.235574,0.372377,-0.750229,-1.37851,1.77221,2.05949,-0.139007
4,0.23073,0.372129,-0.745057,-1.37931,1.76967,2.05949,-0.141102
4,0.225882,0.371893,-0.739891,-1.3801,1.76713,2.05949,-0.143193
4,0.221024,0.37167,-0.73472,-1.38089,1.7646,2.05949,-0.145279
4,0.216158,0.37146,-0.729549,-1.38167,1.76207,2.05949,-0.14736
4,0.21128,0.371263,-0.724373,-1.38244,1.75955,2.05949,-0.149436
4,0.206412,0.371076,-0.719215,-1.38321,1.75704,2.05949,-0.151509
4,0.20152,0.370905,-0.714039,-1.38397,1.75453,2.05949,-0.153575
4,0.196636,0.370745,-0.708879,-1.38472,1.75203,2.05949,-0.155638
4,0.191734,0.370599,-0.703706,-1.38547,1.74953,2.05949,-0.157694
4,0.186834,0.370464,-0.698545,-1.38621,1.74704,2.05949,-0.159747
4,0.181928,0.370343,-0.693382,-1.38695,1.74455,2.05949,-0.161794
4,0.176997,0.370236,-0.6882,-1.38767,1.74207,2.05949,-0.163836
4,0.172094,0.370139,-0.683057,-1.3884,1.7396,2.05949,-0.165875
4,0.167177,0.370055,-0.677904,-1.38911,1.73713,2.05949,-0.167908
4,0.16225,0.369985,-0.672748,-1.38982,1.73466,2.05949,-0.169937
4,0.157327,0.369926,-0.667603,-1.39052,1.7322,2.05949,-0.171961
4,0.152397,0.369881,-0.662457,-1.39122,1.72975,2.05949,-0.17398
4,0.147461,0.369849,-0.657312,-1.39191,1.7273,2.05949,-0.175994
4,0.14253,0.369828,-0.652178,-1.39259,1.72486,2.05949,-0.178005
4,0.13759,0.369821,-0.647041,-1.39327,1.72242,2.05949,-0.180009
4,0.13266,0.369825,-0.641922,-1.39394,1.71999,2.05949,-0.182011
4,0.127716,0.369843,-0.636794,-1.3946,1.71756,2.05949,-0.184006
4,0.122777,0.369874,-0.631678,-1.39526,1.71514,2.05949,-0.185998
4,0.117841,0.369916,-0.62657,-1.39591,1.71272,2.05949,-0.187985
4,0.112902,0.369971,-0.621467,-1.39655,1.71031,2.05949,-0.189967
4,0.107963,0.370038,-0.616368,-1.39719,1.7079,2.05949,-0.191944
4,0.103025,0.370119,-0.611278,-1.39783,1.7055,2.05949,-0.193917
4,0.098084,0.370212,-0.606189,-1.39845,1.7031,2.05949,-0.195885
4,0.0931549,0.370316,-0.60112,-1.39907,1.70071,2.05949,-0.19785
4,0.088226,0.370432,-0.596057,-1.39968,1.69832,2.05949,-0.19981
4,0.0832934,0.370562,-0.590995,-1.40029,1.69593,2.05949,-0.201764
4,0.0783649,0.370704,-0.585943,-1.40089,1.69356,2.05949,-0.203714
4,0.073432,0.37086,-0.580892,-1.40148,1.69118,2.05949,-0.205659
4,0.0685189,0.371025,-0.575869,-1.40207,1.68881,2.05949,-0.207602
4,0.0635968,0.371205,-0.57084,-1.40265,1.68645,2.05949,-0.209538
4,0.0586913,0.371394,-0.565836,-1.40323,1.68409,2.05949,-0.211471
4,0.0537818,0.371597,-0.560832,-1.4038,1.68173,2.05949,-0.213399
4,0.0488719,0.371813,-0.555832,-1.40436,1.67938,2.05949,-0.215322
4,0.0439752,0.37204,-0.550853,-1.40491,1.67704,2.05949,-0.217241
4,0.0390855,0.372278,-0.545886,-1.40546,1.6747,2.05949,-0.219156
4,0.0341937,0.37253,-0.540921,-1.40601,1.67236,2.05949,-0.221065
4,0.0293125,0.372794,-0.535973,-1.40654,1.67003,2.05949,-0.222971
4,0.0244372,0.373069,-0.531037,-1.40707,1.6677,2.05949,-0.224872
4,0.0195695,0.373356,-0.526113,-1.4076,1.66537,2.05949,-0.226769
4,0.0147065,0.373655,-0.521199,-1.40811,1.66305,2.05949,-0.228661
4,0.00985192,0.373966,-0.516299,-1.40862,1.66074,2.05949,-0.230549
4,0.00500771,0.374288,-0.511415,-1.40913,1.65843,2.05949,-0.232433
4,0.000166352,0.374623,-0.506538,-1.40963,1.65612,2.05949,-0.234312
4,-0.00467664,0.374971,-0.501663,-1.41012,1.65382,2.05949,-0.236185
4,-0.00948638,0.375328,-0.496831,-1.41061,1.65152,2.05949,-0.238057
4,-0.0142974,0.375696,-0.492,-1.41109,1.64923,2.05949,-0.239923
4,-0.0191021,0.376078,-0.487181,-1.41156,1.64694,2.05949,-0.241785
4,-0.0238951,0.37647,-0.482378,-1.41203,1.64466,2.05949,-0.243642
4,-0.0286841,0.376875,-0.477584,-1.41249,1.64237,2.05949,-0.245494
4,-0.0334576,0.37729,-0.472811,-1.41294,1.6401,2.05949,-0.247343
4,-0.0382185,0.377716,-0.468056,-1.41339,1.63783,2.05949,-0.249188
4,-0.0429755,0.378156,-0.463308,-1.41383,1.63556,2.05949,-0.251027
4,-0.0477188,0.378605,-0.45858,-1.41427,1.63329,2.05949,-0.252863
4,-0.0524511,0.379066,-0.453867,-1.41469,1.63103,2.05949,-0.254694
4,-0.0571711,0.379538,-0.449172,-1.41512,1.62878,2.05949,-0.256521
4,-0.0618824,0.380022,-0.444489,-1.41553,1.62652,2.05949,-0.258344
4,-0.0665766,0.380515,-0.439829,-1.41594,1.62427,2.05949,-0.260162
4,-0.071267,0.381022,-0.435176,-1.41635,1.62203,2.05949,-0.261976
4,-0.0759372,0.381538,-0.430549,-1.41674,1.61979,2.05949,-0.263786
4,-0.0806054,0.382067,-0.425928,-1.41714,1.61755,2.05949,-0.26559
4,-0.0852513,0.382605,-0.421334,-1.41752,1.61532,2.05949,-0.267392
4,-0.089888,0.383154,-0.416754,-1.4179,1.61309,2.05949,-0.269188
4,-0.094508,0.383714,-0.412195,-1.41827,1.61087,2.05949,-0.270981
4,-0.0991195,0.384286,-0.407648,-1.41864,1.60865,2.05949,-0.272769
4,-0.103715,0.384867,-0.403123,-1.419,1.60643,2.05949,-0.274553
4,-0.108297,0.385459,-0.398614,-1.41935,1.60422,2.05949,-0.276332
4,-0.112866,0.386063,-0.394123,-1.4197,1.60201,2.05949,-0.278108
4,-0.117419,0.386676,-0.389654,-1.42004,1.5998,2.05949,-0.279879
4,-0.121958,0.3873,-0.385201,-1.42037,1.5976,2.05949,-0.281646
4,-0.12648,0.387933,-0.38077,-1.4207,1.5954,2.05949,-0.283409
4,-0.130991,0.388578,-0.376354,-1.42102,1.5932,2.05949,-0.285167
4,-0.13549,0.389234,-0.371954,-1.42134,1.59101,2.05949,-0.286921
4,-0.139973,0.3899,-0.367574,-1.42165,1.58883,2.05949,-0.28867
4,-0.144437,0.390575,-0.363219,-1.42195,1.58664,2.05949,-0.290416
4,-0.148888,0.391261,-0.358878,-1.42224,1.58446,2.05949,-0.292157
4,-0.153326,0.391958,-0.354556,-1.42253,1.58229,2.05949,-0.293893
4,-0.157744,0.392664,-0.350257,-1.42282,1.58011,2.05949,-0.295626
4,-0.16215,0.39338,-0.345975,-1.4231,1.57794,2.05949,-0.297355
4,-0.166538,0.394107,-0.341713,-1.42337,1.57578,2.05949,-0.299079
4,-0.17091,0.394843,-0.337472,-1.42363,1.57362,2.05949,-0.300799
4,-0.175264,0.395588,-0.333253,-1.42389,1.57146,2.05949,-0.302515
4,-0.179603,0.396343,-0.329054,-1.42414,1.5693,2.05949,-0.304226
4,-0.183927,0.397108,-0.324873,-1.42439,1.56715,2.05949,-0.305934
4,-0.188234,0.397883,-0.320712,-1.42463,1.565,2.05949,-0.307637
4,-0.192525,0.398668,-0.31657,-1.42486,1.56286,2.05949,-0.309335
4,-0.196797,0.399462,-0.312452,-1.42509,1.56072,2.05949,-0.31103
4,-0.201055,0.400266,-0.308351,-1.42531,1.55858,2.05949,-0.31272
4,-0.205296,0.401079,-0.304271,-1.42553,1.55644,2.05949,-0.314406
4,-0.209517,0.401901,-0.300214,-1.42573,1.55431,2.05949,-0.316088
4,-0.213724,0.402733,-0.296176,-1.42594,1.55219,2.05949,-0.317765
4,-0.217913,0.403574,-0.292158,-1.42613,1.55006,2.05949,-0.319439
4,-0.222084,0.404424,-0.288162,-1.42632,1.54794,2.05949,-0.321108
4,-0.22624,0.405284,-0.284184,-1.42651,1.54582,2.05949,-0.322773
4,-0.230376,0.406152,-0.28023,-1.42668,1.54371,2.05949,-0.324433
4,-0.234495,0.407029,-0.276296,-1.42685,1.5416,2.05949,-0.32609
4,-0.238597,0.407915,-0.272383,-1.42702,1.53949,2.05949,-0.327742
4,-0.242683,0.408811,-0.268488,-1.42718,1.53738,2.05949,-0.32939
4,-0.246749,0.409715,-0.264617,-1.42733,1.53528,2.05949,-0.331033
4,-0.2508,0.410629,-0.260765,-1.42747,1.53319,2.05949,-0.332673
4,-0.25483,0.41155,-0.256936,-1.42761,1.53109,2.05949,-0.334308
4,-0.258846,0.412481,-0.253125,-1.42775,1.529,2.05949,-0.335939
4,-0.26284,0.413419,-0.24934,-1.42787,1.52691,2.05949,-0.337566
4,-0.266819,0.414367,-0.245572,-1.42799,1.52483,2.05949,-0.339188
4,-0.270779,0.415323,-0.241826,-1.42811,1.52274,2.05949,-0.340806
4,-0.274723,0.416288,-0.238099,-1.42821,1.52066,2.05949,-0.34242
4,-0.278648,0.417262,-0.234394,-1.42832,1.51859,2.05949,-0.34403
4,-0.282555,0.418243,-0.230711,-1.42841,1.51652,2.05949,-0.345635
4,-0.286443,0.419232,-0.22705,-1.4285,1.51445,2.05949,-0.347237
4,-0.290313,0.42023,-0.223409,-1.42858,1.51238,2.05949,-0.348834
4,-0.294167,0.421236,-0.219787,-1.42866,1.51032,2.05949,-0.350427
4,-0.298002,0.422251,-0.216187,-1.42873,1.50826,2.05949,-0.352015
4,-0.301818,0.423272,-0.212609,-1.42879,1.5062,2.05949,-0.3536
4,-0.305618,0.424303,-0.20905,-1.42885,1.50415,2.05949,-0.355179
4,-0.309399,0.425341,-0.205514,-1.4289,1.50209,2.05949,-0.356755
4,-0.313161,0.426387,-0.201998,-1.42895,1.50005,2.05949,-0.358327
4,-0.316907,0.427441,-0.198501,-1.42899,1.498,2.05949,-0.359894
4,-0.320636,0.428504,-0.195024,-1.42902,1.49596,2.05949,-0.361457
4,-0.324343,0.429572,-0.191572,-1.42905,1.49392,2.05949,-0.363016
4,-0.328034,0.430649,-0.188138,-1.42907,1.49188,2.05949,-0.364571
4,-0.331708,0.431734,-0.184725,-1.42908,1.48985,2.05949,-0.366121
4,-0.335365,0.432827,-0.18133,-1.42909,1.48782,2.05949,-0.367666
4,-0.339001,0.433927,-0.177959,-1.42909,1.48579,2.05949,-0.369208
4,-0.342624,0.435035,-0.174604,-1.42908,1.48377,2.05949,-0.370745
4,-0.346224,0.436149,-0.171274,-1.42907,1.48175,2.05949,-0.372279
4,-0.34981,0.437273,-0.167961,-1.42905,1.47973,2.05949,-0.373807
4,-0.353376,0.438402,-0.16467,-1.42903,1.47771,2.05949,-0.375332
4,-0.356925,0.439539,-0.161399,-1.429,1.4757,2.05949,-0.376852
4,-0.360456,0.440683,-0.158148,-1.42896,1.47369,2.05949,-0.378368
4,-0.363971,0.441834,-0.154916,-1.42892,1.47168,2.05949,-0.379879
4,-0.367467,0.442993,-0.151705,-1.42887,1.46968,2.05949,-0.381387
4,-0.370945,0.444158,-0.148514,-1.42882,1.46768,2.05949,-0.38289
4,-0.374405,0.44533,-0.145343,-1.42875,1.46568,2.05949,-0.384389
4,-0.377849,0.44651,-0.142191,-1.42869,1.46368,2.05949,-0.385883
4,-0.381276,0.447696,-0.139058,-1.42861,1.46169,2.05949,-0.387373
5,1.95029,-0.707447,-1.99181,-1.42861,0.917577,1.59687,-0.19793
5,1.95029,-0.707447,-1.99181,-1.42861,0.917577,1.59687,-0.19793
5,1.95329,-0.709159,-1.99289,-1.42553,0.916679,1.59638,-0.1968
5,1.95627,-0.710869,-1.99398,-1.42244,0.915782,1.59592,-0.195667
5,1.95926,-0.712579,-1.99505,-1.41934,0.914885,1.59546,-0.194532
5,1.96224,-0.714289,-1.99613,-1.41624,0.913988,1.59501,-0.193396
5,1.96522,-0.715998,-1.9972,-1.41312,0.913091,1.59456,-0.192258
5,1.96819,-0.717707,-1.99827,-1.41,0.912194,1.59413,-0.191118
5,1.97116,-0.719416,-1.99933,-1.40687,0.911297,1.59371,-0.189977
5,1.97412,-0.721125,-2.0004,-1.40373,0.910401,1.5933,-0.188834
5,1.97708,-0.722833,-2.00145,-1.40059,0.909505,1.59289,-0.187689
5,1.98003,-0.724541,-2.00251,-1.39743,0.908609,1.5925,-0.186542
5,1.98299,-0.726249,-2.00356,-1.39427,0.907713,1.59211,-0.185394
5,1.98594,-0.727957,-2.00462,-1.3911,0.906818,1.59173,-0.184243
5,1.98888,-0.729665,-2.00566,-1.38792,0.905923,1.59137,-0.183091
5,1.99182,-0.731372,-2.00671,-1.38474,0.905028,1.59101,-0.181937
5,1.99476,-0.73308,-2.00775,-1.38154,0.904133,1.59066,-0.180782
5,1.99769,-0.734787,-2.00879,-1.37834,0.903238,1.59032,-0.179624
5,2.00062,-0.736495,-2.00983,-1.37513,0.902344,1.58999,-0.178465
5,2.00355,-0.738202,-2.01086,-1.37191,0.90145,1.58967,-0.177303
5,2.00647,-0.73991,-2.01189,-1.36868,0.900556,1.58936,-0.17614
5,2.00939,-0.741618,-2.01292,-1.36545,0.899663,1.58905,-0.174975
5,2.01231,-0.743325,-2.01395,-1.3622,0.89877,1.58876,-0.173807
5,2.01523,-0.745033,-2.01497,-1.35895,0.897877,1.58847,-0.172638
5,2.01814,-0.746741,-2.01599,-1.35569,0.896984,1.5882,-0.171467
5,2.02104,-0.748449,-2.01701,-1.35242,0.896092,1.58793,-0.170294
5,2.02395,-0.750158,-2.01802,-1.34914,0.8952,1.58767,-0.169119
5,2.02685,-0.751866,-2.01903,-1.34585,0.894308,1.58743,-0.167941
5,2.02975,-0.753575,-2.02004,-1.34256,0.893416,1.58719,-0.166762
5,2.03265,-0.755284,-2.02105,-1.33925,0.892525,1.58696,-0.165581
5,2.03554,-0.756994,-2.02205,-1.33594,0.891634,1.58674,-0.164397
5,2.03843,-0.758704,-2.02306,-1.33261,0.890743,1.58652,-0.163211
5,2.04132,-0.760414,-2.02406,-1.32928,0.889853,1.58632,-0.162023
5,2.0442,-0.762124,-2.02505,-1.32594,0.888963,1.58613,-0.160833
5,2.04709,-0.763835,-2.02605,-1.32259,0.888073,1.58594,-0.159641
5,2.04997,-0.765547,-2.02704,-1.31923,0.887184,1.58577,-0.158447
5,2.05285,-0.767259,-2.02803,-1.31586,0.886295,1.5856,-0.15725
5,2.05572,-0.768971,-2.02902,-1.31248,0.885406,1.58544,-0.156051
5,2.05859,-0.770685,-2.03,-1.30909,0.884518,1.5853,-0.15485
5,2.06147,-0.772398,-2.03098,-1.3057,0.88363,1.58516,-0.153646
5,2.06434,-0.774113,-2.03196,-1.30229,0.882742,1.58503,-0.152441
5,2.0672,-0.775828,-2.03294,-1.29887,0.881855,1.58491,-0.151232
5,2.07007,-0.777543,-2.03392,-1.29545,0.880968,1.5848,-0.150022
5,2.07293,-0.77926,-2.03489,-1.29201,0.880081,1.58469,-0.148809
5,2.07579,-0.780977,-2.03586,-1.28857,0.879195,1.5846,-0.147594
5,2.07865,-0.782694,-2.03683,-1.28511,0.878309,1.58452,-0.146376
5,2.08151,-0.784413,-2.03779,-1.28165,0.877424,1.58444,-0.145156
5,2.08436,-0.786133,-2.03876,-1.27817,0.876539,1.58438,-0.143933
5,2.08722,-0.787853,-2.03972,-1.27469,0.875654,1.58432,-0.142708
5,2.09007,-0.789574,-2.04068,-1.27119,0.874769,1.58427,-0.14148
5,2.09292,-0.791297,-2.04163,-1.26769,0.873885,1.58423,-0.14025
5,2.09577,-0.79302,-2.04259,-1.26417,0.873002,1.5842,-0.139017
5,2.09862,-0.794744,-2.04354,-1.26064,0.872119,1.58418,-0.137781
5,2.10147,-0.796469,-2.04449,-1.25711,0.871236,1.58417,-0.136543
5,2.10431,-0.798196,-2.04544,-1.25356,0.870353,1.58417,-0.135302
5,2.10715,-0.799923,-2.04638,-1.25,0.869471,1.58418,-0.134059
5,2.11,-0.801652,-2.04733,-1.24643,0.86859,1.5842,-0.132813
5,2.11284,-0.803381,-2.04827,-1.24285,0.867709,1.58422,-0.131564
5,2.11568,-0.805112,-2.04921,-1.23926,0.866828,1.58426,-0.130312
5,2.11852,-0.806845,-2.05015,-1.23566,0.865947,1.5843,-0.129057
5,2.12136,-0.808578,-2.05108,-1.23205,0.865067,1.58436,-0.1278
5,2.1242,-0.810313,-2.05201,-1.22842,0.864188,1.58442,-0.12654
5,2.12703,-0.812049,-2.05295,-1.22479,0.863309,1.58449,-0.125277
5,2.12987,-0.813787,-2.05387,-1.22114,0.86243,1.58458,-0.124011
5,2.13271,-0.815526,-2.0548,-1.21749,0.861552,1.58467,-0.122742
5,2.13554,-0.817266,-2.05573,-1.21382,0.860674,1.58477,-0.12147
5,2.13837,-0.819008,-2.05665,-1.21014,0.859796,1.58488,-0.120195
5,2.14121,-0.820752,-2.05757,-1.20644,0.858919,1.585,-0.118917
5,2.14404,-0.822497,-2.05849,-1.20274,0.858043,1.58513,-0.117636
5,2.14688,-0.824244,-2.05941,-1.19902,0.857167,1.58527,-0.116352
5,2.14971,-0.825993,-2.06032,-1.19529,0.856291,1.58541,-0.115065
5,2.15254,-0.827743,-2.06123,-1.19155,0.855416,1.58557,-0.113774
5,2.15537,-0.829495,-2.06214,-1.1878,0.854541,1.58574,-0.112481
5,2.15821,-0.831248,-2.06305,-1.18404,0.853667,1.58591,-0.111184
5,2.16104,-0.833004,-2.06396,-1.18026,0.852793,1.5861,-0.109884
5,2.16387,-0.834762,-2.06487,-1.17647,0.85192,1.5863,-0.10858
5,2.16671,-0.836521,-2.06577,-1.17267,0.851047,1.5865,-0.107274
5,2.16954,-0.838282,-2.06667,-1.16885,0.850174,1.58672,-0.105963
5,2.17237,-0.840046,-2.06757,-1.16502,0.849302,1.58694,-0.10465
5,2.17521,-0.841811,-2.06847,-1.16118,0.848431,1.58717,-0.103333
5,2.17804,-0.843579,-2.06936,-1.15733,0.84756,1.58742,-0.102012
5,2.18087,-0.845349,-2.07026,-1.15346,0.846689,1.58767,-0.100688
5,2.18371,-0.84712,-2.07115,-1.14958,0.845819,1.58793,-0.0993605
5,2.18655,-0.848895,-2.07204,-1.14568,0.84495,1.58821,-0.0980292
5,2.18938,-0.850671,-2.07293,-1.14178,0.844081,1.58849,-0.0966943
5,2.19222,-0.85245,-2.07382,-1.13785,0.843212,1.58878,-0.0953556
5,2.19506,-0.854231,-2.0747,-1.13392,0.842344,1.58909,-0.0940132
5,2.1979,-0.856015,-2.07559,-1.12997,0.841476,1.5894,-0.092667
5,2.20074,-0.857801,-2.07647,-1.126,0.840609,1.58972,-0.091317
5,2.20358,-0.85959,-2.07735,-1.12202,0.839742,1.59005,-0.0899631
5,2.20642,-0.861381,-2.07823,-1.11803,0.838876,1.5904,-0.0886053
5,2.20927,-0.863175,-2.0791,-1.11402,0.83801,1.59075,-0.0872435
5,2.21211,-0.864971,-2.07998,-1.11,0.837145,1.59111,-0.0858777
5,2.21496,-0.866771,-2.08085,-1.10596,0.836281,1.59148,-0.0845078
5,2.21781,-0.868573,-2.08172,-1.10191,0.835416,1.59187,-0.0831337
5,2.22066,-0.870378,-2.08259,-1.09784,0.834553,1.59226,-0.0817556
5,2.22351,-0.872186,-2.08346,-1.09376,0.833689,1.59266,-0.0803731
5,2.22637,-0.873997,-2.08433,-1.08966,0.832827,1.59308,-0.0789864
5,2.22922,-0.875811,-2.08519,-1.08555,0.831965,1.5935,-0.0775954
5,2.23208,-0.877628,-2.08605,-1.08142,0.831103,1.59394,-0.0762
5,2.23494,-0.879448,-2.08692,-1.07727,0.830242,1.59438,-0.0748001
5,2.2378,-0.881272,-2.08777,-1.07311,0.829381,1.59484,-0.0733958
5,2.24067,-0.883099,-2.08863,-1.06893,0.828521,1.59531,-0.0719868
5,2.24353,-0.884929,-2.08949,-1.06473,0.827661,1.59578,-0.0705733
5,2.2464,-0.886762,-2.09035,-1.06052,0.826802,1.59627,-0.0691551
5,2.24927,-0.888599,-2.0912,-1.05629,0.825944,1.59677,-0.0677321
5,2.25215,-0.89044,-2.09205,-1.05204,0.825086,1.59728,-0.0663043
5,2.25503,-0.892284,-2.0929,-1.04778,0.824228,1.5978,-0.0648717
5,2.25791,-0.894132,-2.09375,-1.04349,0.823371,1.59833,-0.0634341
5,2.26079,-0.895984,-2.0946,-1.03919,0.822515,1.59887,-0.0619915
5,2.26368,-0.897839,-2.09544,-1.03488,0.821659,1.59943,-0.0605439
5,2.26657,-0.899699,-2.09629,-1.03054,0.820803,1.59999,-0.059091
5,2.26946,-0.901562,-2.09713,-1.02618,0.819949,1.60057,-0.057633
5,2.27235,-0.903429,-2.09797,-1.02181,0.819094,1.60116,-0.0561697
5,2.27525,-0.905301,-2.09881,-1.01742,0.81824,1.60175,-0.054701
5,2.27816,-0.907177,-2.09965,-1.01301,0.817387,1.60236,-0.0532269
5,2.28107,-0.909057,-2.10049,-1.00857,0.816534,1.60299,-0.0517472
5,2.28398,-0.910941,-2.10132,-1.00412,0.815682,1.60362,-0.050262
5,2.28689,-0.91283,-2.10216,-0.999652,0.81483,1.60426,-0.0487711
5,2.28981,-0.914724,-2.10299,-0.995161,0.813979,1.60492,-0.0472743
5,2.29274,-0.916622,-2.10382,-0.990649,0.813128,1.60559,-0.0457718
5,2.29566,-0.918524,-2.10465,-0.986116,0.812278,1.60627,-0.0442633
5,2.2986,-0.920432,-2.10548,-0.981562,0.811429,1.60696,-0.0427487
5,2.30153,-0.922345,-2.10631,-0.976988,0.81058,1.60767,-0.041228
5,2.30448,-0.924262,-2.10713,-0.972391,0.809731,1.60839,-0.0397012
5,2.30742,-0.926185,-2.10796,-0.967772,0.808883,1.60912,-0.0381679
5,2.31038,-0.928112,-2.10878,-0.963132,0.808036,1.60986,-0.0366283
5,2.31333,-0.930045,-2.1096,-0.958468,0.807189,1.61061,-0.0350821
5,2.3163,-0.931984,-2.11042,-0.953782,0.806342,1.61138,-0.0335293
5,2.31927,-0.933928,-2.11124,-0.949073,0.805497,1.61216,-0.0319698
5,2.31927,-0.933631,-2.11116,-0.951747,0.805583,1.61024,-0.0336385
5,2.3193,-0.933343,-2.11107,-0.954403,0.805671,1.60833,-0.0353001
5,2.31932,-0.93306,-2.11098,-0.957046,0.805758,1.60642,-0.0369571
5,2.31936,-0.932783,-2.1109,-0.959677,0.805847,1.60451,-0.0386094
5,2.3194,-0.932511,-2.11081,-0.962295,0.805935,1.60261,-0.0402572
5,2.31945,-0.932244,-2.11073,-0.964901,0.806024,1.6007,-0.0419004
5,2.31951,-0.931982,-2.11065,-0.967494,0.806114,1.5988,-0.0435391
5,2.31958,-0.931726,-2.11056,-0.970076,0.806203,1.5969,-0.0451733
5,2.31965,-0.931475,-2.11048,-0.972645,0.806293,1.595,-0.0468032
5,2.31973,-0.931229,-2.1104,-0.975202,0.806384,1.59311,-0.0484286
5,2.31982,-0.930989,-2.11031,-0.977748,0.806475,1.59121,-0.0500497
5,2.31991,-0.930754,-2.11023,-0.980281,0.806566,1.58932,-0.0516666
5,2.32001,-0.930524,-2.11015,-0.982803,0.806658,1.58743,-0.0532791
5,2.32012,-0.930299,-2.11007,-0.985313,0.80675,1.58554,-0.0548875
5,2.32023,-0.93008,-2.10999,-0.987812,0.806843,1.58365,-0.0564916
5,2.32035,-0.929865,-2.10991,-0.990298,0.806935,1.58176,-0.0580917
5,2.32048,-0.929656,-2.10983,-0.992774,0.807029,1.57988,-0.0596876
5,2.32062,-0.929452,-2.10975,-0.995238,0.807122,1.57799,-0.0612794
5,2.32076,-0.929253,-2.10968,-0.99769,0.807216,1.57611,-0.0628672
5,2.32091,-0.929059,-2.1096,-1.00013,0.807311,1.57423,-0.064451
5,2.32106,-0.92887,-2.10952,-1.00256,0.807406,1.57235,-0.0660308
5,2.32122,-0.928686,-2.10945,-1.00498,0.807501,1.57048,-0.0676066
5,2.32139,-0.928508,-2.10937,-1.00739,0.807596,1.5686,-0.0691786
5,2.32157,-0.928334,-2.10929,-1.00979,0.807692,1.56673,-0.0707467
5,2.32175,-0.928165,-2.10922,-1.01217,0.807788,1.56485,-0.0723109
5,2.32194,-0.928002,-2.10915,-1.01455,0.807885,1.56298,-0.0738714
5,2.32214,-0.927843,-2.10907,-1.01691,0.807982,1.56111,-0.0754281
5,2.32234,-0.92769,-2.109,-1.01927,0.808079,1.55924,-0.076981
5,2.32255,-0.927541,-2.10893,-1.02161,0.808177,1.55738,-0.0785302
5,2.32276,-0.927397,-2.10885,-1.02394,0.808275,1.55551,-0.0800757
5,2.32298,-0.927258,-2.10878,-1.02626,0.808374,1.55365,-0.0816176
5,2.32321,-0.927124,-2.10871,-1.02857,0.808473,1.55178,-0.0831559
5,2.32344,-0.926996,-2.10864,-1.03087,0.808572,1.54992,-0.0846905
5,2.32368,-0.926872,-2.10857,-1.03316,0.808672,1.54806,-0.0862216
5,2.32393,-0.926752,-2.1085,-1.03544,0.808772,1.5462,-0.0877492
5,2.32418,-0.926638,-2.10844,-1.03771,0.808872,1.54435,-0.0892733
5,2.32444,-0.926529,-2.10837,-1.03997,0.808973,1.54249,-0.0907939
5,2.3247,-0.926424,-2.1083,-1.04222,0.809074,1.54064,-0.092311
5,2.32498,-0.926325,-2.10823,-1.04446,0.809175,1.53878,-0.0938247
5,2.32525,-0.92623,-2.10817,-1.04669,0.809277,1.53693,-0.095335
5,2.32554,-0.92614,-2.1081,-1.04891,0.809379,1.53508,-0.096842
5,2.32583,-0.926054,-2.10804,-1.05112,0.809481,1.53323,-0.0983456
5,2.32612,-0.925974,-2.10797,-1.05332,0.809584,1.53138,-0.0998459
5,2.32642,-0.925898,-2.10791,-1.05551,0.809687,1.52953,-0.101343
5,2.32673,-0.925828,-2.10785,-1.05768,0.809791,1.52769,-0.102837
5,2.32704,-0.925761,-2.10778,-1.05985,0.809895,1.52584,-0.104327
5,2.32736,-0.9257,-2.10772,-1.06201,0.809999,1.524,-0.105814
5,2.32769,-0.925644,-2.10766,-1.06416,0.810104,1.52215,-0.107299
5,2.32802,-0.925592,-2.1076,-1.0663,0.810209,1.52031,-0.108779
5,2.32836,-0.925545,-2.10754,-1.06843,0.810314,1.51847,-0.110257
5,2.3287,-0.925502,-2.10748,-1.07056,0.810419,1.51663,-0.111732
5,2.32905,-0.925464,-2.10742,-1.07267,0.810525,1.51479,-0.113204
5,2.3294,-0.925431,-2.10736,-1.07477,0.810632,1.51296,-0.114672
5,2.32976,-0.925403,-2.10731,-1.07686,0.810738,1.51112,-0.116138
5,2.33013,-0.925379,-2.10725,-1.07894,0.810845,1.50928,-0.1176
5,2.3305,-0.92536,-2.10719,-1.08102,0.810953,1.50745,-0.11906
5,2.33088,-0.925346,-2.10714,-1.08308,0.81106,1.50562,-0.120516
5,2.33126,-0.925336,-2.10708,-1.08514,0.811169,1.50378,-0.12197
5,2.33165,-0.925331,-2.10703,-1.08718,0.811277,1.50195,-0.12342
5,2.33205,-0.925331,-2.10697,-1.08922,0.811386,1.50012,-0.124868
5,2.33245,-0.925335,-2.10692,-1.09125,0.811495,1.49829,-0.126313
5,2.33285,-0.925344,-2.10687,-1.09327,0.811604,1.49646,-0.127755
5,2.33327,-0.925358,-2.10681,-1.09528,0.811714,1.49464,-0.129194
5,2.33368,-0.925376,-2.10676,-1.09728,0.811824,1.49281,-0.13063
5,2.33411,-0.925398,-2.10671,-1.09927,0.811934,1.49099,-0.132064
5,2.33453,-0.925425,-2.10666,-1.10125,0.812045,1.48916,-0.133494
5,2.33497,-0.925457,-2.10661,-1.10322,0.812156,1.48734,-0.134922
5,2.33541,-0.925494,-2.10656,-1.10519,0.812268,1.48552,-0.136347
5,2.33585,-0.925534,-2.10652,-1.10714,0.812379,1.48369,-0.13777
5,2.3363,-0.92558,-2.10647,-1.10909,0.812491,1.48187,-0.13919
5,2.33675,-0.92563,-2.10642,-1.11103,0.812604,1.48005,-0.140607
5,2.33722,-0.925684,-2.10638,-1.11295,0.812716,1.47824,-0.142021
5,2.33768,-0.925743,-2.10633,-1.11487,0.81283,1.47642,-0.143433
5,2.33815,-0.925807,-2.10629,-1.11679,0.812943,1.4746,-0.144842
5,2.33863,-0.925875,-2.10624,-1.11869,0.813057,1.47279,-0.146249
5,2.33911,-0.925948,-2.1062,-1.12058,0.813171,1.47097,-0.147653
5,2.3396,-0.926025,-2.10615,-1.12247,0.813285,1.46916,-0.149054
5,2.34009,-0.926106,-2.10611,-1.12434,0.8134,1.46734,-0.150453
5,2.34059,-0.926192,-2.10607,-1.12621,0.813515,1.46553,-0.151849
5,2.34109,-0.926283,-2.10603,-1.12807,0.81363,1.46372,-0.153243
5,2.3416,-0.926378,-2.10599,-1.12992,0.813746,1.46191,-0.154634
5,2.34211,-0.926477,-2.10595,-1.13177,0.813862,1.4601,-0.156023
5,2.34263,-0.926581,-2.10591,-1.1336,0.813978,1.45829,-0.15741
5,2.34315,-0.926689,-2.10587,-1.13543,0.814095,1.45648,-0.158794
5,2.34368,-0.926802,-2.10584,-1.13724,0.814212,1.45468,-0.160175
5,2.34422,-0.926919,-2.1058,-1.13905,0.814329,1.45287,-0.161554
5,2.34476,-0.927041,-2.10576,-1.14085,0.814446,1.45106,-0.162931
5,2.3453,-0.927167,-2.10573,-1.14265,0.814564,1.44926,-0.164305
5,2.34585,-0.927297,-2.10569,-1.14443,0.814683,1.44746,-0.165677
5,2.3464,-0.927432,-2.10566,-1.14621,0.814801,1.44565,-0.167047
5,2.34696,-0.927571,-2.10562,-1.14797,0.81492,1.44385,-0.168414
5,2.34752,-0.927715,-2.10559,-1.14973,0.815039,1.44205,-0.169779
5,2.34809,-0.927863,-2.10556,-1.15148,0.815159,1.44025,-0.171142
5,2.34867,-0.928015,-2.10553,-1.15323,0.815278,1.43845,-0.172503
5,2.34925,-0.928172,-2.1055,-1.15496,0.815398,1.43665,-0.173861
5,2.34983,-0.928333,-2.10547,-1.15669,0.815519,1.43485,-0.175217
5,2.35042,-0.928498,-2.10544,-1.15841,0.81564,1.43306,-0.17657
5,2.35101,-0.928668,-2.10541,-1.16012,0.815761,1.43126,-0.177922
5,2.35161,-0.928842,-2.10538,-1.16182,0.815882,1.42946,-0.179271
5,2.35221,-0.92902,-2.10535,-1.16351,0.816004,1.42767,-0.180618
5,2.35282,-0.929203,-2.10532,-1.1652,0.816126,1.42588,-0.181963
5,2.35343,-0.92939,-2.1053,-1.16688,0.816248,1.42408,-0.183306
5,2.35405,-0.929582,-2.10527,-1.16855,0.816371,1.42229,-0.184647
5,2.35467,-0.929777,-2.10525,-1.17021,0.816493,1.4205,-0.185985
5,2.3553,-0.929978,-2.10522,-1.17186,0.816617,1.41871,-0.187322
5,2.35593,-0.930182,-2.1052,-1.17351,0.81674,1.41692,-0.188656
5,2.35657,-0.93039,-2.10518,-1.17515,0.816864,1.41513,-0.189988
5,2.35721,-0.930603,-2.10515,-1.17678,0.816988,1.41334,-0.191318
5,2.35786,-0.930821,-2.10513,-1.1784,0.817112,1.41155,-0.192646
5,2.35851,-0.931042,-2.10511,-1.18002,0.817237,1.40977,-0.193972
5,2.35916,-0.931268,-2.10509,-1.18163,0.817362,1.40798,-0.195297
5,2.35982,-0.931498,-2.10507,-1.18323,0.817488,1.4062,-0.196619
5,2.36049,-0.931732,-2.10505,-1.18482,0.817613,1.40441,-0.197939
5,2.36116,-0.931971,-2.10504,-1.1864,0.817739,1.40263,-0.199257
5,2.36183,-0.932213,-2.10502,-1.18798,0.817865,1.40085,-0.200573
5,2.36251,-0.93246,-2.105,-1.18955,0.817992,1.39906,-0.201887
5,2.36319,-0.932712,-2.10498,-1.19111,0.818119,1.39728,-0.203199
5,2.36388,-0.932967,-2.10497,-1.19266,0.818246,1.3955,-0.204509
5,2.36457,-0.933227,-2.10495,-1.19421,0.818373,1.39372,-0.205818
5,2.36527,-0.933491,-2.10494,-1.19575,0.818501,1.39195,-0.207124
5,2.36597,-0.933759,-2.10493,-1.19728,0.818629,1.39017,-0.208428
5,2.36667,-0.934031,-2.10491,-1.1988,0.818757,1.38839,-0.209731
5,2.36738,-0.934308,-2.1049,-1.20031,0.818886,1.38661,-0.211032
5,2.3681,-0.934588,-2.10489,-1.20182,0.819015,1.38484,-0.212331
5,2.36882,-0.934873,-2.10488,-1.20332,0.819144,1.38306,-0.213628
5,2.36954,-0.935162,-2.10487,-1.20481,0.819273,1.38129,-0.214923
5,2.37027,-0.935456,-2.10486,-1.2063,0.819403,1.37952,-0.216216
5,2.371,-0.935753,-2.10485,-1.20778,0.819533,1.37775,-0.217508
5,2.37173,-0.936055,-2.10484,-1.20925,0.819664,1.37597,-0.218798
6,-0.864911,1.31714,-1.48274,1.20924,0.13602,-1.19437,-2.99938
6,-0.864911,1.31714,-1.48274,1.20924,0.13602,-1.19437,-2.99938
6,-0.862356,1.31732,-1.48341,1.20512,0.135635,-1.19605,-2.99932
6,-0.859793,1.3175,-1.48409,1.20098,0.13525,-1.19775,-2.99926
6,-0.857225,1.31769,-1.48476,1.19683,0.134865,-1.19945,-2.9992
6,-0.854651,1.31788,-1.48543,1.19266,0.13448,-1.20116,-2.99913
6,-0.852072,1.31806,-1.48609,1.18847,0.134094,-1.20287,-2.99907
6,-0.849487,1.31825,-1.48676,1.18428,0.133708,-1.2046,-2.999
6,-0.846896,1.31844,-1.48743,1.18007,0.133322,-1.20633,-2.99893
6,-0.844299,1.31863,-1.48809,1.17584,0.132936,-1.20807,-2.99886
6,-0.841697,1.31882,-1.48875,1.17161,0.132549,-1.20982,-2.99879
6,-0.839089,1.31902,-1.48942,1.16735,0.132162,-1.21158,-2.99872
6,-0.836474,1.31921,-1.49008,1.16309,0.131775,-1.21335,-2.99865
6,-0.833854,1.31941,-1.49074,1.15881,0.131387,-1.21512,-2.99858
6,-0.831227,1.3196,-1.49139,1.15451,0.130999,-1.2169,-2.99851
6,-0.828594,1.3198,-1.49205,1.1502,0.130611,-1.21869,-2.99843
6,-0.825955,1.32,-1.49271,1.14587,0.130222,-1.22049,-2.99836
6,-0.823309,1.3202,-1.49336,1.14153,0.129833,-1.2223,-2.99828
6,-0.820657,1.3204,-1.49402,1.13717,0.129443,-1.22412,-2.9982
6,-0.817998,1.3206,-1.49467,1.1328,0.129054,-1.22594,-2.99812
6,-0.815332,1.3208,-1.49532,1.12841,0.128664,-1.22778,-2.99805
6,-0.812659,1.32101,-1.49597,1.124,0.128273,-1.22962,-2.99796
6,-0.80998,1.32121,-1.49662,1.11958,0.127882,-1.23147,-2.99788
6,-0.807293,1.32142,-1.49727,1.11514,0.127491,-1.23334,-2.9978
6,-0.804599,1.32162,-1.49791,1.11069,0.127099,-1.23521,-2.99772
6,-0.801898,1.32183,-1.49856,1.10622,0.126707,-1.23709,-2.99763
6,-0.79919,1.32204,-1.4992,1.10173,0.126314,-1.23898,-2.99755
6,-0.796474,1.32225,-1.49985,1.09723,0.125921,-1.24088,-2.99746
6,-0.79375,1.32246,-1.50049,1.0927,0.125528,-1.24279,-2.99737
6,-0.791019,1.32267,-1.50113,1.08816,0.125134,-1.24471,-2.99729
6,-0.78828,1.32289,-1.50177,1.0836,0.124739,-1.24663,-2.9972
6,-0.785533,1.3231,-1.50241,1.07903,0.124344,-1.24857,-2.99711
6,-0.782778,1.32331,-1.50305,1.07443,0.123949,-1.25052,-2.99701
6,-0.780015,1.32353,-1.50368,1.06982,0.123553,-1.25248,-2.99692
6,-0.777243,1.32375,-1.50432,1.06519,0.123156,-1.25445,-2.99683
6,-0.774463,1.32397,-1.50495,1.06054,0.122759,-1.25643,-2.99673
6,-0.771675,1.32419,-1.50559,1.05587,0.122361,-1.25842,-2.99664
6,-0.768878,1.32441,-1.50622,1.05118,0.121963,-1.26042,-2.99654
6,-0.766072,1.32463,-1.50685,1.04647,0.121564,-1.26243,-2.99644
6,-0.763257,1.32485,-1.50748,1.04174,0.121165,-1.26446,-2.99635
6,-0.760433,1.32507,-1.50811,1.03699,0.120765,-1.26649,-2.99625
6,-0.757599,1.3253,-1.50874,1.03221,0.120364,-1.26854,-2.99614
6,-0.754757,1.32552,-1.50937,1.02742,0.119963,-1.27059,-2.99604
6,-0.751904,1.32575,-1.51,1.02261,0.119561,-1.27266,-2.99594
6,-0.751031,1.32552,-1.51001,1.02364,0.119596,-1.27076,-2.9959
6,-0.750149,1.3253,-1.51002,1.02465,0.11963,-1.26886,-2.99586
6,-0.749263,1.32507,-1.51004,1.02566,0.119664,-1.26696,-2.99582
6,-0.748372,1.32484,-1.51005,1.02665,0.119697,-1.26507,-2.99579
6,-0.747476,1.32461,-1.51007,1.02765,0.11973,-1.26318,-2.99574
6,-0.746575,1.32438,-1.51008,1.02863,0.119762,-1.26129,-2.9957
6,-0.74567,1.32415,-1.5101,1.0296,0.119794,-1.25941,-2.99566
6,-0.744759,1.32393,-1.51012,1.03057,0.119825,-1.25753,-2.99562
6,-0.743843,1.3237,-1.51014,1.03153,0.119856,-1.25565,-2.99558
6,-0.742923,1.32347,-1.51016,1.03248,0.119887,-1.25377,-2.99553
6,-0.741998,1.32324,-1.51018,1.03343,0.119917,-1.2519,-2.99549
6,-0.741068,1.32301,-1.5102,1.03436,0.119946,-1.25003,-2.99545
6,-0.740133,1.32279,-1.51023,1.03529,0.119975,-1.24817,-2.9954
6,-0.739193,1.32256,-1.51025,1.03621,0.120004,-1.2463,-2.99536
6,-0.738249,1.32233,-1.51027,1.03713,0.120032,-1.24445,-2.99531
6,-0.737299,1.3221,-1.5103,1.03803,0.120059,-1.24259,-2.99526
6,-0.736345,1.32187,-1.51033,1.03893,0.120086,-1.24074,-2.99522
6,-0.735386,1.32165,-1.51036,1.03982,0.120113,-1.23888,-2.99517
6,-0.734423,1.32142,-1.51038,1.0407,0.120139,-1.23704,-2.99512
6,-0.733455,1.32119,-1.51041,1.04158,0.120165,-1.23519,-2.99507
6,-0.732481,1.32096,-1.51045,1.04244,0.12019,-1.23335,-2.99502
6,-0.731504,1.32074,-1.51048,1.0433,0.120214,-1.23151,-2.99497
6,-0.730521,1.32051,-1.51051,1.04416,0.120238,-1.22968,-2.99492
6,-0.729534,1.32028,-1.51054,1.045,0.120262,-1.22785,-2.99487
6,-0.728542,1.32005,-1.51058,1.04584,0.120285,-1.22602,-2.99482
6,-0.727545,1.31983,-1.51061,1.04667,0.120308,-1.22419,-2.99477
6,-0.726544,1.3196,-1.51065,1.04749,0.12033,-1.22237,-2.99472
6,-0.725538,1.31937,-1.51069,1.04831,0.120351,-1.22055,-2.99466
6,-0.724528,1.31915,-1.51073,1.04911,0.120372,-1.21873,-2.99461
6,-0.723512,1.31892,-1.51077,1.04991,0.120393,-1.21692,-2.99456
6,-0.722492,1.31869,-1.51081,1.0507,0.120413,-1.21511,-2.9945
6,-0.721468,1.31846,-1.51085,1.05149,0.120433,-1.2133,-2.99445
6,-0.720439,1.31824,-1.51089,1.05227,0.120452,-1.21149,-2.99439
6,-0.719405,1.31801,-1.51094,1.05304,0.12047,-1.20969,-2.99433
6,-0.718367,1.31778,-1.51098,1.0538,0.120488,-1.20789,-2.99428
6,-0.717324,1.31756,-1.51103,1.05455,0.120506,-1.2061,-2.99422
6,-0.716276,1.31733,-1.51107,1.0553,0.120523,-1.20431,-2.99416
6,-0.715224,1.3171,-1.51112,1.05604,0.120539,-1.20252,-2.9941
6,-0.714168,1.31688,-1.51117,1.05677,0.120555,-1.20073,-2.99405
6,-0.713106,1.31665,-1.51122,1.0575,0.120571,-1.19895,-2.99399
6,-0.712041,1.31643,-1.51127,1.05822,0.120586,-1.19716,-2.99393
6,-0.710971,1.3162,-1.51132,1.05893,0.1206,-1.19539,-2.99386
6,-0.709896,1.31597,-1.51138,1.05963,0.120614,-1.19361,-2.9938
6,-0.708817,1.31575,-1.51143,1.06032,0.120628,-1.19184,-2.99374
6,-0.707733,1.31552,-1.51149,1.06101,0.12064,-1.19007,-2.99368
6,-0.706645,1.3153,-1.51154,1.06169,0.120653,-1.18831,-2.99362
6,-0.705552,1.31507,-1.5116,1.06237,0.120664,-1.18655,-2.99355
6,-0.704455,1.31484,-1.51166,1.06303,0.120676,-1.18479,-2.99349
6,-0.703353,1.31462,-1.51172,1.06369,0.120686,-1.18303,-2.99342
6,-0.702247,1.31439,-1.51178,1.06434,0.120697,-1.18128,-2.99336
6,-0.701136,1.31417,-1.51184,1.06499,0.120706,-1.17953,-2.99329
6,-0.700021,1.31394,-1.5119,1.06563,0.120715,-1.17778,-2.99323
6,-0.698902,1.31372,-1.51197,1.06626,0.120724,-1.17604,-2.99316
6,-0.697778,1.31349,-1.51203,1.06688,0.120732,-1.1743,-2.99309
6,-0.69665,1.31327,-1.5121,1.06749,0.120739,-1.17256,-2.99303
6,-0.695517,1.31304,-1.51216,1.0681,0.120746,-1.17082,-2.99296
6,-0.69438,1.31282,-1.51223,1.0687,0.120753,-1.16909,-2.99289
6,-0.693239,1.31259,-1.5123,1.0693,0.120759,-1.16736,-2.99282
6,-0.692093,1.31237,-1.51237,1.06988,0.120764,-1.16564,-2.99275
6,-0.690943,1.31214,-1.51244,1.07046,0.120769,-1.16391,-2.99268
6,-0.689788,1.31192,-1.51252,1.07103,0.120773,-1.16219,-2.99261
6,-0.688629,1.3117,-1.51259,1.0716,0.120777,-1.16048,-2.99254
6,-0.687466,1.31147,-1.51266,1.07215,0.12078,-1.15876,-2.99246
6,-0.686298,1.31125,-1.51274,1.0727,0.120782,-1.15705,-2.99239
6,-0.685126,1.31102,-1.51282,1.07325,0.120784,-1.15535,-2.99232
6,-0.68395,1.3108,-1.51289,1.07378,0.120786,-1.15364,-2.99225
6,-0.68277,1.31058,-1.51297,1.07431,0.120787,-1.15194,-2.99217
7,0.108185,1.80252,0.456823,1.07431,-1.8931,-1.88873,-2.41962
7,0.108185,1.80252,0.456823,1.07431,-1.8931,-1.88873,-2.41962
7,0.10918,1.8042,0.457281,1.07897,-1.89248,-1.88973,-2.41694
7,0.11017,1.80586,0.457739,1.08361,-1.89187,-1.89072,-2.41426
7,0.111157,1.80751,0.458197,1.08823,-1.89125,-1.89171,-2.41159
7,0.112141,1.80915,0.458655,1.09283,-1.89063,-1.89269,-2.40893
7,0.113121,1.81078,0.459113,1.09742,-1.89001,-1.89367,-2.40628
7,0.114098,1.8124,0.45957,1.10198,-1.88939,-1.89465,-2.40363
7,0.115073,1.81402,0.460028,1.10653,-1.88876,-1.89562,-2.40099
7,0.116044,1.81562,0.460485,1.11106,-1.88814,-1.89659,-2.39835
7,0.117012,1.81721,0.460942,1.11557,-1.88751,-1.89756,-2.39572
7,0.117977,1.8188,0.4614,1.12007,-1.88688,-1.89852,-2.39309
7,0.118939,1.82037,0.461856,1.12455,-1.88625,-1.89948,-2.39047
7,0.119898,1.82194,0.462313,1.12902,-1.88562,-1.90043,-2.38786
7,0.120854,1.8235,0.46277,1.13346,-1.88499,-1.90138,-2.38525
7,0.121807,1.82505,0.463226,1.1379,-1.88436,-1.90233,-2.38265
7,0.122757,1.82659,0.463682,1.14231,-1.88372,-1.90327,-2.38005
7,0.123704,1.82812,0.464139,1.14671,-1.88309,-1.90421,-2.37746
7,0.124649,1.82964,0.464595,1.1511,-1.88245,-1.90515,-2.37487
7,0.125591,1.83116,0.46505,1.15547,-1.88181,-1.90608,-2.37229
7,0.12653,1.83266,0.465506,1.15982,-1.88117,-1.90701,-2.36971
7,0.127466,1.83416,0.465961,1.16416,-1.88053,-1.90794,-2.36714
7,0.1284,1.83565,0.466417,1.16849,-1.87989,-1.90886,-2.36457
7,0.12933,1.83713,0.466872,1.1728,-1.87924,-1.90978,-2.36201
7,0.130259,1.83861,0.467327,1.17709,-1.8786,-1.9107,-2.35945
7,0.131184,1.84007,0.467782,1.18137,-1.87795,-1.91161,-2.3569
7,0.132107,1.84153,0.468236,1.18564,-1.8773,-1.91252,-2.35435
7,0.133028,1.84298,0.468691,1.18989,-1.87665,-1.91343,-2.3518
7,0.133945,1.84442,0.469145,1.19413,-1.876,-1.91433,-2.34926
7,0.134861,1.84586,0.469599,1.19836,-1.87535,-1.91523,-2.34673
7,0.135773,1.84728,0.470053,1.20257,-1.87469,-1.91613,-2.34419
7,0.136684,1.8487,0.470506,1.20677,-1.87404,-1.91702,-2.34167
7,0.137591,1.85011,0.47096,1.21095,-1.87338,-1.91791,-2.33914
7,0.138497,1.85152,0.471413,1.21512,-1.87272,-1.9188,-2.33662
7,0.139399,1.85291,0.471866,1.21928,-1.87207,-1.91968,-2.33411
7,0.1403,1.8543,0.472319,1.22343,-1.8714,-1.92056,-2.3316
7,0.141198,1.85569,0.472772,1.22756,-1.87074,-1.92144,-2.32909
7,0.142094,1.85706,0.473224,1.23168,-1.87008,-1.92232,-2.32658
7,0.142987,1.85843,0.473677,1.23579,-1.86941,-1.92319,-2.32408
7,0.143878,1.85979,0.474129,1.23989,-1.86875,-1.92406,-2.32158
7,0.144766,1.86114,0.474581,1.24397,-1.86808,-1.92493,-2.31909
7,0.145653,1.86249,0.475032,1.24804,-1.86741,-1.92579,-2.3166
7,0.146537,1.86383,0.475484,1.2521,-1.86674,-1.92665,-2.31411
7,0.147418,1.86516,0.475935,1.25615,-1.86607,-1.92751,-2.31163
7,0.148298,1.86648,0.476386,1.26018,-1.86539,-1.92836,-2.30915
7,0.149175,1.8678,0.476837,1.26421,-1.86472,-1.92922,-2.30667
7,0.15005,1.86911,0.477288,1.26822,-1.86404,-1.93006,-2.3042
7,0.150923,1.87042,0.477738,1.27222,-1.86337,-1.93091,-2.30173
7,0.151793,1.87172,0.478188,1.27621,-1.86269,-1.93176,-2.29926
7,0.152662,1.87301,0.478638,1.28019,-1.86201,-1.9326,-2.2968
7,0.153528,1.87429,0.479088,1.28415,-1.86133,-1.93343,-2.29433
7,0.154392,1.87557,0.479538,1.28811,-1.86064,-1.93427,-2.29187
7,0.155254,1.87684,0.479987,1.29205,-1.85996,-1.9351,-2.28942
7,0.156114,1.87811,0.480436,1.29599,-1.85927,-1.93593,-2.28697
7,0.156971,1.87936,0.480885,1.29991,-1.85858,-1.93676,-2.28451
7,0.157827,1.88062,0.481334,1.30382,-1.85789,-1.93759,-2.28207
7,0.158681,1.88186,0.481782,1.30772,-1.8572,-1.93841,-2.27962
7,0.159532,1.8831,0.48223,1.31162,-1.85651,-1.93923,-2.27718
7,0.160381,1.88433,0.482678,1.3155,-1.85582,-1.94005,-2.27474
7,0.161229,1.88556,0.483125,1.31937,-1.85513,-1.94086,-2.2723
7,0.162074,1.88678,0.483573,1.32323,-1.85443,-1.94167,-2.26987
7,0.162917,1.88799,0.48402,1.32708,-1.85373,-1.94248,-2.26743
7,0.163758,1.8892,0.484467,1.33092,-1.85303,-1.94329,-2.265
7,0.164597,1.8904,0.484913,1.33475,-1.85233,-1.9441,-2.26258
7,0.165434,1.8916,0.48536,1.33857,-1.85163,-1.9449,-2.26015
7,0.16627,1.89279,0.485806,1.34238,-1.85093,-1.9457,-2.25773
7,0.167103,1.89397,0.486252,1.34618,-1.85022,-1.9465,-2.2553
7,0.167934,1.89515,0.486697,1.34997,-1.84952,-1.94729,-2.25288
7,0.168763,1.89632,0.487142,1.35375,-1.84881,-1.94808,-2.25047
7,0.16959,1.89749,0.487587,1.35753,-1.8481,-1.94887,-2.24805
7,0.170416,1.89864,0.488032,1.36129,-1.84739,-1.94966,-2.24564
7,0.171239,1.8998,0.488477,1.36504,-1.84668,-1.95045,-2.24323
7,0.172061,1.90095,0.488921,1.36879,-1.84597,-1.95123,-2.24082
7,0.17288,1.90209,0.489365,1.37252,-1.84525,-1.95201,-2.23841
7,0.173698,1.90322,0.489808,1.37625,-1.84453,-1.95279,-2.236
7,0.174514,1.90435,0.490251,1.37997,-1.84382,-1.95356,-2.2336
7,0.175327,1.90548,0.490694,1.38367,-1.8431,-1.95434,-2.2312
7,0.176139,1.9066,0.491137,1.38737,-1.84238,-1.95511,-2.2288
7,0.176949,1.90771,0.49158,1.39106,-1.84165,-1.95588,-2.2264
7,0.177758,1.90882,0.492022,1.39475,-1.84093,-1.95665,-2.224
7,0.178564,1.90992,0.492464,1.39842,-1.84021,-1.95741,-2.22161
7,0.179368,1.91101,0.492905,1.40208,-1.83948,-1.95817,-2.21921
7,0.180171,1.91211,0.493346,1.40574,-1.83875,-1.95893,-2.21682
7,0.180972,1.91319,0.493787,1.40939,-1.83802,-1.95969,-2.21443
7,0.181771,1.91427,0.494228,1.41302,-1.83729,-1.96045,-2.21204
7,0.182568,1.91534,0.494668,1.41666,-1.83656,-1.9612,-2.20965
7,0.183363,1.91641,0.495108,1.42028,-1.83583,-1.96195,-2.20726
7,0.184157,1.91747,0.495547,1.42389,-1.83509,-1.9627,-2.20488
7,0.184948,1.91853,0.495987,1.4275,-1.83435,-1.96345,-2.20249
7,0.185738,1.91958,0.496426,1.4311,-1.83362,-1.96419,-2.20011
7,0.186526,1.92063,0.496864,1.43469,-1.83288,-1.96493,-2.19773
7,0.187312,1.92167,0.497303,1.43827,-1.83213,-1.96567,-2.19535
7,0.188097,1.9227,0.497741,1.44184,-1.83139,-1.96641,-2.19297
7,0.188879,1.92373,0.498178,1.44541,-1.83065,-1.96715,-2.19059
7,0.18966,1.92476,0.498615,1.44896,-1.8299,-1.96788,-2.18821
7,0.190439,1.92578,0.499052,1.45251,-1.82916,-1.96861,-2.18583
7,0.191216,1.92679,0.499489,1.45606,-1.82841,-1.96934,-2.18346
7,0.191992,1.9278,0.499925,1.45959,-1.82766,-1.97007,-2.18108
7,0.192766,1.92881,0.500361,1.46312,-1.8269,-1.9708,-2.17871
7,0.193537,1.9298,0.500796,1.46664,-1.82615,-1.97152,-2.17634
7,0.194308,1.9308,0.501231,1.47015,-1.8254,-1.97224,-2.17397
7,0.195076,1.93178,0.501666,1.47366,-1.82464,-1.97296,-2.17159
7,0.195843,1.93277,0.5021,1.47715,-1.82388,-1.97368,-2.16922
7,0.196608,1.93374,0.502534,1.48064,-1.82312,-1.97439,-2.16685
7,0.197371,1.93472,0.502968,1.48413,-1.82236,-1.97511,-2.16449
7,0.198132,1.93568,0.503401,1.4876,-1.8216,-1.97582,-2.16212
7,0.198892,1.93665,0.503834,1.49107,-1.82084,-1.97653,-2.15975
7,0.19965,1.9376,0.504266,1.49453,-1.82007,-1.97724,-2.15738
7,0.200406,1.93855,0.504698,1.49799,-1.8193,-1.97794,-2.15502
7,0.20116,1.9395,0.50513,1.50143,-1.81854,-1.97864,-2.15265
7,0.201913,1.94044,0.505561,1.50487,-1.81777,-1.97935,-2.15029
7,0.202664,1.94138,0.505992,1.50831,-1.81699,-1.98004,-2.14792
7,0.203413,1.94231,0.506423,1.51173,-1.81622,-1.98074,-2.14556
7,0.204161,1.94324,0.506853,1.51515,-1.81545,-1.98144,-2.1432
7,0.204907,1.94416,0.507282,1.51856,-1.81467,-1.98213,-2.14083
7,0.205651,1.94507,0.507711,1.52197,-1.81389,-1.98282,-2.13847
7,0.206393,1.94598,0.50814,1.52537,-1.81311,-1.98351,-2.13611
7,0.207134,1.94689,0.508568,1.52876,-1.81233,-1.9842,-2.13374
7,0.207873,1.94779,0.508996,1.53214,-1.81155,-1.98489,-2.13138
7,0.20861,1.94869,0.509424,1.53552,-1.81077,-1.98557,-2.12902
7,0.209345,1.94958,0.509851,1.5389,-1.80998,-1.98625,-2.12666
7,0.210079,1.95047,0.510277,1.54226,-1.8092,-1.98693,-2.1243
7,0.210811,1.95135,0.510703,1.54562,-1.80841,-1.98761,-2.12194
7,0.211541,1.95222,0.511129,1.54897,-1.80762,-1.98829,-2.11958
7,0.21227,1.9531,0.511554,1.55232,-1.80683,-1.98896,-2.11722
7,0.212997,1.95396,0.511979,1.55566,-1.80603,-1.98963,-2.11486
7,0.213722,1.95482,0.512403,1.55899,-1.80524,-1.9903,-2.1125
7,0.214445,1.95568,0.512827,1.56232,-1.80444,-1.99097,-2.11014
7,0.215167,1.95653,0.51325,1.56564,-1.80364,-1.99164,-2.10778
7,0.215887,1.95738,0.513673,1.56896,-1.80284,-1.99231,-2.10542
7,0.216606,1.95822,0.514095,1.57226,-1.80204,-1.99297,-2.10306
7,0.217322,1.95906,0.514517,1.57557,-1.80124,-1.99363,-2.1007
7,0.218037,1.95989,0.514939,1.57886,-1.80044,-1.99429,-2.09834
7,0.21875,1.96072,0.51536,1.58215,-1.79963,-1.99495,-2.09598
7,0.219462,1.96154,0.51578,1.58544,-1.79882,-1.9956,-2.09361
7,0.220171,1.96236,0.5162,1.58872,-1.79801,-1.99626,-2.09125
7,0.220879,1.96317,0.516619,1.59199,-1.7972,-1.99691,-2.08889
7,0.221586,1.96398,0.517038,1.59525,-1.79639,-1.99756,-2.08653
7,0.22229,1.96479,0.517456,1.59851,-1.79558,-1.99821,-2.08417
7,0.222993,1.96558,0.517874,1.60177,-1.79476,-1.99886,-2.08181
7,0.223694,1.96638,0.518292,1.60502,-1.79394,-1.9995,-2.07945
7,0.224394,1.96717,0.518708,1.60826,-1.79313,-2.00014,-2.07708
7,0.225092,1.96795,0.519124,1.6115,-1.79231,-2.00079,-2.07472
7,0.225788,1.96873,0.51954,1.61473,-1.79148,-2.00143,-2.07236
7,0.226482,1.96951,0.519955,1.61795,-1.79066,-2.00206,-2.07
7,0.227175,1.97028,0.52037,1.62117,-1.78983,-2.0027,-2.06763
7,0.227865,1.97104,0.520784,1.62439,-1.78901,-2.00333,-2.06527
7,0.228554,1.9718,0.521197,1.62759,-1.78818,-2.00397,-2.0629
7,0.229242,1.97256,0.52161,1.6308,-1.78735,-2.0046,-2.06054
7,0.229927,1.97331,0.522023,1.63399,-1.78652,-2.00523,-2.05817
7,0.230611,1.97406,0.522434,1.63719,-1.78568,-2.00586,-2.0558
7,0.231294,1.9748,0.522846,1.64037,-1.78485,-2.00648,-2.05344
7,0.231974,1.97554,0.523256,1.64355,-1.78401,-2.00711,-2.05107
7,0.232653,1.97627,0.523666,1.64673,-1.78317,-2.00773,-2.0487
7,0.23333,1.977,0.524076,1.6499,-1.78233,-2.00835,-2.04633
7,0.234005,1.97772,0.524484,1.65306,-1.78149,-2.00897,-2.04396
7,0.234678,1.97844,0.524893,1.65622,-1.78065,-2.00958,-2.04159
7,0.23535,1.97915,0.5253,1.65937,-1.7798,-2.0102,-2.03922
7,0.23602,1.97986,0.525707,1.66252,-1.77896,-2.01081,-2.03685
7,0.236688,1.98056,0.526113,1.66567,-1.77811,-2.01143,-2.03448
7,0.237355,1.98126,0.526519,1.6688,-1.77726,-2.01204,-2.0321
7,0.238019,1.98196,0.526924,1.67194,-1.77641,-2.01264,-2.02973
7,0.238682,1.98265,0.527329,1.67506,-1.77555,-2.01325,-2.02735
7,0.239343,1.98333,0.527733,1.67819,-1.7747,-2.01386,-2.02498
7,0.240003,1.98401,0.528136,1.6813,-1.77384,-2.01446,-2.0226
7,0.24066,1.98469,0.528538,1.68441,-1.77298,-2.01506,-2.02022
7,0.241316,1.98536,0.52894,1.68752,-1.77212,-2.01566,-2.01785
7,0.240166,1.98588,0.529928,1.6875,-1.77088,-2.01695,-2.01807
7,0.239014,1.9864,0.530914,1.68748,-1.76965,-2.01824,-2.01829
7,0.237861,1.98692,0.531898,1.68744,-1.76841,-2.01953,-2.01851
7,0.236706,1.98743,0.532882,1.6874,-1.76718,-2.02082,-2.01874
7,0.23555,1.98795,0.533865,1.68736,-1.76594,-2.02211,-2.01896
7,0.234392,1.98846,0.534847,1.68731,-1.76471,-2.0234,-2.01919
7,0.233233,1.98897,0.535827,1.68725,-1.76348,-2.02469,-2.01942
7,0.232073,1.98947,0.536806,1.68718,-1.76225,-2.02598,-2.01966
7,0.230911,1.98998,0.537784,1.68711,-1.76102,-2.02727,-2.01989
7,0.229747,1.99048,0.538761,1.68704,-1.7598,-2.02856,-2.02012
7,0.228583,1.99098,0.539737,1.68696,-1.75857,-2.02985,-2.02036
7,0.227417,1.99148,0.540711,1.68687,-1.75735,-2.03113,-2.0206
7,0.226249,1.99198,0.541684,1.68677,-1.75612,-2.03242,-2.02084
7,0.22508,1.99248,0.542656,1.68667,-1.7549,-2.03371,-2.02108
7,0.22391,1.99297,0.543627,1.68656,-1.75368,-2.03499,-2.02132
7,0.222738,1.99347,0.544597,1.68645,-1.75246,-2.03628,-2.02157
7,0.221565,1.99396,0.545565,1.68633,-1.75124,-2.03757,-2.02182
7,0.220391,1.99445,0.546532,1.6862,-1.75003,-2.03885,-2.02206
7,0.219215,1.99493,0.547497,1.68607,-1.74881,-2.04014,-2.02231
7,0.218037,1.99542,0.548462,1.68593,-1.7476,-2.04143,-2.02256
7,0.216858,1.9959,0.549424,1.68579,-1.74639,-2.04271,-2.02282
7,0.215678,1.99639,0.550386,1.68564,-1.74517,-2.044,-2.02307
7,0.214496,1.99687,0.551346,1.68548,-1.74396,-2.04528,-2.02333
7,0.213313,1.99734,0.552305,1.68532,-1.74276,-2.04657,-2.02359
7,0.212129,1.99782,0.553263,1.68515,-1.74155,-2.04785,-2.02385
7,0.210943,1.99829,0.554219,1.68497,-1.74035,-2.04913,-2.02411
7,0.209755,1.99877,0.555173,1.68479,-1.73914,-2.05042,-2.02437
7,0.208566,1.99924,0.556127,1.6846,-1.73794,-2.0517,-2.02464
7,0.207376,1.99971,0.557078,1.68441,-1.73674,-2.05299,-2.0249
7,0.206184,2.00017,0.558029,1.68421,-1.73554,-2.05427,-2.02517
7,0.204991,2.00064,0.558978,1.684,-1.73435,-2.05555,-2.02544
7,0.203796,2.0011,0.559925,1.68379,-1.73315,-2.05683,-2.02571
7,0.2026,2.00156,0.560871,1.68357,-1.73196,-2.05812,-2.02599
7,0.201403,2.00202,0.561815,1.68335,-1.73076,-2.0594,-2.02626
7,0.199079,2.00312,0.561209,1.68311,-1.72839,-2.05949,-2.02632
7,0.196669,2.00427,0.560482,1.68288,-1.72594,-2.05949,-2.02637
7,0.194258,2.00542,0.559753,1.68263,-1.72349,-2.05949,-2.02643
7,0.191846,2.00656,0.559021,1.68238,-1.72104,-2.05949,-2.0265
7,0.189432,2.0077,0.558286,1.68213,-1.7186,-2.05949,-2.02657
7,0.187017,2.00884,0.557548,1.68187,-1.71616,-2.05949,-2.02665
7,0.184601,2.00998,0.556807,1.6816,-1.71373,-2.05949,-2.02674
7,0.182183,2.01111,0.556062,1.68132,-1.7113,-2.05949,-2.02683
7,0.179764,2.01224,0.555314,1.68104,-1.70888,-2.05949,-2.02693
7,0.177344,2.01337,0.554563,1.68076,-1.70646,-2.05949,-2.02704
7,0.174922,2.0145,0.55381,1.68046,-1.70404,-2.05949,-2.02716
7,0.172499,2.01563,0.553052,1.68017,-1.70163,-2.05949,-2.02728
7,0.170074,2.01675,0.552291,1.67986,-1.69922,-2.05949,-2.02741
7,0.167648,2.01787,0.551527,1.67955,-1.69681,-2.05949,-2.02754
7,0.16522,2.01899,0.550759,1.67923,-1.69441,-2.05949,-2.02769
7,0.162791,2.02011,0.549988,1.67891,-1.69202,-2.05949,-2.02784
7,0.16036,2.02123,0.549213,1.67858,-1.68963,-2.05949,-2.02799
7,0.157928,2.02234,0.548434,1.67824,-1.68724,-2.05949,-2.02816
7,0.155494,2.02345,0.547652,1.6779,-1.68486,-2.05949,-2.02833
7,0.153059,2.02456,0.546866,1.67755,-1.68248,-2.05949,-2.0285
7,0.150622,2.02567,0.546076,1.6772,-1.6801,-2.05949,-2.02869
7,0.148183,2.02677,0.545283,1.67684,-1.67773,-2.05949,-2.02888
7,0.145742,2.02787,0.544485,1.67647,-1.67536,-2.05949,-2.02908
7,0.1433,2.02897,0.543684,1.6761,-1.673,-2.05949,-2.02928
7,0.140856,2.03007,0.542878,1.67572,-1.67064,-2.05949,-2.02949
7,0.138411,2.03117,0.542069,1.67533,-1.66828,-2.05949,-2.02971
7,0.135964,2.03226,0.541256,1.67494,-1.66593,-2.05949,-2.02994
7,0.133515,2.03335,0.540438,1.67455,-1.66359,-2.05949,-2.03017
8,-2.89334,-0.554235,2.43759,-1.67455,1.66359,2.05949,-0.629442
8,-2.89334,-0.554235,2.43759,-1.67455,1.66359,2.05949,-0.629442
8,-2.89334,-0.554235,2.43759,-1.67455,1.66359,2.05949,-0.629442
8,-2.89334,-0.554235,2.43759,-1.67455,1.66359,2.05949,-0.629442
