1,0.457635,-0.0196101,0.903572,0.00120957,-2.11052,3.1351
1,0.457635,-0.0196101,0.903572,0.00120957,-2.11052,3.1351
1,0.456772,-0.0196104,0.903628,0.0012129,-2.10944,3.1351
1,0.45591,-0.01961,0.903684,0.00121491,-2.10837,3.1351
1,0.455049,-0.0196095,0.90374,0.00121702,-2.10729,3.13511
1,0.455049,-0.0205363,0.903374,0.00121539,-2.10724,3.1351
1,0.455051,-0.021463,0.903009,0.0012155,-2.10719,3.1351
1,0.455052,-0.0223898,0.902644,0.0012156,-2.10714,3.1351
1,0.455053,-0.0233165,0.90228,0.0012157,-2.1071,3.1351
1,0.455055,-0.0242433,0.901915,0.00121579,-2.10705,3.1351
1,0.455056,-0.02517,0.90155,0.00121589,-2.10701,3.1351
1,0.455058,-0.0260968,0.901185,0.00121598,-2.10697,3.1351
1,0.455059,-0.0270235,0.90082,0.00121607,-2.10693,3.1351
1,0.45506,-0.0279503,0.900454,0.00121615,-2.10689,3.1351
1,0.455061,-0.028877,0.900089,0.00121623,-2.10685,3.1351
1,0.455062,-0.0298038,0.899724,0.00121631,-2.10681,3.1351
1,0.455064,-0.0307305,0.899359,0.00121639,-2.10678,3.1351
1,0.455065,-0.0316573,0.898993,0.00121646,-2.10674,3.1351
1,0.455066,-0.0325841,0.898628,0.00121653,-2.10671,3.1351
1,0.455067,-0.0335108,0.898262,0.00121659,-2.10668,3.1351
1,0.455068,-0.0344376,0.897896,0.00121666,-2.10665,3.1351
1,0.455069,-0.0353643,0.897531,0.00121672,-2.10662,3.1351
1,0.455069,-0.0362911,0.897165,0.00121678,-2.10659,3.1351
1,0.45507,-0.0372179,0.896799,0.00121684,-2.10656,3.1351
1,0.455071,-0.0381446,0.896433,0.00121689,-2.10654,3.1351
1,0.455072,-0.0390714,0.896067,0.00121695,-2.10651,3.1351
1,0.455073,-0.0399981,0.895701,0.001217,-2.10649,3.1351
1,0.455073,-0.0409249,0.895335,0.00121705,-2.10647,3.1351
1,0.455074,-0.0418517,0.894969,0.00121709,-2.10644,3.1351
1,0.455075,-0.0427784,0.894603,0.00121714,-2.10642,3.13511
1,0.455075,-0.0437052,0.894237,0.00121718,-2.1064,3.13511
1,0.455076,-0.0446319,0.893871,0.00121722,-2.10638,3.13511
1,0.455077,-0.0455587,0.893504,0.00121726,-2.10637,3.13511
1,0.455077,-0.0464855,0.893138,0.00121729,-2.10635,3.13511
1,0.455078,-0.0474122,0.892772,0.00121733,-2.10633,3.13511
1,0.455078,-0.048339,0.892405,0.00121736,-2.10632,3.13511
1,0.455079,-0.0492658,0.892039,0.00121739,-2.1063,3.13511
1,0.455079,-0.0501925,0.891672,0.00121742,-2.10629,3.13511
1,0.45508,-0.0511193,0.891306,0.00121745,-2.10627,3.13511
1,0.45508,-0.0520461,0.890939,0.00121747,-2.10626,3.13511
1,0.45508,-0.0529728,0.890573,0.00121749,-2.10625,3.13511
1,0.455081,-0.0538996,0.890206,0.00121751,-2.10624,3.13511
1,0.455081,-0.0548264,0.889839,0.00121753,-2.10623,3.13511
1,0.455081,-0.0557531,0.889473,0.00121755,-2.10622,3.13511
1,0.455082,-0.0566799,0.889106,0.00121757,-2.10621,3.13511
1,0.455082,-0.0576067,0.888739,0.00121758,-2.1062,3.13511
1,0.455082,-0.0585334,0.888372,0.0012176,-2.1062,3.13511
1,0.455082,-0.0594602,0.888005,0.00121761,-2.10619,3.13511
1,0.455082,-0.060387,0.887638,0.00121762,-2.10619,3.13511
1,0.455083,-0.0613138,0.887271,0.00121763,-2.10618,3.13511
1,0.455083,-0.0622405,0.886904,0.00121764,-2.10618,3.13511
1,0.455083,-0.0631673,0.886537,0.00121764,-2.10617,3.13511
1,0.455083,-0.0640941,0.88617,0.00121764,-2.10617,3.13511
1,0.455083,-0.0650208,0.885803,0.00121765,-2.10617,3.13511
1,0.455083,-0.0659476,0.885436,0.00121765,-2.10617,3.13511
1,0.455083,-0.0668744,0.885069,0.00121765,-2.10617,3.13511
1,0.455083,-0.0678011,0.884701,0.00121765,-2.10617,3.13511
1,0.455083,-0.0687279,0.884334,0.00121765,-2.10617,3.13511
1,0.455083,-0.0696547,0.883967,0.00121764,-2.10617,3.13511
1,0.455083,-0.0705815,0.883599,0.00121764,-2.10617,3.13511
1,0.455083,-0.0715082,0.883232,0.00121763,-2.10617,3.13511
1,0.455083,-0.072435,0.882865,0.00121762,-2.10618,3.13511
1,0.455083,-0.0733618,0.882497,0.00121761,-2.10618,3.13511
1,0.455083,-0.0742886,0.88213,0.0012176,-2.10618,3.13511
1,0.455082,-0.0752153,0.881762,0.00121759,-2.10619,3.13511
1,0.455082,-0.0761421,0.881395,0.00121758,-2.1062,3.13511
1,0.455082,-0.0770689,0.881027,0.00121756,-2.1062,3.13511
1,0.455082,-0.0779957,0.88066,0.00121755,-2.10621,3.13511
1,0.455082,-0.0789224,0.880292,0.00121753,-2.10621,3.13511
1,0.455082,-0.0798492,0.879924,0.00121752,-2.10622,3.13511
1,0.455081,-0.080776,0.879557,0.0012175,-2.10623,3.13511
1,0.455081,-0.0817028,0.879189,0.00121748,-2.10624,3.13511
1,0.455081,-0.0826295,0.878821,0.00121746,-2.10625,3.13511
1,0.45508,-0.0835563,0.878454,0.00121744,-2.10626,3.13511
1,0.45508,-0.0844831,0.878086,0.00121741,-2.10627,3.13511
1,0.45508,-0.0854099,0.877718,0.00121739,-2.10628,3.13511
1,0.455079,-0.0863366,0.87735,0.00121736,-2.10629,3.13511
1,0.455079,-0.0872634,0.876982,0.00121734,-2.1063,3.13511
1,0.455079,-0.0881902,0.876615,0.00121731,-2.10631,3.13511
1,0.455078,-0.089117,0.876247,0.00121728,-2.10633,3.13511
1,0.455078,-0.0900438,0.875879,0.00121725,-2.10634,3.13511
1,0.455078,-0.0909705,0.875511,0.00121722,-2.10635,3.13511
1,0.455077,-0.0918973,0.875143,0.00121719,-2.10637,3.13511
1,0.455077,-0.0928241,0.874775,0.00121716,-2.10638,3.1351
1,0.455076,-0.0937509,0.874407,0.00121712,-2.1064,3.1351
1,0.455076,-0.0946776,0.874039,0.00121709,-2.10642,3.1351
1,0.455075,-0.0956044,0.873671,0.00121705,-2.10643,3.1351
1,0.455075,-0.0965312,0.873303,0.00121702,-2.10645,3.1351
1,0.455074,-0.097458,0.872934,0.00121698,-2.10647,3.1351
1,0.455074,-0.0983848,0.872566,0.00121694,-2.10648,3.1351
1,0.455073,-0.0993115,0.872198,0.00121691,-2.1065,3.1351
1,0.455073,-0.100238,0.87183,0.00121686,-2.10652,3.1351
1,0.455072,-0.101165,0.871462,0.00121682,-2.10654,3.1351
1,0.455071,-0.102092,0.871093,0.00121678,-2.10656,3.1351
1,0.455071,-0.103019,0.870725,0.00121674,-2.10658,3.1351
1,0.45507,-0.103945,0.870357,0.0012167,-2.1066,3.1351
1,0.45507,-0.104872,0.869989,0.00121665,-2.10662,3.1351
1,0.455069,-0.105799,0.86962,0.00121661,-2.10664,3.1351
1,0.455068,-0.106726,0.869252,0.00121656,-2.10666,3.1351
1,0.455068,-0.107653,0.868884,0.00121651,-2.10668,3.1351
1,0.455067,-0.108579,0.868515,0.00121646,-2.1067,3.1351
1,0.455066,-0.109506,0.868147,0.00121642,-2.10673,3.1351
1,0.455065,-0.110433,0.867778,0.00121637,-2.10675,3.1351
1,0.455065,-0.11136,0.86741,0.00121632,-2.10677,3.1351
1,0.455064,-0.112286,0.867041,0.00121627,-2.1068,3.1351
1,0.455063,-0.113213,0.866673,0.00121621,-2.10682,3.1351
1,0.455062,-0.11414,0.866304,0.00121616,-2.10685,3.1351
1,0.455062,-0.115067,0.865936,0.00121611,-2.10687,3.1351
1,0.455061,-0.115994,0.865567,0.00121605,-2.1069,3.1351
1,0.45506,-0.11692,0.865199,0.001216,-2.10692,3.1351
1,0.455059,-0.117847,0.86483,0.00121594,-2.10695,3.1351
1,0.455058,-0.118774,0.864461,0.00121588,-2.10698,3.1351
1,0.455058,-0.119701,0.864093,0.00121583,-2.107,3.1351
1,0.455057,-0.120628,0.863724,0.00121577,-2.10703,3.1351
1,0.455056,-0.121554,0.863355,0.00121571,-2.10706,3.1351
1,0.455055,-0.122481,0.862987,0.00121565,-2.10709,3.1351
1,0.455054,-0.123408,0.862618,0.00121559,-2.10712,3.1351
1,0.455053,-0.124335,0.862249,0.00121553,-2.10715,3.1351
1,0.455052,-0.125261,0.86188,0.00121546,-2.10718,3.1351
1,0.455052,-0.126188,0.861512,0.0012154,-2.1072,3.1351
1,0.455051,-0.127115,0.861143,0.00121534,-2.10723,3.1351
1,0.45505,-0.128042,0.860774,0.00121527,-2.10727,3.1351
1,0.455049,-0.128969,0.860405,0.00121521,-2.1073,3.1351
1,0.455048,-0.129895,0.860036,0.00121514,-2.10733,3.1351
1,0.455047,-0.130822,0.859667,0.00121508,-2.10736,3.1351
1,0.455046,-0.131749,0.859299,0.00121501,-2.10739,3.1351
1,0.455045,-0.132676,0.85893,0.00121494,-2.10742,3.1351
1,0.455044,-0.133603,0.858561,0.00121487,-2.10746,3.1351
1,0.455043,-0.134529,0.858192,0.0012148,-2.10749,3.1351
1,0.455042,-0.135456,0.857823,0.00121473,-2.10752,3.1351
1,0.455041,-0.136383,0.857454,0.00121466,-2.10756,3.1351
1,0.45504,-0.13731,0.857085,0.00121459,-2.10759,3.1351
1,0.455039,-0.138236,0.856716,0.00121452,-2.10762,3.1351
1,0.455038,-0.139163,0.856347,0.00121445,-2.10766,3.1351
1,0.455036,-0.14009,0.855978,0.00121437,-2.10769,3.1351
1,0.455035,-0.141017,0.855609,0.0012143,-2.10773,3.1351
1,0.455034,-0.141944,0.855239,0.00121422,-2.10776,3.1351
1,0.455033,-0.14287,0.85487,0.00121415,-2.1078,3.1351
1,0.455032,-0.143797,0.854501,0.00121407,-2.10784,3.1351
1,0.455031,-0.144724,0.854132,0.00121399,-2.10787,3.1351
1,0.45503,-0.145651,0.853763,0.00121392,-2.10791,3.1351
1,0.455029,-0.146578,0.853394,0.00121384,-2.10795,3.1351
1,0.455027,-0.147504,0.853025,0.00121376,-2.10799,3.1351
1,0.455026,-0.148431,0.852655,0.00121368,-2.10802,3.1351
1,0.455025,-0.149358,0.852286,0.0012136,-2.10806,3.1351
1,0.455024,-0.150285,0.851917,0.00121352,-2.1081,3.1351
1,0.455023,-0.151212,0.851548,0.00121344,-2.10814,3.1351
1,0.455021,-0.152138,0.851178,0.00121336,-2.10818,3.1351
1,0.45502,-0.153065,0.850809,0.00121327,-2.10822,3.1351
1,0.455019,-0.153992,0.85044,0.00121319,-2.10826,3.1351
1,0.455018,-0.154919,0.85007,0.00121311,-2.1083,3.1351
1,0.455016,-0.155845,0.849701,0.00121302,-2.10834,3.1351
1,0.455015,-0.156772,0.849332,0.00121294,-2.10838,3.1351
1,0.455014,-0.157699,0.848962,0.00121285,-2.10842,3.1351
1,0.455013,-0.158626,0.848593,0.00121277,-2.10846,3.1351
1,0.455011,-0.159553,0.848223,0.00121268,-2.10851,3.1351
1,0.45501,-0.160479,0.847854,0.00121259,-2.10855,3.1351
1,0.455009,-0.161406,0.847485,0.0012125,-2.10859,3.1351
1,0.455007,-0.162333,0.847115,0.00121241,-2.10863,3.1351
1,0.455006,-0.16326,0.846746,0.00121232,-2.10868,3.1351
1,0.455005,-0.164187,0.846376,0.00121224,-2.10872,3.1351
1,0.455003,-0.165113,0.846007,0.00121214,-2.10876,3.1351
1,0.455002,-0.16604,0.845637,0.00121205,-2.10881,3.1351
1,0.455001,-0.166967,0.845268,0.00121196,-2.10885,3.1351
1,0.454999,-0.167894,0.844898,0.00121187,-2.1089,3.1351
1,0.454998,-0.168821,0.844528,0.00121178,-2.10894,3.1351
1,0.454997,-0.169747,0.844159,0.00121169,-2.10899,3.1351
1,0.454995,-0.170674,0.843789,0.00121159,-2.10903,3.1351
1,0.454994,-0.171601,0.84342,0.0012115,-2.10908,3.1351
1,0.454992,-0.172528,0.84305,0.00121039,-2.10912,3.1351
1,0.454991,-0.173454,0.84268,0.0012113,-2.10917,3.1351
1,0.454989,-0.174381,0.842311,0.00121021,-2.10922,3.1351
1,0.454988,-0.175308,0.841941,0.00121111,-2.10926,3.1351
1,0.454987,-0.176235,0.841571,0.00121002,-2.10931,3.1351
1,0.454985,-0.177162,0.841202,0.00121092,-2.10936,3.1351
1,0.454984,-0.178088,0.840832,0.00120983,-2.10941,3.1351
1,0.454982,-0.179015,0.840462,0.00121072,-2.10945,3.1351
1,0.454981,-0.179942,0.840092,0.00120964,-2.1095,3.1351
1,0.454979,-0.180869,0.839723,0.00121052,-2.10955,3.1351
1,0.454978,-0.181796,0.839353,0.00120944,-2.1096,3.1351
1,0.454976,-0.182722,0.838983,0.00121032,-2.10965,3.1351
1,0.454974,-0.183649,0.838613,0.00120925,-2.1097,3.1351
1,0.454973,-0.184576,0.838243,0.00121011,-2.10975,3.1351
1,0.454971,-0.185503,0.837873,0.00120905,-2.1098,3.1351
1,0.45497,-0.18643,0.837504,0.00120991,-2.10985,3.1351
1,0.454968,-0.187356,0.837134,0.00120885,-2.1099,3.1351
1,0.454967,-0.188283,0.836764,0.0012097,-2.10995,3.1351
1,0.454965,-0.18921,0.836394,0.00120865,-2.11,3.13509
1,0.454963,-0.190137,0.836024,0.00120949,-2.11005,3.1351
1,0.454962,-0.191064,0.835654,0.00120845,-2.1101,3.13509
1,0.45496,-0.19199,0.835284,0.00120927,-2.11016,3.1351
1,0.454959,-0.192917,0.834914,0.00120824,-2.11021,3.13509
1,0.454957,-0.193844,0.834544,0.00120906,-2.11026,3.1351
1,0.454955,-0.194771,0.834174,0.00120803,-2.11031,3.13509
1,0.454954,-0.195698,0.833804,0.00120884,-2.11037,3.13509
1,0.454952,-0.196624,0.833434,0.00120782,-2.11042,3.13509
1,0.45495,-0.197551,0.833064,0.00120862,-2.11047,3.13509
1,0.454949,-0.198478,0.832694,0.00120761,-2.11053,3.13509
1,0.454947,-0.199405,0.832324,0.0012084,-2.11058,3.13509
1,0.454945,-0.200332,0.831954,0.0012074,-2.11064,3.13509
1,0.454944,-0.201258,0.831584,0.00120818,-2.11069,3.13509
1,0.454942,-0.202185,0.831214,0.00120718,-2.11075,3.13509
1,0.45494,-0.203112,0.830844,0.00120795,-2.1108,3.13509
1,0.454938,-0.204039,0.830474,0.00120696,-2.11086,3.13509
1,0.454937,-0.204966,0.830103,0.00120773,-2.11091,3.13509
1,0.454935,-0.205892,0.829733,0.00120674,-2.11097,3.13509
1,0.454933,-0.206819,0.829363,0.0012075,-2.11103,3.13509
1,0.454931,-0.207746,0.828993,0.00120652,-2.11108,3.13509
1,0.45493,-0.208673,0.828623,0.00120726,-2.11114,3.13509
1,0.454928,-0.2096,0.828252,0.00120715,-2.1112,3.13509
1,0.454926,-0.210526,0.827882,0.00120703,-2.11126,3.13509
1,0.454924,-0.211453,0.827512,0.00120692,-2.11131,3.13509
1,0.454922,-0.21238,0.827142,0.0012068,-2.11137,3.13509
1,0.454921,-0.213307,0.826771,0.00120668,-2.11143,3.13509
1,0.454919,-0.214233,0.826401,0.00120656,-2.11149,3.13509
1,0.454917,-0.21516,0.826031,0.00120644,-2.11155,3.13509
1,0.454915,-0.216087,0.825661,0.00120632,-2.11161,3.13509
1,0.454913,-0.217014,0.82529,0.0012062,-2.11167,3.13509
1,0.454911,-0.217941,0.82492,0.00120608,-2.11172,3.13509
1,0.45491,-0.218867,0.82455,0.00120596,-2.11178,3.13509
1,0.454908,-0.219794,0.824179,0.00120584,-2.11184,3.13509
2,0.454005,-0.219806,0.822723,0.00115279,-2.14009,3.13503
2,0.454005,-0.219806,0.822723,0.00115279,-2.14009,3.13503
2,0.454807,-0.219807,0.822673,0.00115171,-2.14105,3.13503
2,0.45561,-0.219807,0.822624,0.00115011,-2.14202,3.13503
2,0.455594,-0.220311,0.821755,0.00114748,-2.14246,3.13502
2,0.45558,-0.220815,0.820887,0.00114666,-2.1429,3.13502
2,0.455565,-0.221319,0.820019,0.00114586,-2.14335,3.13502
2,0.45555,-0.221823,0.819151,0.00114506,-2.14379,3.13502
2,0.455536,-0.222327,0.818283,0.00114425,-2.14424,3.13502
2,0.455521,-0.222831,0.817414,0.00114345,-2.14468,3.13502
2,0.455506,-0.223335,0.816546,0.00114264,-2.14513,3.13502
2,0.455492,-0.223839,0.815678,0.00114184,-2.14558,3.13502
2,0.455477,-0.224343,0.81481,0.00114103,-2.14603,3.13502
2,0.455462,-0.224847,0.813941,0.00114023,-2.14648,3.13501
2,0.455447,-0.225351,0.813073,0.00113942,-2.14693,3.13501
2,0.455432,-0.225855,0.812204,0.00113862,-2.14739,3.13501
2,0.455417,-0.226359,0.811336,0.00113781,-2.14784,3.13501
2,0.455402,-0.226863,0.810467,0.001137,-2.1483,3.13501
2,0.455387,-0.227367,0.809599,0.00113619,-2.14875,3.13501
2,0.455372,-0.227871,0.80873,0.00113539,-2.14921,3.13501
2,0.455356,-0.228375,0.807861,0.00113458,-2.14967,3.13501
2,0.455341,-0.228879,0.806993,0.00113377,-2.15013,3.13501
2,0.455326,-0.229383,0.806124,0.00113296,-2.15059,3.13501
2,0.455311,-0.229887,0.805255,0.00113215,-2.15105,3.135
2,0.455295,-0.230391,0.804386,0.00113134,-2.15151,3.135
2,0.45528,-0.230895,0.803517,0.00113053,-2.15197,3.135
2,0.455264,-0.231399,0.802648,0.00112972,-2.15243,3.135
2,0.455249,-0.231903,0.801779,0.00112891,-2.1529,3.135
2,0.455233,-0.232407,0.80091,0.0011281,-2.15336,3.135
2,0.455218,-0.232911,0.800041,0.00112729,-2.15383,3.135
2,0.455202,-0.233415,0.799172,0.00112648,-2.1543,3.135
2,0.455186,-0.233919,0.798303,0.00112567,-2.15477,3.135
2,0.455171,-0.234423,0.797434,0.00112486,-2.15524,3.135
2,0.455155,-0.234927,0.796564,0.00112405,-2.15571,3.135
2,0.455139,-0.235431,0.795695,0.00112324,-2.15618,3.13499
2,0.455123,-0.235935,0.794826,0.00112242,-2.15665,3.13499
2,0.455107,-0.236439,0.793956,0.00112161,-2.15713,3.13499
2,0.455091,-0.236943,0.793087,0.0011208,-2.1576,3.13499
2,0.455075,-0.237447,0.792218,0.00111999,-2.15808,3.13499
2,0.455059,-0.237951,0.791348,0.00111917,-2.15855,3.13499
2,0.455043,-0.238455,0.790479,0.00111836,-2.15903,3.13499
2,0.455027,-0.238959,0.789609,0.00111755,-2.15951,3.13499
2,0.455011,-0.239463,0.788739,0.00111673,-2.15999,3.13499
2,0.454995,-0.239967,0.78787,0.00111592,-2.16047,3.13499
2,0.454979,-0.240471,0.787,0.0011151,-2.16095,3.13498
2,0.454962,-0.240975,0.78613,0.00111429,-2.16143,3.13498
2,0.454946,-0.241479,0.78526,0.00111348,-2.16191,3.13498
2,0.45493,-0.241983,0.784391,0.00111266,-2.1624,3.13498
2,0.454913,-0.242487,0.783521,0.00111185,-2.16288,3.13498
2,0.454897,-0.242991,0.782651,0.00111103,-2.16337,3.13498
2,0.45488,-0.243495,0.781781,0.00111022,-2.16386,3.13498
2,0.454864,-0.243999,0.780911,0.0011094,-2.16435,3.13498
2,0.454847,-0.244503,0.780041,0.00110858,-2.16483,3.13498
2,0.45483,-0.245007,0.779171,0.00110777,-2.16533,3.13498
2,0.454814,-0.245511,0.778301,0.00110695,-2.16582,3.13497
2,0.454797,-0.246015,0.777431,0.00110614,-2.16631,3.13497
2,0.45478,-0.246519,0.77656,0.00110532,-2.1668,3.13497
2,0.454763,-0.247023,0.77569,0.0011045,-2.1673,3.13497
2,0.454746,-0.247527,0.77482,0.00110369,-2.16779,3.13497
2,0.454729,-0.248031,0.773949,0.00110287,-2.16829,3.13497
2,0.454712,-0.248535,0.773079,0.00110205,-2.16878,3.13497
2,0.454695,-0.249039,0.772209,0.00110124,-2.16928,3.13497
2,0.454678,-0.249543,0.771338,0.00110042,-2.16978,3.13497
3,0.454407,-0.249547,0.770943,0.00108967,-2.1777,3.13495
3,0.454407,-0.249547,0.770943,0.00108967,-2.1777,3.13495
3,0.455352,-0.249548,0.770885,0.00108859,-2.17883,3.13495
3,0.456297,-0.249548,0.770829,0.00108682,-2.17996,3.13495
3,0.457242,-0.249549,0.770773,0.00108506,-2.18109,3.13495
3,0.458188,-0.249549,0.770717,0.00108331,-2.18222,3.13495
3,0.459133,-0.24955,0.770661,0.00108157,-2.18335,3.13494
3,0.460078,-0.24955,0.770605,0.00107984,-2.18447,3.13494
3,0.461023,-0.24955,0.770549,0.00107812,-2.1856,3.13494
3,0.461968,-0.249551,0.770493,0.0010764,-2.18672,3.13494
3,0.462913,-0.249551,0.770438,0.00107469,-2.18785,3.13494
3,0.463858,-0.249552,0.770382,0.001073,-2.18897,3.13493
3,0.464803,-0.249552,0.770327,0.00107131,-2.19009,3.13493
3,0.465748,-0.249553,0.770271,0.00106962,-2.19121,3.13493
3,0.465728,-0.248757,0.769642,0.001069,-2.19173,3.13493
3,0.46571,-0.247962,0.769013,0.0010682,-2.19225,3.13493
3,0.465691,-0.247166,0.768384,0.00106741,-2.19278,3.13493
3,0.465672,-0.24637,0.767754,0.00106662,-2.1933,3.13492
3,0.465654,-0.245575,0.767125,0.00106583,-2.19382,3.13492
3,0.465635,-0.244779,0.766496,0.00106504,-2.19435,3.13492
3,0.465617,-0.243984,0.765866,0.00106425,-2.19488,3.13492
3,0.465598,-0.243188,0.765237,0.00106347,-2.1954,3.13492
3,0.465579,-0.242393,0.764608,0.00106268,-2.19593,3.13492
3,0.46556,-0.241597,0.763978,0.00106189,-2.19646,3.13492
3,0.465542,-0.240802,0.763348,0.0010611,-2.19699,3.13492
3,0.465523,-0.240006,0.762719,0.00106032,-2.19752,3.13492
3,0.465504,-0.23921,0.762089,0.00105953,-2.19805,3.13492
3,0.465485,-0.238415,0.76146,0.00105874,-2.19859,3.13492
3,0.465466,-0.237619,0.76083,0.00105796,-2.19912,3.13491
3,0.465447,-0.236824,0.7602,0.00105717,-2.19965,3.13491
3,0.465428,-0.236028,0.759571,0.00105638,-2.20019,3.13491
3,0.465408,-0.235233,0.758941,0.0010556,-2.20072,3.13491
3,0.465389,-0.234437,0.758311,0.00105481,-2.20126,3.13491
3,0.46537,-0.233641,0.757681,0.00105403,-2.2018,3.13491
3,0.465351,-0.232846,0.757052,0.00105324,-2.20234,3.13491
3,0.465331,-0.23205,0.756422,0.00105246,-2.20287,3.13491
3,0.465312,-0.231255,0.755792,0.00105167,-2.20341,3.13491
3,0.465293,-0.230459,0.755162,0.00105089,-2.20396,3.13491
3,0.465273,-0.229664,0.754532,0.00105011,-2.2045,3.1349
3,0.465254,-0.228868,0.753902,0.00104932,-2.20504,3.1349
3,0.465234,-0.228073,0.753272,0.00104854,-2.20558,3.1349
3,0.465215,-0.227277,0.752642,0.00104776,-2.20613,3.1349
3,0.465195,-0.226481,0.752012,0.00104697,-2.20667,3.1349
3,0.465175,-0.225686,0.751382,0.00104619,-2.20722,3.1349
3,0.465156,-0.22489,0.750752,0.00104541,-2.20776,3.1349
3,0.465136,-0.224095,0.750121,0.00104463,-2.20831,3.1349
3,0.465116,-0.223299,0.749491,0.00104385,-2.20886,3.1349
3,0.465096,-0.222504,0.748861,0.00104307,-2.20941,3.1349
3,0.465076,-0.221708,0.748231,0.00104229,-2.20996,3.13489
3,0.465056,-0.220913,0.747601,0.0010415,-2.21051,3.13489
3,0.465036,-0.220117,0.74697,0.00104072,-2.21106,3.13489
3,0.465016,-0.219321,0.74634,0.00103994,-2.21161,3.13489
3,0.464996,-0.218526,0.745709,0.00103917,-2.21217,3.13489
3,0.464976,-0.21773,0.745079,0.00103839,-2.21272,3.13489
3,0.464956,-0.216935,0.744449,0.00103761,-2.21328,3.13489
3,0.464936,-0.216139,0.743818,0.00103683,-2.21383,3.13489
3,0.464915,-0.215344,0.743188,0.00103605,-2.21439,3.13489
3,0.464895,-0.214548,0.742557,0.00103527,-2.21495,3.13489
3,0.464875,-0.213753,0.741927,0.00103449,-2.2155,3.13488
3,0.464854,-0.212957,0.741296,0.00103372,-2.21606,3.13488
3,0.464834,-0.212161,0.740665,0.00103294,-2.21662,3.13488
3,0.464813,-0.211366,0.740035,0.00103216,-2.21718,3.13488
3,0.464793,-0.21057,0.739404,0.00103139,-2.21775,3.13488
3,0.464772,-0.209775,0.738773,0.00103061,-2.21831,3.13488
3,0.464752,-0.208979,0.738143,0.00102984,-2.21887,3.13488
3,0.464731,-0.208184,0.737512,0.00102906,-2.21943,3.13488
3,0.46471,-0.207388,0.736881,0.00102829,-2.22,3.13488
3,0.46469,-0.206593,0.73625,0.00102751,-2.22057,3.13488
3,0.464669,-0.205797,0.73562,0.00102674,-2.22113,3.13488
3,0.464648,-0.205001,0.734989,0.00102597,-2.2217,3.13487
3,0.464627,-0.204206,0.734358,0.00102519,-2.22227,3.13487
3,0.464606,-0.20341,0.733727,0.00102442,-2.22284,3.13487
3,0.464585,-0.202615,0.733096,0.00102365,-2.22341,3.13487
3,0.464564,-0.201819,0.732465,0.00102288,-2.22398,3.13487
3,0.464543,-0.201024,0.731834,0.0010221,-2.22455,3.13487
3,0.464522,-0.200228,0.731203,0.00102133,-2.22512,3.13487
3,0.464501,-0.199433,0.730572,0.00102056,-2.22569,3.13487
3,0.464479,-0.198637,0.729941,0.00101979,-2.22627,3.13487
3,0.464458,-0.197841,0.72931,0.00101902,-2.22684,3.13487
3,0.464437,-0.197046,0.728679,0.00101825,-2.22742,3.13486
3,0.464416,-0.19625,0.728048,0.00101748,-2.22799,3.13486
3,0.464394,-0.195455,0.727416,0.00101671,-2.22857,3.13486
3,0.464373,-0.194659,0.726785,0.00101595,-2.22915,3.13486
3,0.464351,-0.193864,0.726154,0.00101518,-2.22973,3.13486
3,0.46433,-0.193068,0.725523,0.00101441,-2.23031,3.13486
3,0.464308,-0.192273,0.724891,0.00101365,-2.23089,3.13486
3,0.464286,-0.191477,0.72426,0.00101288,-2.23147,3.13486
3,0.464265,-0.190682,0.723629,0.00101211,-2.23205,3.13486
3,0.464243,-0.189886,0.722997,0.00101135,-2.23263,3.13486
3,0.464221,-0.18909,0.722366,0.00101058,-2.23322,3.13485
3,0.464199,-0.188295,0.721735,0.00100982,-2.2338,3.13485
3,0.464178,-0.187499,0.721103,0.00100905,-2.23439,3.13485
3,0.464156,-0.186704,0.720472,0.00100829,-2.23497,3.13485
3,0.464134,-0.185908,0.71984,0.00100753,-2.23556,3.13485
3,0.464112,-0.185113,0.719209,0.00100677,-2.23615,3.13485
3,0.46409,-0.184317,0.718577,0.001006,-2.23673,3.13485
3,0.464068,-0.183522,0.717946,0.00100524,-2.23732,3.13485
3,0.464045,-0.182726,0.717314,0.00100448,-2.23791,3.13485
3,0.464023,-0.181931,0.716682,0.00100372,-2.2385,3.13485
3,0.464001,-0.181135,0.716051,0.00100296,-2.23909,3.13485
3,0.463979,-0.180339,0.715419,0.0010022,-2.23969,3.13484
3,0.463956,-0.179544,0.714787,0.00100144,-2.24028,3.13484
3,0.463934,-0.178748,0.714156,0.00100068,-2.24087,3.13484
3,0.463912,-0.177953,0.713524,0.000999925,-2.24147,3.13484
3,0.463889,-0.177157,0.712892,0.000999168,-2.24206,3.13484
3,0.463867,-0.176362,0.71226,0.000998411,-2.24266,3.13484
3,0.463844,-0.175566,0.711629,0.000997655,-2.24326,3.13484
3,0.463822,-0.174771,0.710997,0.000996899,-2.24385,3.13484
3,0.463799,-0.173975,0.710365,0.000996143,-2.24445,3.13484
3,0.463776,-0.17318,0.709733,0.000995389,-2.24505,3.13484
3,0.463753,-0.172384,0.709101,0.000994634,-2.24565,3.13483
3,0.463731,-0.171588,0.708469,0.000993881,-2.24625,3.13483
3,0.463708,-0.170793,0.707837,0.000993128,-2.24685,3.13483
3,0.463685,-0.169997,0.707205,0.000992375,-2.24745,3.13483
3,0.463662,-0.169202,0.706573,0.000991623,-2.24806,3.13483
3,0.463639,-0.168406,0.705941,0.000990872,-2.24866,3.13483
3,0.463616,-0.167611,0.705309,0.000990121,-2.24927,3.13483
3,0.463593,-0.166815,0.704677,0.000989371,-2.24987,3.13483
3,0.46357,-0.16602,0.704045,0.000988621,-2.25048,3.13483
3,0.463547,-0.165224,0.703413,0.000987872,-2.25108,3.13483
3,0.463524,-0.164429,0.702781,0.000987123,-2.25169,3.13482
3,0.4635,-0.163633,0.702149,0.000986375,-2.2523,3.13482
3,0.463477,-0.162837,0.701517,0.000985628,-2.25291,3.13482
3,0.463454,-0.162042,0.700885,0.000984881,-2.25352,3.13482
3,0.46343,-0.161246,0.700252,0.000984135,-2.25413,3.13482
3,0.463407,-0.160451,0.69962,0.00098339,-2.25474,3.13482
3,0.463383,-0.159655,0.698988,0.000982645,-2.25535,3.13482
3,0.46336,-0.15886,0.698356,0.000981901,-2.25596,3.13482
3,0.463336,-0.158064,0.697723,0.000981157,-2.25658,3.13482
3,0.463313,-0.157269,0.697091,0.000980414,-2.25719,3.13482
3,0.463289,-0.156473,0.696459,0.000979671,-2.25781,3.13482
3,0.463265,-0.155678,0.695826,0.00097893,-2.25842,3.13481
3,0.463242,-0.154882,0.695194,0.000978188,-2.25904,3.13481
3,0.463218,-0.154087,0.694562,0.000977448,-2.25966,3.13481
3,0.463194,-0.153291,0.693929,0.000976708,-2.26027,3.13481
3,0.46317,-0.152495,0.693297,0.000975969,-2.26089,3.13481
3,0.463146,-0.1517,0.692664,0.00097523,-2.26151,3.13481
3,0.463122,-0.150904,0.692032,0.000974492,-2.26213,3.13481
3,0.463098,-0.150109,0.691399,0.000973755,-2.26275,3.13481
3,0.463074,-0.149313,0.690767,0.000973018,-2.26337,3.13481
3,0.46305,-0.148518,0.690134,0.000972282,-2.26399,3.13481
3,0.463026,-0.147722,0.689502,0.000971547,-2.26462,3.1348
3,0.463002,-0.146927,0.688869,0.000970812,-2.26524,3.1348
3,0.462977,-0.146131,0.688237,0.000970078,-2.26587,3.1348
3,0.462953,-0.145336,0.687604,0.000969345,-2.26649,3.1348
3,0.462929,-0.14454,0.686972,0.000968612,-2.26712,3.1348
3,0.462904,-0.143745,0.686339,0.00096788,-2.26774,3.1348
3,0.46288,-0.142949,0.685706,0.000967149,-2.26837,3.1348
3,0.462855,-0.142153,0.685074,0.000966418,-2.269,3.1348
3,0.462831,-0.141358,0.684441,0.000965688,-2.26962,3.1348
3,0.462806,-0.140562,0.683808,0.000964959,-2.27025,3.1348
3,0.462782,-0.139767,0.683176,0.000964231,-2.27088,3.13479
3,0.462757,-0.138971,0.682543,0.000963503,-2.27151,3.13479
3,0.462732,-0.138176,0.68191,0.000962775,-2.27215,3.13479
3,0.462708,-0.13738,0.681278,0.000962049,-2.27278,3.13479
3,0.462683,-0.136585,0.680645,0.000961323,-2.27341,3.13479
3,0.462658,-0.135789,0.680012,0.000960598,-2.27404,3.13479
3,0.462633,-0.134994,0.679379,0.000959874,-2.27468,3.13479
3,0.462608,-0.134198,0.678746,0.00095915,-2.27531,3.13479
3,0.462583,-0.133403,0.678114,0.000958428,-2.27595,3.13479
3,0.462558,-0.132607,0.677481,0.000957705,-2.27658,3.13479
3,0.462533,-0.131811,0.676848,0.000956984,-2.27722,3.13479
3,0.462508,-0.131016,0.676215,0.000956263,-2.27786,3.13478
3,0.462483,-0.13022,0.675582,0.000955543,-2.27849,3.13478
3,0.462458,-0.129425,0.674949,0.000954824,-2.27913,3.13478
3,0.462432,-0.128629,0.674316,0.000954106,-2.27977,3.13478
3,0.462407,-0.127834,0.673683,0.000953388,-2.28041,3.13478
3,0.462382,-0.127038,0.67305,0.000952671,-2.28105,3.13478
3,0.462356,-0.126243,0.672417,0.000951954,-2.28169,3.13478
3,0.462331,-0.125447,0.671784,0.000951239,-2.28234,3.13478
3,0.462305,-0.124652,0.671151,0.000950524,-2.28298,3.13478
3,0.46228,-0.123856,0.670518,0.00094981,-2.28362,3.13478
3,0.462254,-0.123061,0.669885,0.000949097,-2.28427,3.13477
3,0.462229,-0.122265,0.669252,0.000948384,-2.28491,3.13477
3,0.462203,-0.121469,0.668619,0.000947673,-2.28556,3.13477
3,0.462177,-0.120674,0.667986,0.000946961,-2.2862,3.13477
3,0.462152,-0.119878,0.667353,0.000946251,-2.28685,3.13477
3,0.462126,-0.119083,0.66672,0.000945542,-2.28749,3.13477
3,0.4621,-0.118287,0.666087,0.000944833,-2.28814,3.13477
3,0.462074,-0.117492,0.665454,0.000944125,-2.28879,3.13477
3,0.462048,-0.116696,0.664821,0.000943418,-2.28944,3.13477
3,0.462022,-0.115901,0.664188,0.000942712,-2.29009,3.13477
3,0.461996,-0.115105,0.663555,0.000942006,-2.29074,3.13477
3,0.46197,-0.11431,0.662921,0.000941302,-2.29139,3.13476
3,0.461944,-0.113514,0.662288,0.000940597,-2.29204,3.13476
3,0.461918,-0.112719,0.661655,0.000939894,-2.29269,3.13476
3,0.461892,-0.111923,0.661022,0.000939192,-2.29335,3.13476
3,0.461865,-0.111128,0.660389,0.000938491,-2.294,3.13476
3,0.461839,-0.110332,0.659756,0.00093779,-2.29465,3.13476
3,0.461813,-0.109536,0.659122,0.00093709,-2.29531,3.13476
3,0.461786,-0.108741,0.658489,0.00093639,-2.29596,3.13476
3,0.46176,-0.107945,0.657856,0.000935692,-2.29662,3.13476
3,0.461734,-0.10715,0.657223,0.000934994,-2.29728,3.13476
3,0.461707,-0.106354,0.656589,0.000934298,-2.29793,3.13476
3,0.461681,-0.105559,0.655956,0.000933602,-2.29859,3.13475
3,0.461654,-0.104763,0.655323,0.000932907,-2.29925,3.13475
3,0.461627,-0.103968,0.654689,0.000932212,-2.29991,3.13475
3,0.461601,-0.103172,0.654056,0.000931518,-2.30057,3.13475
3,0.461574,-0.102377,0.653423,0.000930826,-2.30123,3.13475
3,0.461547,-0.101581,0.65279,0.000930134,-2.30189,3.13475
3,0.46152,-0.100786,0.652156,0.000929443,-2.30255,3.13475
3,0.461493,-0.0999901,0.651523,0.000928753,-2.30321,3.13475
3,0.461467,-0.0991946,0.65089,0.000928064,-2.30388,3.13475
3,0.46144,-0.098399,0.650256,0.000927375,-2.30454,3.13475
3,0.461413,-0.0976035,0.649623,0.000926687,-2.3052,3.13474
3,0.461386,-0.096808,0.648989,0.000926,-2.30587,3.13474
3,0.461359,-0.0960124,0.648356,0.000925314,-2.30653,3.13474
3,0.461331,-0.0952169,0.647723,0.000924629,-2.3072,3.13474
3,0.461304,-0.0944214,0.647089,0.000923945,-2.30786,3.13474
3,0.461277,-0.0936258,0.646456,0.000923261,-2.30853,3.13474
3,0.46125,-0.0928303,0.645822,0.000922579,-2.3092,3.13474
3,0.461223,-0.0920348,0.645189,0.000921896,-2.30986,3.13474
3,0.461195,-0.0912392,0.644556,0.000921215,-2.31053,3.13474
4,0.370868,-0.0906839,0.725658,-0.000938693,0.847239,3.13476
4,0.370868,-0.0906839,0.725658,-0.000938693,0.847239,3.13476
4,0.371881,-0.0906843,0.725703,-0.000938406,0.846243,3.13476
4,0.372894,-0.090684,0.725748,-0.000937349,0.845248,3.13476
4,0.373906,-0.0906836,0.725793,-0.000936295,0.844253,3.13476
4,0.374919,-0.0906832,0.725838,-0.000935245,0.843259,3.13476
4,0.375932,-0.0906829,0.725883,-0.000934199,0.842265,3.13476
4,0.376945,-0.0906825,0.725928,-0.000933156,0.841271,3.13476
4,0.377958,-0.0906821,0.725973,-0.000932117,0.840278,3.13475
4,0.378971,-0.0906818,0.726018,-0.000931082,0.839286,3.13475
4,0.379983,-0.0906814,0.726063,-0.00093005,0.838293,3.13475
4,0.380996,-0.0906811,0.726107,-0.000929022,0.837301,3.13475
4,0.382009,-0.0906807,0.726152,-0.000927997,0.83631,3.13475
4,0.383022,-0.0906803,0.726197,-0.000926976,0.835319,3.13475
4,0.383052,-0.089982,0.725519,-0.000925305,0.834575,3.13474
4,0.383082,-0.0892833,0.724841,-0.000924528,0.833829,3.13474
4,0.383113,-0.0885845,0.724163,-0.000923761,0.833082,3.13474
4,0.383143,-0.0878858,0.723486,-0.000922994,0.832334,3.13474
4,0.383174,-0.0871871,0.722808,-0.000922228,0.831585,3.13474
4,0.383205,-0.0864884,0.72213,-0.000921463,0.830836,3.13474
4,0.383235,-0.0857896,0.721453,-0.0009207,0.830086,3.13474
4,0.383266,-0.0850909,0.720775,-0.000919937,0.829335,3.13474
4,0.383297,-0.0843922,0.720098,-0.000919174,0.828583,3.13474
4,0.383328,-0.0836935,0.71942,-0.000918414,0.82783,3.13473
4,0.383359,-0.0829947,0.718742,-0.000917653,0.827076,3.13473
4,0.38339,-0.082296,0.718065,-0.000916894,0.826322,3.13473
4,0.383421,-0.0815973,0.717387,-0.000916136,0.825566,3.13473
4,0.383452,-0.0808985,0.71671,-0.000915378,0.82481,3.13473
4,0.383483,-0.0801998,0.716032,-0.000914622,0.824053,3.13473
4,0.383514,-0.0795011,0.715355,-0.000913867,0.823295,3.13473
4,0.383546,-0.0788024,0.714677,-0.000913113,0.822537,3.13473
4,0.383577,-0.0781036,0.714,-0.000912359,0.821777,3.13473
4,0.383609,-0.0774049,0.713322,-0.000911607,0.821017,3.13473
4,0.38364,-0.0767062,0.712645,-0.000910855,0.820256,3.13472
4,0.383672,-0.0760075,0.711967,-0.000910105,0.819494,3.13472
4,0.383703,-0.0753087,0.71129,-0.000909355,0.818731,3.13472
4,0.383735,-0.07461,0.710612,-0.000908606,0.817968,3.13472
4,0.383767,-0.0739113,0.709935,-0.000907859,0.817204,3.13472
4,0.383799,-0.0732125,0.709258,-0.000907112,0.816439,3.13472
4,0.38383,-0.0725138,0.70858,-0.000906367,0.815673,3.13472
4,0.383862,-0.0718151,0.707903,-0.000905622,0.814906,3.13472
4,0.383894,-0.0711164,0.707225,-0.000904878,0.814138,3.13472
4,0.383926,-0.0704176,0.706548,-0.000904135,0.81337,3.13472
4,0.383958,-0.0697189,0.705871,-0.000903394,0.812601,3.13471
4,0.383991,-0.0690202,0.705193,-0.000902653,0.811831,3.13471
4,0.384023,-0.0683214,0.704516,-0.000901914,0.81106,3.13471
4,0.384055,-0.0676227,0.703839,-0.000901175,0.810288,3.13471
4,0.384087,-0.066924,0.703161,-0.000900437,0.809516,3.13471
4,0.38412,-0.0662253,0.702484,-0.0008997,0.808743,3.13471
4,0.384152,-0.0655265,0.701807,-0.000898965,0.807969,3.13471
4,0.384185,-0.0648278,0.701129,-0.00089823,0.807194,3.13471
4,0.384217,-0.0641291,0.700452,-0.000897496,0.806419,3.13471
4,0.38425,-0.0634303,0.699775,-0.000896764,0.805642,3.1347
4,0.384283,-0.0627316,0.699098,-0.000896032,0.804865,3.1347
4,0.384315,-0.0620329,0.69842,-0.000895301,0.804087,3.1347
4,0.384348,-0.0613341,0.697743,-0.000894572,0.803309,3.1347
4,0.384381,-0.0606354,0.697066,-0.000893843,0.802529,3.1347
4,0.384414,-0.0599367,0.696389,-0.000893115,0.801749,3.1347
4,0.384447,-0.0592379,0.695712,-0.000892389,0.800968,3.1347
4,0.38448,-0.0585392,0.695034,-0.000891663,0.800186,3.1347
4,0.384513,-0.0578405,0.694357,-0.000890939,0.799404,3.1347
4,0.384546,-0.0571418,0.69368,-0.000890215,0.79862,3.1347
4,0.384579,-0.056443,0.693003,-0.000889492,0.797836,3.13469
4,0.384613,-0.0557443,0.692326,-0.000888771,0.797051,3.13469
4,0.384646,-0.0550456,0.691648,-0.00088805,0.796266,3.13469
4,0.384679,-0.0543468,0.690971,-0.000887331,0.795479,3.13469
4,0.384713,-0.0536481,0.690294,-0.000886613,0.794692,3.13469
4,0.384746,-0.0529494,0.689617,-0.000885896,0.793904,3.13469
4,0.38478,-0.0522506,0.68894,-0.000885179,0.793115,3.13469
4,0.384814,-0.0515519,0.688263,-0.000884463,0.792326,3.13469
4,0.384847,-0.0508532,0.687586,-0.000883749,0.791536,3.13469
4,0.384881,-0.0501544,0.686908,-0.000883036,0.790745,3.13469
4,0.384915,-0.0494557,0.686231,-0.000882323,0.789953,3.13468
4,0.384949,-0.048757,0.685554,-0.000881612,0.78916,3.13468
4,0.384983,-0.0480582,0.684877,-0.000880902,0.788367,3.13468
4,0.385017,-0.0473595,0.6842,-0.000880193,0.787573,3.13468
4,0.385051,-0.0466608,0.683523,-0.000879485,0.786778,3.13468
4,0.385085,-0.045962,0.682846,-0.000878778,0.785983,3.13468
4,0.385119,-0.0452633,0.682169,-0.000878072,0.785187,3.13468
4,0.385153,-0.0445646,0.681492,-0.000877367,0.78439,3.13468
4,0.385188,-0.0438658,0.680815,-0.000876663,0.783592,3.13468
4,0.385222,-0.0431671,0.680138,-0.00087596,0.782793,3.13468
4,0.385256,-0.0424684,0.67946,-0.000875258,0.781994,3.13467
4,0.385291,-0.0417696,0.678783,-0.000874557,0.781194,3.13467
4,0.385325,-0.0410709,0.678106,-0.000873857,0.780393,3.13467
4,0.38536,-0.0403722,0.677429,-0.000873158,0.779592,3.13467
4,0.385395,-0.0396734,0.676752,-0.000872461,0.77879,3.13467
4,0.385429,-0.0389747,0.676075,-0.000871764,0.777987,3.13467
4,0.385464,-0.038276,0.675398,-0.000871068,0.777183,3.13467
4,0.385499,-0.0375772,0.674721,-0.000870374,0.776379,3.13467
4,0.385534,-0.0368785,0.674044,-0.00086968,0.775573,3.13467
4,0.385569,-0.0361798,0.673367,-0.000868987,0.774767,3.13467
4,0.385604,-0.035481,0.67269,-0.000868297,0.773961,3.13466
4,0.385639,-0.0347823,0.672013,-0.000867606,0.773153,3.13466
4,0.385674,-0.0340836,0.671336,-0.000866917,0.772345,3.13466
4,0.385709,-0.0333848,0.670659,-0.000866228,0.771537,3.13466
4,0.385744,-0.0326861,0.669982,-0.000865541,0.770727,3.13466
4,0.38578,-0.0319874,0.669305,-0.000864855,0.769917,3.13466
4,0.385815,-0.0312886,0.668628,-0.00086417,0.769106,3.13466
4,0.385851,-0.0305899,0.667951,-0.000863486,0.768294,3.13466
4,0.385886,-0.0298912,0.667274,-0.000862803,0.767481,3.13466
4,0.385922,-0.0291924,0.666597,-0.000862121,0.766668,3.13466
4,0.385957,-0.0284937,0.66592,-0.00086144,0.765854,3.13465
4,0.385993,-0.027795,0.665243,-0.00086076,0.76504,3.13465
4,0.386029,-0.0270962,0.664566,-0.000860081,0.764224,3.13465
4,0.386064,-0.0263975,0.663889,-0.000859403,0.763408,3.13465
4,0.3861,-0.0256988,0.663212,-0.000858727,0.762591,3.13465
4,0.386136,-0.025,0.662535,-0.000858051,0.761774,3.13465
4,0.386172,-0.0243013,0.661858,-0.000857377,0.760956,3.13465
4,0.386208,-0.0236026,0.661181,-0.000856703,0.760137,3.13465
4,0.386244,-0.0229038,0.660504,-0.00085603,0.759317,3.13465
4,0.38628,-0.0222051,0.659827,-0.000855358,0.758497,3.13465
4,0.386316,-0.0215064,0.65915,-0.000854688,0.757675,3.13464
4,0.386353,-0.0208076,0.658473,-0.000854019,0.756854,3.13464
4,0.386389,-0.0201089,0.657796,-0.000853351,0.756031,3.13464
4,0.386425,-0.0194101,0.657119,-0.000852683,0.755208,3.13464
4,0.386462,-0.0187114,0.656442,-0.000852018,0.754384,3.13464
4,0.386498,-0.0180127,0.655765,-0.000851352,0.753559,3.13464
4,0.386535,-0.0173139,0.655088,-0.000850688,0.752734,3.13464
4,0.386571,-0.0166152,0.654411,-0.000850025,0.751908,3.13464
4,0.386608,-0.0159165,0.653734,-0.000849363,0.751081,3.13464
4,0.386645,-0.0152177,0.653057,-0.000848702,0.750253,3.13464
4,0.386682,-0.014519,0.65238,-0.000848042,0.749425,3.13464
4,0.386718,-0.0138203,0.651703,-0.000847383,0.748596,3.13463
4,0.386755,-0.0131215,0.651026,-0.000846725,0.747766,3.13463
4,0.386792,-0.0124228,0.650349,-0.000846069,0.746936,3.13463
4,0.386829,-0.0117241,0.649672,-0.000845413,0.746105,3.13463
4,0.386867,-0.0110253,0.648995,-0.000844759,0.745273,3.13463
4,0.386904,-0.0103266,0.648318,-0.000844106,0.744441,3.13463
4,0.386941,-0.00962786,0.647641,-0.000843453,0.743608,3.13463
4,0.386978,-0.00892912,0.646964,-0.000842801,0.742774,3.13463
4,0.387015,-0.00823038,0.646287,-0.000842151,0.741939,3.13463
4,0.387053,-0.00753165,0.64561,-0.000841501,0.741104,3.13463
4,0.38709,-0.00683291,0.644933,-0.000840853,0.740268,3.13462
4,0.387128,-0.00613418,0.644256,-0.000840206,0.739431,3.13462
4,0.387165,-0.00543544,0.643579,-0.000839559,0.738594,3.13462
4,0.387203,-0.00473671,0.642902,-0.000838914,0.737755,3.13462
4,0.387241,-0.00403797,0.642225,-0.00083827,0.736917,3.13462
4,0.387279,-0.00333924,0.641548,-0.000837627,0.736077,3.13462
4,0.387316,-0.0026405,0.640871,-0.000836985,0.735237,3.13462
4,0.387354,-0.00194176,0.640194,-0.000836344,0.734396,3.13462
4,0.387392,-0.00124303,0.639517,-0.000835704,0.733554,3.13462
4,0.38743,-0.000544292,0.63884,-0.000835065,0.732712,3.13462
4,0.387468,0.000154444,0.638163,-0.000834427,0.731869,3.13461
4,0.387506,0.00085318,0.637485,-0.000833791,0.731025,3.13461
4,0.387545,0.00155192,0.636808,-0.000833154,0.73018,3.13461
4,0.387583,0.00225065,0.636131,-0.00083252,0.729335,3.13461
4,0.387621,0.00294939,0.635454,-0.000831886,0.728489,3.13461
4,0.387659,0.00364812,0.634777,-0.000831253,0.727642,3.13461
4,0.387698,0.00434686,0.6341,-0.000830622,0.726795,3.13461
4,0.387736,0.00504559,0.633423,-0.000829991,0.725947,3.13461
4,0.387775,0.00574433,0.632746,-0.000829361,0.725098,3.13461
4,0.387813,0.00644307,0.632069,-0.000828733,0.724249,3.13461
4,0.387852,0.0071418,0.631392,-0.000828105,0.723399,3.13461
4,0.387891,0.00784054,0.630715,-0.000827479,0.722548,3.1346
4,0.38793,0.00853927,0.630038,-0.000826853,0.721696,3.1346
4,0.387969,0.00923801,0.629361,-0.000826229,0.720844,3.1346
4,0.388007,0.00993675,0.628683,-0.000825605,0.719991,3.1346
4,0.388046,0.0106355,0.628006,-0.000824983,0.719137,3.1346
4,0.388085,0.0113342,0.627329,-0.000824362,0.718283,3.1346
4,0.388125,0.012033,0.626652,-0.000823742,0.717428,3.1346
4,0.388164,0.0127317,0.625975,-0.000823123,0.716572,3.1346
4,0.388203,0.0134304,0.625298,-0.000822505,0.715715,3.1346
4,0.388242,0.0141292,0.624621,-0.000821887,0.714858,3.1346
4,0.388282,0.0148279,0.623944,-0.000821271,0.714,3.13459
4,0.388321,0.0155266,0.623266,-0.000820656,0.713141,3.13459
4,0.38836,0.0162254,0.622589,-0.000820041,0.712282,3.13459
4,0.3884,0.0169241,0.621912,-0.000819428,0.711422,3.13459
4,0.38844,0.0176228,0.621235,-0.000818816,0.710561,3.13459
4,0.388479,0.0183216,0.620558,-0.000818205,0.709699,3.13459
4,0.388519,0.0190203,0.619881,-0.000817595,0.708837,3.13459
4,0.388559,0.0197191,0.619203,-0.000816986,0.707974,3.13459
5,0.431714,0.0189423,0.512506,0.0006226,-3.08091,3.1341
5,0.431714,0.0189423,0.512506,0.0006226,-3.08091,3.1341
5,0.431992,0.0189422,0.512506,0.00062262,-3.08084,3.1341
5,0.431953,0.0180031,0.51238,0.000622936,-3.08149,3.1341
5,0.431914,0.0170637,0.512256,0.00062291,-3.08212,3.1341
5,0.431875,0.0161244,0.512131,0.000622886,-3.08276,3.1341
5,0.431836,0.015185,0.512006,0.000622861,-3.0834,3.1341
5,0.431798,0.0142456,0.511881,0.000622837,-3.08404,3.1341
5,0.431759,0.0133063,0.511756,0.000622813,-3.08468,3.13409
5,0.43172,0.0123669,0.511631,0.000622789,-3.08532,3.13409
5,0.431682,0.0114275,0.511506,0.000622766,-3.08595,3.13409
5,0.431643,0.0104882,0.511381,0.000622743,-3.08659,3.13409
5,0.431605,0.00954879,0.511257,0.00062272,-3.08723,3.13409
5,0.431566,0.00860943,0.511132,0.000622697,-3.08786,3.13409
5,0.431528,0.00767006,0.511007,0.000622675,-3.0885,3.13409
5,0.431489,0.00673069,0.510882,0.000622653,-3.08913,3.13409
5,0.431451,0.00579132,0.510758,0.000622631,-3.08977,3.13409
5,0.431412,0.00485196,0.510633,0.000622609,-3.0904,3.13409
5,0.431374,0.00391259,0.510508,0.000622588,-3.09104,3.13409
5,0.431335,0.00297322,0.510384,0.000622567,-3.09167,3.13409
5,0.431297,0.00203385,0.510259,0.000622546,-3.0923,3.13409
6,0.408102,0.00204465,0.513647,0.000658875,2.80225,3.13384
6,0.408102,0.00204465,0.513647,0.000658875,2.80225,3.13384
6,0.409157,0.00204335,0.513621,0.000661247,2.80345,3.13384
6,0.410211,0.00204321,0.513597,0.000660995,2.80465,3.13384
6,0.411265,0.00204308,0.513573,0.000660724,2.80585,3.13384
6,0.412319,0.00204294,0.513549,0.000660454,2.80705,3.13384
6,0.413373,0.0020428,0.513525,0.000660185,2.80826,3.13384
6,0.414428,0.00204267,0.513502,0.000659918,2.80946,3.13384
6,0.415482,0.00204253,0.513478,0.000659652,2.81066,3.13384
6,0.416536,0.0020424,0.513454,0.000659387,2.81186,3.13384
6,0.417591,0.00204226,0.513431,0.000659123,2.81306,3.13384
6,0.418645,0.00204213,0.513407,0.00065886,2.81427,3.13384
6,0.4197,0.002042,0.513384,0.000658598,2.81547,3.13385
6,0.419622,0.00113659,0.51299,0.000659098,2.81415,3.13385
6,0.419546,0.000230868,0.512597,0.000659371,2.81283,3.13385
6,0.419471,-0.000674849,0.512203,0.000659654,2.81151,3.13384
6,0.419395,-0.00158057,0.51181,0.000659938,2.8102,3.13384
6,0.41932,-0.00248628,0.511417,0.000660223,2.80888,3.13384
6,0.419245,-0.003392,0.511023,0.000660508,2.80757,3.13384
6,0.41917,-0.00429771,0.51063,0.000660795,2.80627,3.13384
6,0.419095,-0.00520342,0.510237,0.000661082,2.80496,3.13384
6,0.41902,-0.00610914,0.509844,0.00066137,2.80366,3.13384
6,0.418946,-0.00701485,0.509451,0.000661659,2.80236,3.13384
6,0.418872,-0.00792056,0.509058,0.000661949,2.80106,3.13384
6,0.418798,-0.00882628,0.508665,0.00066224,2.79976,3.13384
6,0.418724,-0.00973199,0.508272,0.000662532,2.79847,3.13384
6,0.41865,-0.0106377,0.507879,0.000662824,2.79718,3.13383
6,0.418576,-0.0115434,0.507487,0.000663117,2.79589,3.13383
6,0.418503,-0.0124491,0.507094,0.000663412,2.7946,3.13383
6,0.418429,-0.0133548,0.506701,0.000663707,2.79332,3.13383
6,0.418356,-0.0142605,0.506309,0.000664002,2.79203,3.13383
6,0.418283,-0.0151663,0.505916,0.000664299,2.79075,3.13383
6,0.41821,-0.016072,0.505524,0.000664597,2.78947,3.13383
6,0.418138,-0.0169777,0.505131,0.000664895,2.7882,3.13383
6,0.418065,-0.0178834,0.504739,0.000665194,2.78692,3.13383
6,0.417993,-0.0187891,0.504346,0.000665494,2.78565,3.13383
6,0.41792,-0.0196948,0.503954,0.000665795,2.78438,3.13383
6,0.417848,-0.0206005,0.503562,0.000666097,2.78311,3.13383
6,0.417776,-0.0215062,0.50317,0.0006664,2.78185,3.13382
6,0.417705,-0.0224119,0.502777,0.000666703,2.78058,3.13382
6,0.417633,-0.0233176,0.502385,0.000667007,2.77932,3.13382
6,0.417561,-0.0242233,0.501993,0.000667313,2.77806,3.13382
6,0.41749,-0.025129,0.501601,0.000667619,2.7768,3.13382
6,0.417419,-0.0260347,0.501209,0.000667925,2.77555,3.13382
6,0.417348,-0.0269404,0.500817,0.000668233,2.77429,3.13382
6,0.417277,-0.0278461,0.500425,0.000668542,2.77304,3.13382
6,0.417206,-0.0287518,0.500033,0.000668851,2.77179,3.13382
6,0.417135,-0.0296575,0.499642,0.000669162,2.77054,3.13382
6,0.417065,-0.0305632,0.49925,0.000669473,2.76929,3.13382
6,0.416994,-0.0314689,0.498858,0.000669785,2.76805,3.13381
6,0.416924,-0.0323746,0.498466,0.000670098,2.7668,3.13381
6,0.416854,-0.0332803,0.498075,0.000670412,2.76556,3.13381
6,0.416784,-0.034186,0.497683,0.000670726,2.76432,3.13381
6,0.416714,-0.0350917,0.497292,0.000671042,2.76309,3.13381
6,0.416644,-0.0359974,0.4969,0.000671358,2.76185,3.13381
6,0.416575,-0.0369031,0.496509,0.000671675,2.76061,3.13381
6,0.416505,-0.0378088,0.496117,0.000671994,2.75938,3.13381
6,0.416436,-0.0387145,0.495726,0.000672313,2.75815,3.13381
6,0.416367,-0.0396202,0.495335,0.000672632,2.75692,3.13381
6,0.416298,-0.0405259,0.494944,0.000672953,2.75569,3.13381
6,0.416229,-0.0414316,0.494552,0.000673275,2.75447,3.1338
6,0.41616,-0.0423373,0.494161,0.000673598,2.75324,3.1338
6,0.416091,-0.043243,0.49377,0.000673921,2.75202,3.1338
6,0.416023,-0.0441487,0.493379,0.000674245,2.7508,3.1338
6,0.415954,-0.0450544,0.492988,0.000674571,2.74958,3.1338
6,0.415886,-0.0459601,0.492597,0.000674897,2.74836,3.1338
6,0.415818,-0.0468658,0.492206,0.000675224,2.74714,3.1338
6,0.41575,-0.0477715,0.491816,0.000675552,2.74593,3.1338
6,0.415682,-0.0486772,0.491425,0.000675881,2.74471,3.1338
6,0.415614,-0.0495829,0.491034,0.000676211,2.7435,3.1338
6,0.415546,-0.0504886,0.490643,0.000676541,2.74229,3.1338
6,0.415479,-0.0513943,0.490253,0.000676873,2.74108,3.1338
6,0.415411,-0.0522999,0.489862,0.000677206,2.73987,3.13379
6,0.415344,-0.0532056,0.489471,0.000677539,2.73867,3.13379
6,0.415276,-0.0541113,0.489081,0.000677874,2.73746,3.13379
6,0.415209,-0.055017,0.48869,0.000678209,2.73626,3.13379
6,0.415142,-0.0559227,0.4883,0.000678545,2.73505,3.13379
6,0.415075,-0.0568284,0.48791,0.000678883,2.73385,3.13379
6,0.415008,-0.0577341,0.487519,0.000679221,2.73265,3.13379
6,0.414942,-0.0586398,0.487129,0.00067956,2.73145,3.13379
6,0.414875,-0.0595455,0.486739,0.0006799,2.73026,3.13379
6,0.414808,-0.0604511,0.486349,0.000680241,2.72906,3.13379
6,0.414742,-0.0613568,0.485959,0.000680583,2.72786,3.13379
6,0.414676,-0.0622625,0.485568,0.000680926,2.72667,3.13378
6,0.414609,-0.0631682,0.485178,0.00068127,2.72548,3.13378
6,0.414543,-0.0640739,0.484789,0.000681615,2.72429,3.13378
6,0.414477,-0.0649796,0.484399,0.000681961,2.7231,3.13378
6,0.414411,-0.0658853,0.484009,0.000682308,2.72191,3.13378
6,0.414345,-0.0667909,0.483619,0.000682656,2.72072,3.13378
6,0.41428,-0.0676966,0.483229,0.000683005,2.71953,3.13378
6,0.414214,-0.0686023,0.482839,0.000683355,2.71835,3.13378
6,0.414148,-0.069508,0.48245,0.000683706,2.71716,3.13378
6,0.414083,-0.0704137,0.48206,0.000684058,2.71598,3.13378
6,0.414018,-0.0713194,0.481671,0.000684411,2.71479,3.13378
6,0.413952,-0.072225,0.481281,0.000684765,2.71361,3.13377
6,0.413887,-0.0731307,0.480892,0.00068512,2.71243,3.13377
6,0.413822,-0.0740364,0.480502,0.000685477,2.71125,3.13377
6,0.413757,-0.0749421,0.480113,0.000685834,2.71007,3.13377
6,0.413692,-0.0758478,0.479724,0.000686192,2.70889,3.13377
6,0.413627,-0.0767534,0.479334,0.000686551,2.70772,3.13377
6,0.413562,-0.0776591,0.478945,0.000686912,2.70654,3.13377
6,0.413498,-0.0785648,0.478556,0.000687273,2.70537,3.13377
6,0.413433,-0.0794705,0.478167,0.000687636,2.70419,3.13377
6,0.413369,-0.0803762,0.477778,0.000687999,2.70302,3.13377
6,0.413304,-0.0812818,0.477389,0.000688364,2.70184,3.13377
6,0.41324,-0.0821875,0.477,0.00068873,2.70067,3.13377
6,0.413175,-0.0830932,0.476611,0.000689097,2.6995,3.13376
6,0.413111,-0.0839989,0.476222,0.000689465,2.69833,3.13376
6,0.413047,-0.0849045,0.475834,0.000689834,2.69716,3.13376
6,0.412983,-0.0858102,0.475445,0.000690204,2.69599,3.13376
6,0.412919,-0.0867159,0.475056,0.000690576,2.69482,3.13376
6,0.412855,-0.0876216,0.474668,0.000690948,2.69365,3.13376
6,0.412791,-0.0885272,0.474279,0.000691322,2.69249,3.13376
6,0.412728,-0.0894329,0.473891,0.000691697,2.69132,3.13376
6,0.412664,-0.0903386,0.473502,0.000692073,2.69015,3.13376
6,0.4126,-0.0912443,0.473114,0.00069245,2.68899,3.13376
6,0.412537,-0.0921499,0.472726,0.000692829,2.68782,3.13376
6,0.412473,-0.0930556,0.472337,0.000693208,2.68666,3.13375
6,0.41241,-0.0939613,0.471949,0.000693589,2.6855,3.13375
6,0.412346,-0.0948669,0.471561,0.000693971,2.68433,3.13375
6,0.412283,-0.0957726,0.471173,0.000694354,2.68317,3.13375
6,0.41222,-0.0966783,0.470785,0.000694739,2.68201,3.13375
6,0.412157,-0.097584,0.470397,0.000695124,2.68085,3.13375
6,0.412093,-0.0984896,0.470009,0.000695511,2.67968,3.13375
6,0.41203,-0.0993953,0.469622,0.000695899,2.67852,3.13375
6,0.411967,-0.100301,0.469234,0.000696289,2.67736,3.13375
6,0.411904,-0.101207,0.468846,0.00069668,2.6762,3.13375
6,0.411841,-0.102112,0.468459,0.000697072,2.67504,3.13375
6,0.411779,-0.103018,0.468071,0.000697465,2.67388,3.13374
6,0.411716,-0.103924,0.467684,0.000697859,2.67272,3.13374
6,0.411653,-0.104829,0.467296,0.000698255,2.67156,3.13374
6,0.41159,-0.105735,0.466909,0.000698653,2.6704,3.13374
6,0.411528,-0.106641,0.466522,0.000699051,2.66925,3.13374
6,0.411465,-0.107546,0.466134,0.000699451,2.66809,3.13374
6,0.411403,-0.108452,0.465747,0.000699852,2.66693,3.13374
6,0.41134,-0.109358,0.46536,0.000700255,2.66577,3.13374
6,0.411278,-0.110263,0.464973,0.000700659,2.66461,3.13374
6,0.411215,-0.111169,0.464586,0.000701064,2.66346,3.13374
6,0.411153,-0.112075,0.464199,0.000701471,2.6623,3.13374
6,0.41109,-0.11298,0.463812,0.000701879,2.66114,3.13373
6,0.411028,-0.113886,0.463426,0.000702288,2.65998,3.13373
6,0.410966,-0.114792,0.463039,0.000702699,2.65883,3.13373
6,0.410904,-0.115697,0.462652,0.000703112,2.65767,3.13373
6,0.410842,-0.116603,0.462266,0.000703526,2.65651,3.13373
6,0.410779,-0.117509,0.461879,0.000703941,2.65535,3.13373
6,0.410717,-0.118414,0.461493,0.000704358,2.6542,3.13373
6,0.410655,-0.11932,0.461107,0.000704776,2.65304,3.13373
6,0.410593,-0.120226,0.460721,0.000705196,2.65188,3.13373
6,0.410531,-0.121131,0.460334,0.000705617,2.65072,3.13373
6,0.410469,-0.122037,0.459948,0.00070604,2.64957,3.13373
6,0.410407,-0.122942,0.459562,0.000706464,2.64841,3.13372
6,0.410345,-0.123848,0.459176,0.00070689,2.64725,3.13372
6,0.410284,-0.124754,0.458791,0.000707318,2.64609,3.13372
6,0.410222,-0.125659,0.458405,0.000707747,2.64493,3.13372
6,0.41016,-0.126565,0.458019,0.000708177,2.64377,3.13372
6,0.410098,-0.127471,0.457633,0.000708609,2.64262,3.13372
6,0.410036,-0.128376,0.457248,0.000709043,2.64146,3.13372
6,0.409975,-0.129282,0.456862,0.000709479,2.6403,3.13372
6,0.409913,-0.130188,0.456477,0.000709916,2.63914,3.13372
6,0.409851,-0.131093,0.456092,0.000710354,2.63798,3.13372
6,0.40979,-0.131999,0.455707,0.000710795,2.63682,3.13372
6,0.409728,-0.132905,0.455321,0.000711237,2.63566,3.13371
6,0.409666,-0.13381,0.454936,0.00071168,2.6345,3.13371
6,0.409605,-0.134716,0.454551,0.000712126,2.63333,3.13371
6,0.409543,-0.135622,0.454166,0.000712573,2.63217,3.13371
6,0.409482,-0.136527,0.453782,0.000713022,2.63101,3.13371
6,0.40942,-0.137433,0.453397,0.000713473,2.62985,3.13371
6,0.409358,-0.138338,0.453012,0.000713925,2.62868,3.13371
6,0.409297,-0.139244,0.452628,0.000714379,2.62752,3.13371
6,0.409235,-0.14015,0.452243,0.000714835,2.62636,3.13371
6,0.409174,-0.141055,0.451859,0.000715293,2.62519,3.13371
6,0.409112,-0.141961,0.451475,0.000715753,2.62402,3.13371
6,0.409051,-0.142867,0.451091,0.000716214,2.62286,3.1337
6,0.408989,-0.143772,0.450706,0.000716677,2.62169,3.1337
6,0.408928,-0.144678,0.450322,0.000717142,2.62052,3.1337
6,0.408866,-0.145584,0.449939,0.00071761,2.61936,3.1337
6,0.408805,-0.146489,0.449555,0.000718079,2.61819,3.1337
6,0.408743,-0.147395,0.449171,0.000718549,2.61702,3.1337
6,0.408682,-0.148301,0.448787,0.000719022,2.61585,3.1337
6,0.408621,-0.149206,0.448404,0.000719497,2.61468,3.1337
6,0.408559,-0.150112,0.44802,0.000719974,2.61351,3.1337
6,0.408498,-0.151017,0.447637,0.000720453,2.61233,3.1337
6,0.408436,-0.151923,0.447254,0.000720933,2.61116,3.13369
6,0.408375,-0.152829,0.446871,0.000721416,2.60999,3.13369
6,0.408313,-0.153734,0.446488,0.000721901,2.60881,3.13369
6,0.408252,-0.15464,0.446105,0.000722388,2.60763,3.13369
6,0.40819,-0.155546,0.445722,0.000722877,2.60646,3.13369
6,0.408129,-0.156451,0.445339,0.000723368,2.60528,3.13369
6,0.408067,-0.157357,0.444956,0.000723861,2.6041,3.13369
6,0.408006,-0.158262,0.444574,0.000724356,2.60292,3.13369
6,0.407944,-0.159168,0.444191,0.000724854,2.60174,3.13369
6,0.407883,-0.160074,0.443809,0.000725353,2.60056,3.13369
6,0.407821,-0.160979,0.443427,0.000725855,2.59938,3.13369
6,0.40776,-0.161885,0.443045,0.000726359,2.59819,3.13368
6,0.407698,-0.162791,0.442663,0.000726865,2.59701,3.13368
6,0.407637,-0.163696,0.442281,0.000727374,2.59582,3.13368
6,0.407575,-0.164602,0.441899,0.000727884,2.59464,3.13368
6,0.407514,-0.165507,0.441517,0.000728397,2.59345,3.13368
6,0.407452,-0.166413,0.441136,0.000728913,2.59226,3.13368
6,0.40739,-0.167319,0.440754,0.00072943,2.59107,3.13368
6,0.407329,-0.168224,0.440373,0.00072995,2.58988,3.13368
6,0.407267,-0.16913,0.439991,0.000730472,2.58868,3.13368
6,0.407206,-0.170036,0.43961,0.000730997,2.58749,3.13368
6,0.407144,-0.170941,0.439229,0.000731524,2.58629,3.13367
6,0.407082,-0.171847,0.438848,0.000732054,2.5851,3.13367
6,0.40702,-0.172752,0.438468,0.000732586,2.5839,3.13367
6,0.406959,-0.173658,0.438087,0.00073312,2.5827,3.13367
6,0.406897,-0.174564,0.437706,0.000733657,2.5815,3.13367
6,0.406835,-0.175469,0.437326,0.000734196,2.5803,3.13367
6,0.406773,-0.176375,0.436946,0.000734738,2.57909,3.13367
6,0.406712,-0.17728,0.436565,0.000735283,2.57789,3.13367
6,0.40665,-0.178186,0.436185,0.00073583,2.57668,3.13367
6,0.406588,-0.179092,0.435805,0.00073638,2.57548,3.13366
6,0.406526,-0.179997,0.435425,0.000736932,2.57427,3.13366
6,0.406464,-0.180903,0.435046,0.000737487,2.57306,3.13366
6,0.406402,-0.181809,0.434666,0.000738045,2.57184,3.13366
6,0.40634,-0.182714,0.434287,0.000738605,2.57063,3.13366
6,0.406278,-0.18362,0.433907,0.000739168,2.56942,3.13366
6,0.406216,-0.184525,0.433528,0.000739734,2.5682,3.13366
6,0.406154,-0.185431,0.433149,0.000740302,2.56698,3.13366
6,0.406092,-0.186337,0.43277,0.000740873,2.56576,3.13366
6,0.406029,-0.187242,0.432391,0.000741447,2.56454,3.13366
6,0.405967,-0.188148,0.432012,0.000742024,2.56332,3.13365
6,0.405905,-0.189053,0.431634,0.000742604,2.56209,3.13365
6,0.405843,-0.189959,0.431255,0.000743187,2.56087,3.13365
6,0.40578,-0.190865,0.430877,0.000743772,2.55964,3.13365
6,0.405718,-0.19177,0.430499,0.000744361,2.55841,3.13365
6,0.405656,-0.192676,0.430121,0.000744952,2.55718,3.13365
6,0.405593,-0.193581,0.429743,0.000745546,2.55594,3.13365
6,0.405531,-0.194487,0.429365,0.000746144,2.55471,3.13365
6,0.405468,-0.195393,0.428988,0.000746744,2.55347,3.13365
6,0.405406,-0.196298,0.42861,0.000747348,2.55223,3.13364
6,0.405343,-0.197204,0.428233,0.000747954,2.55099,3.13364
6,0.405281,-0.198109,0.427856,0.000748564,2.54975,3.13364
6,0.405218,-0.199015,0.427478,0.000749177,2.5485,3.13364
6,0.405155,-0.19992,0.427102,0.000749793,2.54726,3.13364
6,0.405093,-0.200826,0.426725,0.000750412,2.54601,3.13364
6,0.40503,-0.201732,0.426348,0.000751034,2.54476,3.13364
6,0.404967,-0.202637,0.425972,0.00075166,2.54351,3.13364
6,0.404904,-0.203543,0.425595,0.000752289,2.54225,3.13364
6,0.404841,-0.204448,0.425219,0.000752921,2.541,3.13363
6,0.404778,-0.205354,0.424843,0.000753556,2.53974,3.13363
6,0.404715,-0.20626,0.424467,0.000754195,2.53848,3.13363
6,0.404652,-0.207165,0.424091,0.000754837,2.53722,3.13363
6,0.404589,-0.208071,0.423716,0.000755483,2.53596,3.13363
6,0.404526,-0.208976,0.42334,0.000756132,2.53469,3.13363
6,0.404463,-0.209882,0.422965,0.000756784,2.53342,3.13363
6,0.404399,-0.210787,0.42259,0.00075744,2.53215,3.13363
6,0.404336,-0.211693,0.422215,0.0007581,2.53088,3.13363
6,0.404273,-0.212599,0.42184,0.000758763,2.5296,3.13362
6,0.404209,-0.213504,0.421465,0.00075943,2.52833,3.13362
6,0.404146,-0.21441,0.421091,0.0007601,2.52705,3.13362
6,0.404082,-0.215315,0.420716,0.000760774,2.52577,3.13362
6,0.404019,-0.216221,0.420342,0.000761452,2.52448,3.13362
6,0.403955,-0.217126,0.419968,0.000762133,2.5232,3.13362
6,0.403892,-0.218032,0.419594,0.000762818,2.52191,3.13362
6,0.403828,-0.218938,0.41922,0.000763507,2.52062,3.13362
6,0.403764,-0.219843,0.418847,0.000764199,2.51933,3.13361
6,0.4037,-0.220749,0.418473,0.000764896,2.51804,3.13361
6,0.403636,-0.221654,0.4181,0.000765596,2.51674,3.13361
6,0.403573,-0.22256,0.417727,0.0007663,2.51544,3.13361
6,0.403509,-0.223465,0.417354,0.000767008,2.51414,3.13361
6,0.403445,-0.224371,0.416981,0.000767721,2.51284,3.13361
6,0.403381,-0.225276,0.416609,0.000768437,2.51153,3.13361
6,0.403316,-0.226182,0.416236,0.000769157,2.51022,3.13361
6,0.403252,-0.227088,0.415864,0.000769881,2.50891,3.13361
6,0.403188,-0.227993,0.415492,0.000770609,2.5076,3.1336
6,0.403124,-0.228899,0.41512,0.000771341,2.50628,3.1336
6,0.403059,-0.229804,0.414749,0.000772078,2.50496,3.1336
6,0.402995,-0.23071,0.414377,0.000772818,2.50364,3.1336
6,0.40293,-0.231615,0.414006,0.000773563,2.50232,3.1336
6,0.402866,-0.232521,0.413634,0.000774313,2.501,3.1336
6,0.402801,-0.233426,0.413263,0.000775066,2.49967,3.1336
6,0.402737,-0.234332,0.412892,0.000775824,2.49834,3.1336
6,0.402672,-0.235237,0.412522,0.000776586,2.49701,3.13359
6,0.402607,-0.236143,0.412151,0.000777353,2.49567,3.13359
6,0.402542,-0.237049,0.411781,0.000778123,2.49433,3.13359
6,0.402478,-0.237954,0.411411,0.000778899,2.49299,3.13359
6,0.402413,-0.23886,0.411041,0.000779679,2.49165,3.13359
6,0.402348,-0.239765,0.410671,0.000780463,2.4903,3.13359
6,0.402283,-0.240671,0.410301,0.000781252,2.48896,3.13359
6,0.402217,-0.241576,0.409932,0.000782046,2.48761,3.13358
6,0.402152,-0.242482,0.409563,0.000782844,2.48625,3.13358
6,0.402087,-0.243387,0.409194,0.000783647,2.4849,3.13358
6,0.402022,-0.244293,0.408825,0.000784455,2.48354,3.13358
6,0.401957,-0.245198,0.408456,0.000785268,2.48218,3.13358
6,0.401891,-0.246104,0.408088,0.000786085,2.48081,3.13358
6,0.401826,-0.247009,0.407719,0.000786907,2.47945,3.13358
6,0.40176,-0.247915,0.407351,0.000787734,2.47808,3.13358
6,0.401695,-0.24882,0.406983,0.000788566,2.47671,3.13357
7,0.385566,-0.248255,0.483276,-0.00132369,1.08158,3.13523
7,0.385566,-0.248255,0.483276,-0.00132369,1.08158,3.13523
7,0.384596,-0.248256,0.483177,-0.00132689,1.08343,3.13523
7,0.383626,-0.248257,0.483077,-0.00133071,1.08528,3.13523
7,0.382657,-0.248258,0.482978,-0.00133498,1.08713,3.13524
7,0.382672,-0.247277,0.483168,-0.00133162,1.08656,3.13523
7,0.382688,-0.246296,0.483358,-0.0013302,1.086,3.13523
7,0.382704,-0.245315,0.483548,-0.00132878,1.08543,3.13523
7,0.38272,-0.244334,0.483737,-0.00132738,1.08487,3.13523
7,0.382736,-0.243353,0.483927,-0.00132597,1.08431,3.13523
7,0.382752,-0.242372,0.484117,-0.00132458,1.08375,3.13523
7,0.382767,-0.241391,0.484306,-0.00132319,1.08319,3.13523
7,0.382783,-0.24041,0.484496,-0.00132181,1.08263,3.13522
7,0.382799,-0.239429,0.484685,-0.00132043,1.08208,3.13522
7,0.382815,-0.238448,0.484874,-0.00131906,1.08152,3.13522
7,0.382831,-0.237467,0.485063,-0.0013177,1.08097,3.13522
7,0.382847,-0.236487,0.485253,-0.00131634,1.08041,3.13522
7,0.382862,-0.235506,0.485442,-0.00131499,1.07986,3.13522
7,0.382878,-0.234525,0.485631,-0.00131364,1.07931,3.13521
7,0.382894,-0.233544,0.48582,-0.00131231,1.07876,3.13521
7,0.38291,-0.232563,0.486009,-0.00131097,1.07821,3.13521
7,0.382925,-0.231582,0.486197,-0.00130965,1.07767,3.13521
7,0.382941,-0.230601,0.486386,-0.00130832,1.07712,3.13521
7,0.382957,-0.22962,0.486575,-0.00130701,1.07658,3.13521
7,0.382972,-0.228639,0.486763,-0.0013057,1.07603,3.13521
7,0.382988,-0.227658,0.486952,-0.0013044,1.07549,3.1352
7,0.383004,-0.226677,0.48714,-0.0013031,1.07495,3.1352
7,0.383023,-0.225697,0.487334,-0.00130355,1.07431,3.1352
7,0.383044,-0.224716,0.487531,-0.00130197,1.07361,3.1352
7,0.383064,-0.223735,0.487728,-0.0013003,1.0729,3.1352
7,0.383084,-0.222754,0.487925,-0.00129863,1.0722,3.1352
7,0.383105,-0.221773,0.488122,-0.00129697,1.0715,3.1352
7,0.383125,-0.220792,0.488319,-0.00129532,1.07081,3.13519
7,0.383145,-0.219811,0.488515,-0.00129369,1.07011,3.13519
7,0.383165,-0.21883,0.488712,-0.00129206,1.06942,3.13519
7,0.383185,-0.217849,0.488908,-0.00129044,1.06873,3.13519
7,0.383205,-0.216868,0.489104,-0.00128884,1.06805,3.13519
7,0.383225,-0.215887,0.4893,-0.00128724,1.06736,3.13518
7,0.383245,-0.214906,0.489495,-0.00128566,1.06668,3.13518
7,0.383265,-0.213925,0.489691,-0.00128409,1.066,3.13518
7,0.383285,-0.212944,0.489886,-0.00128252,1.06533,3.13518
7,0.383305,-0.211963,0.490082,-0.00128097,1.06466,3.13518
7,0.383325,-0.210982,0.490277,-0.00127943,1.06398,3.13518
7,0.383344,-0.210001,0.490472,-0.0012779,1.06332,3.13517
7,0.383364,-0.20902,0.490667,-0.00127638,1.06265,3.13517
7,0.383383,-0.208039,0.490861,-0.00127487,1.06199,3.13517
7,0.383403,-0.207058,0.491056,-0.00127337,1.06133,3.13517
7,0.383422,-0.206077,0.49125,-0.00127188,1.06067,3.13517
7,0.383442,-0.205096,0.491444,-0.0012704,1.06002,3.13517
7,0.383461,-0.204115,0.491638,-0.00126893,1.05937,3.13516
7,0.38348,-0.203134,0.491832,-0.00126748,1.05872,3.13516
7,0.3835,-0.202153,0.492026,-0.00126603,1.05807,3.13516
7,0.383519,-0.201172,0.49222,-0.00126459,1.05743,3.13516
7,0.383538,-0.200191,0.492413,-0.00126316,1.05679,3.13516
7,0.383557,-0.19921,0.492606,-0.00126175,1.05616,3.13516
7,0.383576,-0.198229,0.492799,-0.00126034,1.05552,3.13515
7,0.383595,-0.197248,0.492992,-0.00125895,1.05489,3.13515
7,0.383614,-0.196267,0.493185,-0.00125756,1.05426,3.13515
7,0.383632,-0.195286,0.493377,-0.00125619,1.05364,3.13515
7,0.383651,-0.194306,0.493569,-0.00125482,1.05302,3.13515
7,0.38367,-0.193325,0.493762,-0.00125347,1.0524,3.13515
7,0.383688,-0.192344,0.493954,-0.00125213,1.05179,3.13514
7,0.383706,-0.191363,0.494145,-0.00125079,1.05117,3.13514
7,0.383725,-0.190382,0.494337,-0.00124947,1.05056,3.13514
7,0.383743,-0.189401,0.494528,-0.00124816,1.04996,3.13514
7,0.383761,-0.18842,0.49472,-0.00124685,1.04936,3.13514
7,0.383779,-0.187439,0.494911,-0.00124556,1.04876,3.13514
7,0.383797,-0.186458,0.495102,-0.00124428,1.04816,3.13514
7,0.383815,-0.185477,0.495292,-0.00124301,1.04757,3.13513
7,0.383833,-0.184496,0.495483,-0.00124175,1.04698,3.13513
7,0.383851,-0.183515,0.495673,-0.0012405,1.04639,3.13513
7,0.383869,-0.182534,0.495863,-0.00123926,1.04581,3.13513
7,0.383886,-0.181553,0.496053,-0.00123802,1.04523,3.13513
7,0.383904,-0.180572,0.496243,-0.0012368,1.04466,3.13513
7,0.383921,-0.179591,0.496433,-0.00123559,1.04409,3.13513
7,0.383939,-0.178611,0.496622,-0.00123439,1.04352,3.13512
7,0.383956,-0.17763,0.496811,-0.0012332,1.04295,3.13512
7,0.383973,-0.176649,0.497,-0.00123202,1.04239,3.13512
7,0.38399,-0.175668,0.497189,-0.00123085,1.04183,3.13512
7,0.384007,-0.174687,0.497378,-0.00122969,1.04128,3.13512
7,0.384024,-0.173706,0.497566,-0.00122854,1.04073,3.13512
7,0.384041,-0.172725,0.497754,-0.00122741,1.04018,3.13512
7,0.384058,-0.171744,0.497942,-0.00122628,1.03963,3.13511
7,0.384074,-0.170763,0.49813,-0.00122516,1.03909,3.13511
7,0.384091,-0.169782,0.498318,-0.00122405,1.03856,3.13511
7,0.384107,-0.168801,0.498505,-0.00122295,1.03803,3.13511
7,0.384124,-0.16782,0.498692,-0.00122186,1.0375,3.13511
7,0.38414,-0.166839,0.498879,-0.00122078,1.03697,3.13511
7,0.384156,-0.165859,0.499066,-0.00121971,1.03645,3.13511
7,0.384172,-0.164878,0.499253,-0.00121865,1.03593,3.13511
7,0.384188,-0.163897,0.499439,-0.0012176,1.03542,3.1351
7,0.384204,-0.162916,0.499625,-0.00121657,1.03491,3.1351
7,0.384219,-0.161935,0.499811,-0.00121554,1.0344,3.1351
7,0.384235,-0.160954,0.499997,-0.00121452,1.0339,3.1351
7,0.384251,-0.159973,0.500183,-0.00121351,1.0334,3.1351
7,0.384266,-0.158992,0.500368,-0.00121251,1.0329,3.1351
7,0.384281,-0.158011,0.500553,-0.00121152,1.03241,3.1351
7,0.384296,-0.15703,0.500738,-0.00121054,1.03193,3.1351
7,0.384311,-0.15605,0.500923,-0.00120957,1.03144,3.1351
7,0.384326,-0.155069,0.501107,-0.00120861,1.03096,3.13509
7,0.384341,-0.154088,0.501292,-0.00120767,1.03049,3.13509
7,0.384354,-0.153108,0.501478,-0.00120481,1.03003,3.1351
7,0.384371,-0.152126,0.501659,-0.0012058,1.02955,3.13509
7,0.384384,-0.151145,0.501843,-0.00120301,1.02909,3.13509
7,0.384398,-0.150164,0.502026,-0.00120212,1.02863,3.13509
7,0.384413,-0.149183,0.50221,-0.00120121,1.02817,3.13509
7,0.384427,-0.148202,0.502393,-0.0012003,1.02771,3.13508
7,0.384442,-0.147221,0.502577,-0.0011994,1.02725,3.13508
7,0.384456,-0.14624,0.50276,-0.0011985,1.02679,3.13508
7,0.38447,-0.14526,0.502943,-0.0011976,1.02633,3.13508
7,0.384485,-0.144279,0.503127,-0.00119671,1.02588,3.13508
7,0.384499,-0.143298,0.50331,-0.00119582,1.02542,3.13508
7,0.384513,-0.142317,0.503493,-0.00119493,1.02497,3.13508
7,0.384528,-0.141336,0.503676,-0.00119405,1.02451,3.13508
7,0.384542,-0.140355,0.503859,-0.00119317,1.02406,3.13508
7,0.384556,-0.139374,0.504042,-0.00119229,1.02361,3.13507
7,0.38457,-0.138393,0.504225,-0.00119142,1.02316,3.13507
7,0.384585,-0.137413,0.504408,-0.00119055,1.02271,3.13507
7,0.384599,-0.136432,0.504591,-0.00118968,1.02226,3.13507
7,0.384613,-0.135451,0.504773,-0.00118882,1.02181,3.13507
7,0.384627,-0.13447,0.504956,-0.00118796,1.02136,3.13507
7,0.384641,-0.133489,0.505139,-0.0011871,1.02092,3.13507
7,0.384656,-0.132508,0.505321,-0.00118625,1.02047,3.13507
7,0.38467,-0.131527,0.505504,-0.00118539,1.02002,3.13507
7,0.384684,-0.130546,0.505687,-0.00118455,1.01958,3.13507
7,0.384698,-0.129566,0.505869,-0.0011837,1.01914,3.13506
7,0.384712,-0.128585,0.506051,-0.00118286,1.01869,3.13506
7,0.384726,-0.127604,0.506234,-0.00118202,1.01825,3.13506
7,0.38474,-0.126623,0.506416,-0.00118118,1.01781,3.13506
7,0.384754,-0.125642,0.506598,-0.00118035,1.01737,3.13506
7,0.384768,-0.124661,0.506781,-0.00117952,1.01693,3.13506
7,0.384782,-0.12368,0.506963,-0.00117869,1.01649,3.13506
7,0.384796,-0.122699,0.507145,-0.00117787,1.01606,3.13506
7,0.38481,-0.121719,0.507327,-0.00117705,1.01562,3.13506
7,0.384824,-0.120738,0.507509,-0.00117623,1.01518,3.13506
7,0.384838,-0.119757,0.507691,-0.00117541,1.01475,3.13505
7,0.384852,-0.118776,0.507873,-0.0011746,1.01431,3.13505
7,0.384866,-0.117795,0.508055,-0.00117379,1.01388,3.13505
7,0.38488,-0.116814,0.508237,-0.00117298,1.01344,3.13505
7,0.384894,-0.115833,0.508419,-0.00117218,1.01301,3.13505
7,0.384908,-0.114852,0.508601,-0.00117137,1.01258,3.13505
7,0.384922,-0.113872,0.508782,-0.00117058,1.01215,3.13505
7,0.384935,-0.112891,0.508964,-0.00116978,1.01172,3.13505
7,0.384949,-0.11191,0.509146,-0.00116898,1.01129,3.13505
7,0.384963,-0.110929,0.509327,-0.00116819,1.01086,3.13505
7,0.384977,-0.109948,0.509509,-0.0011674,1.01043,3.13505
7,0.384991,-0.108967,0.50969,-0.00116662,1.01,3.13504
7,0.385005,-0.107986,0.509872,-0.00116584,1.00958,3.13504
7,0.385018,-0.107006,0.510053,-0.00116505,1.00915,3.13504
7,0.385032,-0.106025,0.510235,-0.00116428,1.00873,3.13504
7,0.385046,-0.105044,0.510416,-0.0011635,1.0083,3.13504
7,0.38506,-0.104063,0.510597,-0.00116273,1.00788,3.13504
7,0.385073,-0.103082,0.510779,-0.00116195,1.00745,3.13504
7,0.385087,-0.102101,0.51096,-0.00116119,1.00703,3.13504
7,0.385101,-0.10112,0.511141,-0.00116042,1.00661,3.13504
7,0.385114,-0.100139,0.511322,-0.00115966,1.00619,3.13504
7,0.385128,-0.0991586,0.511503,-0.00115889,1.00576,3.13504
8,0.473029,-0.0989845,0.5274,-0.000779394,-0.64793,3.13359
8,0.473029,-0.0989845,0.5274,-0.000779394,-0.64793,3.13359
8,0.473029,-0.0989845,0.5274,-0.000779394,-0.64793,3.13359
8,0.473029,-0.0989845,0.5274,-0.000779394,-0.64793,3.13359
