1,0.515637,0.0368069,0.906713,3.12399,-2.15615,3.12189
1,0.515637,0.0368069,0.906713,3.12399,-2.15615,3.12189
1,0.516543,0.0368073,0.906579,3.12406,-2.15872,3.12198
1,0.517452,0.0368075,0.906444,3.12413,-2.16138,3.12206
1,0.518359,0.0368076,0.906307,3.12421,-2.1641,3.12215
1,0.519271,0.0368077,0.906171,3.12427,-2.16691,3.12223
1,0.520174,0.036808,0.906027,3.12434,-2.16976,3.12232
1,0.521073,0.0368082,0.905881,3.12442,-2.17269,3.12241
1,0.521968,0.0368084,0.90573,3.12449,-2.17571,3.1225
1,0.52286,0.0368087,0.905574,3.12457,-2.17883,3.12259
1,0.523747,0.036809,0.905414,3.12465,-2.18206,3.12269
1,0.52463,0.0368093,0.905247,3.12473,-2.18541,3.12278
1,0.525507,0.0368096,0.905074,3.12481,-2.1889,3.12289
1,0.526377,0.03681,0.904893,3.1249,-2.19257,3.12299
1,0.527239,0.0368104,0.904702,3.12499,-2.19644,3.1231
1,0.528092,0.0368108,0.9045,3.12508,-2.20055,3.12322
1,0.528933,0.0368112,0.904283,3.12518,-2.20498,3.12334
1,0.529758,0.0368117,0.904047,3.12529,-2.20982,3.12347
1,0.529872,0.0377371,0.903827,3.12522,-2.20665,3.12339
1,0.529975,0.0386625,0.903591,3.12515,-2.2038,3.12331
1,0.530068,0.039588,0.903343,3.1251,-2.20121,3.12324
1,0.530153,0.0405135,0.903085,3.12504,-2.19881,3.12317
1,0.530233,0.041439,0.902819,3.12499,-2.19659,3.12311
1,0.530307,0.0423645,0.902547,3.12494,-2.1945,3.12305
1,0.530376,0.04329,0.902269,3.1249,-2.19253,3.12299
1,0.530442,0.0442155,0.901986,3.12485,-2.19067,3.12294
1,0.530504,0.0451411,0.901698,3.12481,-2.18891,3.12289
1,0.530563,0.0460667,0.901406,3.12477,-2.18722,3.12284
1,0.53062,0.0469922,0.901111,3.12473,-2.18561,3.12279
1,0.530668,0.0479174,0.900808,3.12471,-2.18403,3.12276
1,0.530721,0.0488431,0.900507,3.12467,-2.18255,3.12272
1,0.530771,0.0497687,0.900203,3.12464,-2.18112,3.12267
1,0.530819,0.0506944,0.899897,3.1246,-2.17975,3.12263
1,0.530865,0.05162,0.899588,3.12457,-2.17841,3.12259
1,0.53091,0.0525456,0.899277,3.12454,-2.17713,3.12255
1,0.530954,0.0534713,0.898965,3.12451,-2.17588,3.12251
1,0.530996,0.0543969,0.89865,3.12448,-2.17467,3.12248
1,0.531037,0.0553225,0.898334,3.12445,-2.17349,3.12244
1,0.531076,0.0562482,0.898017,3.12442,-2.17234,3.12241
1,0.531114,0.0571738,0.897697,3.12439,-2.17123,3.12237
1,0.531152,0.0580995,0.897377,3.12436,-2.17014,3.12234
1,0.531188,0.0590251,0.897055,3.12433,-2.16909,3.12231
1,0.531224,0.0599508,0.896732,3.12431,-2.16805,3.12227
1,0.531258,0.0608764,0.896408,3.12428,-2.16704,3.12224
1,0.531292,0.0618021,0.896082,3.12426,-2.16606,3.12221
1,0.531325,0.0627277,0.895756,3.12423,-2.16509,3.12218
1,0.531357,0.0636534,0.895428,3.12421,-2.16415,3.12215
1,0.531388,0.064579,0.895099,3.12418,-2.16322,3.12212
1,0.531419,0.0655047,0.89477,3.12416,-2.16232,3.12209
1,0.531449,0.0664304,0.89444,3.12414,-2.16143,3.12207
1,0.531479,0.067356,0.894109,3.12411,-2.16056,3.12204
1,0.531508,0.0682817,0.893777,3.12409,-2.15971,3.12201
1,0.531536,0.0692073,0.893444,3.12407,-2.15887,3.12199
1,0.531564,0.070133,0.89311,3.12405,-2.15805,3.12196
1,0.531591,0.0710587,0.892776,3.12403,-2.15724,3.12193
1,0.531617,0.0719843,0.892441,3.124,-2.15645,3.12191
1,0.531644,0.07291,0.892106,3.12398,-2.15567,3.12188
1,0.531669,0.0738357,0.891769,3.12396,-2.1549,3.12186
1,0.531695,0.0747613,0.891432,3.12394,-2.15415,3.12183
1,0.53172,0.075687,0.891095,3.12392,-2.1534,3.12181
1,0.531744,0.0766127,0.890757,3.1239,-2.15267,3.12179
1,0.531768,0.0775383,0.890418,3.12388,-2.15195,3.12176
1,0.531792,0.078464,0.890079,3.12387,-2.15125,3.12174
1,0.531815,0.0793897,0.88974,3.12385,-2.15055,3.12172
1,0.531838,0.0803154,0.8894,3.12383,-2.14986,3.12169
1,0.53186,0.081241,0.889059,3.12381,-2.14918,3.12167
1,0.531883,0.0821667,0.888718,3.12379,-2.14851,3.12165
1,0.531904,0.0830924,0.888376,3.12377,-2.14786,3.12163
1,0.531926,0.0840181,0.888034,3.12375,-2.14721,3.12161
1,0.531947,0.0849437,0.887692,3.12374,-2.14656,3.12159
1,0.531968,0.0858694,0.887349,3.12372,-2.14593,3.12157
1,0.531989,0.0867951,0.887006,3.1237,-2.14531,3.12155
1,0.532009,0.0877208,0.886662,3.12369,-2.14469,3.12153
1,0.532029,0.0886465,0.886318,3.12367,-2.14408,3.12151
1,0.532049,0.0895721,0.885973,3.12365,-2.14348,3.12149
1,0.532068,0.0904978,0.885628,3.12363,-2.14289,3.12147
1,0.532088,0.0914235,0.885283,3.12362,-2.14231,3.12145
1,0.532107,0.0923492,0.884938,3.1236,-2.14173,3.12143
1,0.532125,0.0932749,0.884592,3.12359,-2.14116,3.12141
1,0.532144,0.0942006,0.884246,3.12357,-2.14059,3.12139
1,0.532162,0.0951262,0.883899,3.12355,-2.14003,3.12137
1,0.53218,0.0960519,0.883552,3.12354,-2.13948,3.12135
1,0.532198,0.0969776,0.883205,3.12352,-2.13894,3.12133
1,0.532216,0.0979033,0.882857,3.12351,-2.1384,3.12131
1,0.532233,0.098829,0.88251,3.12349,-2.13786,3.1213
1,0.53225,0.0997547,0.882162,3.12348,-2.13734,3.12128
1,0.532267,0.10068,0.881813,3.12346,-2.13681,3.12126
1,0.532284,0.101606,0.881465,3.12345,-2.1363,3.12124
1,0.532301,0.102532,0.881116,3.12343,-2.13579,3.12123
1,0.532317,0.103457,0.880766,3.12342,-2.13528,3.12121
1,0.532334,0.104383,0.880417,3.1234,-2.13478,3.12119
1,0.53235,0.105309,0.880067,3.12339,-2.13429,3.12118
1,0.532366,0.106235,0.879717,3.12338,-2.1338,3.12116
1,0.532381,0.10716,0.879367,3.12336,-2.13331,3.12114
1,0.532397,0.108086,0.879017,3.12335,-2.13283,3.12113
1,0.532412,0.109012,0.878666,3.12333,-2.13236,3.12111
1,0.532427,0.109937,0.878315,3.12332,-2.13189,3.12109
1,0.532442,0.110863,0.877964,3.12331,-2.13142,3.12108
1,0.532457,0.111789,0.877613,3.12329,-2.13096,3.12106
1,0.532472,0.112714,0.877261,3.12328,-2.1305,3.12105
1,0.532487,0.11364,0.876909,3.12327,-2.13005,3.12103
1,0.532501,0.114566,0.876557,3.12325,-2.1296,3.12101
1,0.532515,0.115491,0.876205,3.12324,-2.12915,3.121
1,0.53253,0.116417,0.875853,3.12323,-2.12871,3.12098
1,0.532544,0.117343,0.8755,3.12322,-2.12828,3.12097
1,0.532558,0.118269,0.875147,3.1232,-2.12785,3.12095
1,0.532571,0.119194,0.874794,3.12319,-2.12742,3.12094
1,0.532585,0.12012,0.874441,3.12318,-2.12699,3.12092
1,0.532598,0.121046,0.874087,3.12316,-2.12657,3.12091
1,0.532612,0.121971,0.873734,3.12315,-2.12615,3.12089
1,0.532625,0.122897,0.87338,3.12314,-2.12574,3.12088
1,0.532638,0.123823,0.873026,3.12313,-2.12533,3.12086
1,0.532651,0.124748,0.872672,3.12312,-2.12492,3.12085
1,0.532664,0.125674,0.872318,3.1231,-2.12452,3.12084
1,0.532677,0.1266,0.871963,3.12309,-2.12412,3.12082
1,0.532689,0.127525,0.871609,3.12308,-2.12372,3.12081
1,0.532702,0.128451,0.871254,3.12307,-2.12333,3.12079
1,0.532714,0.129377,0.870899,3.12306,-2.12294,3.12078
1,0.532727,0.130303,0.870544,3.12304,-2.12256,3.12077
1,0.532739,0.131228,0.870188,3.12303,-2.12217,3.12075
1,0.532751,0.132154,0.869833,3.12302,-2.12179,3.12074
1,0.532763,0.13308,0.869477,3.12301,-2.12141,3.12073
1,0.532775,0.134005,0.869122,3.123,-2.12104,3.12071
1,0.532787,0.134931,0.868766,3.12299,-2.12067,3.1207
1,0.532798,0.135857,0.86841,3.12298,-2.1203,3.12069
1,0.53281,0.136782,0.868054,3.12296,-2.11994,3.12067
1,0.532821,0.137708,0.867697,3.12295,-2.11957,3.12066
1,0.532833,0.138634,0.867341,3.12294,-2.11921,3.12065
1,0.532844,0.13956,0.866984,3.12293,-2.11886,3.12063
1,0.532855,0.140485,0.866627,3.12292,-2.1185,3.12062
1,0.532866,0.141411,0.866271,3.12291,-2.11815,3.12061
1,0.532878,0.142337,0.865914,3.1229,-2.1178,3.1206
1,0.532888,0.143262,0.865556,3.12289,-2.11745,3.12058
1,0.532899,0.144188,0.865199,3.12288,-2.11711,3.12057
1,0.53291,0.145114,0.864842,3.12287,-2.11677,3.12056
1,0.532921,0.14604,0.864484,3.12286,-2.11643,3.12055
1,0.532931,0.146965,0.864126,3.12285,-2.11609,3.12054
1,0.532942,0.147891,0.863769,3.12284,-2.11576,3.12052
1,0.532952,0.148817,0.863411,3.12283,-2.11543,3.12051
1,0.532963,0.149742,0.863053,3.12282,-2.1151,3.1205
1,0.532973,0.150668,0.862695,3.12281,-2.11477,3.12049
1,0.532983,0.151594,0.862336,3.1228,-2.11445,3.12048
1,0.532993,0.152519,0.861978,3.12279,-2.11413,3.12046
1,0.533003,0.153445,0.861619,3.12278,-2.11381,3.12045
1,0.533013,0.154371,0.861261,3.12277,-2.11349,3.12044
1,0.533023,0.155297,0.860902,3.12276,-2.11318,3.12043
1,0.533033,0.156222,0.860543,3.12275,-2.11286,3.12042
1,0.533043,0.157148,0.860184,3.12274,-2.11255,3.12041
1,0.533052,0.158074,0.859825,3.12273,-2.11224,3.1204
1,0.533062,0.158999,0.859466,3.12272,-2.11194,3.12038
1,0.533071,0.159925,0.859107,3.12271,-2.11163,3.12037
1,0.533081,0.160851,0.858747,3.1227,-2.11133,3.12036
1,0.53309,0.161777,0.858388,3.12269,-2.11103,3.12035
1,0.533099,0.162702,0.858028,3.12268,-2.11073,3.12034
1,0.533109,0.163628,0.857669,3.12267,-2.11044,3.12033
1,0.533118,0.164554,0.857309,3.12266,-2.11014,3.12032
1,0.533127,0.165479,0.856949,3.12265,-2.10985,3.12031
1,0.533136,0.166405,0.856589,3.12264,-2.10956,3.1203
1,0.533145,0.167331,0.856229,3.12263,-2.10927,3.12029
1,0.533154,0.168256,0.855869,3.12262,-2.10899,3.12028
1,0.533163,0.169182,0.855508,3.12261,-2.1087,3.12026
1,0.533172,0.170108,0.855148,3.12261,-2.10842,3.12025
1,0.53318,0.171034,0.854787,3.1226,-2.10814,3.12024
1,0.533189,0.171959,0.854427,3.12259,-2.10786,3.12023
1,0.533198,0.172885,0.854066,3.12258,-2.10758,3.12022
1,0.533206,0.173811,0.853706,3.12257,-2.10731,3.12021
1,0.533215,0.174736,0.853345,3.12256,-2.10703,3.1202
1,0.533223,0.175662,0.852984,3.12255,-2.10676,3.12019
1,0.533231,0.176588,0.852623,3.12254,-2.10649,3.12018
1,0.53324,0.177514,0.852262,3.12254,-2.10622,3.12017
1,0.533248,0.178439,0.8519,3.12253,-2.10596,3.12016
1,0.533256,0.179365,0.851539,3.12252,-2.10569,3.12015
1,0.533264,0.180291,0.851178,3.12251,-2.10543,3.12014
1,0.533272,0.181216,0.850816,3.1225,-2.10517,3.12013
1,0.53328,0.182142,0.850455,3.12249,-2.10491,3.12012
1,0.533288,0.183068,0.850093,3.12248,-2.10465,3.12011
1,0.533296,0.183993,0.849731,3.12248,-2.10439,3.1201
1,0.533304,0.184919,0.84937,3.12247,-2.10414,3.12009
1,0.533312,0.185845,0.849008,3.12246,-2.10389,3.12008
1,0.53332,0.186771,0.848646,3.12245,-2.10363,3.12007
1,0.533327,0.187696,0.848284,3.12244,-2.10338,3.12007
1,0.533335,0.188622,0.847922,3.12244,-2.10314,3.12006
1,0.533343,0.189548,0.847559,3.12243,-2.10289,3.12005
1,0.53335,0.190473,0.847197,3.12242,-2.10264,3.12004
1,0.533358,0.191399,0.846835,3.12241,-2.1024,3.12003
1,0.533365,0.192325,0.846472,3.1224,-2.10216,3.12002
1,0.533373,0.193251,0.84611,3.1224,-2.10192,3.12001
1,0.53338,0.194176,0.845747,3.12239,-2.10168,3.12
1,0.533387,0.195102,0.845385,3.12238,-2.10144,3.11999
1,0.533395,0.196028,0.845022,3.12237,-2.1012,3.11998
1,0.533402,0.196953,0.844659,3.12236,-2.10097,3.11997
1,0.533409,0.197879,0.844296,3.12236,-2.10073,3.11996
1,0.533416,0.198805,0.843933,3.12235,-2.1005,3.11996
1,0.533423,0.199731,0.84357,3.12234,-2.10027,3.11995
1,0.53343,0.200656,0.843207,3.12233,-2.10004,3.11994
1,0.533437,0.201582,0.842844,3.12233,-2.09981,3.11993
1,0.533444,0.202508,0.842481,3.12232,-2.09958,3.11992
1,0.533451,0.203433,0.842118,3.12231,-2.09936,3.11991
1,0.533458,0.204359,0.841754,3.1223,-2.09914,3.1199
1,0.533465,0.205285,0.841391,3.1223,-2.09891,3.1199
1,0.533472,0.206211,0.841027,3.12229,-2.09869,3.11989
1,0.533478,0.207136,0.840664,3.12228,-2.09847,3.11988
1,0.533485,0.208062,0.8403,3.12227,-2.09825,3.11987
1,0.533492,0.208988,0.839936,3.12227,-2.09803,3.11986
1,0.533498,0.209913,0.839573,3.12226,-2.09782,3.11985
1,0.533505,0.210839,0.839209,3.12225,-2.0976,3.11985
1,0.533511,0.211765,0.838845,3.12225,-2.09739,3.11984
1,0.533518,0.212691,0.838481,3.12224,-2.09718,3.11983
1,0.533524,0.213616,0.838117,3.12223,-2.09697,3.11982
1,0.533531,0.214542,0.837753,3.12223,-2.09676,3.11981
1,0.533537,0.215468,0.837389,3.12222,-2.09655,3.1198
1,0.533543,0.216393,0.837024,3.12221,-2.09634,3.1198
1,0.533549,0.217319,0.83666,3.1222,-2.09614,3.11979
1,0.533556,0.218245,0.836296,3.1222,-2.09593,3.11978
1,0.533562,0.219171,0.835931,3.12219,-2.09573,3.11977
1,0.533568,0.220096,0.835567,3.12218,-2.09552,3.11976
1,0.533574,0.221022,0.835202,3.12218,-2.09532,3.11976
1,0.53358,0.221948,0.834838,3.12217,-2.09512,3.11975
1,0.533586,0.222873,0.834473,3.12216,-2.09492,3.11974
1,0.533592,0.223799,0.834108,3.12216,-2.09473,3.11973
1,0.533598,0.224725,0.833743,3.12215,-2.09453,3.11973
1,0.533604,0.225651,0.833379,3.12214,-2.09433,3.11972
1,0.53361,0.226576,0.833014,3.12214,-2.09414,3.11971
1,0.533616,0.227502,0.832649,3.12213,-2.09395,3.1197
1,0.533622,0.228428,0.832284,3.12212,-2.09376,3.1197
1,0.533628,0.229353,0.831919,3.12212,-2.09357,3.11969
1,0.533633,0.230279,0.831553,3.12211,-2.09338,3.11968
1,0.533639,0.231205,0.831188,3.1221,-2.09319,3.11967
1,0.533645,0.232131,0.830823,3.1221,-2.093,3.11967
1,0.53365,0.233056,0.830458,3.12209,-2.09281,3.11966
1,0.533656,0.233982,0.830092,3.12209,-2.09263,3.11965
1,0.533662,0.234908,0.829727,3.12208,-2.09244,3.11964
1,0.533667,0.235833,0.829361,3.12207,-2.09226,3.11964
2,0.502421,0.236004,0.802787,3.1312,-2.78154,3.1329
2,0.502421,0.236004,0.802787,3.1312,-2.78154,3.1329
2,0.503416,0.236002,0.802805,3.1312,-2.78058,3.13289
2,0.504411,0.236002,0.802826,3.1312,-2.7796,3.13288
2,0.505407,0.236001,0.802847,3.13119,-2.77861,3.13287
2,0.506403,0.236001,0.802869,3.13119,-2.77761,3.13286
2,0.507399,0.236,0.80289,3.13119,-2.77661,3.13285
2,0.508396,0.236,0.802912,3.13118,-2.7756,3.13284
2,0.508241,0.236502,0.801991,3.1312,-2.77831,3.13286
2,0.508087,0.237004,0.801071,3.13121,-2.78102,3.13289
2,0.507934,0.237506,0.800151,3.13122,-2.78372,3.13292
2,0.507781,0.238008,0.799232,3.13123,-2.78641,3.13295
2,0.507628,0.23851,0.798314,3.13124,-2.7891,3.13298
2,0.507475,0.239012,0.797396,3.13125,-2.79177,3.13301
2,0.507323,0.239514,0.796479,3.13126,-2.79444,3.13304
2,0.507171,0.240016,0.795562,3.13127,-2.7971,3.13307
2,0.507019,0.240518,0.794646,3.13128,-2.79976,3.1331
2,0.506868,0.24102,0.793731,3.13129,-2.80241,3.13313
2,0.506716,0.241522,0.792816,3.1313,-2.80505,3.13316
2,0.506565,0.242024,0.791901,3.13131,-2.80768,3.13319
2,0.506415,0.242526,0.790987,3.13132,-2.81031,3.13322
2,0.506264,0.243028,0.790074,3.13132,-2.81293,3.13324
2,0.506114,0.24353,0.789161,3.13133,-2.81555,3.13327
2,0.505964,0.244032,0.788249,3.13134,-2.81815,3.1333
2,0.505814,0.244534,0.787337,3.13135,-2.82076,3.13333
2,0.505664,0.245036,0.786425,3.13136,-2.82335,3.13336
2,0.505515,0.245538,0.785515,3.13137,-2.82594,3.13338
2,0.505366,0.24604,0.784604,3.13138,-2.82852,3.13341
2,0.505217,0.246542,0.783694,3.13139,-2.83109,3.13344
2,0.505069,0.247044,0.782785,3.13139,-2.83366,3.13347
2,0.50492,0.247546,0.781876,3.1314,-2.83623,3.13349
2,0.504772,0.248048,0.780968,3.13141,-2.83878,3.13352
2,0.504624,0.24855,0.78006,3.13142,-2.84133,3.13355
2,0.504477,0.249052,0.779153,3.13143,-2.84388,3.13358
2,0.504329,0.249554,0.778246,3.13143,-2.84642,3.1336
2,0.504182,0.250056,0.777339,3.13144,-2.84895,3.13363
2,0.504035,0.250558,0.776434,3.13145,-2.85148,3.13366
2,0.503889,0.25106,0.775528,3.13146,-2.854,3.13368
2,0.503742,0.251562,0.774623,3.13146,-2.85651,3.13371
2,0.503596,0.252064,0.773719,3.13147,-2.85902,3.13374
2,0.50345,0.252566,0.772814,3.13148,-2.86153,3.13376
2,0.503304,0.253068,0.771911,3.13149,-2.86403,3.13379
2,0.503159,0.25357,0.771008,3.13149,-2.86652,3.13381
2,0.503013,0.254072,0.770105,3.1315,-2.86901,3.13384
2,0.502868,0.254574,0.769203,3.13151,-2.87149,3.13387
2,0.502723,0.255076,0.768301,3.13151,-2.87396,3.13389
2,0.502578,0.255578,0.7674,3.13152,-2.87644,3.13392
2,0.502434,0.25608,0.766499,3.13153,-2.8789,3.13394
2,0.50229,0.256582,0.765598,3.13153,-2.88136,3.13397
2,0.502145,0.257084,0.764698,3.13154,-2.88382,3.134
2,0.502002,0.257586,0.763799,3.13155,-2.88627,3.13402
2,0.501858,0.258088,0.762899,3.13155,-2.88871,3.13405
2,0.501714,0.25859,0.762001,3.13156,-2.89115,3.13407
2,0.501571,0.259092,0.761102,3.13156,-2.89359,3.1341
2,0.501428,0.259594,0.760204,3.13157,-2.89602,3.13412
2,0.501285,0.260097,0.759307,3.13158,-2.89844,3.13415
2,0.501143,0.260599,0.75841,3.13158,-2.90086,3.13417
2,0.501,0.261101,0.757513,3.13159,-2.90328,3.1342
2,0.500858,0.261603,0.756617,3.13159,-2.90569,3.13422
2,0.500716,0.262105,0.755721,3.1316,-2.9081,3.13425
2,0.500574,0.262607,0.754826,3.1316,-2.9105,3.13427
2,0.500432,0.263109,0.753931,3.13161,-2.9129,3.1343
2,0.500291,0.263611,0.753036,3.13162,-2.91529,3.13432
2,0.50015,0.264113,0.752142,3.13162,-2.91768,3.13434
2,0.500008,0.264615,0.751248,3.13163,-2.92006,3.13437
2,0.499867,0.265117,0.750355,3.13163,-2.92244,3.13439
3,0.499743,0.265117,0.750327,3.13164,-2.92455,3.13442
3,0.499743,0.265117,0.750327,3.13164,-2.92455,3.13442
3,0.500592,0.265116,0.750335,3.13164,-2.92387,3.13441
3,0.501441,0.265116,0.750344,3.13163,-2.92318,3.1344
3,0.502291,0.265116,0.750353,3.13163,-2.92248,3.1344
3,0.503141,0.265115,0.750362,3.13163,-2.92178,3.13439
3,0.503044,0.264317,0.749748,3.13164,-2.92339,3.13441
3,0.502949,0.263518,0.749134,3.13164,-2.92499,3.13443
3,0.502854,0.26272,0.74852,3.13164,-2.9266,3.13444
3,0.502759,0.261921,0.747906,3.13165,-2.9282,3.13446
3,0.502664,0.261122,0.747293,3.13165,-2.92979,3.13447
3,0.502569,0.260324,0.74668,3.13165,-2.93139,3.13449
3,0.502475,0.259525,0.746067,3.13166,-2.93298,3.13451
3,0.502381,0.258727,0.745454,3.13166,-2.93457,3.13452
3,0.502286,0.257928,0.744841,3.13166,-2.93616,3.13454
3,0.502192,0.257129,0.744229,3.13167,-2.93774,3.13455
3,0.502098,0.256331,0.743616,3.13167,-2.93932,3.13457
3,0.502004,0.255532,0.743004,3.13167,-2.9409,3.13459
3,0.50191,0.254733,0.742392,3.13168,-2.94248,3.1346
3,0.501817,0.253935,0.741781,3.13168,-2.94405,3.13462
3,0.501723,0.253136,0.741169,3.13168,-2.94562,3.13463
3,0.50163,0.252338,0.740558,3.13168,-2.94719,3.13465
3,0.501537,0.251539,0.739946,3.13169,-2.94876,3.13467
3,0.501444,0.25074,0.739335,3.13169,-2.95032,3.13468
3,0.501351,0.249942,0.738725,3.13169,-2.95188,3.1347
3,0.501258,0.249143,0.738114,3.1317,-2.95344,3.13471
3,0.501165,0.248344,0.737503,3.1317,-2.95499,3.13473
3,0.501072,0.247546,0.736893,3.1317,-2.95655,3.13474
3,0.50098,0.246747,0.736283,3.13171,-2.9581,3.13476
3,0.500887,0.245949,0.735673,3.13171,-2.95965,3.13478
3,0.500795,0.24515,0.735063,3.13171,-2.96119,3.13479
3,0.500703,0.244351,0.734453,3.13171,-2.96274,3.13481
3,0.500611,0.243553,0.733844,3.13172,-2.96428,3.13482
3,0.500519,0.242754,0.733234,3.13172,-2.96582,3.13484
3,0.500427,0.241955,0.732625,3.13172,-2.96735,3.13485
3,0.500335,0.241157,0.732016,3.13172,-2.96889,3.13487
3,0.500243,0.240358,0.731407,3.13173,-2.97042,3.13488
3,0.500152,0.239559,0.730799,3.13173,-2.97195,3.1349
3,0.50006,0.238761,0.73019,3.13173,-2.97348,3.13491
3,0.499969,0.237962,0.729582,3.13173,-2.975,3.13493
3,0.499878,0.237164,0.728973,3.13174,-2.97653,3.13495
3,0.499787,0.236365,0.728365,3.13174,-2.97805,3.13496
3,0.499696,0.235566,0.727758,3.13174,-2.97957,3.13498
3,0.499605,0.234768,0.72715,3.13174,-2.98109,3.13499
3,0.499514,0.233969,0.726542,3.13175,-2.9826,3.13501
3,0.499423,0.23317,0.725935,3.13175,-2.98412,3.13502
3,0.499332,0.232372,0.725328,3.13175,-2.98563,3.13504
3,0.499242,0.231573,0.72472,3.13175,-2.98714,3.13505
3,0.499152,0.230775,0.724113,3.13176,-2.98865,3.13507
3,0.499061,0.229976,0.723507,3.13176,-2.99015,3.13508
3,0.498971,0.229177,0.7229,3.13176,-2.99166,3.1351
3,0.498881,0.228379,0.722294,3.13176,-2.99316,3.13511
3,0.498791,0.22758,0.721687,3.13176,-2.99466,3.13513
3,0.498701,0.226781,0.721081,3.13177,-2.99616,3.13514
3,0.498611,0.225983,0.720475,3.13177,-2.99765,3.13516
3,0.498521,0.225184,0.719869,3.13177,-2.99915,3.13517
3,0.498431,0.224385,0.719263,3.13177,-3.00064,3.13519
3,0.498342,0.223587,0.718658,3.13178,-3.00213,3.1352
3,0.498252,0.222788,0.718052,3.13178,-3.00362,3.13521
3,0.498163,0.22199,0.717447,3.13178,-3.00511,3.13523
3,0.498073,0.221191,0.716842,3.13178,-3.00659,3.13524
3,0.497984,0.220392,0.716237,3.13178,-3.00808,3.13526
3,0.497895,0.219594,0.715632,3.13179,-3.00956,3.13527
3,0.497806,0.218795,0.715027,3.13179,-3.01104,3.13529
3,0.497717,0.217996,0.714423,3.13179,-3.01252,3.1353
3,0.497628,0.217198,0.713818,3.13179,-3.014,3.13532
3,0.497539,0.216399,0.713214,3.13179,-3.01547,3.13533
3,0.49745,0.2156,0.71261,3.13179,-3.01695,3.13535
3,0.497362,0.214802,0.712006,3.1318,-3.01842,3.13536
3,0.497273,0.214003,0.711402,3.1318,-3.01989,3.13538
3,0.497184,0.213205,0.710798,3.1318,-3.02136,3.13539
3,0.497096,0.212406,0.710195,3.1318,-3.02283,3.1354
3,0.497008,0.211607,0.709591,3.1318,-3.02429,3.13542
3,0.496919,0.210809,0.708988,3.1318,-3.02576,3.13543
3,0.496831,0.21001,0.708385,3.13181,-3.02722,3.13545
3,0.496743,0.209211,0.707782,3.13181,-3.02868,3.13546
3,0.496655,0.208413,0.707179,3.13181,-3.03015,3.13548
3,0.496567,0.207614,0.706576,3.13181,-3.0316,3.13549
3,0.496479,0.206815,0.705974,3.13181,-3.03306,3.13551
3,0.496391,0.206017,0.705371,3.13181,-3.03452,3.13552
3,0.496303,0.205218,0.704769,3.13182,-3.03597,3.13553
3,0.496215,0.20442,0.704167,3.13182,-3.03743,3.13555
3,0.496127,0.203621,0.703565,3.13182,-3.03888,3.13556
3,0.49604,0.202822,0.702963,3.13182,-3.04033,3.13558
3,0.495952,0.202024,0.702361,3.13182,-3.04178,3.13559
3,0.495865,0.201225,0.70176,3.13182,-3.04323,3.13561
3,0.495777,0.200426,0.701158,3.13182,-3.04468,3.13562
3,0.49569,0.199628,0.700557,3.13183,-3.04612,3.13563
3,0.495603,0.198829,0.699955,3.13183,-3.04757,3.13565
3,0.495515,0.19803,0.699354,3.13183,-3.04901,3.13566
3,0.495428,0.197232,0.698753,3.13183,-3.05045,3.13568
3,0.495341,0.196433,0.698153,3.13183,-3.05189,3.13569
3,0.495254,0.195635,0.697552,3.13183,-3.05333,3.1357
3,0.495167,0.194836,0.696951,3.13183,-3.05477,3.13572
3,0.49508,0.194037,0.696351,3.13183,-3.05621,3.13573
3,0.494993,0.193239,0.69575,3.13184,-3.05765,3.13575
3,0.494906,0.19244,0.69515,3.13184,-3.05908,3.13576
3,0.49482,0.191641,0.69455,3.13184,-3.06052,3.13577
3,0.494733,0.190843,0.69395,3.13184,-3.06195,3.13579
3,0.494646,0.190044,0.693351,3.13184,-3.06338,3.1358
3,0.49456,0.189245,0.692751,3.13184,-3.06481,3.13582
3,0.494473,0.188447,0.692151,3.13184,-3.06624,3.13583
3,0.494387,0.187648,0.691552,3.13184,-3.06767,3.13584
3,0.4943,0.18685,0.690953,3.13184,-3.0691,3.13586
3,0.494214,0.186051,0.690353,3.13185,-3.07053,3.13587
3,0.494127,0.185252,0.689754,3.13185,-3.07196,3.13589
3,0.494041,0.184454,0.689156,3.13185,-3.07338,3.1359
3,0.493955,0.183655,0.688557,3.13185,-3.07481,3.13591
3,0.493869,0.182856,0.687958,3.13185,-3.07623,3.13593
3,0.493782,0.182058,0.68736,3.13185,-3.07765,3.13594
3,0.493696,0.181259,0.686761,3.13185,-3.07907,3.13596
3,0.49361,0.18046,0.686163,3.13185,-3.08049,3.13597
3,0.493524,0.179662,0.685565,3.13185,-3.08191,3.13598
3,0.493438,0.178863,0.684967,3.13185,-3.08333,3.136
3,0.493352,0.178065,0.684369,3.13185,-3.08475,3.13601
3,0.493266,0.177266,0.683771,3.13185,-3.08617,3.13603
3,0.49318,0.176467,0.683173,3.13186,-3.08758,3.13604
3,0.493095,0.175669,0.682576,3.13186,-3.089,3.13605
3,0.493009,0.17487,0.681979,3.13186,-3.09041,3.13607
3,0.492923,0.174071,0.681381,3.13186,-3.09183,3.13608
3,0.492837,0.173273,0.680784,3.13186,-3.09324,3.13609
3,0.492752,0.172474,0.680187,3.13186,-3.09465,3.13611
3,0.492666,0.171676,0.67959,3.13186,-3.09607,3.13612
3,0.492581,0.170877,0.678993,3.13186,-3.09748,3.13614
3,0.492495,0.170078,0.678397,3.13186,-3.09889,3.13615
3,0.49241,0.16928,0.6778,3.13186,-3.1003,3.13616
3,0.492324,0.168481,0.677204,3.13186,-3.10171,3.13618
3,0.492239,0.167682,0.676608,3.13186,-3.10312,3.13619
3,0.492153,0.166884,0.676011,3.13186,-3.10452,3.1362
3,0.492068,0.166085,0.675415,3.13186,-3.10593,3.13622
3,0.491983,0.165286,0.674819,3.13186,-3.10734,3.13623
3,0.491897,0.164488,0.674224,3.13186,-3.10874,3.13625
3,0.491812,0.163689,0.673628,3.13186,-3.11015,3.13626
3,0.491727,0.162891,0.673032,3.13187,-3.11155,3.13627
3,0.491642,0.162092,0.672437,3.13187,-3.11296,3.13629
3,0.491556,0.161293,0.671842,3.13187,-3.11436,3.1363
3,0.491471,0.160495,0.671246,3.13187,-3.11576,3.13631
3,0.491386,0.159696,0.670651,3.13187,-3.11717,3.13633
3,0.491301,0.158897,0.670056,3.13187,-3.11857,3.13634
3,0.491216,0.158099,0.669462,3.13187,-3.11997,3.13635
3,0.491131,0.1573,0.668867,3.13187,-3.12137,3.13637
3,0.491046,0.156502,0.668272,3.13187,-3.12277,3.13638
3,0.490961,0.155703,0.667678,3.13187,-3.12417,3.1364
3,0.490876,0.154904,0.667083,3.13187,-3.12557,3.13641
3,0.490791,0.154106,0.666489,3.13187,-3.12697,3.13642
3,0.490706,0.153307,0.665895,3.13187,-3.12837,3.13644
3,0.490622,0.152508,0.665301,3.13187,-3.12977,3.13645
3,0.490537,0.15171,0.664707,3.13187,-3.13116,3.13646
3,0.490452,0.150911,0.664113,3.13187,-3.13256,3.13648
3,0.490367,0.150113,0.66352,3.13187,-3.13396,3.13649
3,0.490282,0.149314,0.662926,3.13187,-3.13535,3.1365
3,0.490198,0.148515,0.662333,3.13187,-3.13675,3.13652
3,0.490113,0.147717,0.661739,3.13187,-3.13815,3.13653
3,0.490028,0.146918,0.661146,3.13187,-3.13954,3.13654
3,0.489943,0.146119,0.660553,3.13187,-3.14094,3.13656
3,0.489859,0.145321,0.65996,3.13187,3.14085,3.13657
3,0.489774,0.144522,0.659368,3.13187,3.13946,3.13659
3,0.48969,0.143724,0.658775,3.13187,3.13806,3.1366
3,0.489605,0.142925,0.658182,3.13187,3.13667,3.13661
3,0.48952,0.142126,0.65759,3.13187,3.13528,3.13663
3,0.489436,0.141328,0.656997,3.13187,3.13388,3.13664
3,0.489351,0.140529,0.656405,3.13187,3.13249,3.13665
3,0.489267,0.139731,0.655813,3.13187,3.1311,3.13667
3,0.489182,0.138932,0.655221,3.13187,3.12971,3.13668
3,0.489098,0.138133,0.654629,3.13187,3.12831,3.13669
3,0.489013,0.137335,0.654037,3.13187,3.12692,3.13671
3,0.488929,0.136536,0.653446,3.13187,3.12553,3.13672
3,0.488844,0.135737,0.652854,3.13187,3.12414,3.13673
3,0.48876,0.134939,0.652263,3.13187,3.12275,3.13675
3,0.488675,0.13414,0.651672,3.13187,3.12136,3.13676
3,0.488591,0.133342,0.65108,3.13187,3.11996,3.13677
3,0.488507,0.132543,0.650489,3.13187,3.11857,3.13679
3,0.488422,0.131744,0.649898,3.13187,3.11718,3.1368
3,0.488338,0.130946,0.649308,3.13187,3.11579,3.13682
3,0.488253,0.130147,0.648717,3.13187,3.1144,3.13683
3,0.488169,0.129349,0.648126,3.13186,3.11301,3.13684
3,0.488085,0.12855,0.647536,3.13186,3.11162,3.13686
3,0.488,0.127751,0.646945,3.13186,3.11023,3.13687
3,0.487916,0.126953,0.646355,3.13186,3.10884,3.13688
3,0.487832,0.126154,0.645765,3.13186,3.10745,3.1369
3,0.487747,0.125355,0.645175,3.13186,3.10606,3.13691
3,0.487663,0.124557,0.644585,3.13186,3.10467,3.13692
3,0.487579,0.123758,0.643995,3.13186,3.10328,3.13694
3,0.487495,0.12296,0.643406,3.13186,3.10189,3.13695
3,0.48741,0.122161,0.642816,3.13186,3.1005,3.13696
3,0.487326,0.121362,0.642227,3.13186,3.09911,3.13698
3,0.487242,0.120564,0.641638,3.13186,3.09773,3.13699
3,0.487158,0.119765,0.641048,3.13186,3.09634,3.13701
3,0.487073,0.118967,0.640459,3.13186,3.09495,3.13702
3,0.486989,0.118168,0.63987,3.13186,3.09356,3.13703
3,0.486905,0.117369,0.639281,3.13186,3.09217,3.13705
3,0.486821,0.116571,0.638693,3.13186,3.09078,3.13706
3,0.486736,0.115772,0.638104,3.13186,3.08939,3.13707
3,0.486652,0.114974,0.637516,3.13185,3.088,3.13709
3,0.486568,0.114175,0.636927,3.13185,3.08661,3.1371
3,0.486484,0.113376,0.636339,3.13185,3.08522,3.13711
3,0.486399,0.112578,0.635751,3.13185,3.08383,3.13713
3,0.486315,0.111779,0.635163,3.13185,3.08244,3.13714
3,0.486231,0.110981,0.634575,3.13185,3.08105,3.13715
3,0.486147,0.110182,0.633987,3.13185,3.07966,3.13717
3,0.486063,0.109383,0.6334,3.13185,3.07827,3.13718
3,0.485979,0.108585,0.632812,3.13185,3.07688,3.13719
3,0.485894,0.107786,0.632225,3.13185,3.07549,3.13721
3,0.48581,0.106988,0.631637,3.13185,3.0741,3.13722
3,0.485726,0.106189,0.63105,3.13185,3.07271,3.13724
3,0.485642,0.10539,0.630463,3.13184,3.07132,3.13725
4,0.486188,0.105385,0.630427,3.13185,3.08033,3.13716
4,0.486188,0.105385,0.630427,3.13185,3.08033,3.13716
4,0.487195,0.105385,0.630424,3.13185,3.0813,3.13715
4,0.488203,0.105384,0.63042,3.13185,3.08227,3.13714
4,0.489211,0.105383,0.630417,3.13185,3.08326,3.13713
4,0.489076,0.104678,0.629721,3.13185,3.08106,3.13715
4,0.488943,0.103973,0.629024,3.13185,3.07886,3.13717
4,0.48881,0.103266,0.628327,3.13185,3.07667,3.13719
4,0.488679,0.102559,0.627626,3.13185,3.07448,3.13722
4,0.488545,0.101854,0.626932,3.13184,3.0723,3.13723
4,0.488413,0.101148,0.626236,3.13184,3.07012,3.13725
4,0.488283,0.100441,0.625538,3.13184,3.06795,3.13728
4,0.488151,0.0997347,0.624842,3.13184,3.06578,3.1373
4,0.48802,0.0990291,0.624147,3.13184,3.06362,3.13732
4,0.48789,0.0983226,0.623451,3.13184,3.06146,3.13734
4,0.48776,0.0976167,0.622756,3.13183,3.05931,3.13736
4,0.48763,0.0969107,0.622062,3.13183,3.05716,3.13738
4,0.4875,0.0962046,0.621367,3.13183,3.05502,3.1374
4,0.487372,0.0954967,0.620669,3.13183,3.05288,3.13743
4,0.487242,0.0947921,0.619978,3.13183,3.05075,3.13744
4,0.487114,0.0940856,0.619284,3.13183,3.04863,3.13746
4,0.486985,0.0933795,0.61859,3.13182,3.0465,3.13749
4,0.486857,0.0926732,0.617896,3.13182,3.04439,3.13751
4,0.48673,0.0919667,0.617202,3.13182,3.04227,3.13753
4,0.486603,0.0912607,0.61651,3.13182,3.04017,3.13755
4,0.486476,0.0905543,0.615816,3.13181,3.03806,3.13757
4,0.486349,0.089848,0.615124,3.13181,3.03597,3.13759
4,0.486223,0.0891413,0.61443,3.13181,3.03387,3.13761
4,0.486097,0.0884361,0.61374,3.13181,3.03179,3.13763
4,0.485971,0.0877292,0.613047,3.13181,3.0297,3.13765
4,0.485845,0.0870237,0.612357,3.1318,3.02763,3.13767
4,0.485721,0.086317,0.611664,3.1318,3.02555,3.13769
4,0.485596,0.0856111,0.610974,3.1318,3.02348,3.13771
4,0.485471,0.084905,0.610283,3.1318,3.02142,3.13773
4,0.485348,0.0841973,0.609589,3.1318,3.01935,3.13776
4,0.485224,0.0834921,0.608901,3.13179,3.0173,3.13777
4,0.4851,0.0827861,0.608211,3.13179,3.01525,3.13779
4,0.484977,0.0820796,0.60752,3.13179,3.01321,3.13781
4,0.484854,0.0813737,0.606831,3.13178,3.01117,3.13783
4,0.484732,0.0806675,0.606141,3.13178,3.00913,3.13785
4,0.48461,0.0799609,0.605451,3.13178,3.0071,3.13787
4,0.484488,0.079255,0.604762,3.13178,3.00508,3.13789
4,0.484366,0.0785483,0.604073,3.13177,3.00305,3.13791
4,0.484244,0.0778428,0.603385,3.13177,3.00104,3.13793
4,0.484124,0.077136,0.602695,3.13177,2.99902,3.13795
4,0.484003,0.0764297,0.602007,3.13176,2.99701,3.13797
4,0.483883,0.0757237,0.601319,3.13176,2.99501,3.13799
4,0.483763,0.0750174,0.600631,3.13176,2.99301,3.13801
4,0.483643,0.0743111,0.599943,3.13176,2.99102,3.13803
4,0.483524,0.0736048,0.599255,3.13175,2.98903,3.13805
4,0.483405,0.0728981,0.598567,3.13175,2.98704,3.13807
4,0.483286,0.0721923,0.597881,3.13175,2.98506,3.13809
4,0.483167,0.0714864,0.597194,3.13174,2.98309,3.13811
4,0.483049,0.0707799,0.596507,3.13174,2.98111,3.13813
4,0.482931,0.0700735,0.59582,3.13174,2.97915,3.13815
4,0.482814,0.0693665,0.595132,3.13173,2.97718,3.13817
4,0.482697,0.0686609,0.594447,3.13173,2.97523,3.13819
4,0.48258,0.0679542,0.59376,3.13173,2.97327,3.13821
4,0.482463,0.0672486,0.593075,3.13172,2.97132,3.13823
4,0.482347,0.0665422,0.592389,3.13172,2.96938,3.13825
4,0.482231,0.0658354,0.591703,3.13172,2.96744,3.13827
4,0.482115,0.0651293,0.591018,3.13171,2.9655,3.13829
4,0.481999,0.0644234,0.590333,3.13171,2.96357,3.13831
4,0.481885,0.0637167,0.589647,3.13171,2.96164,3.13833
4,0.48177,0.0630105,0.588963,3.1317,2.95972,3.13835
4,0.481655,0.0623042,0.588278,3.1317,2.9578,3.13837
4,0.481541,0.0615979,0.587593,3.1317,2.95589,3.13839
4,0.481427,0.0608915,0.586909,3.13169,2.95398,3.1384
4,0.481314,0.0601852,0.586224,3.13169,2.95207,3.13842
4,0.4812,0.0594791,0.585541,3.13169,2.95017,3.13844
4,0.481087,0.0587725,0.584856,3.13168,2.94827,3.13846
4,0.480975,0.0580654,0.584171,3.13168,2.94638,3.13849
4,0.480862,0.0573599,0.583489,3.13167,2.94449,3.1385
4,0.48075,0.0566537,0.582806,3.13167,2.94261,3.13852
4,0.480638,0.0559473,0.582123,3.13167,2.94073,3.13854
4,0.480527,0.0552412,0.58144,3.13166,2.93886,3.13856
4,0.480416,0.0545345,0.580756,3.13166,2.93699,3.13858
4,0.480305,0.0538283,0.580073,3.13166,2.93512,3.1386
4,0.480194,0.0531223,0.579392,3.13165,2.93326,3.13861
4,0.480084,0.0524157,0.578709,3.13165,2.9314,3.13863
4,0.479974,0.0517094,0.578026,3.13164,2.92955,3.13865
4,0.479864,0.0510031,0.577344,3.13164,2.9277,3.13867
4,0.479755,0.0502968,0.576662,3.13164,2.92586,3.13869
4,0.479646,0.0495904,0.57598,3.13163,2.92402,3.13871
4,0.479537,0.0488843,0.575299,3.13163,2.92218,3.13873
4,0.479429,0.0481776,0.574617,3.13162,2.92035,3.13875
4,0.47932,0.0474716,0.573936,3.13162,2.91852,3.13876
4,0.479213,0.0467647,0.573253,3.13162,2.9167,3.13879
4,0.479105,0.0460585,0.572572,3.13161,2.91488,3.1388
4,0.478998,0.0453521,0.571891,3.13161,2.91307,3.13882
4,0.478891,0.044646,0.571211,3.1316,2.91126,3.13884
4,0.478784,0.0439395,0.57053,3.1316,2.90945,3.13886
4,0.478678,0.0432332,0.569849,3.13159,2.90765,3.13888
4,0.478572,0.0425268,0.569168,3.13159,2.90585,3.1389
4,0.478466,0.0418204,0.568488,3.13159,2.90406,3.13891
4,0.47836,0.0411141,0.567808,3.13158,2.90227,3.13893
4,0.478255,0.0404078,0.567128,3.13158,2.90048,3.13895
4,0.47815,0.0397017,0.566449,3.13157,2.89871,3.13897
4,0.478045,0.0389953,0.565769,3.13157,2.89693,3.13899
4,0.477941,0.0382887,0.565088,3.13156,2.89516,3.13901
4,0.477837,0.0375822,0.564408,3.13156,2.89339,3.13902
4,0.477733,0.036876,0.563729,3.13155,2.89163,3.13904
4,0.47763,0.0361695,0.56305,3.13155,2.88987,3.13906
4,0.477527,0.035463,0.56237,3.13155,2.88811,3.13908
4,0.477424,0.0347567,0.561691,3.13154,2.88636,3.1391
4,0.477322,0.0340502,0.561012,3.13154,2.88461,3.13912
4,0.47722,0.0333438,0.560333,3.13153,2.88287,3.13913
4,0.477118,0.0326374,0.559654,3.13153,2.88113,3.13915
4,0.477016,0.0319311,0.558975,3.13152,2.8794,3.13917
4,0.476914,0.0312248,0.558297,3.13152,2.87767,3.13919
4,0.476813,0.0305184,0.557619,3.13151,2.87595,3.13921
4,0.476713,0.029812,0.55694,3.13151,2.87422,3.13922
4,0.476612,0.0291055,0.556262,3.1315,2.87251,3.13924
4,0.476512,0.0283992,0.555584,3.1315,2.87079,3.13926
4,0.476412,0.0276927,0.554905,3.13149,2.86909,3.13928
4,0.476312,0.0269863,0.554227,3.13149,2.86738,3.1393
4,0.476213,0.02628,0.55355,3.13148,2.86568,3.13931
4,0.476114,0.0255736,0.552872,3.13148,2.86399,3.13933
4,0.476015,0.0248671,0.552194,3.13147,2.86229,3.13935
4,0.475917,0.0241608,0.551517,3.13147,2.86061,3.13937
4,0.475819,0.0234542,0.550839,3.13146,2.85892,3.13938
4,0.475721,0.0227479,0.550162,3.13146,2.85725,3.1394
4,0.475623,0.0220415,0.549484,3.13145,2.85557,3.13942
4,0.475526,0.0213351,0.548807,3.13145,2.8539,3.13944
4,0.475429,0.0206285,0.54813,3.13144,2.85223,3.13946
4,0.475332,0.0199221,0.547453,3.13144,2.85057,3.13947
4,0.475236,0.0192156,0.546776,3.13144,2.84891,3.13949
4,0.47514,0.0185093,0.546099,3.13143,2.84726,3.13951
4,0.475044,0.0178027,0.545422,3.13143,2.84561,3.13953
4,0.474949,0.0170964,0.544746,3.13142,2.84397,3.13954
4,0.474854,0.0163899,0.544069,3.13141,2.84232,3.13956
4,0.474759,0.0156835,0.543392,3.13141,2.84069,3.13958
4,0.474664,0.014977,0.542716,3.1314,2.83905,3.1396
4,0.47457,0.0142705,0.542039,3.1314,2.83743,3.13961
4,0.474476,0.0135641,0.541363,3.13139,2.8358,3.13963
4,0.474382,0.0128577,0.540687,3.13139,2.83418,3.13965
4,0.474288,0.0121512,0.540011,3.13138,2.83257,3.13966
4,0.474195,0.0114447,0.539335,3.13138,2.83095,3.13968
4,0.474103,0.0107383,0.538659,3.13137,2.82935,3.1397
4,0.47401,0.0100319,0.537983,3.13137,2.82774,3.13972
4,0.473918,0.00932534,0.537307,3.13136,2.82615,3.13973
4,0.473826,0.00861892,0.536631,3.13136,2.82455,3.13975
4,0.473734,0.00791248,0.535956,3.13135,2.82296,3.13977
4,0.473643,0.00720598,0.53528,3.13135,2.82138,3.13979
4,0.473552,0.00649939,0.534604,3.13134,2.81979,3.1398
4,0.473461,0.00579305,0.533929,3.13134,2.81822,3.13982
4,0.47337,0.0050866,0.533253,3.13133,2.81664,3.13984
4,0.47328,0.0043801,0.532578,3.13132,2.81507,3.13985
4,0.47319,0.00367354,0.531902,3.13132,2.81351,3.13987
4,0.4731,0.00296712,0.531227,3.13131,2.81195,3.13989
4,0.473011,0.00226049,0.530551,3.13131,2.81039,3.13991
4,0.472922,0.0015541,0.529877,3.1313,2.80884,3.13992
4,0.472833,0.000847501,0.529201,3.1313,2.80729,3.13994
4,0.472745,0.000141051,0.528526,3.13129,2.80575,3.13996
4,0.472656,-0.000565462,0.527851,3.13129,2.80421,3.13997
4,0.472569,-0.00127195,0.527176,3.13128,2.80267,3.13999
4,0.472481,-0.00197851,0.526501,3.13128,2.80114,3.14001
4,0.472394,-0.00268501,0.525826,3.13127,2.79962,3.14002
4,0.472307,-0.00339149,0.525151,3.13126,2.79809,3.14004
4,0.47222,-0.00409799,0.524477,3.13126,2.79658,3.14006
4,0.472133,-0.00480453,0.523802,3.13125,2.79506,3.14007
4,0.472047,-0.00551108,0.523127,3.13125,2.79355,3.14009
4,0.471961,-0.00621756,0.522452,3.13124,2.79205,3.14011
5,0.483195,-0.00634159,0.519538,3.13175,2.98353,3.13811
5,0.483195,-0.00634159,0.519538,3.13175,2.98353,3.13811
5,0.484161,-0.00634104,0.519527,3.13175,2.98455,3.1381
5,0.485126,-0.00634169,0.519517,3.13175,2.98558,3.13809
5,0.486092,-0.00634234,0.519507,3.13175,2.98661,3.13808
5,0.487058,-0.00634299,0.519498,3.13175,2.98764,3.13807
5,0.488024,-0.00634364,0.519488,3.13175,2.98867,3.13806
5,0.48899,-0.0063443,0.519479,3.13175,2.9897,3.13805
5,0.488911,-0.00542928,0.519097,3.13175,2.98842,3.13806
5,0.488835,-0.00451399,0.518715,3.13175,2.98714,3.13807
5,0.488758,-0.00359869,0.518333,3.13175,2.98587,3.13809
5,0.488682,-0.0026834,0.517951,3.13175,2.98459,3.1381
5,0.488606,-0.0017681,0.51757,3.13174,2.98332,3.13811
5,0.488529,-0.000852809,0.517188,3.13174,2.98205,3.13812
5,0.488453,6.24827e-05,0.516807,3.13174,2.98078,3.13814
5,0.488378,0.000977773,0.516426,3.13174,2.97952,3.13815
5,0.488302,0.00189306,0.516044,3.13174,2.97825,3.13816
5,0.488226,0.00280835,0.515663,3.13173,2.97699,3.13818
5,0.488151,0.00372364,0.515282,3.13173,2.97573,3.13819
5,0.488076,0.00463893,0.514901,3.13173,2.97447,3.1382
5,0.488001,0.00555421,0.51452,3.13173,2.97322,3.13821
5,0.487926,0.0064695,0.514139,3.13173,2.97196,3.13823
5,0.487851,0.00738478,0.513758,3.13172,2.97071,3.13824
5,0.487776,0.00830006,0.513377,3.13172,2.96946,3.13825
5,0.487701,0.00921535,0.512997,3.13172,2.96822,3.13826
5,0.487627,0.0101306,0.512616,3.13172,2.96697,3.13828
5,0.487552,0.0110459,0.512236,3.13172,2.96573,3.13829
5,0.487478,0.0119612,0.511855,3.13171,2.96448,3.1383
5,0.487404,0.0128765,0.511475,3.13171,2.96325,3.13831
5,0.48733,0.0137917,0.511094,3.13171,2.96201,3.13833
5,0.487256,0.014707,0.510714,3.13171,2.96077,3.13834
5,0.487183,0.0156223,0.510334,3.1317,2.95954,3.13835
5,0.487109,0.0165376,0.509954,3.1317,2.9583,3.13836
5,0.487036,0.0174528,0.509574,3.1317,2.95707,3.13838
5,0.486962,0.0183681,0.509194,3.1317,2.95584,3.13839
5,0.486889,0.0192834,0.508814,3.1317,2.95462,3.1384
5,0.486816,0.0201987,0.508434,3.13169,2.95339,3.13841
5,0.486743,0.0211139,0.508054,3.13169,2.95217,3.13842
5,0.48667,0.0220292,0.507675,3.13169,2.95095,3.13844
5,0.486598,0.0229445,0.507295,3.13169,2.94973,3.13845
5,0.486525,0.0238597,0.506915,3.13168,2.94851,3.13846
5,0.486453,0.024775,0.506536,3.13168,2.94729,3.13847
5,0.48638,0.0256903,0.506156,3.13168,2.94608,3.13849
5,0.486308,0.0266055,0.505777,3.13168,2.94487,3.1385
5,0.486236,0.0275208,0.505398,3.13167,2.94365,3.13851
5,0.486164,0.0284361,0.505019,3.13167,2.94244,3.13852
5,0.486092,0.0293513,0.504639,3.13167,2.94124,3.13854
5,0.48602,0.0302666,0.50426,3.13167,2.94003,3.13855
5,0.485949,0.0311819,0.503881,3.13166,2.93882,3.13856
5,0.485877,0.0320971,0.503502,3.13166,2.93762,3.13857
5,0.485806,0.0330124,0.503124,3.13166,2.93642,3.13858
5,0.485734,0.0339276,0.502745,3.13166,2.93522,3.1386
5,0.485663,0.0348429,0.502366,3.13165,2.93402,3.13861
5,0.485592,0.0357582,0.501987,3.13165,2.93282,3.13862
5,0.485521,0.0366734,0.501609,3.13165,2.93163,3.13863
5,0.48545,0.0375887,0.50123,3.13165,2.93043,3.13864
5,0.48538,0.0385039,0.500852,3.13164,2.92924,3.13866
5,0.485309,0.0394192,0.500473,3.13164,2.92805,3.13867
5,0.485238,0.0403344,0.500095,3.13164,2.92686,3.13868
5,0.485168,0.0412497,0.499717,3.13164,2.92567,3.13869
5,0.485097,0.0421649,0.499338,3.13163,2.92449,3.13871
5,0.485027,0.0430802,0.49896,3.13163,2.9233,3.13872
5,0.484957,0.0439955,0.498582,3.13163,2.92212,3.13873
5,0.484887,0.0449107,0.498204,3.13163,2.92093,3.13874
5,0.484817,0.045826,0.497826,3.13162,2.91975,3.13875
5,0.484747,0.0467412,0.497448,3.13162,2.91857,3.13877
5,0.484678,0.0476565,0.49707,3.13162,2.9174,3.13878
5,0.484608,0.0485717,0.496692,3.13162,2.91622,3.13879
5,0.484538,0.049487,0.496315,3.13161,2.91504,3.1388
5,0.484469,0.0504022,0.495937,3.13161,2.91387,3.13881
5,0.4844,0.0513175,0.49556,3.13161,2.9127,3.13883
5,0.48433,0.0522327,0.495182,3.1316,2.91152,3.13884
5,0.484261,0.0531479,0.494805,3.1316,2.91035,3.13885
5,0.484192,0.0540632,0.494427,3.1316,2.90919,3.13886
5,0.484123,0.0549784,0.49405,3.1316,2.90802,3.13887
5,0.484054,0.0558937,0.493673,3.13159,2.90685,3.13889
5,0.483985,0.0568089,0.493295,3.13159,2.90569,3.1389
5,0.483917,0.0577242,0.492918,3.13159,2.90452,3.13891
5,0.483848,0.0586394,0.492541,3.13159,2.90336,3.13892
5,0.48378,0.0595546,0.492164,3.13158,2.9022,3.13893
5,0.483711,0.0604699,0.491787,3.13158,2.90104,3.13895
5,0.483643,0.0613851,0.49141,3.13158,2.89988,3.13896
5,0.483575,0.0623004,0.491033,3.13157,2.89872,3.13897
5,0.483506,0.0632156,0.490657,3.13157,2.89756,3.13898
5,0.483438,0.0641309,0.49028,3.13157,2.89641,3.13899
5,0.48337,0.0650461,0.489903,3.13157,2.89525,3.13901
5,0.483303,0.0659613,0.489527,3.13156,2.8941,3.13902
5,0.483235,0.0668766,0.48915,3.13156,2.89295,3.13903
5,0.483167,0.0677918,0.488774,3.13156,2.89179,3.13904
5,0.483099,0.068707,0.488397,3.13155,2.89064,3.13905
5,0.483032,0.0696223,0.488021,3.13155,2.88949,3.13907
5,0.482964,0.0705375,0.487645,3.13155,2.88835,3.13908
5,0.482897,0.0714527,0.487268,3.13154,2.8872,3.13909
5,0.482829,0.072368,0.486892,3.13154,2.88605,3.1391
5,0.482762,0.0732832,0.486516,3.13154,2.88491,3.13911
5,0.482695,0.0741985,0.48614,3.13154,2.88376,3.13912
5,0.482628,0.0751137,0.485764,3.13153,2.88262,3.13914
5,0.482561,0.0760289,0.485388,3.13153,2.88148,3.13915
5,0.482494,0.0769442,0.485012,3.13153,2.88034,3.13916
5,0.482427,0.0778594,0.484637,3.13152,2.87919,3.13917
5,0.48236,0.0787746,0.484261,3.13152,2.87805,3.13918
5,0.482294,0.0796898,0.483885,3.13152,2.87692,3.1392
5,0.482227,0.0806051,0.48351,3.13151,2.87578,3.13921
5,0.48216,0.0815203,0.483134,3.13151,2.87464,3.13922
5,0.482094,0.0824355,0.482759,3.13151,2.87351,3.13923
5,0.482027,0.0833508,0.482383,3.1315,2.87237,3.13924
5,0.481961,0.084266,0.482008,3.1315,2.87124,3.13926
5,0.481895,0.0851812,0.481633,3.1315,2.8701,3.13927
5,0.481829,0.0860965,0.481257,3.1315,2.86897,3.13928
5,0.481762,0.0870117,0.480882,3.13149,2.86784,3.13929
5,0.481696,0.0879269,0.480507,3.13149,2.86671,3.1393
5,0.48163,0.0888421,0.480132,3.13149,2.86558,3.13931
5,0.481564,0.0897574,0.479757,3.13148,2.86445,3.13933
5,0.481498,0.0906726,0.479382,3.13148,2.86332,3.13934
5,0.481433,0.0915878,0.479007,3.13148,2.86219,3.13935
5,0.481367,0.0925031,0.478632,3.13147,2.86106,3.13936
5,0.481301,0.0934183,0.478258,3.13147,2.85994,3.13937
5,0.481236,0.0943335,0.477883,3.13147,2.85881,3.13939
5,0.48117,0.0952487,0.477508,3.13146,2.85769,3.1394
5,0.481104,0.096164,0.477134,3.13146,2.85656,3.13941
5,0.481039,0.0970792,0.476759,3.13146,2.85544,3.13942
5,0.480974,0.0979944,0.476385,3.13145,2.85431,3.13943
5,0.480908,0.0989096,0.476011,3.13145,2.85319,3.13945
5,0.480843,0.0998249,0.475636,3.13145,2.85207,3.13946
5,0.480778,0.10074,0.475262,3.13144,2.85095,3.13947
5,0.480713,0.101655,0.474888,3.13144,2.84983,3.13948
5,0.480647,0.102571,0.474514,3.13144,2.84871,3.13949
5,0.480582,0.103486,0.47414,3.13143,2.84759,3.1395
5,0.480517,0.104401,0.473766,3.13143,2.84647,3.13952
5,0.480452,0.105316,0.473392,3.13143,2.84535,3.13953
5,0.480388,0.106231,0.473018,3.13142,2.84423,3.13954
5,0.480323,0.107147,0.472644,3.13142,2.84312,3.13955
5,0.480258,0.108062,0.47227,3.13142,2.842,3.13956
5,0.480193,0.108977,0.471897,3.13141,2.84088,3.13958
5,0.480129,0.109892,0.471523,3.13141,2.83977,3.13959
5,0.480064,0.110808,0.47115,3.1314,2.83865,3.1396
5,0.479999,0.111723,0.470776,3.1314,2.83754,3.13961
5,0.479935,0.112638,0.470403,3.1314,2.83642,3.13962
5,0.47987,0.113553,0.470029,3.13139,2.83531,3.13964
5,0.479806,0.114468,0.469656,3.13139,2.83419,3.13965
5,0.479742,0.115384,0.469283,3.13139,2.83308,3.13966
5,0.479677,0.116299,0.46891,3.13138,2.83197,3.13967
5,0.479613,0.117214,0.468537,3.13138,2.83086,3.13968
5,0.479549,0.118129,0.468164,3.13138,2.82974,3.1397
5,0.479484,0.119045,0.467791,3.13137,2.82863,3.13971
5,0.47942,0.11996,0.467418,3.13137,2.82752,3.13972
5,0.479356,0.120875,0.467045,3.13136,2.82641,3.13973
5,0.479292,0.12179,0.466672,3.13136,2.8253,3.13974
5,0.479228,0.122705,0.466299,3.13136,2.82419,3.13975
5,0.479164,0.123621,0.465927,3.13135,2.82308,3.13977
5,0.4791,0.124536,0.465554,3.13135,2.82197,3.13978
5,0.479036,0.125451,0.465182,3.13135,2.82086,3.13979
5,0.478972,0.126366,0.464809,3.13134,2.81975,3.1398
5,0.478908,0.127282,0.464437,3.13134,2.81864,3.13981
5,0.478845,0.128197,0.464064,3.13133,2.81753,3.13983
5,0.478781,0.129112,0.463692,3.13133,2.81643,3.13984
5,0.478717,0.130027,0.46332,3.13133,2.81532,3.13985
5,0.478653,0.130942,0.462948,3.13132,2.81421,3.13986
5,0.47859,0.131858,0.462576,3.13132,2.8131,3.13987
5,0.478526,0.132773,0.462204,3.13132,2.812,3.13989
5,0.478463,0.133688,0.461832,3.13131,2.81089,3.1399
5,0.478399,0.134603,0.46146,3.13131,2.80978,3.13991
5,0.478336,0.135519,0.461088,3.1313,2.80867,3.13992
5,0.478272,0.136434,0.460717,3.1313,2.80757,3.13993
5,0.478209,0.137349,0.460345,3.1313,2.80646,3.13995
5,0.478145,0.138264,0.459973,3.13129,2.80535,3.13996
5,0.478082,0.139179,0.459602,3.13129,2.80425,3.13997
5,0.478018,0.140095,0.459231,3.13128,2.80314,3.13998
5,0.477955,0.14101,0.458859,3.13128,2.80203,3.14
5,0.477892,0.141925,0.458488,3.13128,2.80093,3.14001
5,0.477828,0.14284,0.458117,3.13127,2.79982,3.14002
5,0.477765,0.143756,0.457745,3.13127,2.79871,3.14003
5,0.477702,0.144671,0.457374,3.13126,2.79761,3.14004
5,0.477639,0.145586,0.457003,3.13126,2.7965,3.14006
5,0.477576,0.146501,0.456632,3.13126,2.7954,3.14007
5,0.477512,0.147416,0.456261,3.13125,2.79429,3.14008
5,0.477449,0.148332,0.455891,3.13125,2.79318,3.14009
5,0.477386,0.149247,0.45552,3.13124,2.79208,3.1401
5,0.477323,0.150162,0.455149,3.13124,2.79097,3.14012
5,0.47726,0.151077,0.454779,3.13123,2.78986,3.14013
5,0.477197,0.151993,0.454408,3.13123,2.78876,3.14014
5,0.477134,0.152908,0.454038,3.13123,2.78765,3.14015
5,0.477071,0.153823,0.453667,3.13122,2.78655,3.14017
5,0.477008,0.154738,0.453297,3.13122,2.78544,3.14018
5,0.476945,0.155653,0.452927,3.13121,2.78433,3.14019
5,0.476882,0.156569,0.452557,3.13121,2.78322,3.1402
5,0.476819,0.157484,0.452186,3.13121,2.78212,3.14021
5,0.476756,0.158399,0.451816,3.1312,2.78101,3.14023
5,0.476693,0.159314,0.451446,3.1312,2.7799,3.14024
5,0.476631,0.16023,0.451077,3.13119,2.7788,3.14025
6,0.51985,0.16038,0.564523,-3.13118,-0.365178,3.14028
6,0.51985,0.16038,0.564523,-3.13118,-0.365178,3.14028
6,0.520576,0.160381,0.564542,-3.13119,-0.364253,3.14027
6,0.521301,0.160382,0.564562,-3.13119,-0.363326,3.14026
6,0.522027,0.160383,0.564582,-3.13119,-0.362397,3.14025
6,0.522752,0.160383,0.564602,-3.1312,-0.361467,3.14024
6,0.522819,0.161274,0.564126,-3.13119,-0.362667,3.14025
6,0.522887,0.162164,0.56365,-3.13119,-0.363866,3.14026
6,0.522955,0.163055,0.563175,-3.13118,-0.365066,3.14028
6,0.523023,0.163945,0.562699,-3.13118,-0.366266,3.14029
6,0.523091,0.164836,0.562223,-3.13117,-0.367467,3.1403
6,0.523159,0.165726,0.561746,-3.13117,-0.368667,3.14032
6,0.523227,0.166617,0.56127,-3.13116,-0.369868,3.14033
6,0.523295,0.167507,0.560794,-3.13116,-0.371069,3.14034
6,0.523363,0.168398,0.560317,-3.13115,-0.37227,3.14036
6,0.523431,0.169288,0.559841,-3.13115,-0.373472,3.14037
6,0.523499,0.170179,0.559364,-3.13114,-0.374674,3.14038
6,0.523567,0.171069,0.558888,-3.13114,-0.375876,3.1404
6,0.523635,0.171959,0.558411,-3.13113,-0.377078,3.14041
6,0.523703,0.17285,0.557934,-3.13113,-0.378281,3.14042
6,0.523771,0.17374,0.557457,-3.13112,-0.379484,3.14044
6,0.523838,0.174631,0.55698,-3.13112,-0.380688,3.14045
6,0.523906,0.175521,0.556503,-3.13111,-0.381892,3.14046
6,0.523974,0.176412,0.556026,-3.13111,-0.383096,3.14048
6,0.524042,0.177302,0.555549,-3.1311,-0.384301,3.14049
6,0.52411,0.178193,0.555071,-3.1311,-0.385506,3.14051
6,0.524177,0.179083,0.554594,-3.13109,-0.386711,3.14052
6,0.524245,0.179974,0.554116,-3.13109,-0.387917,3.14053
6,0.524313,0.180864,0.553639,-3.13108,-0.389123,3.14055
6,0.524381,0.181755,0.553161,-3.13108,-0.39033,3.14056
6,0.524448,0.182645,0.552683,-3.13107,-0.391537,3.14057
6,0.524516,0.183535,0.552205,-3.13107,-0.392745,3.14059
6,0.524584,0.184426,0.551727,-3.13106,-0.393953,3.1406
6,0.524652,0.185316,0.551249,-3.13106,-0.395162,3.14062
6,0.524719,0.186207,0.550771,-3.13105,-0.396371,3.14063
6,0.524787,0.187097,0.550292,-3.13105,-0.39758,3.14064
6,0.524855,0.187988,0.549814,-3.13104,-0.39879,3.14066
6,0.524922,0.188878,0.549336,-3.13104,-0.400001,3.14067
6,0.52499,0.189769,0.548857,-3.13103,-0.401212,3.14068
6,0.525058,0.190659,0.548378,-3.13102,-0.402424,3.1407
6,0.525126,0.19155,0.5479,-3.13102,-0.403636,3.14071
6,0.525193,0.19244,0.547421,-3.13101,-0.404849,3.14073
6,0.525261,0.193331,0.546942,-3.13101,-0.406062,3.14074
6,0.525329,0.194221,0.546463,-3.131,-0.407276,3.14075
6,0.525396,0.195111,0.545983,-3.131,-0.40849,3.14077
6,0.525464,0.196002,0.545504,-3.13099,-0.409706,3.14078
6,0.525532,0.196892,0.545025,-3.13099,-0.410921,3.1408
6,0.525599,0.197783,0.544545,-3.13098,-0.412138,3.14081
6,0.525667,0.198673,0.544066,-3.13097,-0.413355,3.14082
6,0.525735,0.199564,0.543586,-3.13097,-0.414572,3.14084
6,0.525802,0.200454,0.543107,-3.13096,-0.415791,3.14085
6,0.52587,0.201345,0.542627,-3.13096,-0.417009,3.14087
6,0.525938,0.202235,0.542147,-3.13095,-0.418229,3.14088
6,0.526005,0.203126,0.541667,-3.13095,-0.419449,3.1409
6,0.526073,0.204016,0.541187,-3.13094,-0.42067,3.14091
6,0.526141,0.204906,0.540706,-3.13093,-0.421892,3.14092
6,0.526208,0.205797,0.540226,-3.13093,-0.423114,3.14094
6,0.526276,0.206687,0.539746,-3.13092,-0.424337,3.14095
6,0.526344,0.207578,0.539265,-3.13092,-0.425561,3.14097
6,0.526411,0.208468,0.538784,-3.13091,-0.426786,3.14098
6,0.526479,0.209359,0.538304,-3.1309,-0.428011,3.141
6,0.526547,0.210249,0.537823,-3.1309,-0.429237,3.14101
6,0.526614,0.21114,0.537342,-3.13089,-0.430464,3.14102
6,0.526682,0.21203,0.536861,-3.13089,-0.431691,3.14104
6,0.52675,0.21292,0.53638,-3.13088,-0.43292,3.14105
6,0.526817,0.213811,0.535898,-3.13087,-0.434149,3.14107
6,0.526885,0.214701,0.535417,-3.13087,-0.435378,3.14108
6,0.526953,0.215592,0.534936,-3.13086,-0.436609,3.1411
6,0.527021,0.216482,0.534454,-3.13086,-0.437841,3.14111
6,0.527088,0.217373,0.533972,-3.13085,-0.439073,3.14113
6,0.527156,0.218263,0.533491,-3.13084,-0.440306,3.14114
6,0.527224,0.219154,0.533009,-3.13084,-0.44154,3.14116
6,0.527292,0.220044,0.532527,-3.13083,-0.442775,3.14117
6,0.527359,0.220934,0.532045,-3.13082,-0.44401,3.14119
6,0.527427,0.221825,0.531562,-3.13082,-0.445247,3.1412
6,0.527495,0.222715,0.53108,-3.13081,-0.446484,3.14121
6,0.527563,0.223606,0.530598,-3.13081,-0.447722,3.14123
6,0.52763,0.224496,0.530115,-3.1308,-0.448961,3.14124
6,0.527698,0.225387,0.529633,-3.13079,-0.450201,3.14126
6,0.527766,0.226277,0.52915,-3.13079,-0.451442,3.14127
6,0.527834,0.227167,0.528667,-3.13078,-0.452684,3.14129
6,0.527902,0.228058,0.528184,-3.13077,-0.453926,3.1413
6,0.527969,0.228948,0.527701,-3.13077,-0.45517,3.14132
6,0.528037,0.229839,0.527218,-3.13076,-0.456414,3.14133
6,0.528105,0.230729,0.526735,-3.13075,-0.45766,3.14135
6,0.528173,0.23162,0.526251,-3.13075,-0.458906,3.14136
6,0.528241,0.23251,0.525768,-3.13074,-0.460153,3.14138
6,0.528309,0.233401,0.525284,-3.13073,-0.461401,3.14139
6,0.528376,0.234291,0.5248,-3.13073,-0.46265,3.14141
6,0.528444,0.235181,0.524317,-3.13072,-0.4639,3.14142
6,0.528512,0.236072,0.523833,-3.13071,-0.465151,3.14144
6,0.52858,0.236962,0.523349,-3.13071,-0.466403,3.14146
6,0.528648,0.237853,0.522864,-3.1307,-0.467656,3.14147
6,0.528716,0.238743,0.52238,-3.13069,-0.46891,3.14149
6,0.528784,0.239634,0.521896,-3.13069,-0.470165,3.1415
6,0.528852,0.240524,0.521411,-3.13068,-0.471421,3.14152
6,0.52892,0.241414,0.520927,-3.13067,-0.472677,3.14153
6,0.528988,0.242305,0.520442,-3.13066,-0.473935,3.14155
6,0.529056,0.243195,0.519957,-3.13066,-0.475194,3.14156
6,0.529124,0.244086,0.519472,-3.13065,-0.476454,3.14158
6,0.529192,0.244976,0.518987,0.0109493,-2.66388,1.15394e-06
6,0.52926,0.245866,0.518502,0.0109564,-2.66262,1.67289e-05
6,0.529328,0.246757,0.518017,0.0109636,-2.66135,3.23368e-05
6,0.529396,0.247647,0.517531,0.0109708,-2.66009,4.79781e-05
6,0.529464,0.248538,0.517046,0.0109781,-2.65882,6.36525e-05
6,0.529532,0.249428,0.51656,0.0109854,-2.65756,7.93605e-05
6,0.5296,0.250319,0.516074,0.0109927,-2.65629,9.51023e-05
6,0.529668,0.251209,0.515588,0.0110001,-2.65502,0.000110878
6,0.529736,0.252099,0.515103,0.0110075,-2.65375,0.000126688
6,0.529804,0.25299,0.514616,0.0110149,-2.65248,0.000142532
6,0.529872,0.25388,0.51413,0.0110223,-2.65121,0.00015841
6,0.52994,0.254771,0.513644,0.0110298,-2.64994,0.000174324
6,0.530008,0.255661,0.513157,0.0110374,-2.64867,0.000190272
6,0.530076,0.256552,0.512671,0.0110449,-2.64739,0.000206255
6,0.530145,0.257442,0.512184,0.0110525,-2.64612,0.000222274
6,0.530213,0.258332,0.511697,0.0110601,-2.64484,0.000238328
6,0.530281,0.259223,0.51121,0.0110678,-2.64356,0.000254418
6,0.530349,0.260113,0.510723,0.0110755,-2.64229,0.000270543
7,0.457709,0.260763,0.499685,-3.12763,0.800784,3.12654
7,0.457709,0.260763,0.499685,-3.12763,0.800784,3.12654
7,0.456872,0.260763,0.499631,-3.12761,0.802011,3.12651
7,0.456037,0.260764,0.499577,-3.12759,0.803238,3.12649
7,0.455201,0.260764,0.499524,-3.12757,0.804466,3.12646
7,0.455214,0.259786,0.499711,-3.12758,0.804136,3.12647
7,0.455228,0.258807,0.499898,-3.12758,0.803805,3.12648
7,0.455242,0.257828,0.500085,-3.12759,0.803474,3.12648
7,0.455255,0.25685,0.500272,-3.12759,0.803143,3.12649
7,0.455269,0.255871,0.500459,-3.1276,0.802812,3.1265
7,0.455283,0.254893,0.500647,-3.1276,0.802481,3.1265
7,0.455297,0.253914,0.500834,-3.12761,0.80215,3.12651
7,0.455311,0.252936,0.501021,-3.12761,0.80182,3.12652
7,0.455325,0.251957,0.501208,-3.12762,0.80149,3.12652
7,0.455339,0.250978,0.501395,-3.12762,0.80116,3.12653
7,0.455353,0.25,0.501582,-3.12763,0.80083,3.12654
7,0.455367,0.249021,0.501769,-3.12763,0.8005,3.12654
7,0.455381,0.248043,0.501956,-3.12763,0.80017,3.12655
7,0.455395,0.247064,0.502143,-3.12764,0.79984,3.12655
7,0.455409,0.246086,0.50233,-3.12764,0.799511,3.12656
7,0.455423,0.245107,0.502517,-3.12765,0.799181,3.12657
7,0.455437,0.244128,0.502704,-3.12765,0.798852,3.12657
7,0.455451,0.24315,0.502891,-3.12766,0.798523,3.12658
7,0.455465,0.242171,0.503078,-3.12766,0.798195,3.12659
7,0.455479,0.241193,0.503265,-3.12767,0.797866,3.12659
7,0.455492,0.240214,0.503452,-3.12767,0.797537,3.1266
7,0.455506,0.239236,0.503639,-3.12768,0.797209,3.12661
7,0.45552,0.238257,0.503826,-3.12768,0.796881,3.12661
7,0.455534,0.237278,0.504013,-3.12769,0.796553,3.12662
7,0.455548,0.2363,0.504199,-3.12769,0.796225,3.12663
7,0.455562,0.235321,0.504386,-3.1277,0.795898,3.12663
7,0.455576,0.234343,0.504573,-3.1277,0.795571,3.12664
7,0.45559,0.233364,0.50476,-3.1277,0.795243,3.12665
7,0.455604,0.232385,0.504947,-3.12771,0.794916,3.12665
7,0.455618,0.231407,0.505134,-3.12771,0.79459,3.12666
7,0.455632,0.230428,0.505321,-3.12772,0.794263,3.12667
7,0.455645,0.22945,0.505507,-3.12772,0.793937,3.12667
7,0.455659,0.228471,0.505694,-3.12773,0.79361,3.12668
7,0.455673,0.227493,0.505881,-3.12773,0.793284,3.12669
7,0.455687,0.226514,0.506068,-3.12774,0.792959,3.12669
7,0.455701,0.225535,0.506254,-3.12774,0.792633,3.1267
7,0.455715,0.224557,0.506441,-3.12775,0.792308,3.1267
7,0.455729,0.223578,0.506628,-3.12775,0.791983,3.12671
7,0.455743,0.2226,0.506815,-3.12776,0.791658,3.12672
7,0.455756,0.221621,0.507001,-3.12776,0.791333,3.12672
7,0.45577,0.220643,0.507188,-3.12776,0.791009,3.12673
7,0.455784,0.219664,0.507375,-3.12777,0.790685,3.12674
7,0.455798,0.218685,0.507561,-3.12777,0.790361,3.12674
7,0.455812,0.217707,0.507748,-3.12778,0.790037,3.12675
7,0.455826,0.216728,0.507934,-3.12778,0.789713,3.12676
7,0.455839,0.21575,0.508121,-3.12779,0.78939,3.12676
7,0.455853,0.214771,0.508308,-3.12779,0.789067,3.12677
7,0.455867,0.213792,0.508494,-3.1278,0.788744,3.12677
7,0.455881,0.212814,0.508681,-3.1278,0.788421,3.12678
7,0.455895,0.211835,0.508867,-3.1278,0.788099,3.12679
7,0.455908,0.210857,0.509054,-3.12781,0.787777,3.12679
7,0.455922,0.209878,0.50924,-3.12781,0.787455,3.1268
7,0.455936,0.2089,0.509427,-3.12782,0.787134,3.12681
7,0.45595,0.207921,0.509613,-3.12782,0.786812,3.12681
7,0.455964,0.206942,0.5098,-3.12783,0.786491,3.12682
7,0.455977,0.205964,0.509986,-3.12783,0.78617,3.12682
7,0.455991,0.204985,0.510173,-3.12784,0.785849,3.12683
7,0.456005,0.204007,0.510359,-3.12784,0.785529,3.12684
7,0.456019,0.203028,0.510546,-3.12784,0.785209,3.12684
7,0.456032,0.20205,0.510732,-3.12785,0.784889,3.12685
7,0.456046,0.201071,0.510918,-3.12785,0.784569,3.12686
7,0.45606,0.200092,0.511105,-3.12786,0.78425,3.12686
7,0.456073,0.199114,0.511291,-3.12786,0.783931,3.12687
7,0.456087,0.198135,0.511477,-3.12787,0.783612,3.12687
7,0.456101,0.197157,0.511664,-3.12787,0.783293,3.12688
7,0.456115,0.196178,0.51185,-3.12788,0.782975,3.12689
7,0.456128,0.195199,0.512036,-3.12788,0.782657,3.12689
7,0.456142,0.194221,0.512223,-3.12788,0.782339,3.1269
7,0.456156,0.193242,0.512409,-3.12789,0.782021,3.12691
7,0.456169,0.192264,0.512595,-3.12789,0.781704,3.12691
7,0.456183,0.191285,0.512781,-3.1279,0.781387,3.12692
7,0.456197,0.190307,0.512968,-3.1279,0.78107,3.12692
7,0.45621,0.189328,0.513154,-3.12791,0.780753,3.12693
7,0.456224,0.188349,0.51334,-3.12791,0.780437,3.12694
7,0.456238,0.187371,0.513526,-3.12791,0.780121,3.12694
7,0.456251,0.186392,0.513712,-3.12792,0.779805,3.12695
7,0.456265,0.185414,0.513898,-3.12792,0.77949,3.12695
7,0.456278,0.184435,0.514084,-3.12793,0.779175,3.12696
7,0.456292,0.183457,0.514271,-3.12793,0.77886,3.12697
7,0.456306,0.182478,0.514457,-3.12794,0.778545,3.12697
7,0.456319,0.181499,0.514643,-3.12794,0.77823,3.12698
7,0.456333,0.180521,0.514829,-3.12794,0.777916,3.12698
7,0.456346,0.179542,0.515015,-3.12795,0.777602,3.12699
7,0.45636,0.178564,0.515201,-3.12795,0.777288,3.127
7,0.456373,0.177585,0.515387,-3.12796,0.776975,3.127
7,0.456387,0.176606,0.515573,-3.12796,0.776662,3.12701
7,0.456401,0.175628,0.515759,-3.12796,0.776349,3.12701
7,0.456414,0.174649,0.515945,-3.12797,0.776036,3.12702
7,0.456428,0.173671,0.516131,-3.12797,0.775724,3.12703
7,0.456441,0.172692,0.516317,-3.12798,0.775412,3.12703
7,0.456455,0.171714,0.516503,-3.12798,0.7751,3.12704
7,0.456468,0.170735,0.516689,-3.12799,0.774788,3.12704
7,0.456482,0.169756,0.516874,-3.12799,0.774477,3.12705
7,0.456495,0.168778,0.51706,-3.12799,0.774166,3.12706
7,0.456509,0.167799,0.517246,-3.128,0.773855,3.12706
7,0.456522,0.166821,0.517432,-3.128,0.773544,3.12707
7,0.456536,0.165842,0.517618,-3.12801,0.773234,3.12707
7,0.456549,0.164864,0.517804,-3.12801,0.772924,3.12708
7,0.456563,0.163885,0.517989,-3.12801,0.772614,3.12709
7,0.456576,0.162906,0.518175,-3.12802,0.772305,3.12709
7,0.45659,0.161928,0.518361,-3.12802,0.771995,3.1271
7,0.456603,0.160949,0.518547,-3.12803,0.771686,3.1271
7,0.456616,0.159971,0.518732,-3.12803,0.771378,3.12711
7,0.45663,0.158992,0.518918,-3.12803,0.771069,3.12711
7,0.456643,0.158013,0.519104,-3.12804,0.770761,3.12712
7,0.456657,0.157035,0.51929,-3.12804,0.770453,3.12713
7,0.45667,0.156056,0.519475,-3.12805,0.770145,3.12713
7,0.456684,0.155078,0.519661,-3.12805,0.769838,3.12714
7,0.456697,0.154099,0.519847,-3.12805,0.76953,3.12714
7,0.45671,0.153121,0.520032,-3.12806,0.769223,3.12715
7,0.456724,0.152142,0.520218,-3.12806,0.768916,3.12715
7,0.456737,0.151163,0.520403,-3.12807,0.76861,3.12716
7,0.45675,0.150185,0.520589,-3.12807,0.768304,3.12717
7,0.456764,0.149206,0.520775,-3.12807,0.767998,3.12717
7,0.456777,0.148228,0.52096,-3.12808,0.767692,3.12718
7,0.456791,0.147249,0.521146,-3.12808,0.767386,3.12718
7,0.456804,0.146271,0.521331,-3.12809,0.767081,3.12719
7,0.456817,0.145292,0.521517,-3.12809,0.766776,3.1272
7,0.456831,0.144313,0.521702,-3.12809,0.766471,3.1272
7,0.456844,0.143335,0.521888,-3.1281,0.766166,3.12721
7,0.456857,0.142356,0.522073,-3.1281,0.765862,3.12721
7,0.45687,0.141378,0.522259,-3.12811,0.765558,3.12722
7,0.456884,0.140399,0.522444,-3.12811,0.765254,3.12722
7,0.456897,0.13942,0.52263,-3.12811,0.76495,3.12723
7,0.45691,0.138442,0.522815,-3.12812,0.764647,3.12723
7,0.456924,0.137463,0.523,-3.12812,0.764344,3.12724
7,0.456937,0.136485,0.523186,-3.12813,0.764041,3.12725
7,0.45695,0.135506,0.523371,-3.12813,0.763738,3.12725
7,0.456963,0.134528,0.523557,-3.12813,0.763435,3.12726
7,0.456977,0.133549,0.523742,-3.12814,0.763133,3.12726
7,0.45699,0.13257,0.523927,-3.12814,0.762831,3.12727
7,0.457003,0.131592,0.524113,-3.12815,0.762529,3.12727
7,0.457016,0.130613,0.524298,-3.12815,0.762227,3.12728
7,0.45703,0.129635,0.524483,-3.12815,0.761926,3.12729
7,0.457043,0.128656,0.524669,-3.12816,0.761624,3.12729
7,0.457056,0.127678,0.524854,-3.12816,0.761323,3.1273
7,0.457069,0.126699,0.525039,-3.12816,0.761023,3.1273
7,0.457083,0.12572,0.525224,-3.12817,0.760722,3.12731
7,0.457096,0.124742,0.52541,-3.12817,0.760421,3.12731
7,0.457109,0.123763,0.525595,-3.12818,0.760121,3.12732
7,0.457122,0.122785,0.52578,-3.12818,0.759821,3.12732
7,0.457135,0.121806,0.525965,-3.12818,0.759521,3.12733
7,0.457149,0.120828,0.52615,-3.12819,0.759222,3.12734
7,0.457162,0.119849,0.526336,-3.12819,0.758922,3.12734
7,0.457175,0.11887,0.526521,-3.1282,0.758623,3.12735
7,0.457188,0.117892,0.526706,-3.1282,0.758324,3.12735
7,0.457201,0.116913,0.526891,-3.1282,0.758025,3.12736
7,0.457215,0.115935,0.527076,-3.12821,0.757727,3.12736
7,0.457228,0.114956,0.527261,-3.12821,0.757428,3.12737
7,0.457241,0.113977,0.527446,-3.12821,0.75713,3.12737
7,0.457254,0.112999,0.527632,-3.12822,0.756832,3.12738
7,0.457267,0.11202,0.527817,-3.12822,0.756534,3.12739
8,0.532576,0.11132,0.534203,0.0116826,-2.55414,0.00144489
8,0.532576,0.11132,0.534203,0.0116826,-2.55414,0.00144489
8,0.532576,0.11132,0.534203,0.0116826,-2.55414,0.00144489
8,0.532576,0.11132,0.534203,0.0116826,-2.55414,0.00144489
