1,2.54112,-0.829876,2.45573,0.34655,2.71957,1.68426,0.943679
1,2.54112,-0.829876,2.45573,0.34655,2.71957,1.68426,0.943679
1,2.54582,-0.827503,2.45348,0.338041,2.71802,1.68802,0.941101
1,2.55068,-0.825012,2.45115,0.329196,2.71641,1.69193,0.938444
1,2.55568,-0.822432,2.44877,0.320094,2.71474,1.69596,0.935728
1,2.56089,-0.819703,2.4463,0.310567,2.71298,1.70017,0.932913
1,2.56618,-0.816915,2.4438,0.300872,2.71119,1.70445,0.930059
1,2.57165,-0.81401,2.44122,0.290842,2.70932,1.70889,0.927127
1,2.57731,-0.810976,2.43857,0.280441,2.70738,1.71349,0.924108
1,2.58319,-0.807795,2.43583,0.269627,2.70534,1.71828,0.920992
1,2.5893,-0.804452,2.43299,0.258347,2.70321,1.72327,0.917765
1,2.59568,-0.800922,2.43004,0.246539,2.70096,1.72849,0.914414
1,2.60238,-0.797177,2.42695,0.234121,2.69858,1.73399,0.910917
1,2.60945,-0.79318,2.42371,0.220992,2.69604,1.7398,0.907251
1,2.61696,-0.788884,2.42029,0.207016,2.69332,1.74599,0.903383
1,2.62501,-0.784222,2.41663,0.192009,2.69037,1.75263,0.899266
1,2.63373,-0.7791,2.41268,0.175706,2.68713,1.75984,0.894838
1,2.64333,-0.773374,2.40836,0.157707,2.68351,1.76781,0.890001
1,2.63706,-0.779112,2.41104,0.173694,2.68579,1.75955,0.89317
1,2.6315,-0.78435,2.41341,0.188306,2.68776,1.75191,0.896016
1,2.6265,-0.789197,2.41553,0.201844,2.68949,1.74474,0.898612
1,2.62195,-0.793727,2.41745,0.21451,2.69103,1.73796,0.901006
1,2.61777,-0.797993,2.4192,0.226453,2.69241,1.73151,0.903233
1,2.61391,-0.802034,2.4208,0.237779,2.69366,1.72533,0.90532
1,2.61032,-0.805881,2.42229,0.248574,2.69479,1.71938,0.907285
1,2.60697,-0.809558,2.42366,0.258904,2.69583,1.71365,0.909145
1,2.60383,-0.813083,2.42493,0.268822,2.69678,1.7081,0.910913
1,2.60087,-0.816474,2.42612,0.278372,2.69765,1.70271,0.912599
1,2.59808,-0.819743,2.42723,0.287592,2.69845,1.69747,0.91421
1,2.59537,-0.822956,2.42831,0.296657,2.69921,1.69231,0.915788
1,2.59288,-0.826007,2.42928,0.305286,2.69989,1.68733,0.917269
1,2.59052,-0.828968,2.4302,0.31367,2.70052,1.68247,0.918697
1,2.58827,-0.831844,2.43106,0.321824,2.7011,1.67771,0.920075
1,2.58612,-0.834642,2.43187,0.329765,2.70164,1.67304,0.921406
1,2.58408,-0.837365,2.43263,0.337507,2.70214,1.66846,0.922695
1,2.58213,-0.84002,2.43334,0.345063,2.70261,1.66397,0.923944
1,2.58026,-0.84261,2.43402,0.352447,2.70304,1.65955,0.925156
1,2.57847,-0.84514,2.43466,0.359668,2.70343,1.65521,0.926333
1,2.57676,-0.847613,2.43526,0.366735,2.7038,1.65094,0.927478
1,2.57513,-0.850032,2.43582,0.373658,2.70414,1.64672,0.928592
1,2.57356,-0.852399,2.43636,0.380444,2.70445,1.64258,0.929678
1,2.57205,-0.854718,2.43686,0.387101,2.70474,1.63848,0.930737
1,2.5706,-0.856992,2.43733,0.393635,2.70501,1.63445,0.931771
1,2.56921,-0.859221,2.43777,0.400051,2.70525,1.63046,0.93278
1,2.56788,-0.861408,2.43819,0.406356,2.70547,1.62653,0.933766
1,2.56659,-0.863555,2.43858,0.412555,2.70567,1.62264,0.934731
1,2.56536,-0.865664,2.43895,0.418651,2.70586,1.6188,0.935674
1,2.56417,-0.867736,2.43929,0.42465,2.70602,1.615,0.936599
1,2.56303,-0.869773,2.43961,0.430556,2.70617,1.61124,0.937504
1,2.56193,-0.871776,2.43991,0.436372,2.70631,1.60753,0.938391
1,2.56088,-0.873747,2.44018,0.442102,2.70642,1.60385,0.939261
1,2.55986,-0.875686,2.44044,0.447749,2.70652,1.60021,0.940114
1,2.55888,-0.877594,2.44067,0.453316,2.70661,1.5966,0.940952
1,2.55794,-0.879474,2.44089,0.458807,2.70669,1.59303,0.941774
1,2.55703,-0.881325,2.44109,0.464223,2.70675,1.58949,0.942582
1,2.55616,-0.883149,2.44127,0.469567,2.7068,1.58598,0.943376
1,2.55532,-0.884947,2.44143,0.474842,2.70683,1.5825,0.944156
1,2.55451,-0.886718,2.44158,0.48005,2.70686,1.57906,0.944923
1,2.55374,-0.888466,2.44171,0.485193,2.70687,1.57564,0.945678
1,2.55299,-0.890189,2.44183,0.490274,2.70688,1.57225,0.946421
1,2.55227,-0.891888,2.44193,0.495293,2.70687,1.56888,0.947151
1,2.55158,-0.893566,2.44202,0.500253,2.70685,1.56554,0.947871
1,2.55092,-0.89522,2.44209,0.505155,2.70683,1.56223,0.948579
1,2.55028,-0.896854,2.44214,0.510002,2.70679,1.55894,0.949277
1,2.54967,-0.898467,2.44219,0.514795,2.70675,1.55568,0.949965
1,2.54908,-0.900059,2.44222,0.519534,2.70669,1.55243,0.950643
1,2.54852,-0.901632,2.44223,0.524222,2.70663,1.54922,0.951311
1,2.54798,-0.903185,2.44224,0.528861,2.70656,1.54602,0.95197
1,2.54747,-0.904719,2.44223,0.53345,2.70648,1.54284,0.95262
1,2.54697,-0.906235,2.44221,0.537992,2.7064,1.53969,0.953261
1,2.5465,-0.907733,2.44218,0.542487,2.70631,1.53655,0.953893
1,2.54605,-0.909214,2.44214,0.546938,2.70621,1.53344,0.954517
1,2.54561,-0.910677,2.44208,0.551344,2.7061,1.53034,0.955133
1,2.5452,-0.912124,2.44202,0.555707,2.70599,1.52726,0.955741
1,2.54481,-0.913554,2.44194,0.560027,2.70587,1.5242,0.956342
1,2.54444,-0.914968,2.44185,0.564307,2.70574,1.52116,0.956935
1,2.54408,-0.916367,2.44176,0.568546,2.7056,1.51814,0.95752
1,2.54374,-0.91775,2.44165,0.572746,2.70547,1.51513,0.958099
1,2.54342,-0.919118,2.44153,0.576907,2.70532,1.51214,0.95867
1,2.54312,-0.920471,2.4414,0.581031,2.70517,1.50917,0.959235
1,2.54284,-0.92181,2.44127,0.585117,2.70501,1.50621,0.959794
1,2.54257,-0.923135,2.44112,0.589167,2.70485,1.50327,0.960346
1,2.54232,-0.924446,2.44097,0.593182,2.70468,1.50034,0.960891
1,2.54208,-0.925743,2.4408,0.597161,2.70451,1.49743,0.961431
1,2.54186,-0.927027,2.44063,0.601107,2.70433,1.49453,0.961964
1,2.54165,-0.928298,2.44044,0.605019,2.70415,1.49165,0.962492
1,2.54146,-0.929555,2.44025,0.608898,2.70396,1.48878,0.963014
1,2.54129,-0.9308,2.44005,0.612745,2.70377,1.48592,0.96353
1,2.54112,-0.932033,2.43985,0.61656,2.70357,1.48308,0.964041
1,2.54098,-0.933253,2.43963,0.620344,2.70337,1.48025,0.964546
1,2.54084,-0.934462,2.43941,0.624097,2.70317,1.47743,0.965046
1,2.54072,-0.935658,2.43918,0.627821,2.70296,1.47463,0.965541
1,2.54061,-0.936843,2.43894,0.631514,2.70274,1.47184,0.966031
1,2.54052,-0.938017,2.43869,0.635179,2.70252,1.46906,0.966516
1,2.54044,-0.939179,2.43843,0.638815,2.7023,1.4663,0.966996
1,2.54037,-0.94033,2.43817,0.642423,2.70207,1.46354,0.967472
1,2.54031,-0.94147,2.4379,0.646003,2.70184,1.4608,0.967942
1,2.54027,-0.942599,2.43762,0.649556,2.70161,1.45807,0.968408
1,2.54023,-0.943718,2.43734,0.653083,2.70137,1.45535,0.96887
1,2.54021,-0.944827,2.43705,0.656582,2.70113,1.45264,0.969327
1,2.5402,-0.945925,2.43675,0.660056,2.70088,1.44994,0.96978
1,2.54021,-0.947013,2.43644,0.663505,2.70063,1.44725,0.970229
1,2.54022,-0.948091,2.43613,0.666928,2.70038,1.44457,0.970674
1,2.54024,-0.949159,2.43581,0.670326,2.70013,1.44191,0.971114
1,2.54028,-0.950217,2.43549,0.6737,2.69987,1.43925,0.97155
1,2.54033,-0.951266,2.43516,0.677049,2.6996,1.4366,0.971983
1,2.54038,-0.952306,2.43482,0.680375,2.69934,1.43397,0.972411
1,2.54045,-0.953336,2.43447,0.683677,2.69907,1.43134,0.972836
1,2.54053,-0.954357,2.43412,0.686956,2.6988,1.42872,0.973257
1,2.54061,-0.955369,2.43376,0.690213,2.69852,1.42611,0.973675
1,2.54071,-0.956371,2.4334,0.693446,2.69824,1.42351,0.974088
1,2.54082,-0.957366,2.43303,0.696658,2.69796,1.42092,0.974498
1,2.54093,-0.958351,2.43266,0.699847,2.69768,1.41834,0.974905
1,2.54106,-0.959328,2.43227,0.703015,2.69739,1.41577,0.975308
1,2.5412,-0.960296,2.43189,0.706162,2.6971,1.41321,0.975708
1,2.54134,-0.961256,2.43149,0.709287,2.69681,1.41065,0.976104
1,2.54149,-0.962208,2.4311,0.712391,2.69652,1.40811,0.976497
1,2.54166,-0.963151,2.43069,0.715475,2.69622,1.40557,0.976887
1,2.54183,-0.964086,2.43028,0.718538,2.69592,1.40304,0.977274
1,2.54201,-0.965014,2.42986,0.721582,2.69562,1.40052,0.977658
1,2.5422,-0.965933,2.42944,0.724605,2.69531,1.39801,0.978038
1,2.5424,-0.966845,2.42902,0.727609,2.695,1.3955,0.978415
1,2.5426,-0.967749,2.42858,0.730593,2.69469,1.393,0.97879
1,2.54282,-0.968645,2.42815,0.733558,2.69438,1.39051,0.979161
1,2.54304,-0.969534,2.4277,0.736504,2.69406,1.38803,0.979529
1,2.54327,-0.970415,2.42725,0.739432,2.69375,1.38556,0.979895
1,2.54351,-0.971289,2.4268,0.74234,2.69343,1.38309,0.980258
1,2.54376,-0.972155,2.42634,0.745231,2.6931,1.38063,0.980618
1,2.54402,-0.973015,2.42588,0.748103,2.69278,1.37818,0.980975
1,2.54428,-0.973867,2.42541,0.750957,2.69245,1.37573,0.981329
1,2.54455,-0.974712,2.42494,0.753793,2.69212,1.37329,0.981681
1,2.54483,-0.97555,2.42446,0.756612,2.69179,1.37086,0.98203
1,2.54512,-0.976381,2.42397,0.759413,2.69146,1.36843,0.982376
1,2.54541,-0.977206,2.42348,0.762197,2.69113,1.36602,0.98272
1,2.54571,-0.978023,2.42299,0.764964,2.69079,1.36361,0.983061
1,2.54602,-0.978834,2.42249,0.767714,2.69045,1.3612,0.9834
1,2.54634,-0.979639,2.42199,0.770447,2.69011,1.3588,0.983736
1,2.54666,-0.980436,2.42148,0.773163,2.68976,1.35641,0.98407
1,2.54699,-0.981228,2.42097,0.775864,2.68942,1.35403,0.984401
1,2.54733,-0.982012,2.42045,0.778547,2.68907,1.35165,0.98473
1,2.54768,-0.982791,2.41993,0.781215,2.68872,1.34928,0.985057
1,2.54803,-0.983563,2.4194,0.783867,2.68837,1.34691,0.985381
1,2.54839,-0.984329,2.41887,0.786503,2.68802,1.34455,0.985703
1,2.54875,-0.985088,2.41834,0.789123,2.68766,1.3422,0.986023
1,2.54912,-0.985842,2.4178,0.791727,2.68731,1.33985,0.98634
1,2.5495,-0.986589,2.41725,0.794317,2.68695,1.33751,0.986655
1,2.54989,-0.98733,2.4167,0.796891,2.68659,1.33517,0.986968
1,2.55028,-0.988066,2.41615,0.799449,2.68622,1.33284,0.987279
1,2.55068,-0.988795,2.41559,0.801993,2.68586,1.33052,0.987587
1,2.55108,-0.989519,2.41503,0.804522,2.6855,1.3282,0.987894
1,2.55149,-0.990237,2.41447,0.807036,2.68513,1.32589,0.988198
1,2.55191,-0.990949,2.4139,0.809535,2.68476,1.32358,0.9885
1,2.55234,-0.991655,2.41332,0.81202,2.68439,1.32128,0.9888
1,2.55277,-0.992356,2.41274,0.814491,2.68402,1.31898,0.989099
1,2.5532,-0.993051,2.41216,0.816947,2.68364,1.31669,0.989395
1,2.55365,-0.993741,2.41157,0.819389,2.68327,1.31441,0.989689
1,2.5541,-0.994425,2.41098,0.821817,2.68289,1.31213,0.989981
1,2.55455,-0.995103,2.41038,0.824231,2.68251,1.30985,0.990271
1,2.55501,-0.995777,2.40979,0.826631,2.68213,1.30758,0.99056
1,2.55548,-0.996444,2.40918,0.829017,2.68175,1.30532,0.990846
1,2.55595,-0.997107,2.40857,0.83139,2.68137,1.30306,0.99113
1,2.55643,-0.997764,2.40796,0.833749,2.68098,1.30081,0.991413
1,2.55692,-0.998416,2.40735,0.836095,2.68059,1.29856,0.991694
1,2.55741,-0.999063,2.40673,0.838427,2.68021,1.29632,0.991973
1,2.5579,-0.999705,2.40611,0.840746,2.67982,1.29408,0.99225
1,2.5584,-1.00034,2.40548,0.843052,2.67943,1.29184,0.992525
1,2.55891,-1.00097,2.40485,0.845345,2.67903,1.28961,0.992798
1,2.55943,-1.0016,2.40421,0.847625,2.67864,1.28739,0.99307
1,2.55994,-1.00222,2.40357,0.849892,2.67824,1.28517,0.99334
1,2.56047,-1.00284,2.40293,0.852146,2.67785,1.28296,0.993608
1,2.561,-1.00345,2.40229,0.854388,2.67745,1.28075,0.993875
1,2.56153,-1.00406,2.40164,0.856617,2.67705,1.27854,0.99414
1,2.56208,-1.00466,2.40098,0.858833,2.67665,1.27634,0.994403
1,2.56262,-1.00526,2.40032,0.861037,2.67625,1.27415,0.994664
1,2.56317,-1.00585,2.39966,0.863229,2.67585,1.27195,0.994924
1,2.56373,-1.00644,2.399,0.865408,2.67544,1.26977,0.995182
1,2.56429,-1.00702,2.39833,0.867575,2.67504,1.26759,0.995439
1,2.56486,-1.0076,2.39766,0.86973,2.67463,1.26541,0.995694
1,2.56544,-1.00817,2.39698,0.871873,2.67422,1.26324,0.995947
1,2.56601,-1.00874,2.3963,0.874004,2.67381,1.26107,0.996199
1,2.5666,-1.00931,2.39562,0.876123,2.6734,1.2589,0.996449
1,2.56719,-1.00987,2.39493,0.87823,2.67299,1.25674,0.996698
1,2.56778,-1.01042,2.39424,0.880325,2.67257,1.25459,0.996945
1,2.56838,-1.01097,2.39355,0.882409,2.67216,1.25244,0.99719
1,2.56898,-1.01152,2.39285,0.884481,2.67174,1.25029,0.997434
1,2.56959,-1.01207,2.39215,0.886542,2.67133,1.24815,0.997677
1,2.57021,-1.0126,2.39145,0.888591,2.67091,1.24601,0.997918
1,2.57083,-1.01314,2.39074,0.890628,2.67049,1.24387,0.998157
1,2.57145,-1.01367,2.39003,0.892654,2.67007,1.24174,0.998396
1,2.57208,-1.01419,2.38932,0.894669,2.66965,1.23961,0.998632
1,2.57272,-1.01472,2.3886,0.896673,2.66922,1.23749,0.998867
1,2.57335,-1.01523,2.38788,0.898666,2.6688,1.23537,0.999101
1,2.574,-1.01575,2.38715,0.900647,2.66837,1.23326,0.999334
1,2.57465,-1.01626,2.38643,0.902617,2.66795,1.23115,0.999565
1,2.5753,-1.01676,2.3857,0.904577,2.66752,1.22904,0.999794
1,2.57596,-1.01726,2.38496,0.906525,2.66709,1.22694,1.00002
1,2.57662,-1.01776,2.38422,0.908463,2.66666,1.22484,1.00025
1,2.57729,-1.01825,2.38348,0.91039,2.66623,1.22275,1.00047
1,2.57797,-1.01874,2.38274,0.912306,2.6658,1.22066,1.0007
1,2.57864,-1.01923,2.38199,0.914211,2.66537,1.21857,1.00092
1,2.57933,-1.01971,2.38124,0.916106,2.66493,1.21649,1.00114
1,2.58001,-1.02019,2.38049,0.91799,2.6645,1.21441,1.00136
1,2.58071,-1.02066,2.37973,0.919863,2.66406,1.21233,1.00158
1,2.5814,-1.02113,2.37897,0.921726,2.66362,1.21026,1.0018
1,2.5821,-1.02159,2.37821,0.923579,2.66319,1.20819,1.00202
1,2.58281,-1.02206,2.37744,0.925421,2.66275,1.20613,1.00223
1,2.58352,-1.02252,2.37667,0.927253,2.66231,1.20407,1.00244
1,2.58424,-1.02297,2.3759,0.929074,2.66187,1.20201,1.00266
1,2.58496,-1.02342,2.37512,0.930885,2.66142,1.19996,1.00287
1,2.58568,-1.02387,2.37434,0.932686,2.66098,1.19791,1.00308
1,2.58641,-1.02431,2.37356,0.934477,2.66054,1.19586,1.00329
1,2.58714,-1.02475,2.37277,0.936258,2.66009,1.19382,1.00349
1,2.58788,-1.02519,2.37198,0.938029,2.65965,1.19178,1.0037
1,2.58862,-1.02562,2.37119,0.93979,2.6592,1.18975,1.0039
1,2.58937,-1.02605,2.3704,0.94154,2.65875,1.18771,1.00411
1,2.59012,-1.02648,2.3696,0.943281,2.6583,1.18569,1.00431
1,2.59088,-1.0269,2.3688,0.945012,2.65785,1.18366,1.00451
1,2.59164,-1.02732,2.368,0.946733,2.6574,1.18164,1.00471
1,2.5924,-1.02774,2.36719,0.948444,2.65695,1.17962,1.00491
1,2.59317,-1.02815,2.36638,0.950146,2.6565,1.17761,1.00511
1,2.59394,-1.02856,2.36557,0.951838,2.65604,1.1756,1.0053
1,2.59472,-1.02896,2.36475,0.95352,2.65559,1.17359,1.0055
1,2.5955,-1.02937,2.36393,0.955192,2.65514,1.17158,1.00569
1,2.59629,-1.02977,2.36311,0.956855,2.65468,1.16958,1.00589
1,2.59708,-1.03016,2.36229,0.958508,2.65422,1.16759,1.00608
1,2.59787,-1.03055,2.36146,0.960152,2.65376,1.16559,1.00627
1,2.59867,-1.03094,2.36063,0.961786,2.65331,1.1636,1.00646
1,2.59948,-1.03133,2.3598,0.963411,2.65285,1.16161,1.00665
1,2.60029,-1.03171,2.35896,0.965027,2.65239,1.15963,1.00684
1,2.6011,-1.03209,2.35812,0.966633,2.65192,1.15765,1.00702
1,2.60191,-1.03247,2.35728,0.968229,2.65146,1.15567,1.00721
1,2.60273,-1.03284,2.35644,0.969817,2.651,1.1537,1.00739
1,2.60356,-1.03321,2.35559,0.971395,2.65053,1.15173,1.00757
2,0.439546,0.307048,-0.712341,-0.97139,1.83623,1.72653,0.318228
2,0.439546,0.307048,-0.712341,-0.97139,1.83623,1.72653,0.318228
2,0.437247,0.309917,-0.712016,-0.967987,1.83855,1.72708,0.319196
2,0.434944,0.312786,-0.711682,-0.964561,1.84086,1.72761,0.320176
2,0.432637,0.315654,-0.711339,-0.96112,1.84316,1.72812,0.321164
2,0.430326,0.318522,-0.710986,-0.957665,1.84546,1.72862,0.32216
2,0.428012,0.32139,-0.710623,-0.954194,1.84776,1.72911,0.323165
2,0.425693,0.324258,-0.710251,-0.950708,1.85005,1.72958,0.324178
2,0.427992,0.323315,-0.71031,-0.954208,1.84834,1.72859,0.32146
2,0.43027,0.322386,-0.710362,-0.957682,1.84665,1.72759,0.318753
2,0.432534,0.321465,-0.710407,-0.961141,1.84497,1.72659,0.316054
2,0.434782,0.320553,-0.710445,-0.964584,1.84331,1.72558,0.313362
2,0.437016,0.319649,-0.710477,-0.968012,1.84167,1.72457,0.310678
2,0.439236,0.318753,-0.710503,-0.971423,1.84004,1.72356,0.308001
2,0.441441,0.317866,-0.710522,-0.974819,1.83842,1.72253,0.305331
2,0.443632,0.316987,-0.710535,-0.9782,1.83681,1.72151,0.302669
2,0.445809,0.316117,-0.710541,-0.981566,1.83522,1.72048,0.300013
2,0.447972,0.315254,-0.710542,-0.984917,1.83364,1.71944,0.297365
2,0.450121,0.3144,-0.710536,-0.988253,1.83208,1.71841,0.294723
2,0.452256,0.313554,-0.710524,-0.991574,1.83053,1.71736,0.292088
2,0.454378,0.312716,-0.710507,-0.994881,1.82899,1.71632,0.28946
2,0.456485,0.311886,-0.710484,-0.998173,1.82747,1.71527,0.286839
2,0.458579,0.311064,-0.710455,-1.00145,1.82596,1.71421,0.284225
2,0.46066,0.31025,-0.71042,-1.00471,1.82446,1.71315,0.281617
2,0.462728,0.309445,-0.71038,-1.00796,1.82298,1.71209,0.279016
2,0.464782,0.308647,-0.710334,-1.0112,1.82151,1.71103,0.276421
2,0.466823,0.307857,-0.710282,-1.01442,1.82005,1.70996,0.273833
2,0.468851,0.307075,-0.710226,-1.01763,1.81861,1.70889,0.271251
2,0.470866,0.306301,-0.710164,-1.02082,1.81718,1.70781,0.268675
2,0.472868,0.305535,-0.710097,-1.024,1.81577,1.70673,0.266106
2,0.474857,0.304777,-0.710024,-1.02717,1.81436,1.70565,0.263543
2,0.476834,0.304027,-0.709947,-1.03032,1.81298,1.70457,0.260986
2,0.478798,0.303285,-0.709865,-1.03347,1.8116,1.70348,0.258435
2,0.48075,0.30255,-0.709777,-1.03659,1.81024,1.70239,0.25589
2,0.482689,0.301823,-0.709685,-1.03971,1.80889,1.7013,0.253351
2,0.484616,0.301104,-0.709588,-1.04281,1.80755,1.70021,0.250818
2,0.48653,0.300393,-0.709486,-1.0459,1.80623,1.69911,0.248291
2,0.488433,0.299689,-0.709379,-1.04898,1.80492,1.69801,0.24577
2,0.490323,0.298994,-0.709268,-1.05204,1.80362,1.69691,0.243254
2,0.492202,0.298306,-0.709153,-1.05509,1.80233,1.6958,0.240745
2,0.494068,0.297625,-0.709032,-1.05813,1.80106,1.6947,0.23824
2,0.495923,0.296952,-0.708908,-1.06116,1.79981,1.69359,0.235742
2,0.497766,0.296287,-0.708779,-1.06417,1.79856,1.69248,0.233249
2,0.499598,0.29563,-0.708645,-1.06717,1.79733,1.69137,0.230761
2,0.501418,0.29498,-0.708508,-1.07016,1.79611,1.69026,0.228279
2,0.503226,0.294338,-0.708366,-1.07314,1.7949,1.68914,0.225803
2,0.505023,0.293703,-0.70822,-1.07611,1.79371,1.68803,0.223331
2,0.506809,0.293076,-0.70807,-1.07906,1.79253,1.68691,0.220865
2,0.508584,0.292456,-0.707916,-1.08201,1.79136,1.68579,0.218404
2,0.510347,0.291844,-0.707758,-1.08494,1.7902,1.68467,0.215949
2,0.5121,0.29124,-0.707596,-1.08786,1.78906,1.68354,0.213498
2,0.513841,0.290643,-0.707431,-1.09077,1.78793,1.68242,0.211053
2,0.515572,0.290054,-0.707261,-1.09366,1.78681,1.6813,0.208612
2,0.517292,0.289472,-0.707088,-1.09655,1.78571,1.68017,0.206177
2,0.519001,0.288897,-0.706911,-1.09942,1.78461,1.67904,0.203747
2,0.520699,0.28833,-0.70673,-1.10229,1.78353,1.67792,0.201321
2,0.522387,0.28777,-0.706546,-1.10514,1.78246,1.67679,0.1989
2,0.524064,0.287218,-0.706358,-1.10798,1.78141,1.67566,0.196484
2,0.525731,0.286673,-0.706167,-1.11081,1.78037,1.67453,0.194073
2,0.527388,0.286136,-0.705972,-1.11363,1.77933,1.6734,0.191667
2,0.529034,0.285606,-0.705774,-1.11644,1.77832,1.67227,0.189265
2,0.53067,0.285084,-0.705573,-1.11924,1.77731,1.67114,0.186868
2,0.532296,0.284568,-0.705368,-1.12202,1.77632,1.67,0.184476
2,0.533912,0.284061,-0.70516,-1.1248,1.77533,1.66887,0.182088
2,0.535518,0.28356,-0.704949,-1.12756,1.77436,1.66774,0.179704
2,0.537114,0.283067,-0.704735,-1.13032,1.77341,1.6666,0.177325
3,0.506321,0.27618,-0.65789,-1.13032,1.75597,1.65587,0.175211
3,0.506321,0.27618,-0.65789,-1.13032,1.75597,1.65587,0.175211
3,0.504705,0.278584,-0.657811,-1.12761,1.75767,1.65661,0.175894
3,0.503086,0.280986,-0.657725,-1.1249,1.75937,1.65734,0.176587
3,0.501464,0.283388,-0.657633,-1.12217,1.76107,1.65807,0.177285
3,0.499839,0.285789,-0.657534,-1.11944,1.76276,1.65878,0.177989
3,0.498949,0.285412,-0.657878,-1.12147,1.76276,1.66038,0.176378
3,0.498052,0.285046,-0.658224,-1.12348,1.76275,1.66199,0.174771
3,0.497151,0.284687,-0.658571,-1.12548,1.76275,1.6636,0.173168
3,0.496245,0.284335,-0.658919,-1.12748,1.76275,1.66521,0.171567
3,0.495336,0.28399,-0.659268,-1.12946,1.76274,1.66682,0.169969
3,0.494423,0.283652,-0.659619,-1.13144,1.76274,1.66844,0.168374
3,0.493505,0.283321,-0.659971,-1.13341,1.76274,1.67006,0.166782
3,0.492584,0.282998,-0.660324,-1.13537,1.76274,1.67168,0.165193
3,0.491658,0.282681,-0.660679,-1.13732,1.76274,1.67331,0.163606
3,0.490728,0.282372,-0.661034,-1.13926,1.76275,1.67494,0.162022
3,0.489795,0.282069,-0.661391,-1.1412,1.76275,1.67657,0.160441
3,0.488857,0.281774,-0.661749,-1.14312,1.76275,1.67821,0.158862
3,0.487916,0.281485,-0.662108,-1.14504,1.76275,1.67984,0.157286
3,0.486971,0.281204,-0.662469,-1.14695,1.76276,1.68149,0.155713
3,0.486021,0.28093,-0.66283,-1.14885,1.76276,1.68313,0.154142
3,0.485068,0.280662,-0.663193,-1.15074,1.76277,1.68478,0.152574
3,0.484111,0.280402,-0.663557,-1.15262,1.76277,1.68643,0.151008
3,0.48315,0.280149,-0.663922,-1.1545,1.76278,1.68808,0.149445
3,0.482186,0.279902,-0.664288,-1.15636,1.76279,1.68973,0.147884
3,0.481217,0.279663,-0.664655,-1.15822,1.76279,1.69139,0.146326
3,0.480245,0.27943,-0.665023,-1.16007,1.7628,1.69305,0.14477
3,0.479268,0.279205,-0.665392,-1.16192,1.76281,1.69472,0.143217
3,0.478289,0.278987,-0.665763,-1.16375,1.76282,1.69638,0.141666
3,0.477305,0.278775,-0.666134,-1.16557,1.76283,1.69805,0.140117
3,0.476317,0.27857,-0.666506,-1.16739,1.76284,1.69973,0.138571
3,0.475326,0.278373,-0.66688,-1.1692,1.76285,1.7014,0.137027
3,0.474331,0.278182,-0.667254,-1.171,1.76286,1.70308,0.135485
3,0.473333,0.277998,-0.66763,-1.1728,1.76287,1.70476,0.133946
3,0.472331,0.277822,-0.668007,-1.17458,1.76288,1.70644,0.132409
3,0.471325,0.277652,-0.668384,-1.17636,1.7629,1.70813,0.130874
3,0.470315,0.277489,-0.668763,-1.17813,1.76291,1.70982,0.129342
3,0.469302,0.277332,-0.669142,-1.17989,1.76292,1.71151,0.127811
3,0.468285,0.277183,-0.669523,-1.18164,1.76293,1.71321,0.126283
3,0.467265,0.277041,-0.669904,-1.18339,1.76295,1.7149,0.124757
3,0.466241,0.276905,-0.670286,-1.18512,1.76296,1.7166,0.123233
3,0.465213,0.276777,-0.670669,-1.18685,1.76298,1.71831,0.121711
3,0.464182,0.276655,-0.671053,-1.18857,1.76299,1.72001,0.120191
3,0.463148,0.27654,-0.671438,-1.19029,1.76301,1.72172,0.118673
3,0.462109,0.276432,-0.671824,-1.19199,1.76302,1.72343,0.117158
3,0.461068,0.276331,-0.672211,-1.19369,1.76304,1.72514,0.115644
3,0.460023,0.276237,-0.672599,-1.19538,1.76305,1.72686,0.114132
3,0.458974,0.276149,-0.672987,-1.19706,1.76307,1.72858,0.112623
3,0.457922,0.276068,-0.673376,-1.19874,1.76309,1.7303,0.111115
3,0.456866,0.275995,-0.673766,-1.20041,1.7631,1.73202,0.109609
3,0.455807,0.275928,-0.674157,-1.20206,1.76312,1.73375,0.108105
3,0.454744,0.275867,-0.674549,-1.20372,1.76314,1.73548,0.106603
3,0.453678,0.275814,-0.674941,-1.20536,1.76316,1.73721,0.105103
3,0.452609,0.275767,-0.675335,-1.207,1.76318,1.73895,0.103605
3,0.451536,0.275727,-0.675729,-1.20862,1.76319,1.74068,0.102108
3,0.45046,0.275694,-0.676123,-1.21025,1.76321,1.74242,0.100614
3,0.44938,0.275668,-0.676519,-1.21186,1.76323,1.74417,0.0991209
3,0.448297,0.275649,-0.676915,-1.21346,1.76325,1.74591,0.0976299
3,0.447211,0.275636,-0.677311,-1.21506,1.76327,1.74766,0.0961406
3,0.446121,0.27563,-0.677709,-1.21665,1.76329,1.74941,0.0946531
3,0.445028,0.275631,-0.678107,-1.21824,1.76331,1.75116,0.0931673
3,0.443932,0.275638,-0.678506,-1.21981,1.76333,1.75292,0.0916832
3,0.442832,0.275652,-0.678905,-1.22138,1.76335,1.75467,0.0902008
3,0.441729,0.275673,-0.679305,-1.22294,1.76337,1.75643,0.0887201
3,0.440623,0.275701,-0.679706,-1.22449,1.76339,1.75819,0.087241
3,0.439514,0.275736,-0.680107,-1.22604,1.76341,1.75996,0.0857635
3,0.438401,0.275777,-0.680509,-1.22758,1.76343,1.76173,0.0842876
3,0.437285,0.275825,-0.680911,-1.22911,1.76345,1.7635,0.0828134
3,0.436166,0.275879,-0.681314,-1.23063,1.76347,1.76527,0.0813407
3,0.435043,0.275941,-0.681718,-1.23215,1.76349,1.76704,0.0798696
3,0.433917,0.276009,-0.682122,-1.23366,1.76351,1.76882,0.0784
3,0.432788,0.276083,-0.682526,-1.23516,1.76353,1.7706,0.0769319
3,0.431656,0.276165,-0.682931,-1.23665,1.76355,1.77238,0.0754653
3,0.430521,0.276253,-0.683337,-1.23814,1.76357,1.77416,0.0740003
3,0.429382,0.276347,-0.683743,-1.23962,1.7636,1.77595,0.0725366
3,0.428241,0.276449,-0.684149,-1.24109,1.76362,1.77774,0.0710745
3,0.427096,0.276557,-0.684556,-1.24255,1.76364,1.77953,0.0696137
3,0.425948,0.276671,-0.684963,-1.24401,1.76366,1.78132,0.0681544
3,0.424796,0.276793,-0.685371,-1.24546,1.76368,1.78312,0.0666965
3,0.423642,0.27692,-0.685779,-1.2469,1.7637,1.78491,0.06524
3,0.422485,0.277055,-0.686187,-1.24834,1.76372,1.78671,0.0637848
3,0.421324,0.277196,-0.686596,-1.24977,1.76374,1.78851,0.062331
3,0.42016,0.277344,-0.687005,-1.25119,1.76377,1.79032,0.0608785
3,0.418994,0.277498,-0.687414,-1.2526,1.76379,1.79212,0.0594273
3,0.417824,0.277659,-0.687824,-1.25401,1.76381,1.79393,0.0579774
3,0.416651,0.277827,-0.688234,-1.25541,1.76383,1.79574,0.0565288
3,0.415475,0.278001,-0.688645,-1.2568,1.76385,1.79756,0.0550815
3,0.414296,0.278182,-0.689055,-1.25819,1.76387,1.79937,0.0536354
3,0.413114,0.27837,-0.689466,-1.25957,1.76389,1.80119,0.0521905
3,0.411928,0.278563,-0.689877,-1.26094,1.76392,1.80301,0.0507469
3,0.41074,0.278764,-0.690288,-1.2623,1.76394,1.80483,0.0493044
3,0.409549,0.278971,-0.6907,-1.26366,1.76396,1.80665,0.0478632
3,0.408355,0.279185,-0.691112,-1.26501,1.76398,1.80848,0.0464231
3,0.407158,0.279405,-0.691524,-1.26635,1.764,1.8103,0.0449842
3,0.405957,0.279632,-0.691936,-1.26769,1.76402,1.81213,0.0435464
3,0.404754,0.279865,-0.692348,-1.26902,1.76404,1.81396,0.0421097
3,0.403548,0.280105,-0.69276,-1.27034,1.76406,1.8158,0.0406741
3,0.402339,0.280351,-0.693173,-1.27165,1.76408,1.81763,0.0392397
3,0.401126,0.280604,-0.693585,-1.27296,1.7641,1.81947,0.0378062
3,0.399911,0.280863,-0.693998,-1.27426,1.76412,1.82131,0.0363739
3,0.398693,0.281129,-0.69441,-1.27556,1.76414,1.82315,0.0349426
3,0.397472,0.281401,-0.694823,-1.27684,1.76416,1.82499,0.0335123
3,0.396248,0.28168,-0.695236,-1.27812,1.76418,1.82684,0.0320831
3,0.395022,0.281965,-0.695649,-1.27939,1.7642,1.82868,0.0306548
3,0.393792,0.282257,-0.696062,-1.28066,1.76422,1.83053,0.0292276
3,0.392559,0.282555,-0.696474,-1.28192,1.76424,1.83238,0.0278013
3,0.391324,0.28286,-0.696887,-1.28317,1.76426,1.83423,0.0263759
3,0.390085,0.283171,-0.6973,-1.28442,1.76427,1.83609,0.0249515
3,0.388844,0.283489,-0.697713,-1.28565,1.76429,1.83794,0.023528
3,0.3876,0.283813,-0.698125,-1.28689,1.76431,1.8398,0.0221055
3,0.386353,0.284143,-0.698538,-1.28811,1.76433,1.84166,0.0206838
3,0.385103,0.28448,-0.69895,-1.28933,1.76435,1.84352,0.019263
3,0.38385,0.284823,-0.699363,-1.29054,1.76436,1.84538,0.0178431
3,0.382594,0.285173,-0.699775,-1.29174,1.76438,1.84725,0.0164241
3,0.381336,0.285529,-0.700187,-1.29294,1.7644,1.84911,0.0150059
3,0.380075,0.285891,-0.700599,-1.29413,1.76441,1.85098,0.0135885
3,0.378811,0.28626,-0.701011,-1.29531,1.76443,1.85285,0.0121719
3,0.377544,0.286635,-0.701422,-1.29649,1.76445,1.85472,0.0107561
3,0.376274,0.287017,-0.701833,-1.29766,1.76446,1.85659,0.00934114
3,0.375002,0.287405,-0.702244,-1.29882,1.76448,1.85847,0.00792693
3,0.373727,0.287799,-0.702655,-1.29998,1.76449,1.86034,0.00651347
3,0.372449,0.2882,-0.703066,-1.30113,1.76451,1.86222,0.00510076
3,0.371168,0.288607,-0.703476,-1.30227,1.76452,1.8641,0.00368879
3,0.369884,0.28902,-0.703886,-1.30341,1.76454,1.86598,0.00227753
3,0.368598,0.28944,-0.704296,-1.30453,1.76455,1.86786,0.000866974
3,0.367309,0.289865,-0.704705,-1.30566,1.76456,1.86974,-0.000542887
3,0.366018,0.290298,-0.705114,-1.30677,1.76458,1.87163,-0.00195207
3,0.364723,0.290736,-0.705523,-1.30788,1.76459,1.87351,-0.00336058
3,0.363426,0.291181,-0.705932,-1.30898,1.7646,1.8754,-0.00476845
3,0.362126,0.291632,-0.70634,-1.31008,1.76461,1.87729,-0.00617567
3,0.360824,0.292089,-0.706747,-1.31117,1.76462,1.87918,-0.00758226
3,0.359518,0.292553,-0.707154,-1.31225,1.76464,1.88107,-0.00898824
3,0.358211,0.293022,-0.707561,-1.31332,1.76465,1.88296,-0.0103936
3,0.3569,0.293499,-0.707967,-1.31439,1.76466,1.88486,-0.0117984
3,0.355587,0.293981,-0.708373,-1.31545,1.76467,1.88675,-0.0132026
3,0.354271,0.294469,-0.708779,-1.31651,1.76468,1.88865,-0.0146063
3,0.352952,0.294964,-0.709184,-1.31756,1.76468,1.89054,-0.0160093
3,0.351631,0.295465,-0.709588,-1.3186,1.76469,1.89244,-0.0174119
3,0.350307,0.295972,-0.709992,-1.31963,1.7647,1.89434,-0.0188139
3,0.348981,0.296485,-0.710395,-1.32066,1.76471,1.89624,-0.0202154
3,0.347652,0.297005,-0.710798,-1.32168,1.76472,1.89815,-0.0216164
3,0.34632,0.29753,-0.711201,-1.3227,1.76472,1.90005,-0.0230169
3,0.344986,0.298062,-0.711602,-1.3237,1.76473,1.90196,-0.024417
3,0.343649,0.2986,-0.712003,-1.32471,1.76473,1.90386,-0.0258165
3,0.34231,0.299144,-0.712404,-1.3257,1.76474,1.90577,-0.0272156
3,0.340968,0.299694,-0.712804,-1.32669,1.76474,1.90768,-0.0286143
3,0.339623,0.30025,-0.713203,-1.32767,1.76475,1.90958,-0.0300125
3,0.338276,0.300813,-0.713602,-1.32865,1.76475,1.91149,-0.0314103
3,0.336927,0.301381,-0.714,-1.32961,1.76476,1.9134,-0.0328077
3,0.335575,0.301956,-0.714397,-1.33058,1.76476,1.91532,-0.0342047
3,0.33422,0.302536,-0.714794,-1.33153,1.76476,1.91723,-0.0356013
3,0.332863,0.303123,-0.715189,-1.33248,1.76476,1.91914,-0.0369975
3,0.331503,0.303716,-0.715585,-1.33342,1.76476,1.92106,-0.0383934
3,0.330141,0.304315,-0.715979,-1.33436,1.76476,1.92297,-0.0397889
3,0.328776,0.304919,-0.716373,-1.33529,1.76476,1.92489,-0.041184
3,0.327409,0.30553,-0.716766,-1.33621,1.76476,1.92681,-0.0425789
3,0.326039,0.306147,-0.717158,-1.33713,1.76476,1.92872,-0.0439734
3,0.324667,0.30677,-0.717549,-1.33803,1.76476,1.93064,-0.0453676
3,0.323293,0.307399,-0.71794,-1.33894,1.76476,1.93256,-0.0467615
3,0.321916,0.308034,-0.71833,-1.33983,1.76475,1.93448,-0.0481551
3,0.320537,0.308674,-0.718719,-1.34072,1.76475,1.9364,-0.0495484
3,0.319155,0.309321,-0.719107,-1.34161,1.76474,1.93832,-0.0509414
3,0.31777,0.309974,-0.719494,-1.34248,1.76474,1.94025,-0.0523342
3,0.316384,0.310633,-0.719881,-1.34335,1.76473,1.94217,-0.0537268
3,0.314995,0.311297,-0.720266,-1.34422,1.76473,1.94409,-0.0551191
3,0.313603,0.311968,-0.720651,-1.34507,1.76472,1.94602,-0.0565111
3,0.31221,0.312644,-0.721034,-1.34592,1.76471,1.94794,-0.057903
3,0.310813,0.313326,-0.721417,-1.34677,1.7647,1.94987,-0.0592946
3,0.309415,0.314014,-0.721799,-1.3476,1.76469,1.95179,-0.0606861
3,0.308014,0.314708,-0.72218,-1.34844,1.76469,1.95372,-0.0620774
3,0.306611,0.315408,-0.72256,-1.34926,1.76467,1.95564,-0.0634684
3,0.305205,0.316114,-0.722939,-1.35008,1.76466,1.95757,-0.0648593
3,0.303797,0.316825,-0.723317,-1.35089,1.76465,1.9595,-0.0662501
3,0.302387,0.317543,-0.723694,-1.35169,1.76464,1.96143,-0.0676407
3,0.300975,0.318266,-0.72407,-1.35249,1.76463,1.96335,-0.0690311
3,0.29956,0.318995,-0.724445,-1.35328,1.76461,1.96528,-0.0704215
3,0.298143,0.319729,-0.724819,-1.35407,1.7646,1.96721,-0.0718117
3,0.296724,0.32047,-0.725192,-1.35485,1.76458,1.96914,-0.0732018
3,0.295302,0.321216,-0.725564,-1.35562,1.76456,1.97107,-0.0745917
3,0.293878,0.321968,-0.725935,-1.35639,1.76455,1.973,-0.0759816
3,0.292452,0.322726,-0.726305,-1.35715,1.76453,1.97493,-0.0773714
3,0.291024,0.323489,-0.726673,-1.3579,1.76451,1.97686,-0.0787611
3,0.289593,0.324258,-0.727041,-1.35865,1.76449,1.97879,-0.0801508
3,0.288161,0.325033,-0.727407,-1.35939,1.76447,1.98072,-0.0815404
3,0.286726,0.325814,-0.727773,-1.36012,1.76445,1.98265,-0.0829299
3,0.285289,0.3266,-0.728137,-1.36085,1.76443,1.98459,-0.0843194
3,0.28385,0.327392,-0.7285,-1.36157,1.76441,1.98652,-0.0857088
3,0.282408,0.328189,-0.728862,-1.36228,1.76438,1.98845,-0.0870983
3,0.280965,0.328992,-0.729222,-1.36299,1.76436,1.99038,-0.0884877
3,0.279519,0.329801,-0.729582,-1.36369,1.76433,1.99231,-0.0898771
3,0.278071,0.330615,-0.72994,-1.36439,1.76431,1.99424,-0.0912664
3,0.276621,0.331435,-0.730297,-1.36508,1.76428,1.99617,-0.0926558
3,0.275169,0.332261,-0.730653,-1.36576,1.76425,1.9981,-0.0940452
3,0.273715,0.333092,-0.731008,-1.36643,1.76422,2.00004,-0.0954347
3,0.272258,0.333928,-0.731362,-1.3671,1.76419,2.00197,-0.0968241
3,0.2708,0.33477,-0.731714,-1.36777,1.76416,2.0039,-0.0982136
3,0.26934,0.335618,-0.732065,-1.36842,1.76413,2.00583,-0.0996031
3,0.267877,0.336471,-0.732415,-1.36907,1.7641,2.00776,-0.100993
3,0.266413,0.33733,-0.732763,-1.36972,1.76407,2.00969,-0.102382
3,0.264946,0.338194,-0.73311,-1.37035,1.76403,2.01162,-0.103772
3,0.263478,0.339063,-0.733456,-1.37098,1.764,2.01355,-0.105162
3,0.262007,0.339938,-0.733801,-1.37161,1.76396,2.01548,-0.106552
3,0.260535,0.340819,-0.734144,-1.37223,1.76392,2.01741,-0.107942
3,0.25906,0.341705,-0.734486,-1.37284,1.76389,2.01934,-0.109332
3,0.257584,0.342596,-0.734827,-1.37344,1.76385,2.02127,-0.110722
3,0.256105,0.343493,-0.735166,-1.37404,1.76381,2.0232,-0.112112
4,0.330818,0.369991,-0.850505,-1.37404,1.81321,2.05949,-0.103105
4,0.330818,0.369991,-0.850505,-1.37404,1.81321,2.05949,-0.103105
4,0.32874,0.372345,-0.849035,-1.37109,1.815,2.05949,-0.102136
4,0.326684,0.374702,-0.847593,-1.36813,1.8168,2.05949,-0.10116
4,0.324651,0.377063,-0.846184,-1.36517,1.81861,2.05949,-0.100177
4,0.320028,0.376581,-0.841092,-1.3661,1.81595,2.05949,-0.102381
4,0.315383,0.37611,-0.835985,-1.36703,1.8133,2.05949,-0.10458
4,0.310717,0.375654,-0.830865,-1.36795,1.81066,2.05949,-0.106773
4,0.306018,0.375212,-0.825719,-1.36886,1.80802,2.05949,-0.108959
4,0.301343,0.37478,-0.820609,-1.36976,1.80538,2.05949,-0.111143
4,0.296637,0.374361,-0.815475,-1.37066,1.80276,2.05949,-0.113321
4,0.291909,0.373957,-0.810326,-1.37156,1.80014,2.05949,-0.115492
4,0.287175,0.373564,-0.80518,-1.37244,1.79753,2.05949,-0.117659
4,0.282436,0.373183,-0.800037,-1.37332,1.79492,2.05949,-0.119822
4,0.277675,0.372816,-0.79488,-1.3742,1.79232,2.05949,-0.121979
4,0.272909,0.372461,-0.789725,-1.37506,1.78973,2.05949,-0.124131
4,0.26813,0.372119,-0.784566,-1.37592,1.78714,2.05949,-0.126279
4,0.26334,0.37179,-0.779403,-1.37678,1.78456,2.05949,-0.128421
4,0.258518,0.371475,-0.774214,-1.37763,1.78198,2.05949,-0.130556
4,0.253724,0.37117,-0.769065,-1.37847,1.77942,2.05949,-0.13269
4,0.248898,0.37088,-0.76389,-1.3793,1.77686,2.05949,-0.134816
4,0.244067,0.370601,-0.758716,-1.38013,1.7743,2.05949,-0.136939
4,0.239224,0.370336,-0.753539,-1.38095,1.77175,2.05949,-0.139056
4,0.234371,0.370085,-0.748358,-1.38177,1.7692,2.05949,-0.141168
4,0.229513,0.369845,-0.743181,-1.38257,1.76667,2.05949,-0.143275
4,0.224645,0.369618,-0.738,-1.38338,1.76413,2.05949,-0.145378
4,0.219769,0.369404,-0.732819,-1.38417,1.76161,2.05949,-0.147475
4,0.214881,0.369204,-0.727633,-1.38496,1.75909,2.05949,-0.149568
4,0.210002,0.369014,-0.722464,-1.38574,1.75657,2.05949,-0.151657
4,0.205099,0.368839,-0.717277,-1.38652,1.75406,2.05949,-0.153739
4,0.200204,0.368675,-0.712107,-1.38729,1.75156,2.05949,-0.155819
4,0.19529,0.368526,-0.706923,-1.38805,1.74906,2.05949,-0.157892
4,0.190379,0.368388,-0.70175,-1.38881,1.74657,2.05949,-0.159961
4,0.185461,0.368263,-0.696577,-1.38956,1.74408,2.05949,-0.162025
4,0.180519,0.368153,-0.691383,-1.3903,1.7416,2.05949,-0.164083
4,0.175604,0.368053,-0.686228,-1.39104,1.73912,2.05949,-0.166139
4,0.170674,0.367966,-0.681063,-1.39177,1.73665,2.05949,-0.168189
4,0.165735,0.367892,-0.675896,-1.3925,1.73419,2.05949,-0.170234
4,0.160799,0.367831,-0.670739,-1.39322,1.73173,2.05949,-0.172275
4,0.155856,0.367782,-0.665581,-1.39393,1.72927,2.05949,-0.174311
4,0.150908,0.367747,-0.660424,-1.39463,1.72682,2.05949,-0.176342
4,0.145964,0.367723,-0.655278,-1.39533,1.72438,2.05949,-0.178369
4,0.14101,0.367714,-0.650129,-1.39602,1.72194,2.05949,-0.180391
4,0.136068,0.367714,-0.644998,-1.39671,1.7195,2.05949,-0.182409
4,0.13111,0.367731,-0.639856,-1.39739,1.71708,2.05949,-0.184421
4,0.126158,0.367758,-0.634728,-1.39806,1.71465,2.05949,-0.18643
4,0.121208,0.367797,-0.629608,-1.39873,1.71223,2.05949,-0.188433
4,0.116255,0.36785,-0.624492,-1.39939,1.70982,2.05949,-0.190433
4,0.111302,0.367915,-0.619381,-1.40004,1.70741,2.05949,-0.192427
4,0.106351,0.367992,-0.614278,-1.40069,1.70501,2.05949,-0.194417
4,0.101395,0.368083,-0.609176,-1.40133,1.70261,2.05949,-0.196402
4,0.0964522,0.368185,-0.604094,-1.40197,1.70021,2.05949,-0.198383
4,0.0915091,0.368299,-0.599018,-1.4026,1.69783,2.05949,-0.20036
4,0.0865623,0.368427,-0.593944,-1.40322,1.69544,2.05949,-0.202332
4,0.0816195,0.368566,-0.588879,-1.40383,1.69306,2.05949,-0.204299
4,0.076672,0.36872,-0.583815,-1.40444,1.69069,2.05949,-0.206261
4,0.0717445,0.368883,-0.578779,-1.40504,1.68832,2.05949,-0.20822
4,0.0668079,0.36906,-0.573737,-1.40564,1.68595,2.05949,-0.210173
4,0.061888,0.369247,-0.56872,-1.40623,1.68359,2.05949,-0.212124
4,0.0569638,0.369448,-0.563703,-1.40681,1.68124,2.05949,-0.214068
4,0.0520392,0.369663,-0.558691,-1.40739,1.67888,2.05949,-0.216008
4,0.0471278,0.369888,-0.553698,-1.40796,1.67654,2.05949,-0.217945
4,0.0422235,0.370124,-0.548719,-1.40853,1.67419,2.05949,-0.219877
4,0.037317,0.370375,-0.543741,-1.40909,1.67186,2.05949,-0.221804
4,0.032421,0.370636,-0.538781,-1.40964,1.66952,2.05949,-0.223726
4,0.0275309,0.37091,-0.533831,-1.41018,1.66719,2.05949,-0.225645
4,0.0226485,0.371195,-0.528895,-1.41072,1.66487,2.05949,-0.227559
4,0.0177708,0.371493,-0.523969,-1.41125,1.66255,2.05949,-0.229468
4,0.0129015,0.371803,-0.519056,-1.41178,1.66023,2.05949,-0.231374
4,0.00804259,0.372123,-0.514159,-1.4123,1.65792,2.05949,-0.233275
4,0.0031865,0.372457,-0.50927,-1.41281,1.65562,2.05949,-0.235171
4,-0.00167133,0.372804,-0.504382,-1.41332,1.65331,2.05949,-0.237062
4,-0.00649554,0.373159,-0.499538,-1.41382,1.65102,2.05949,-0.238951
4,-0.0113212,0.373526,-0.494696,-1.41432,1.64872,2.05949,-0.240834
4,-0.0161405,0.373906,-0.489864,-1.4148,1.64643,2.05949,-0.242713
4,-0.020948,0.374297,-0.48505,-1.41528,1.64415,2.05949,-0.244588
4,-0.0257514,0.374702,-0.480244,-1.41576,1.64187,2.05949,-0.246458
4,-0.0305394,0.375116,-0.475459,-1.41623,1.63959,2.05949,-0.248324
4,-0.0353146,0.375541,-0.470692,-1.41669,1.63732,2.05949,-0.250186
4,-0.040086,0.375979,-0.465933,-1.41715,1.63505,2.05949,-0.252043
4,-0.0448435,0.376428,-0.461193,-1.4176,1.63278,2.05949,-0.253896
4,-0.0495899,0.376888,-0.456469,-1.41804,1.63052,2.05949,-0.255745
4,-0.054324,0.377359,-0.451762,-1.41848,1.62826,2.05949,-0.25759
4,-0.0590492,0.377842,-0.447069,-1.41891,1.62601,2.05949,-0.25943
4,-0.0637574,0.378335,-0.442397,-1.41933,1.62376,2.05949,-0.261266
4,-0.0684617,0.378841,-0.437734,-1.41975,1.62152,2.05949,-0.263097
4,-0.0731456,0.379356,-0.433096,-1.42016,1.61928,2.05949,-0.264925
4,-0.0778275,0.379885,-0.428464,-1.42057,1.61704,2.05949,-0.266747
4,-0.0824869,0.380423,-0.42386,-1.42097,1.61481,2.05949,-0.268566
4,-0.0871371,0.380972,-0.419269,-1.42136,1.61258,2.05949,-0.270381
4,-0.0917703,0.381531,-0.414701,-1.42175,1.61035,2.05949,-0.272191
4,-0.0963951,0.382103,-0.410144,-1.42213,1.60813,2.05949,-0.273997
4,-0.101003,0.382684,-0.405609,-1.4225,1.60591,2.05949,-0.275799
4,-0.105599,0.383276,-0.401091,-1.42287,1.6037,2.05949,-0.277596
4,-0.110181,0.383879,-0.39659,-1.42323,1.60149,2.05949,-0.279389
4,-0.114746,0.384492,-0.392111,-1.42359,1.59928,2.05949,-0.281178
4,-0.119298,0.385116,-0.387649,-1.42393,1.59708,2.05949,-0.282963
4,-0.123833,0.38575,-0.38321,-1.42428,1.59488,2.05949,-0.284744
4,-0.128356,0.386395,-0.378786,-1.42461,1.59269,2.05949,-0.28652
4,-0.132867,0.387051,-0.374377,-1.42494,1.5905,2.05949,-0.288291
4,-0.137362,0.387717,-0.369989,-1.42526,1.58831,2.05949,-0.290059
4,-0.141837,0.388392,-0.365625,-1.42558,1.58613,2.05949,-0.291822
4,-0.146301,0.389079,-0.361277,-1.42589,1.58394,2.05949,-0.293582
4,-0.15075,0.389776,-0.356946,-1.4262,1.58177,2.05949,-0.295336
4,-0.15518,0.390482,-0.35264,-1.42649,1.5796,2.05949,-0.297087
4,-0.159597,0.391199,-0.34835,-1.42679,1.57743,2.05949,-0.298833
4,-0.163996,0.391926,-0.344082,-1.42707,1.57526,2.05949,-0.300576
4,-0.168379,0.392662,-0.339834,-1.42735,1.5731,2.05949,-0.302314
4,-0.172744,0.393408,-0.335608,-1.42762,1.57094,2.05949,-0.304048
4,-0.177093,0.394164,-0.331402,-1.42789,1.56878,2.05949,-0.305778
4,-0.181428,0.39493,-0.327215,-1.42815,1.56663,2.05949,-0.307503
4,-0.185745,0.395705,-0.323048,-1.4284,1.56448,2.05949,-0.309224
4,-0.190047,0.396491,-0.318901,-1.42865,1.56234,2.05949,-0.310941
4,-0.194328,0.397285,-0.314777,-1.42889,1.5602,2.05949,-0.312654
4,-0.198596,0.39809,-0.31067,-1.42912,1.55806,2.05949,-0.314362
4,-0.202847,0.398904,-0.306585,-1.42935,1.55593,2.05949,-0.316066
4,-0.207078,0.399727,-0.302523,-1.42958,1.55379,2.05949,-0.317767
4,-0.211293,0.400559,-0.29848,-1.42979,1.55167,2.05949,-0.319463
4,-0.215492,0.401402,-0.294458,-1.43,1.54954,2.05949,-0.321154
4,-0.219672,0.402252,-0.290458,-1.4302,1.54742,2.05949,-0.322842
4,-0.223836,0.403113,-0.286476,-1.4304,1.5453,2.05949,-0.324525
4,-0.227981,0.403983,-0.282518,-1.43059,1.54319,2.05949,-0.326204
4,-0.232109,0.404861,-0.27858,-1.43078,1.54108,2.05949,-0.327879
4,-0.236219,0.405748,-0.274663,-1.43095,1.53897,2.05949,-0.329549
4,-0.240313,0.406646,-0.270766,-1.43112,1.53687,2.05949,-0.331216
4,-0.244387,0.407551,-0.266892,-1.43129,1.53477,2.05949,-0.332878
4,-0.248446,0.408466,-0.263036,-1.43145,1.53267,2.05949,-0.334536
4,-0.252483,0.409388,-0.259206,-1.4316,1.53057,2.05949,-0.33619
4,-0.256507,0.410321,-0.255392,-1.43175,1.52848,2.05949,-0.337839
4,-0.260507,0.41126,-0.251605,-1.43189,1.52639,2.05949,-0.339485
4,-0.264493,0.412209,-0.247835,-1.43202,1.52431,2.05949,-0.341125
4,-0.268461,0.413167,-0.244087,-1.43215,1.52223,2.05949,-0.342762
4,-0.272411,0.414134,-0.240359,-1.43227,1.52015,2.05949,-0.344395
4,-0.276342,0.415108,-0.236654,-1.43239,1.51807,2.05949,-0.346023
4,-0.280255,0.416091,-0.232969,-1.43249,1.516,2.05949,-0.347647
4,-0.284149,0.417082,-0.229307,-1.4326,1.51393,2.05949,-0.349268
4,-0.288026,0.418081,-0.225666,-1.43269,1.51187,2.05949,-0.350883
4,-0.291885,0.419089,-0.222044,-1.43278,1.5098,2.05949,-0.352495
4,-0.295726,0.420105,-0.218444,-1.43286,1.50774,2.05949,-0.354102
4,-0.299547,0.421129,-0.214867,-1.43294,1.50569,2.05949,-0.355705
4,-0.303352,0.422161,-0.211308,-1.43301,1.50363,2.05949,-0.357304
4,-0.307138,0.423201,-0.207772,-1.43308,1.50158,2.05949,-0.358899
4,-0.310905,0.424248,-0.204257,-1.43313,1.49954,2.05949,-0.360489
4,-0.314655,0.425304,-0.200762,-1.43319,1.49749,2.05949,-0.362075
4,-0.318389,0.426369,-0.197286,-1.43323,1.49545,2.05949,-0.363657
4,-0.3221,0.427439,-0.193836,-1.43327,1.49341,2.05949,-0.365235
4,-0.325795,0.428518,-0.190404,-1.4333,1.49138,2.05949,-0.366808
4,-0.329473,0.429605,-0.186992,-1.43333,1.48934,2.05949,-0.368378
4,-0.333133,0.4307,-0.1836,-1.43335,1.48731,2.05949,-0.369942
4,-0.336773,0.431801,-0.180232,-1.43337,1.48529,2.05949,-0.371503
4,-0.340399,0.432912,-0.176879,-1.43337,1.48326,2.05949,-0.373059
4,-0.344002,0.434028,-0.173553,-1.43337,1.48124,2.05949,-0.374612
4,-0.347592,0.435153,-0.170242,-1.43337,1.47922,2.05949,-0.376159
4,-0.35116,0.436284,-0.166956,-1.43336,1.47721,2.05949,-0.377703
4,-0.354712,0.437423,-0.163688,-1.43334,1.4752,2.05949,-0.379242
4,-0.358245,0.438569,-0.160441,-1.43332,1.47319,2.05949,-0.380777
4,-0.361762,0.439723,-0.157212,-1.43329,1.47118,2.05949,-0.382308
4,-0.36526,0.440883,-0.154006,-1.43325,1.46918,2.05949,-0.383834
4,-0.36874,0.442051,-0.15082,-1.43321,1.46718,2.05949,-0.385357
4,-0.372203,0.443225,-0.147653,-1.43316,1.46518,2.05949,-0.386875
4,-0.375648,0.444407,-0.144506,-1.4331,1.46319,2.05949,-0.388388
4,-0.379077,0.445596,-0.141378,-1.43304,1.46119,2.05949,-0.389898
4,-0.382486,0.446791,-0.138272,-1.43297,1.45921,2.05949,-0.391403
5,1.94642,-0.708962,-1.98828,-1.43297,0.91506,1.59505,-0.199908
5,1.94642,-0.708962,-1.98828,-1.43297,0.91506,1.59505,-0.199908
5,1.94915,-0.710511,-1.98928,-1.43018,0.914248,1.59461,-0.198882
5,1.95187,-0.712059,-1.99027,-1.42737,0.913437,1.59418,-0.197855
5,1.95459,-0.713607,-1.99125,-1.42456,0.912625,1.59376,-0.196827
5,1.9573,-0.715154,-1.99224,-1.42174,0.911813,1.59335,-0.195797
5,1.96002,-0.716701,-1.99322,-1.41891,0.911002,1.59295,-0.194766
5,1.96273,-0.718248,-1.9942,-1.41608,0.910191,1.59255,-0.193733
5,1.96316,-0.717795,-1.99391,-1.41816,0.910593,1.59069,-0.195015
5,1.96361,-0.717348,-1.99363,-1.42023,0.910998,1.58882,-0.196294
5,1.96406,-0.716905,-1.99335,-1.4223,0.911403,1.58695,-0.19757
5,1.96452,-0.716467,-1.99307,-1.42436,0.91181,1.58508,-0.198845
5,1.96499,-0.716032,-1.99279,-1.42641,0.912218,1.58321,-0.200117
5,1.96546,-0.715602,-1.99251,-1.42845,0.912627,1.58134,-0.201387
5,1.96594,-0.715175,-1.99223,-1.43048,0.913037,1.57946,-0.202655
5,1.96643,-0.714753,-1.99195,-1.43251,0.913449,1.57759,-0.203921
5,1.96692,-0.714335,-1.99168,-1.43454,0.913861,1.57571,-0.205184
5,1.96742,-0.713921,-1.9914,-1.43655,0.914274,1.57384,-0.206446
5,1.96792,-0.713511,-1.99113,-1.43856,0.914689,1.57196,-0.207706
5,1.96843,-0.713105,-1.99085,-1.44056,0.915105,1.57008,-0.208963
5,1.96895,-0.712704,-1.99058,-1.44256,0.915522,1.5682,-0.210219
5,1.96948,-0.712306,-1.99031,-1.44455,0.91594,1.56632,-0.211472
5,1.97001,-0.711913,-1.99003,-1.44653,0.916359,1.56444,-0.212724
5,1.97054,-0.711524,-1.98976,-1.4485,0.916779,1.56256,-0.213974
5,1.97109,-0.711139,-1.98949,-1.45047,0.9172,1.56067,-0.215221
5,1.97164,-0.710759,-1.98922,-1.45244,0.917622,1.55879,-0.216467
5,1.97219,-0.710382,-1.98896,-1.45439,0.918046,1.5569,-0.217711
5,1.97275,-0.71001,-1.98869,-1.45634,0.91847,1.55502,-0.218953
5,1.97332,-0.709642,-1.98842,-1.45828,0.918895,1.55313,-0.220193
5,1.9739,-0.709278,-1.98816,-1.46022,0.919322,1.55124,-0.221431
5,1.97448,-0.708918,-1.98789,-1.46214,0.91975,1.54935,-0.222667
5,1.97507,-0.708563,-1.98763,-1.46407,0.920178,1.54746,-0.223901
5,1.97566,-0.708211,-1.98737,-1.46598,0.920608,1.54556,-0.225134
5,1.97626,-0.707864,-1.98711,-1.46789,0.921039,1.54367,-0.226364
5,1.97687,-0.707521,-1.98685,-1.46979,0.92147,1.54178,-0.227593
5,1.97749,-0.707183,-1.98659,-1.47169,0.921903,1.53988,-0.22882
5,1.97811,-0.706849,-1.98633,-1.47357,0.922337,1.53798,-0.230046
5,1.97873,-0.706518,-1.98607,-1.47546,0.922772,1.53608,-0.231269
5,1.97937,-0.706193,-1.98581,-1.47733,0.923207,1.53418,-0.232491
5,1.98,-0.705871,-1.98556,-1.4792,0.923644,1.53228,-0.233711
5,1.98065,-0.705554,-1.9853,-1.48106,0.924082,1.53038,-0.234929
5,1.9813,-0.705241,-1.98505,-1.48292,0.924521,1.52848,-0.236146
5,1.98196,-0.704932,-1.9848,-1.48477,0.924961,1.52657,-0.237361
5,1.98263,-0.704627,-1.98455,-1.48661,0.925401,1.52466,-0.238574
5,1.9833,-0.704327,-1.9843,-1.48845,0.925843,1.52276,-0.239785
5,1.98398,-0.704031,-1.98405,-1.49028,0.926286,1.52085,-0.240995
5,1.98466,-0.70374,-1.9838,-1.4921,0.92673,1.51894,-0.242203
5,1.98535,-0.703453,-1.98355,-1.49392,0.927174,1.51703,-0.24341
5,1.98605,-0.70317,-1.98331,-1.49573,0.92762,1.51511,-0.244615
5,1.98675,-0.702891,-1.98306,-1.49753,0.928067,1.5132,-0.245818
5,1.98746,-0.702617,-1.98282,-1.49933,0.928514,1.51129,-0.24702
5,1.98818,-0.702347,-1.98258,-1.50112,0.928963,1.50937,-0.24822
5,1.9889,-0.702081,-1.98234,-1.50291,0.929412,1.50745,-0.249419
5,1.98963,-0.701819,-1.9821,-1.50469,0.929862,1.50553,-0.250616
5,1.99036,-0.701563,-1.98186,-1.50646,0.930314,1.50361,-0.251812
5,1.9911,-0.70131,-1.98162,-1.50822,0.930766,1.50169,-0.253006
5,1.99185,-0.701062,-1.98139,-1.50998,0.931219,1.49977,-0.254199
5,1.99261,-0.700818,-1.98115,-1.51174,0.931673,1.49784,-0.25539
5,1.99337,-0.700578,-1.98092,-1.51348,0.932128,1.49592,-0.256579
5,1.99413,-0.700343,-1.98068,-1.51522,0.932584,1.49399,-0.257767
5,1.99491,-0.700112,-1.98045,-1.51695,0.933041,1.49206,-0.258954
5,1.99569,-0.699886,-1.98022,-1.51868,0.933499,1.49013,-0.260139
5,1.99647,-0.699664,-1.97999,-1.5204,0.933957,1.4882,-0.261323
5,1.99727,-0.699446,-1.97976,-1.52212,0.934417,1.48627,-0.262506
5,1.99806,-0.699233,-1.97954,-1.52383,0.934877,1.48434,-0.263687
5,1.99887,-0.699024,-1.97931,-1.52553,0.935339,1.4824,-0.264866
5,1.99968,-0.69882,-1.97909,-1.52722,0.935801,1.48047,-0.266045
5,2.0005,-0.69862,-1.97887,-1.52891,0.936264,1.47853,-0.267222
5,2.00132,-0.698424,-1.97864,-1.53059,0.936728,1.47659,-0.268397
5,2.00215,-0.698233,-1.97842,-1.53227,0.937193,1.47465,-0.269572
5,2.00299,-0.698046,-1.9782,-1.53394,0.937658,1.47271,-0.270745
5,2.00383,-0.697864,-1.97799,-1.53561,0.938125,1.47077,-0.271916
5,2.00468,-0.697686,-1.97777,-1.53726,0.938592,1.46882,-0.273087
5,2.00554,-0.697513,-1.97756,-1.53891,0.939061,1.46688,-0.274256
5,2.0064,-0.697344,-1.97734,-1.54056,0.93953,1.46493,-0.275424
5,2.00727,-0.69718,-1.97713,-1.5422,0.94,1.46298,-0.27659
5,2.00815,-0.69702,-1.97692,-1.54383,0.94047,1.46103,-0.277755
5,2.00903,-0.696864,-1.97671,-1.54546,0.940942,1.45908,-0.27892
5,2.00992,-0.696713,-1.9765,-1.54708,0.941414,1.45713,-0.280083
5,2.01081,-0.696567,-1.97629,-1.54869,0.941888,1.45517,-0.281244
5,2.01171,-0.696425,-1.97609,-1.5503,0.942362,1.45322,-0.282405
5,2.01262,-0.696287,-1.97588,-1.5519,0.942837,1.45126,-0.283564
5,2.01353,-0.696154,-1.97568,-1.55349,0.943312,1.4493,-0.284723
5,2.01445,-0.696026,-1.97548,-1.55508,0.943789,1.44734,-0.28588
5,2.01537,-0.695902,-1.97528,-1.55666,0.944266,1.44538,-0.287036
5,2.01631,-0.695783,-1.97508,-1.55824,0.944745,1.44342,-0.28819
5,2.01724,-0.695668,-1.97488,-1.55981,0.945224,1.44146,-0.289344
5,2.01819,-0.695557,-1.97469,-1.56137,0.945703,1.43949,-0.290497
5,2.01914,-0.695452,-1.97449,-1.56293,0.946184,1.43752,-0.291648
5,2.0201,-0.69535,-1.9743,-1.56448,0.946665,1.43556,-0.292799
5,2.02106,-0.695253,-1.97411,-1.56603,0.947148,1.43359,-0.293948
5,2.02203,-0.695161,-1.97392,-1.56757,0.947631,1.43162,-0.295097
5,2.02301,-0.695074,-1.97373,-1.5691,0.948114,1.42964,-0.296244
5,2.02399,-0.694991,-1.97354,-1.57063,0.948599,1.42767,-0.297391
5,2.02498,-0.694912,-1.97336,-1.57215,0.949084,1.4257,-0.298536
5,2.02597,-0.694838,-1.97317,-1.57366,0.94957,1.42372,-0.29968
5,2.02697,-0.694769,-1.97299,-1.57517,0.950057,1.42174,-0.300824
5,2.02798,-0.694704,-1.97281,-1.57667,0.950545,1.41976,-0.301966
5,2.02899,-0.694644,-1.97263,-1.57817,0.951033,1.41778,-0.303108
5,2.03001,-0.694588,-1.97245,-1.57966,0.951522,1.4158,-0.304248
5,2.03104,-0.694537,-1.97227,-1.58114,0.952012,1.41382,-0.305388
5,2.03207,-0.694491,-1.9721,-1.58262,0.952503,1.41183,-0.306527
5,2.03311,-0.694449,-1.97193,-1.58409,0.952994,1.40985,-0.307665
5,2.03415,-0.694412,-1.97175,-1.58555,0.953486,1.40786,-0.308802
5,2.0352,-0.69438,-1.97158,-1.58701,0.953979,1.40587,-0.309938
5,2.03626,-0.694352,-1.97141,-1.58846,0.954473,1.40388,-0.311073
5,2.03733,-0.694328,-1.97125,-1.58991,0.954967,1.40189,-0.312207
5,2.03839,-0.69431,-1.97108,-1.59135,0.955462,1.39989,-0.313341
5,2.03947,-0.694296,-1.97092,-1.59278,0.955958,1.3979,-0.314474
5,2.04055,-0.694286,-1.97075,-1.59421,0.956454,1.3959,-0.315606
5,2.04164,-0.694282,-1.97059,-1.59563,0.956952,1.39391,-0.316737
5,2.04273,-0.694282,-1.97043,-1.59705,0.95745,1.39191,-0.317867
5,2.04383,-0.694286,-1.97027,-1.59846,0.957948,1.38991,-0.318997
5,2.04494,-0.694296,-1.97012,-1.59986,0.958448,1.38791,-0.320126
5,2.04605,-0.694309,-1.96996,-1.60126,0.958948,1.3859,-0.321254
5,2.04717,-0.694328,-1.96981,-1.60265,0.959449,1.3839,-0.322381
5,2.0483,-0.694351,-1.96966,-1.60403,0.95995,1.3819,-0.323508
5,2.04943,-0.694379,-1.96951,-1.60541,0.960453,1.37989,-0.324634
5,2.05057,-0.694412,-1.96936,-1.60678,0.960956,1.37788,-0.325759
5,2.05171,-0.694449,-1.96921,-1.60815,0.961459,1.37587,-0.326883
5,2.05286,-0.694491,-1.96907,-1.60951,0.961964,1.37386,-0.328007
5,2.05402,-0.694538,-1.96892,-1.61086,0.962469,1.37185,-0.329131
5,2.05518,-0.694589,-1.96878,-1.61221,0.962975,1.36983,-0.330253
5,2.05634,-0.694645,-1.96864,-1.61355,0.963481,1.36782,-0.331375
5,2.05752,-0.694706,-1.9685,-1.61489,0.963988,1.3658,-0.332496
5,2.0587,-0.694772,-1.96836,-1.61622,0.964496,1.36379,-0.333617
5,2.05988,-0.694842,-1.96823,-1.61754,0.965005,1.36177,-0.334737
5,2.06108,-0.694917,-1.96809,-1.61886,0.965514,1.35975,-0.335857
5,2.06228,-0.694997,-1.96796,-1.62017,0.966024,1.35773,-0.336976
5,2.06348,-0.695081,-1.96783,-1.62148,0.966534,1.3557,-0.338094
5,2.06469,-0.69517,-1.9677,-1.62278,0.967045,1.35368,-0.339212
5,2.06591,-0.695264,-1.96757,-1.62407,0.967557,1.35165,-0.34033
5,2.06713,-0.695362,-1.96745,-1.62535,0.96807,1.34963,-0.341447
5,2.06836,-0.695466,-1.96732,-1.62664,0.968583,1.3476,-0.342563
5,2.06959,-0.695574,-1.9672,-1.62791,0.969097,1.34557,-0.343679
5,2.07083,-0.695687,-1.96708,-1.62918,0.969612,1.34354,-0.344794
5,2.07208,-0.695804,-1.96696,-1.63044,0.970127,1.34151,-0.345909
5,2.07333,-0.695926,-1.96685,-1.6317,0.970643,1.33947,-0.347024
5,2.07459,-0.696054,-1.96673,-1.63295,0.971159,1.33744,-0.348138
5,2.07585,-0.696185,-1.96662,-1.63419,0.971677,1.3354,-0.349251
5,2.07712,-0.696322,-1.9665,-1.63543,0.972194,1.33337,-0.350364
5,2.0784,-0.696463,-1.96639,-1.63666,0.972713,1.33133,-0.351477
5,2.07968,-0.696609,-1.96628,-1.63789,0.973232,1.32929,-0.35259
5,2.08097,-0.69676,-1.96618,-1.63911,0.973752,1.32725,-0.353702
5,2.08226,-0.696916,-1.96607,-1.64032,0.974272,1.32521,-0.354813
5,2.08356,-0.697076,-1.96597,-1.64153,0.974793,1.32316,-0.355924
5,2.08487,-0.697242,-1.96587,-1.64273,0.975315,1.32112,-0.357035
5,2.08618,-0.697411,-1.96577,-1.64392,0.975838,1.31907,-0.358146
5,2.0875,-0.697586,-1.96567,-1.64511,0.976361,1.31703,-0.359256
5,2.08882,-0.697766,-1.96557,-1.64629,0.976884,1.31498,-0.360366
5,2.09015,-0.69795,-1.96548,-1.64747,0.977409,1.31293,-0.361476
5,2.09148,-0.698139,-1.96538,-1.64864,0.977933,1.31088,-0.362585
5,2.09282,-0.698333,-1.96529,-1.64981,0.978459,1.30883,-0.363695
5,2.09417,-0.698532,-1.9652,-1.65096,0.978985,1.30678,-0.364803
5,2.09552,-0.698735,-1.96511,-1.65212,0.979512,1.30472,-0.365912
5,2.09688,-0.698944,-1.96503,-1.65326,0.98004,1.30267,-0.36702
5,2.09824,-0.699157,-1.96494,-1.6544,0.980568,1.30061,-0.368129
5,2.09961,-0.699375,-1.96486,-1.65554,0.981096,1.29855,-0.369237
5,2.10099,-0.699597,-1.96478,-1.65667,0.981626,1.29649,-0.370344
5,2.10237,-0.699825,-1.9647,-1.65779,0.982156,1.29444,-0.371452
5,2.10375,-0.700057,-1.96462,-1.6589,0.982686,1.29237,-0.372559
5,2.10515,-0.700294,-1.96454,-1.66001,0.983217,1.29031,-0.373667
5,2.10654,-0.700536,-1.96447,-1.66112,0.983749,1.28825,-0.374774
5,2.10795,-0.700783,-1.9644,-1.66221,0.984282,1.28619,-0.375881
5,2.10936,-0.701034,-1.96432,-1.6633,0.984815,1.28412,-0.376988
5,2.11077,-0.701291,-1.96425,-1.66439,0.985348,1.28206,-0.378094
5,2.11219,-0.701552,-1.96419,-1.66547,0.985883,1.27999,-0.379201
5,2.11362,-0.701818,-1.96412,-1.66654,0.986417,1.27792,-0.380308
5,2.11505,-0.702088,-1.96406,-1.66761,0.986953,1.27585,-0.381414
5,2.11649,-0.702364,-1.96399,-1.66867,0.987489,1.27378,-0.382521
5,2.11793,-0.702644,-1.96393,-1.66972,0.988026,1.27171,-0.383627
5,2.11938,-0.70293,-1.96388,-1.67077,0.988563,1.26964,-0.384733
5,2.12083,-0.70322,-1.96382,-1.67181,0.989101,1.26757,-0.38584
5,2.12229,-0.703515,-1.96376,-1.67285,0.98964,1.26549,-0.386946
5,2.12376,-0.703814,-1.96371,-1.67388,0.990179,1.26342,-0.388052
5,2.12523,-0.704119,-1.96366,-1.6749,0.990718,1.26134,-0.389159
5,2.1267,-0.704428,-1.96361,-1.67592,0.991259,1.25926,-0.390265
5,2.12819,-0.704742,-1.96356,-1.67693,0.9918,1.25719,-0.391371
5,2.12967,-0.705061,-1.96351,-1.67794,0.992341,1.25511,-0.392478
5,2.13116,-0.705385,-1.96347,-1.67894,0.992883,1.25303,-0.393584
5,2.13266,-0.705714,-1.96342,-1.67993,0.993426,1.25095,-0.394691
5,2.13417,-0.706047,-1.96338,-1.68092,0.993969,1.24887,-0.395797
5,2.13567,-0.706385,-1.96334,-1.6819,0.994513,1.24678,-0.396904
5,2.13719,-0.706728,-1.9633,-1.68288,0.995058,1.2447,-0.398011
5,2.13871,-0.707076,-1.96327,-1.68384,0.995603,1.24262,-0.399117
5,2.14023,-0.707429,-1.96323,-1.68481,0.996149,1.24053,-0.400224
5,2.14176,-0.707787,-1.9632,-1.68576,0.996695,1.23845,-0.401332
5,2.1433,-0.708149,-1.96317,-1.68671,0.997242,1.23636,-0.402439
5,2.14484,-0.708516,-1.96314,-1.68766,0.99779,1.23427,-0.403546
5,2.14638,-0.708888,-1.96311,-1.6886,0.998338,1.23218,-0.404654
6,2.14885,-0.705048,-1.96868,-1.68859,-2.13877,-1.23569,2.73456
6,2.14885,-0.705048,-1.96868,-1.68859,-2.13877,-1.23569,2.73456
6,2.15093,-0.706323,-1.9698,-1.68617,-2.13967,-1.23561,2.73548
6,2.153,-0.707596,-1.97091,-1.68373,-2.14057,-1.23553,2.73641
6,2.15506,-0.708869,-1.97202,-1.6813,-2.14146,-1.23546,2.73734
6,2.15713,-0.710141,-1.97312,-1.67886,-2.14236,-1.2354,2.73827
6,2.15865,-0.710596,-1.97314,-1.67984,-2.14187,-1.23332,2.73707
6,2.16019,-0.711059,-1.97317,-1.68081,-2.14138,-1.23125,2.73587
6,2.16173,-0.711527,-1.97319,-1.68178,-2.14089,-1.22917,2.73467
6,2.16327,-0.712,-1.97322,-1.68274,-2.1404,-1.2271,2.73347
6,2.16482,-0.712478,-1.97325,-1.68369,-2.13991,-1.22502,2.73227
6,2.16638,-0.712961,-1.97328,-1.68464,-2.13942,-1.22294,2.73107
6,2.16794,-0.713448,-1.97331,-1.68558,-2.13893,-1.22086,2.72987
6,2.1695,-0.713941,-1.97335,-1.68651,-2.13843,-1.21878,2.72867
6,2.17107,-0.714438,-1.97338,-1.68744,-2.13794,-1.2167,2.72747
6,2.17264,-0.714941,-1.97342,-1.68836,-2.13745,-1.21462,2.72627
6,2.17422,-0.715448,-1.97346,-1.68928,-2.13695,-1.21254,2.72506
6,2.1758,-0.715961,-1.9735,-1.69019,-2.13645,-1.21045,2.72386
6,2.17739,-0.716478,-1.97354,-1.69109,-2.13596,-1.20837,2.72266
6,2.17899,-0.717,-1.97358,-1.69199,-2.13546,-1.20629,2.72146
6,2.18058,-0.717527,-1.97363,-1.69288,-2.13496,-1.2042,2.72025
6,2.18219,-0.718059,-1.97368,-1.69376,-2.13446,-1.20212,2.71905
6,2.18379,-0.718596,-1.97372,-1.69464,-2.13396,-1.20003,2.71784
6,2.18541,-0.719138,-1.97377,-1.69552,-2.13346,-1.19795,2.71664
6,2.18702,-0.719685,-1.97382,-1.69638,-2.13296,-1.19586,2.71544
6,2.18865,-0.720236,-1.97388,-1.69724,-2.13246,-1.19378,2.71423
6,2.19027,-0.720793,-1.97393,-1.6981,-2.13196,-1.19169,2.71302
6,2.1919,-0.721354,-1.97399,-1.69895,-2.13145,-1.1896,2.71182
6,2.19354,-0.72192,-1.97404,-1.69979,-2.13095,-1.18751,2.71061
6,2.19518,-0.722492,-1.9741,-1.70062,-2.13045,-1.18543,2.70941
6,2.19682,-0.723068,-1.97416,-1.70145,-2.12994,-1.18334,2.7082
6,2.19847,-0.723649,-1.97422,-1.70228,-2.12943,-1.18125,2.70699
6,2.20013,-0.724235,-1.97429,-1.70309,-2.12893,-1.17916,2.70578
6,2.20178,-0.724825,-1.97435,-1.7039,-2.12842,-1.17707,2.70457
6,2.20345,-0.725421,-1.97442,-1.70471,-2.12791,-1.17498,2.70336
6,2.20511,-0.726022,-1.97449,-1.70551,-2.1274,-1.17289,2.70216
6,2.20678,-0.726627,-1.97455,-1.7063,-2.12689,-1.1708,2.70094
6,2.20846,-0.727237,-1.97462,-1.70708,-2.12638,-1.16871,2.69973
6,2.21014,-0.727852,-1.9747,-1.70786,-2.12587,-1.16662,2.69852
6,2.21182,-0.728472,-1.97477,-1.70864,-2.12536,-1.16453,2.69731
6,2.21351,-0.729097,-1.97484,-1.7094,-2.12485,-1.16244,2.6961
6,2.21521,-0.729727,-1.97492,-1.71017,-2.12433,-1.16035,2.69489
6,2.2169,-0.730361,-1.975,-1.71092,-2.12382,-1.15825,2.69367
6,2.21861,-0.731,-1.97508,-1.71167,-2.12331,-1.15616,2.69246
6,2.22031,-0.731644,-1.97516,-1.71241,-2.12279,-1.15407,2.69124
6,2.22202,-0.732293,-1.97524,-1.71315,-2.12227,-1.15198,2.69003
6,2.22374,-0.732947,-1.97532,-1.71388,-2.12176,-1.14989,2.68881
6,2.22545,-0.733606,-1.9754,-1.7146,-2.12124,-1.14779,2.6876
6,2.22718,-0.734269,-1.97549,-1.71532,-2.12072,-1.1457,2.68638
6,2.2289,-0.734938,-1.97558,-1.71603,-2.1202,-1.14361,2.68516
6,2.23063,-0.735611,-1.97567,-1.71674,-2.11968,-1.14152,2.68394
6,2.23237,-0.736288,-1.97576,-1.71744,-2.11916,-1.13943,2.68272
6,2.23411,-0.736971,-1.97585,-1.71813,-2.11864,-1.13733,2.6815
6,2.23585,-0.737658,-1.97594,-1.71882,-2.11812,-1.13524,2.68028
6,2.2376,-0.738351,-1.97603,-1.7195,-2.1176,-1.13315,2.67906
6,2.23935,-0.739048,-1.97613,-1.72017,-2.11707,-1.13106,2.67784
6,2.2411,-0.739749,-1.97622,-1.72084,-2.11655,-1.12897,2.67662
6,2.24286,-0.740456,-1.97632,-1.7215,-2.11603,-1.12687,2.6754
6,2.24462,-0.741167,-1.97642,-1.72215,-2.1155,-1.12478,2.67417
6,2.24639,-0.741883,-1.97652,-1.7228,-2.11497,-1.12269,2.67295
6,2.24816,-0.742604,-1.97662,-1.72345,-2.11445,-1.1206,2.67172
6,2.24993,-0.743329,-1.97672,-1.72408,-2.11392,-1.11851,2.6705
6,2.25171,-0.74406,-1.97682,-1.72471,-2.11339,-1.11642,2.66927
6,2.25349,-0.744795,-1.97693,-1.72534,-2.11286,-1.11433,2.66804
6,2.25528,-0.745534,-1.97703,-1.72596,-2.11233,-1.11223,2.66681
6,2.25707,-0.746279,-1.97714,-1.72657,-2.1118,-1.11014,2.66558
6,2.25886,-0.747028,-1.97725,-1.72717,-2.11127,-1.10805,2.66435
6,2.26066,-0.747782,-1.97736,-1.72777,-2.11074,-1.10596,2.66312
6,2.26246,-0.74854,-1.97747,-1.72837,-2.1102,-1.10387,2.66189
6,2.26426,-0.749303,-1.97758,-1.72895,-2.10967,-1.10179,2.66066
6,2.26607,-0.750071,-1.97769,-1.72953,-2.10914,-1.0997,2.65943
6,2.26788,-0.750844,-1.97781,-1.73011,-2.1086,-1.09761,2.65819
6,2.26969,-0.751621,-1.97792,-1.73067,-2.10807,-1.09552,2.65696
6,2.27151,-0.752403,-1.97804,-1.73124,-2.10753,-1.09343,2.65572
6,2.27333,-0.75319,-1.97816,-1.73179,-2.10699,-1.09135,2.65449
6,2.27516,-0.753981,-1.97827,-1.73234,-2.10645,-1.08926,2.65325
6,2.27698,-0.754777,-1.97839,-1.73288,-2.10592,-1.08717,2.65201
6,2.27882,-0.755577,-1.97851,-1.73342,-2.10538,-1.08509,2.65077
6,2.28065,-0.756382,-1.97864,-1.73395,-2.10484,-1.083,2.64953
6,2.28249,-0.757192,-1.97876,-1.73447,-2.1043,-1.08092,2.64829
6,2.28433,-0.758006,-1.97888,-1.73499,-2.10375,-1.07883,2.64705
6,2.28618,-0.758825,-1.97901,-1.7355,-2.10321,-1.07675,2.64581
6,2.28802,-0.759649,-1.97913,-1.73601,-2.10267,-1.07467,2.64456
6,2.28988,-0.760477,-1.97926,-1.73651,-2.10213,-1.07258,2.64332
6,2.29173,-0.76131,-1.97938,-1.737,-2.10158,-1.0705,2.64207
6,2.29359,-0.762147,-1.97951,-1.73749,-2.10104,-1.06842,2.64083
6,2.29545,-0.762989,-1.97964,-1.73797,-2.10049,-1.06634,2.63958
6,2.29731,-0.763836,-1.97977,-1.73844,-2.09994,-1.06426,2.63833
6,2.29918,-0.764687,-1.9799,-1.73891,-2.0994,-1.06218,2.63708
6,2.30105,-0.765542,-1.98004,-1.73937,-2.09885,-1.0601,2.63583
6,2.30292,-0.766402,-1.98017,-1.73983,-2.0983,-1.05802,2.63458
6,2.3048,-0.767267,-1.9803,-1.74027,-2.09775,-1.05595,2.63333
6,2.30668,-0.768136,-1.98044,-1.74072,-2.0972,-1.05387,2.63207
6,2.30856,-0.76901,-1.98057,-1.74115,-2.09665,-1.0518,2.63082
6,2.31045,-0.769888,-1.98071,-1.74158,-2.0961,-1.04972,2.62957
6,2.31233,-0.77077,-1.98085,-1.74201,-2.09554,-1.04765,2.62831
6,2.31423,-0.771657,-1.98098,-1.74242,-2.09499,-1.04558,2.62705
6,2.31612,-0.772549,-1.98112,-1.74283,-2.09444,-1.0435,2.62579
6,2.31802,-0.773445,-1.98126,-1.74324,-2.09388,-1.04143,2.62454
6,2.31992,-0.774346,-1.9814,-1.74364,-2.09333,-1.03936,2.62328
6,2.32182,-0.775251,-1.98154,-1.74403,-2.09277,-1.03729,2.62202
6,2.32372,-0.77616,-1.98169,-1.74442,-2.09222,-1.03523,2.62075
6,2.32563,-0.777074,-1.98183,-1.7448,-2.09166,-1.03316,2.61949
6,2.32754,-0.777992,-1.98197,-1.74517,-2.0911,-1.03109,2.61823
6,2.32946,-0.778915,-1.98212,-1.74554,-2.09054,-1.02903,2.61696
6,2.33137,-0.779842,-1.98226,-1.7459,-2.08998,-1.02696,2.6157
6,2.33329,-0.780773,-1.98241,-1.74625,-2.08942,-1.0249,2.61443
6,2.33521,-0.781709,-1.98255,-1.7466,-2.08886,-1.02284,2.61316
6,2.33714,-0.782649,-1.9827,-1.74694,-2.0883,-1.02078,2.61189
6,2.33906,-0.783594,-1.98285,-1.74728,-2.08774,-1.01872,2.61062
6,2.34099,-0.784543,-1.983,-1.7476,-2.08717,-1.01666,2.60935
6,2.34292,-0.785496,-1.98315,-1.74793,-2.08661,-1.0146,2.60808
6,2.34486,-0.786454,-1.9833,-1.74824,-2.08605,-1.01255,2.6068
6,2.34679,-0.787416,-1.98345,-1.74855,-2.08548,-1.01049,2.60553
6,2.34873,-0.788382,-1.9836,-1.74886,-2.08492,-1.00844,2.60425
6,2.35067,-0.789352,-1.98375,-1.74916,-2.08435,-1.00639,2.60298
6,2.35262,-0.790327,-1.9839,-1.74945,-2.08378,-1.00433,2.6017
6,2.35456,-0.791306,-1.98405,-1.74973,-2.08321,-1.00228,2.60042
7,-0.727417,1.80254,-1.03915,1.74973,-0.774958,-0.829979,-2.3826
7,-0.727417,1.80254,-1.03915,1.74973,-0.774958,-0.829979,-2.3826
7,-0.728606,1.80261,-1.03948,1.75222,-0.775283,-0.828837,-2.38137
7,-0.729795,1.80268,-1.03981,1.7547,-0.775607,-0.827697,-2.38014
7,-0.730982,1.80275,-1.04014,1.75717,-0.775932,-0.826557,-2.37892
7,-0.732507,1.80309,-1.03924,1.75711,-0.775022,-0.828442,-2.37925
7,-0.734026,1.80342,-1.03834,1.75703,-0.774111,-0.83033,-2.37958
7,-0.735543,1.80375,-1.03743,1.75695,-0.773199,-0.832219,-2.37991
7,-0.737057,1.80408,-1.03653,1.75686,-0.772287,-0.83411,-2.38024
7,-0.738568,1.80441,-1.03563,1.75676,-0.771374,-0.836003,-2.38057
7,-0.740076,1.80474,-1.03473,1.75666,-0.770461,-0.837897,-2.3809
7,-0.741582,1.80506,-1.03382,1.75655,-0.769548,-0.839793,-2.38123
7,-0.743084,1.80538,-1.03292,1.75644,-0.768633,-0.84169,-2.38156
7,-0.744583,1.8057,-1.03202,1.75632,-0.767719,-0.843589,-2.38189
7,-0.746079,1.80602,-1.03112,1.75619,-0.766804,-0.84549,-2.38222
7,-0.747573,1.80634,-1.03022,1.75606,-0.765888,-0.847392,-2.38255
7,-0.749063,1.80666,-1.02932,1.75592,-0.764972,-0.849295,-2.38288
7,-0.75055,1.80697,-1.02841,1.75577,-0.764056,-0.8512,-2.38321
7,-0.752035,1.80728,-1.02751,1.75562,-0.763139,-0.853107,-2.38354
7,-0.753516,1.80759,-1.02661,1.75546,-0.762222,-0.855015,-2.38387
7,-0.754994,1.8079,-1.02571,1.7553,-0.761304,-0.856924,-2.3842
7,-0.75647,1.80821,-1.02481,1.75513,-0.760386,-0.858835,-2.38453
7,-0.757942,1.80851,-1.02391,1.75495,-0.759468,-0.860747,-2.38486
7,-0.759412,1.80881,-1.02301,1.75477,-0.758549,-0.862661,-2.38519
7,-0.760878,1.80911,-1.02211,1.75458,-0.75763,-0.864576,-2.38552
7,-0.762342,1.80941,-1.02122,1.75438,-0.75671,-0.866493,-2.38585
7,-0.763802,1.80971,-1.02032,1.75418,-0.755791,-0.868411,-2.38618
7,-0.765259,1.81,-1.01942,1.75397,-0.754871,-0.87033,-2.3865
7,-0.766714,1.8103,-1.01852,1.75375,-0.75395,-0.872251,-2.38683
7,-0.768165,1.81059,-1.01762,1.75353,-0.75303,-0.874173,-2.38716
7,-0.769613,1.81088,-1.01673,1.75331,-0.752109,-0.876096,-2.38749
7,-0.771059,1.81116,-1.01583,1.75307,-0.751188,-0.878021,-2.38781
7,-0.772501,1.81145,-1.01493,1.75283,-0.750266,-0.879947,-2.38814
7,-0.77394,1.81173,-1.01404,1.75259,-0.749345,-0.881875,-2.38847
7,-0.775376,1.81201,-1.01314,1.75234,-0.748423,-0.883804,-2.3888
7,-0.776809,1.81229,-1.01224,1.75208,-0.747501,-0.885734,-2.38912
7,-0.778239,1.81257,-1.01135,1.75181,-0.746578,-0.887665,-2.38945
7,-0.779666,1.81285,-1.01045,1.75154,-0.745656,-0.889598,-2.38977
7,-0.78109,1.81312,-1.00956,1.75126,-0.744733,-0.891532,-2.3901
7,-0.782511,1.81339,-1.00867,1.75098,-0.74381,-0.893467,-2.39043
7,-0.783929,1.81366,-1.00777,1.75069,-0.742887,-0.895403,-2.39075
7,-0.785343,1.81393,-1.00688,1.75039,-0.741964,-0.897341,-2.39108
7,-0.786755,1.81419,-1.00599,1.75009,-0.741041,-0.89928,-2.3914
7,-0.788164,1.81445,-1.0051,1.74978,-0.740118,-0.90122,-2.39173
7,-0.789569,1.81472,-1.0042,1.74947,-0.739194,-0.903162,-2.39205
7,-0.790971,1.81497,-1.00331,1.74915,-0.738271,-0.905104,-2.39238
7,-0.792371,1.81523,-1.00242,1.74882,-0.737347,-0.907048,-2.3927
7,-0.793767,1.81549,-1.00153,1.74849,-0.736423,-0.908993,-2.39302
7,-0.79516,1.81574,-1.00064,1.74815,-0.735499,-0.910939,-2.39335
7,-0.79655,1.81599,-0.999752,1.7478,-0.734576,-0.912887,-2.39367
7,-0.797937,1.81624,-0.998863,1.74745,-0.733652,-0.914835,-2.394
7,-0.799321,1.81648,-0.997975,1.74709,-0.732728,-0.916785,-2.39432
7,-0.800701,1.81673,-0.997087,1.74672,-0.731804,-0.918736,-2.39464
7,-0.802079,1.81697,-0.9962,1.74635,-0.73088,-0.920688,-2.39496
7,-0.803453,1.81721,-0.995313,1.74598,-0.729956,-0.922641,-2.39529
7,-0.804824,1.81745,-0.994426,1.74559,-0.729032,-0.924595,-2.39561
7,-0.806193,1.81768,-0.993541,1.7452,-0.728108,-0.92655,-2.39593
7,-0.807558,1.81791,-0.992656,1.74481,-0.727185,-0.928507,-2.39625
7,-0.80892,1.81814,-0.991771,1.7444,-0.726261,-0.930464,-2.39657
7,-0.810278,1.81837,-0.990887,1.744,-0.725337,-0.932423,-2.39689
7,-0.811634,1.8186,-0.990003,1.74358,-0.724414,-0.934382,-2.39722
7,-0.812986,1.81882,-0.989121,1.74316,-0.72349,-0.936343,-2.39754
7,-0.814336,1.81905,-0.988238,1.74273,-0.722567,-0.938304,-2.39786
7,-0.815682,1.81927,-0.987357,1.7423,-0.721643,-0.940267,-2.39818
7,-0.817025,1.81948,-0.986475,1.74186,-0.72072,-0.942231,-2.3985
7,-0.818365,1.8197,-0.985595,1.74141,-0.719797,-0.944196,-2.39882
7,-0.819701,1.81991,-0.984715,1.74096,-0.718874,-0.946162,-2.39914
7,-0.821035,1.82012,-0.983836,1.7405,-0.717952,-0.948128,-2.39946
7,-0.822365,1.82033,-0.982957,1.74004,-0.717029,-0.950096,-2.39977
7,-0.823692,1.82054,-0.982079,1.73957,-0.716107,-0.952065,-2.40009
7,-0.825016,1.82074,-0.981202,1.73909,-0.715184,-0.954035,-2.40041
7,-0.826337,1.82094,-0.980325,1.73861,-0.714262,-0.956006,-2.40073
7,-0.827655,1.82114,-0.979449,1.73812,-0.71334,-0.957977,-2.40105
7,-0.828969,1.82134,-0.978574,1.73762,-0.712419,-0.95995,-2.40136
7,-0.83028,1.82153,-0.977699,1.73712,-0.711497,-0.961923,-2.40168
7,-0.831588,1.82172,-0.976825,1.73661,-0.710576,-0.963898,-2.402
7,-0.832893,1.82191,-0.975952,1.7361,-0.709656,-0.965874,-2.40232
7,-0.834195,1.8221,-0.975079,1.73558,-0.708735,-0.96785,-2.40263
7,-0.835493,1.82229,-0.974207,1.73505,-0.707815,-0.969827,-2.40295
7,-0.836789,1.82247,-0.973336,1.73452,-0.706895,-0.971805,-2.40327
7,-0.838081,1.82265,-0.972465,1.73398,-0.705975,-0.973785,-2.40358
7,-0.83937,1.82283,-0.971595,1.73343,-0.705055,-0.975765,-2.4039
7,-0.840655,1.823,-0.970726,1.73288,-0.704136,-0.977746,-2.40421
7,-0.841938,1.82318,-0.969858,1.73233,-0.703217,-0.979727,-2.40453
7,-0.843217,1.82335,-0.96899,1.73176,-0.702299,-0.98171,-2.40484
7,-0.844493,1.82352,-0.968123,1.73119,-0.701381,-0.983693,-2.40516
7,-0.845766,1.82368,-0.967257,1.73061,-0.700463,-0.985678,-2.40547
7,-0.847035,1.82384,-0.966392,1.73003,-0.699546,-0.987663,-2.40578
7,-0.848302,1.82401,-0.965527,1.72944,-0.698629,-0.989649,-2.4061
7,-0.849565,1.82416,-0.964663,1.72885,-0.697712,-0.991636,-2.40641
7,-0.850825,1.82432,-0.9638,1.72825,-0.696796,-0.993624,-2.40672
7,-0.852081,1.82447,-0.962938,1.72764,-0.69588,-0.995612,-2.40704
7,-0.853335,1.82463,-0.962077,1.72703,-0.694965,-0.997602,-2.40735
7,-0.854585,1.82477,-0.961216,1.72641,-0.69405,-0.999592,-2.40766
7,-0.855832,1.82492,-0.960356,1.72578,-0.693135,-1.00158,-2.40797
7,-0.857075,1.82506,-0.959497,1.72515,-0.692221,-1.00357,-2.40829
7,-0.858316,1.82521,-0.958639,1.72451,-0.691307,-1.00557,-2.4086
7,-0.859553,1.82534,-0.957781,1.72387,-0.690394,-1.00756,-2.40891
7,-0.860787,1.82548,-0.956925,1.72322,-0.689481,-1.00955,-2.40922
7,-0.862018,1.82562,-0.956069,1.72256,-0.688569,-1.01155,-2.40953
7,-0.863245,1.82575,-0.955214,1.7219,-0.687658,-1.01354,-2.40984
7,-0.864469,1.82588,-0.95436,1.72123,-0.686746,-1.01554,-2.41015
7,-0.86569,1.826,-0.953507,1.72055,-0.685836,-1.01754,-2.41046
7,-0.866908,1.82613,-0.952654,1.71987,-0.684926,-1.01954,-2.41077
7,-0.868122,1.82625,-0.951803,1.71918,-0.684016,-1.02153,-2.41108
7,-0.869333,1.82637,-0.950952,1.71849,-0.683107,-1.02353,-2.41139
7,-0.870541,1.82648,-0.950102,1.71779,-0.682198,-1.02553,-2.4117
7,-0.871745,1.8266,-0.949254,1.71708,-0.68129,-1.02753,-2.41201
7,-0.872947,1.82671,-0.948406,1.71637,-0.680383,-1.02954,-2.41232
7,-0.874145,1.82681,-0.947559,1.71565,-0.679476,-1.03154,-2.41263
7,-0.875339,1.82692,-0.946712,1.71493,-0.67857,-1.03354,-2.41293
7,-0.876531,1.82702,-0.945867,1.7142,-0.677665,-1.03554,-2.41324
7,-0.877719,1.82712,-0.945023,1.71346,-0.67676,-1.03755,-2.41355
7,-0.878904,1.82722,-0.944179,1.71272,-0.675855,-1.03955,-2.41386
7,-0.880085,1.82732,-0.943337,1.71197,-0.674951,-1.04156,-2.41416
7,-0.881264,1.82741,-0.942495,1.71121,-0.674048,-1.04356,-2.41447
7,-0.882439,1.8275,-0.941655,1.71045,-0.673146,-1.04557,-2.41478
7,-0.88361,1.82759,-0.940815,1.70968,-0.672244,-1.04758,-2.41508
7,-0.884779,1.82767,-0.939976,1.70891,-0.671343,-1.04959,-2.41539
7,-0.885944,1.82776,-0.939138,1.70813,-0.670443,-1.0516,-2.4157
7,-0.887106,1.82784,-0.938301,1.70734,-0.669543,-1.05361,-2.416
7,-0.888264,1.82791,-0.937466,1.70655,-0.668644,-1.05562,-2.41631
7,-0.889419,1.82799,-0.936631,1.70575,-0.667746,-1.05763,-2.41661
7,-0.890571,1.82806,-0.935797,1.70495,-0.666848,-1.05964,-2.41692
7,-0.89172,1.82813,-0.934964,1.70414,-0.665951,-1.06165,-2.41722
7,-0.892865,1.8282,-0.934132,1.70332,-0.665055,-1.06366,-2.41753
7,-0.894007,1.82826,-0.933301,1.7025,-0.664159,-1.06567,-2.41783
7,-0.895146,1.82832,-0.932471,1.70167,-0.663265,-1.06769,-2.41813
7,-0.896281,1.82838,-0.931642,1.70083,-0.662371,-1.0697,-2.41844
7,-0.897413,1.82844,-0.930814,1.69999,-0.661478,-1.07172,-2.41874
7,-0.898542,1.82849,-0.929987,1.69914,-0.660585,-1.07373,-2.41904
7,-0.899667,1.82854,-0.929161,1.69829,-0.659694,-1.07575,-2.41935
7,-0.900789,1.82859,-0.928336,1.69743,-0.658803,-1.07777,-2.41965
7,-0.901908,1.82863,-0.927512,1.69656,-0.657913,-1.07978,-2.41995
7,-0.903024,1.82868,-0.926689,1.69569,-0.657023,-1.0818,-2.42026
7,-0.904136,1.82872,-0.925868,1.69481,-0.656135,-1.08382,-2.42056
7,-0.905245,1.82875,-0.925047,1.69393,-0.655247,-1.08584,-2.42086
7,-0.90635,1.82879,-0.924227,1.69304,-0.654361,-1.08786,-2.42116
7,-0.907452,1.82882,-0.923408,1.69214,-0.653475,-1.08988,-2.42146
7,-0.908551,1.82885,-0.922591,1.69124,-0.65259,-1.0919,-2.42176
7,-0.909647,1.82887,-0.921774,1.69033,-0.651705,-1.09392,-2.42206
7,-0.910739,1.8289,-0.920959,1.68942,-0.650822,-1.09594,-2.42237
7,-0.911828,1.82892,-0.920144,1.6885,-0.64994,-1.09796,-2.42267
7,-0.912913,1.82894,-0.919331,1.68757,-0.649058,-1.09999,-2.42297
7,-0.913995,1.82895,-0.918519,1.68664,-0.648177,-1.10201,-2.42327
7,-0.915074,1.82896,-0.917708,1.6857,-0.647297,-1.10403,-2.42357
7,-0.916149,1.82897,-0.916897,1.68475,-0.646418,-1.10606,-2.42387
7,-0.917222,1.82898,-0.916088,1.6838,-0.64554,-1.10808,-2.42417
7,-0.91829,1.82898,-0.915281,1.68284,-0.644663,-1.11011,-2.42447
7,-0.919356,1.82899,-0.914474,1.68188,-0.643787,-1.11213,-2.42477
7,-0.920418,1.82898,-0.913668,1.68091,-0.642912,-1.11416,-2.42506
7,-0.921477,1.82898,-0.912864,1.67993,-0.642038,-1.11619,-2.42536
7,-0.922532,1.82897,-0.91206,1.67895,-0.641164,-1.11822,-2.42566
7,-0.923584,1.82896,-0.911258,1.67796,-0.640292,-1.12024,-2.42596
7,-0.924633,1.82895,-0.910457,1.67697,-0.639421,-1.12227,-2.42626
7,-0.925678,1.82894,-0.909657,1.67597,-0.63855,-1.1243,-2.42656
7,-0.92672,1.82892,-0.908858,1.67496,-0.637681,-1.12633,-2.42685
8,0.253867,0.556083,-0.708427,-1.67496,-1.47448,-2.05949,2.51227
8,0.253867,0.556083,-0.708427,-1.67496,-1.47448,-2.05949,2.51227
8,0.253867,0.556083,-0.708427,-1.67496,-1.47448,-2.05949,2.51227
8,0.253867,0.556083,-0.708427,-1.67496,-1.47448,-2.05949,2.51227
