1,-0.0767362,0.66203,-0.17504,-0.774192,1.70842,1.76254,0.127553
1,-0.0766556,0.661894,-0.174933,-0.774461,1.70844,1.76274,0.127833
1,-0.0761882,0.65844,-0.175277,-0.780092,1.70779,1.76325,0.125663
1,-0.0757256,0.655014,-0.175617,-0.785662,1.70714,1.76375,0.123525
1,-0.0752664,0.651606,-0.175956,-0.791192,1.70648,1.76424,0.121408
1,-0.0748107,0.648215,-0.176291,-0.796684,1.70583,1.76473,0.119312
1,-0.0743582,0.644841,-0.176625,-0.802137,1.70518,1.76521,0.117235
1,-0.073909,0.641483,-0.176956,-0.807553,1.70453,1.76569,0.115178
1,-0.0734631,0.638142,-0.177285,-0.812933,1.70388,1.76617,0.113141
1,-0.0730203,0.634817,-0.177612,-0.818278,1.70322,1.76664,0.111122
1,-0.0725807,0.631508,-0.177936,-0.823587,1.70257,1.7671,0.109122
1,-0.0721442,0.628213,-0.178259,-0.828861,1.70192,1.76756,0.10714
1,-0.0717108,0.624934,-0.178579,-0.834102,1.70127,1.76802,0.105177
1,-0.0712803,0.621669,-0.178897,-0.83931,1.70062,1.76847,0.103231
1,-0.0708529,0.618419,-0.179212,-0.844486,1.69997,1.76891,0.101302
1,-0.0704284,0.615182,-0.179526,-0.849629,1.69932,1.76936,0.0993911
1,-0.0700069,0.611959,-0.179838,-0.854742,1.69867,1.7698,0.0974966
1,-0.0695882,0.60875,-0.180147,-0.859823,1.69802,1.77023,0.0956187
1,-0.0691724,0.605554,-0.180455,-0.864874,1.69737,1.77066,0.0937572
1,-0.0687595,0.602371,-0.18076,-0.869895,1.69672,1.77108,0.0919119
1,-0.0683493,0.5992,-0.181064,-0.874888,1.69608,1.77151,0.0900823
1,-0.0679419,0.596042,-0.181366,-0.879851,1.69543,1.77192,0.0882684
1,-0.0675372,0.592896,-0.181665,-0.884786,1.69478,1.77234,0.0864699
1,-0.0671353,0.589762,-0.181963,-0.889693,1.69413,1.77275,0.0846866
1,-0.066736,0.586639,-0.182259,-0.894573,1.69348,1.77315,0.0829183
1,-0.0663394,0.583528,-0.182553,-0.899426,1.69283,1.77355,0.0811647
1,-0.0659454,0.580429,-0.182845,-0.904253,1.69218,1.77395,0.0794257
1,-0.0655541,0.57734,-0.183135,-0.909053,1.69154,1.77435,0.077701
1,-0.0651654,0.574262,-0.183423,-0.913828,1.69089,1.77474,0.0759906
1,-0.0647792,0.571195,-0.18371,-0.918577,1.69024,1.77512,0.0742941
1,-0.0643956,0.568138,-0.183994,-0.923301,1.68959,1.77551,0.0726114
1,-0.0640145,0.565092,-0.184277,-0.928001,1.68894,1.77588,0.0709424
1,-0.063636,0.562056,-0.184559,-0.932677,1.6883,1.77626,0.0692868
1,-0.0632599,0.559029,-0.184838,-0.937329,1.68765,1.77663,0.0676445
1,-0.0628863,0.556012,-0.185116,-0.941957,1.687,1.777,0.0660153
1,-0.0625152,0.553005,-0.185391,-0.946563,1.68635,1.77737,0.0643992
1,-0.0621465,0.550007,-0.185666,-0.951145,1.68571,1.77773,0.0627958
1,-0.0617802,0.547019,-0.185938,-0.955705,1.68506,1.77809,0.0612051
1,-0.0614164,0.544039,-0.186209,-0.960243,1.68441,1.77844,0.059627
1,-0.0610549,0.541069,-0.186478,-0.964759,1.68376,1.7788,0.0580612
1,-0.0606958,0.538107,-0.186745,-0.969253,1.68312,1.77914,0.0565077
1,-0.0603391,0.535153,-0.187011,-0.973726,1.68247,1.77949,0.0549663
1,-0.0599848,0.532209,-0.187275,-0.978178,1.68182,1.77983,0.0534369
1,-0.0596327,0.529272,-0.187538,-0.982609,1.68118,1.78017,0.0519193
1,-0.059283,0.526344,-0.187799,-0.98702,1.68053,1.78051,0.0504134
1,-0.0589356,0.523423,-0.188058,-0.99141,1.67988,1.78084,0.0489192
1,-0.0585905,0.520511,-0.188316,-0.995781,1.67923,1.78117,0.0474364
1,-0.0582477,0.517606,-0.188572,-1.00013,1.67859,1.7815,0.0459651
1,-0.0579072,0.514709,-0.188826,-1.00446,1.67794,1.78182,0.0445049
1,-0.0575689,0.51182,-0.189079,-1.00878,1.67729,1.78214,0.0430559
1,-0.0572329,0.508937,-0.189331,-1.01307,1.67665,1.78246,0.041618
1,-0.0568991,0.506062,-0.18958,-1.01734,1.676,1.78277,0.040191
1,-0.0565676,0.503195,-0.189829,-1.0216,1.67535,1.78308,0.0387748
1,-0.0562383,0.500334,-0.190075,-1.02584,1.67471,1.78339,0.0373693
1,-0.0559111,0.49748,-0.190321,-1.03006,1.67406,1.7837,0.0359744
1,-0.0555862,0.494633,-0.190564,-1.03426,1.67341,1.784,0.0345901
1,-0.0552635,0.491793,-0.190806,-1.03844,1.67277,1.7843,0.0332162
1,-0.054943,0.488959,-0.191047,-1.04261,1.67212,1.7846,0.0318527
1,-0.0546246,0.486132,-0.191286,-1.04676,1.67147,1.78489,0.0304994
1,-0.0543084,0.483311,-0.191524,-1.05089,1.67083,1.78519,0.0291563
1,-0.0539944,0.480497,-0.19176,-1.05501,1.67018,1.78548,0.0278233
1,-0.0536825,0.477689,-0.191995,-1.0591,1.66954,1.78576,0.0265002
1,-0.0533728,0.474886,-0.192229,-1.06319,1.66889,1.78605,0.0251871
1,-0.0530652,0.47209,-0.19246,-1.06725,1.66824,1.78633,0.0238838
1,-0.0527597,0.4693,-0.192691,-1.0713,1.6676,1.78661,0.0225902
1,-0.0524564,0.466515,-0.19292,-1.07534,1.66695,1.78688,0.0213064
1,-0.0521552,0.463736,-0.193148,-1.07936,1.66631,1.78716,0.0200321
1,-0.0518561,0.460963,-0.193374,-1.08336,1.66566,1.78743,0.0187674
1,-0.0515591,0.458196,-0.193599,-1.08734,1.66501,1.78769,0.0175121
1,-0.0512642,0.455434,-0.193822,-1.09132,1.66437,1.78796,0.0162662
1,-0.0509713,0.452677,-0.194044,-1.09527,1.66372,1.78822,0.0150296
1,-0.0506806,0.449925,-0.194264,-1.09921,1.66308,1.78848,0.0138023
1,-0.050392,0.447179,-0.194484,-1.10314,1.66243,1.78874,0.0125841
1,-0.0501054,0.444438,-0.194702,-1.10705,1.66179,1.789,0.0113751
1,-0.0498209,0.441702,-0.194918,-1.11095,1.66114,1.78925,0.0101751
1,-0.0495385,0.438971,-0.195133,-1.11483,1.6605,1.7895,0.00898412
1,-0.0492581,0.436245,-0.195347,-1.1187,1.65985,1.78975,0.00780206
1,-0.0489798,0.433523,-0.195559,-1.12256,1.65921,1.79,0.00662887
1,-0.0487035,0.430807,-0.19577,-1.1264,1.65856,1.79024,0.00546449
1,-0.0484293,0.428095,-0.19598,-1.13023,1.65792,1.79048,0.00430886
1,-0.0481571,0.425388,-0.196188,-1.13404,1.65727,1.79072,0.00316194
1,-0.047887,0.422685,-0.196395,-1.13784,1.65663,1.79096,0.00202366
1,-0.0476189,0.419987,-0.196601,-1.14162,1.65599,1.79119,0.000893967
1,-0.0473529,0.417293,-0.196806,-1.1454,1.65534,1.79143,-0.000227186
1,-0.0470888,0.414603,-0.197009,-1.14916,1.6547,1.79166,-0.00133985
1,-0.0468268,0.411918,-0.19721,-1.1529,1.65406,1.79189,-0.00244408
1,-0.0465668,0.409237,-0.197411,-1.15664,1.65341,1.79211,-0.00353993
1,-0.0463089,0.40656,-0.19761,-1.16036,1.65277,1.79234,-0.00462744
1,-0.0460529,0.403887,-0.197808,-1.16407,1.65213,1.79256,-0.00570665
1,-0.045799,0.401219,-0.198005,-1.16776,1.65148,1.79278,-0.00677763
1,-0.0455471,0.398554,-0.1982,-1.17144,1.65084,1.79299,-0.0078404
1,-0.0452971,0.395893,-0.198394,-1.17511,1.6502,1.79321,-0.00889503
1,-0.0450492,0.393236,-0.198587,-1.17877,1.64956,1.79342,-0.00994154
1,-0.0448033,0.390583,-0.198779,-1.18242,1.64891,1.79363,-0.01098
1,-0.0445594,0.387933,-0.198969,-1.18605,1.64827,1.79384,-0.0120104
1,-0.0443174,0.385287,-0.199158,-1.18967,1.64763,1.79405,-0.0130329
1,-0.0440775,0.382645,-0.199346,-1.19328,1.64699,1.79426,-0.0140474
1,-0.0438396,0.380006,-0.199533,-1.19688,1.64635,1.79446,-0.0150539
1,-0.0436036,0.377371,-0.199718,-1.20047,1.64571,1.79466,-0.0160527
1,-0.0433697,0.37474,-0.199902,-1.20404,1.64506,1.79486,-0.0170436
1,-0.0431377,0.372111,-0.200085,-1.20761,1.64442,1.79506,-0.0180267
1,-0.0429077,0.369487,-0.200267,-1.21116,1.64378,1.79525,-0.0190021
1,-0.0426797,0.366865,-0.200447,-1.2147,1.64314,1.79544,-0.0199697
1,-0.0424536,0.364247,-0.200627,-1.21823,1.6425,1.79564,-0.0209297
1,-0.0422296,0.361632,-0.200805,-1.22174,1.64186,1.79583,-0.021882
1,-0.0420075,0.35902,-0.200981,-1.22525,1.64122,1.79601,-0.0228267
1,-0.0417874,0.356411,-0.201157,-1.22875,1.64059,1.7962,-0.0237639
1,-0.0415693,0.353805,-0.201332,-1.23223,1.63995,1.79638,-0.0246934
1,-0.0413531,0.351202,-0.201505,-1.23571,1.63931,1.79657,-0.0256155
1,-0.0411389,0.348602,-0.201677,-1.23917,1.63867,1.79675,-0.0265301
1,-0.0409267,0.346006,-0.201848,-1.24262,1.63803,1.79692,-0.0274372
1,-0.0407164,0.343412,-0.202018,-1.24606,1.63739,1.7971,-0.028337
1,-0.0405081,0.34082,-0.202187,-1.2495,1.63676,1.79728,-0.0292293
1,-0.0403018,0.338232,-0.202354,-1.25292,1.63612,1.79745,-0.0301142
1,-0.0400974,0.335646,-0.202521,-1.25633,1.63548,1.79762,-0.0309918
1,-0.039895,0.333063,-0.202686,-1.25973,1.63485,1.79779,-0.0318621
2,-0.039895,0.333063,-0.202686,-1.25973,1.63485,1.79779,-0.0318621
2,-0.0384408,0.33264,-0.202267,-1.26145,1.63435,1.79605,-0.03322
2,-0.0369894,0.332224,-0.201845,-1.26316,1.63387,1.79431,-0.0345733
2,-0.0355402,0.331814,-0.201421,-1.26486,1.63339,1.79256,-0.0359236
2,-0.0340932,0.33141,-0.200996,-1.26655,1.63292,1.79081,-0.0372709
2,-0.0326482,0.331011,-0.200568,-1.26824,1.63246,1.78906,-0.0386153
2,-0.0312054,0.330618,-0.200138,-1.26992,1.632,1.78731,-0.0399567
2,-0.0297647,0.33023,-0.199706,-1.27159,1.63155,1.78556,-0.0412953
2,-0.0283261,0.329847,-0.199271,-1.27325,1.6311,1.78381,-0.0426309
2,-0.0268895,0.329471,-0.198835,-1.27491,1.63066,1.78206,-0.0439638
2,-0.025455,0.329099,-0.198397,-1.27656,1.63022,1.7803,-0.0452938
2,-0.0240226,0.328733,-0.197957,-1.2782,1.6298,1.77855,-0.046621
2,-0.0225922,0.328373,-0.197515,-1.27984,1.62937,1.77679,-0.0479454
2,-0.0211638,0.328018,-0.197071,-1.28146,1.62896,1.77503,-0.0492671
2,-0.0197375,0.327669,-0.196625,-1.28308,1.62854,1.77327,-0.0505861
2,-0.0183131,0.327324,-0.196178,-1.2847,1.62814,1.77151,-0.0519023
2,-0.0168908,0.326986,-0.195728,-1.2863,1.62774,1.76975,-0.0532159
2,-0.0154704,0.326653,-0.195277,-1.2879,1.62735,1.76799,-0.0545268
2,-0.014052,0.326325,-0.194823,-1.28949,1.62696,1.76623,-0.0558351
2,-0.0126355,0.326003,-0.194368,-1.29108,1.62658,1.76447,-0.0571408
2,-0.011221,0.325686,-0.193911,-1.29265,1.6262,1.7627,-0.0584438
2,-0.0098084,0.325375,-0.193452,-1.29422,1.62583,1.76093,-0.0597444
2,-0.00839773,0.325069,-0.192992,-1.29579,1.62547,1.75917,-0.0610423
2,-0.00698897,0.324769,-0.19253,-1.29734,1.62511,1.7574,-0.0623378
2,-0.00558211,0.324474,-0.192065,-1.29889,1.62475,1.75563,-0.0636307
2,-0.00417713,0.324184,-0.1916,-1.30043,1.62441,1.75386,-0.0649212
2,-0.00277403,0.3239,-0.191132,-1.30197,1.62407,1.75209,-0.0662093
2,-0.00137279,0.323621,-0.190663,-1.30349,1.62373,1.75032,-0.0674949
2,2.66035e-05,0.323348,-0.190192,-1.30501,1.6234,1.74855,-0.0687781
2,0.00142415,0.32308,-0.18972,-1.30653,1.62308,1.74678,-0.0700589
2,0.00281988,0.322818,-0.189246,-1.30803,1.62276,1.74501,-0.0713373
2,0.00421378,0.32256,-0.18877,-1.30953,1.62244,1.74323,-0.0726134
2,0.00560588,0.322309,-0.188293,-1.31102,1.62214,1.74146,-0.0738872
2,0.00699618,0.322062,-0.187814,-1.31251,1.62183,1.73968,-0.0751586
2,0.0083847,0.321821,-0.187333,-1.31399,1.62154,1.73791,-0.0764278
2,0.00977144,0.321586,-0.186851,-1.31546,1.62125,1.73613,-0.0776947
2,0.0111564,0.321356,-0.186368,-1.31692,1.62096,1.73436,-0.0789594
2,0.0125397,0.321131,-0.185883,-1.31838,1.62068,1.73258,-0.0802219
2,0.0139211,0.320911,-0.185396,-1.31983,1.62041,1.7308,-0.0814821
2,0.0153009,0.320697,-0.184908,-1.32127,1.62014,1.72902,-0.0827402
2,0.0166789,0.320489,-0.184418,-1.32271,1.61988,1.72724,-0.0839961
2,0.0180552,0.320285,-0.183927,-1.32414,1.61962,1.72546,-0.0852499
2,0.0194299,0.320087,-0.183435,-1.32556,1.61937,1.72368,-0.0865015
2,0.0208028,0.319895,-0.182941,-1.32698,1.61912,1.7219,-0.0877511
2,0.0221741,0.319707,-0.182445,-1.32838,1.61888,1.72012,-0.0889986
2,0.0235436,0.319525,-0.181948,-1.32979,1.61865,1.71834,-0.090244
2,0.0249116,0.319349,-0.18145,-1.33118,1.61842,1.71656,-0.0914874
2,0.0262778,0.319178,-0.180951,-1.33257,1.61819,1.71478,-0.0927287
2,0.0276425,0.319012,-0.18045,-1.33395,1.61797,1.713,-0.093968
2,0.0290055,0.318851,-0.179947,-1.33532,1.61776,1.71121,-0.0952054
2,0.0303669,0.318696,-0.179444,-1.33669,1.61755,1.70943,-0.0964408
2,0.0317266,0.318546,-0.178939,-1.33805,1.61735,1.70765,-0.0976742
2,0.0330848,0.318401,-0.178433,-1.33941,1.61715,1.70586,-0.0989057
2,0.0344414,0.318262,-0.177925,-1.34075,1.61696,1.70408,-0.100135
2,0.0357964,0.318128,-0.177416,-1.34209,1.61677,1.70229,-0.101363
2,0.0371498,0.317999,-0.176906,-1.34343,1.61659,1.70051,-0.102589
2,0.0385017,0.317876,-0.176395,-1.34475,1.61641,1.69873,-0.103813
2,0.039852,0.317758,-0.175883,-1.34607,1.61624,1.69694,-0.105035
2,0.0412007,0.317645,-0.175369,-1.34739,1.61607,1.69516,-0.106255
2,0.042548,0.317537,-0.174854,-1.34869,1.61591,1.69337,-0.107474
2,0.0438937,0.317435,-0.174338,-1.34999,1.61576,1.69159,-0.10869
2,0.0452378,0.317338,-0.17382,-1.35129,1.61561,1.6898,-0.109905
2,0.0465805,0.317246,-0.173302,-1.35257,1.61546,1.68802,-0.111118
2,0.0479217,0.31716,-0.172782,-1.35385,1.61532,1.68623,-0.11233
2,0.0492614,0.317079,-0.172261,-1.35513,1.61519,1.68444,-0.11354
2,0.0505996,0.317003,-0.171739,-1.35639,1.61506,1.68266,-0.114748
2,0.0519363,0.316932,-0.171216,-1.35765,1.61493,1.68087,-0.115954
2,0.0532716,0.316867,-0.170692,-1.3589,1.61481,1.67909,-0.117159
2,0.0546054,0.316807,-0.170167,-1.36015,1.6147,1.6773,-0.118362
2,0.0559378,0.316752,-0.169641,-1.36139,1.61459,1.67552,-0.119563
2,0.0572687,0.316702,-0.169113,-1.36262,1.61449,1.67373,-0.120763
2,0.0585982,0.316658,-0.168585,-1.36385,1.61439,1.67194,-0.121961
2,0.0599262,0.316619,-0.168055,-1.36507,1.61429,1.67016,-0.123157
2,0.0612529,0.316585,-0.167525,-1.36628,1.6142,1.66837,-0.124352
2,0.0625782,0.316557,-0.166993,-1.36749,1.61412,1.66659,-0.125546
2,0.063902,0.316533,-0.166461,-1.36869,1.61404,1.6648,-0.126737
2,0.0652245,0.316515,-0.165927,-1.36988,1.61397,1.66302,-0.127928
2,0.0665456,0.316502,-0.165393,-1.37107,1.6139,1.66123,-0.129116
2,0.0678653,0.316494,-0.164857,-1.37225,1.61383,1.65945,-0.130304
2,0.0691836,0.316492,-0.164321,-1.37342,1.61377,1.65766,-0.131489
2,0.0705006,0.316494,-0.163783,-1.37459,1.61372,1.65588,-0.132674
2,0.0718162,0.316502,-0.163245,-1.37575,1.61367,1.65409,-0.133857
3,0.0718162,0.316502,-0.163245,-1.37575,1.61367,1.65409,-0.133857
3,0.0718162,0.316502,-0.163245,-1.37575,1.61367,1.65409,-0.133857
3,0.071783,0.316822,-0.163238,-1.37533,1.61372,1.6541,-0.133756
4,0.071783,0.316822,-0.163238,-1.37533,1.61372,1.6541,-0.133756
4,0.0731826,0.316603,-0.162645,-1.37499,1.61378,1.65212,-0.133216
4,0.0745819,0.316392,-0.162052,-1.37465,1.61384,1.65013,-0.132674
4,0.0759808,0.316185,-0.161459,-1.37429,1.6139,1.64814,-0.132131
4,0.0773794,0.315983,-0.160866,-1.37394,1.61395,1.64615,-0.131587
4,0.0787776,0.315786,-0.160273,-1.37357,1.61401,1.64417,-0.131042
4,0.0801756,0.315594,-0.15968,-1.3732,1.61406,1.64218,-0.130496
4,0.0815732,0.315407,-0.159087,-1.37282,1.61411,1.64019,-0.12995
4,0.0829705,0.315225,-0.158494,-1.37244,1.61416,1.6382,-0.129402
4,0.0843674,0.315048,-0.157901,-1.37205,1.61421,1.63621,-0.128854
4,0.0857641,0.314875,-0.157308,-1.37165,1.61426,1.63423,-0.128304
4,0.0871604,0.314708,-0.156715,-1.37125,1.6143,1.63224,-0.127754
4,0.0885564,0.314545,-0.156122,-1.37084,1.61435,1.63025,-0.127203
4,0.0899521,0.314388,-0.15553,-1.37043,1.61439,1.62826,-0.126651
4,0.0913474,0.314235,-0.154937,-1.37001,1.61444,1.62628,-0.126097
4,0.0927425,0.314087,-0.154344,-1.36958,1.61448,1.62429,-0.125543
4,0.0941372,0.313945,-0.153752,-1.36915,1.61452,1.6223,-0.124988
4,0.0955317,0.313807,-0.153159,-1.36871,1.61456,1.62031,-0.124432
4,0.0969258,0.313674,-0.152567,-1.36826,1.6146,1.61833,-0.123875
4,0.0983196,0.313546,-0.151975,-1.36781,1.61464,1.61634,-0.123317
4,0.0997131,0.313423,-0.151383,-1.36735,1.61467,1.61435,-0.122758
4,0.101106,0.313305,-0.150791,-1.36688,1.61471,1.61237,-0.122197
4,0.102499,0.313192,-0.150199,-1.36641,1.61474,1.61038,-0.121636
4,0.103892,0.313084,-0.149608,-1.36594,1.61477,1.6084,-0.121074
4,0.105284,0.31298,-0.149016,-1.36545,1.6148,1.60641,-0.120511
4,0.106676,0.312882,-0.148425,-1.36496,1.61483,1.60442,-0.119947
4,0.108068,0.312789,-0.147834,-1.36447,1.61486,1.60244,-0.119382
4,0.109459,0.3127,-0.147244,-1.36396,1.61488,1.60045,-0.118816
4,0.11085,0.312617,-0.146653,-1.36346,1.61491,1.59847,-0.118249
4,0.112241,0.312539,-0.146063,-1.36294,1.61493,1.59649,-0.11768
4,0.113631,0.312465,-0.145473,-1.36242,1.61495,1.5945,-0.117111
4,0.115022,0.312397,-0.144883,-1.36189,1.61498,1.59252,-0.116541
4,0.116412,0.312333,-0.144294,-1.36136,1.61499,1.59053,-0.115969
4,0.117801,0.312275,-0.143705,-1.36082,1.61501,1.58855,-0.115397
4,0.119191,0.312221,-0.143116,-1.36027,1.61503,1.58657,-0.114823
4,0.12058,0.312172,-0.142527,-1.35972,1.61504,1.58459,-0.114249
4,0.121968,0.312129,-0.141939,-1.35916,1.61506,1.5826,-0.113673
4,0.123357,0.31209,-0.141351,-1.35859,1.61507,1.58062,-0.113096
4,0.124745,0.312056,-0.140764,-1.35802,1.61508,1.57864,-0.112518
4,0.126133,0.312028,-0.140176,-1.35744,1.61509,1.57666,-0.111939
4,0.127521,0.312004,-0.13959,-1.35686,1.6151,1.57468,-0.111359
4,0.128908,0.311985,-0.139003,-1.35627,1.6151,1.5727,-0.110778
4,0.130295,0.311972,-0.138417,-1.35567,1.61511,1.57072,-0.110195
4,0.131682,0.311963,-0.137831,-1.35507,1.61511,1.56874,-0.109612
4,0.133069,0.311959,-0.137246,-1.35446,1.61511,1.56676,-0.109027
4,0.134455,0.31196,-0.136661,-1.35384,1.61511,1.56478,-0.108441
4,0.135841,0.311966,-0.136077,-1.35322,1.61511,1.56281,-0.107854
4,0.137227,0.311978,-0.135493,-1.35259,1.6151,1.56083,-0.107266
4,0.138613,0.311994,-0.13491,-1.35196,1.6151,1.55885,-0.106677
4,0.139998,0.312015,-0.134327,-1.35131,1.61509,1.55688,-0.106086
4,0.141383,0.312041,-0.133744,-1.35067,1.61508,1.5549,-0.105494
4,0.142768,0.312072,-0.133162,-1.35001,1.61507,1.55292,-0.104902
4,0.144152,0.312109,-0.132581,-1.34935,1.61506,1.55095,-0.104307
4,0.145536,0.31215,-0.132,-1.34869,1.61505,1.54898,-0.103712
4,0.14692,0.312196,-0.131419,-1.34801,1.61503,1.547,-0.103116
4,0.148304,0.312247,-0.130839,-1.34733,1.61502,1.54503,-0.102518
5,0.148304,0.312247,-0.130839,-1.34733,1.61502,1.54503,-0.102518
5,0.148304,0.312247,-0.130839,-1.34733,1.61502,1.54503,-0.102518
5,0.147972,0.314754,-0.130866,-1.34407,1.61529,1.54528,-0.101744
6,0.147972,0.314754,-0.130866,-1.34407,1.61529,1.54528,-0.101744
6,0.14683,0.314798,-0.131331,-1.34554,1.61534,1.54694,-0.103227
6,0.145688,0.314851,-0.131797,-1.34699,1.61539,1.54859,-0.104708
6,0.144546,0.31491,-0.132264,-1.34844,1.61543,1.55025,-0.106188
6,0.143403,0.314973,-0.132732,-1.34988,1.61546,1.55191,-0.107667
6,0.142262,0.315043,-0.133201,-1.35131,1.6155,1.55357,-0.109144
6,0.14112,0.315118,-0.133671,-1.35274,1.61553,1.55523,-0.11062
6,0.139978,0.315198,-0.134141,-1.35416,1.61555,1.55689,-0.112095
6,0.138836,0.315284,-0.134612,-1.35558,1.61557,1.55855,-0.113568
6,0.137695,0.315375,-0.135084,-1.35698,1.61559,1.56021,-0.11504
6,0.136553,0.315472,-0.135557,-1.35838,1.6156,1.56187,-0.11651
6,0.135412,0.315574,-0.136031,-1.35977,1.61561,1.56354,-0.11798
6,0.13427,0.315682,-0.136505,-1.36116,1.61562,1.5652,-0.119448
6,0.133129,0.315795,-0.13698,-1.36254,1.61562,1.56686,-0.120915
6,0.131988,0.315914,-0.137456,-1.36391,1.61562,1.56852,-0.12238
6,0.130847,0.316038,-0.137933,-1.36528,1.61561,1.57019,-0.123845
6,0.129705,0.316168,-0.13841,-1.36664,1.6156,1.57185,-0.125308
6,0.128564,0.316303,-0.138888,-1.36799,1.61559,1.57352,-0.12677
6,0.127423,0.316443,-0.139367,-1.36934,1.61558,1.57518,-0.128231
6,0.126282,0.316589,-0.139846,-1.37068,1.61555,1.57685,-0.129691
6,0.125142,0.31674,-0.140326,-1.37201,1.61553,1.57851,-0.13115
6,0.124001,0.316897,-0.140807,-1.37333,1.6155,1.58018,-0.132607
6,0.12286,0.317059,-0.141289,-1.37465,1.61547,1.58185,-0.134064
6,0.121719,0.317227,-0.141771,-1.37596,1.61544,1.58351,-0.135519
6,0.120578,0.317399,-0.142254,-1.37727,1.6154,1.58518,-0.136973
6,0.119438,0.317578,-0.142737,-1.37857,1.61535,1.58685,-0.138426
6,0.118297,0.317762,-0.143221,-1.37986,1.61531,1.58851,-0.139878
6,0.117156,0.317951,-0.143706,-1.38115,1.61526,1.59018,-0.14133
6,0.116016,0.318145,-0.144191,-1.38242,1.6152,1.59185,-0.14278
6,0.114875,0.318345,-0.144677,-1.3837,1.61515,1.59352,-0.144229
6,0.113735,0.31855,-0.145163,-1.38496,1.61508,1.59519,-0.145677
6,0.112594,0.318761,-0.14565,-1.38622,1.61502,1.59685,-0.147124
6,0.111453,0.318977,-0.146138,-1.38747,1.61495,1.59852,-0.14857
6,0.110313,0.319198,-0.146626,-1.38872,1.61488,1.60019,-0.150015
6,0.109172,0.319425,-0.147115,-1.38996,1.6148,1.60186,-0.151459
6,0.108032,0.319657,-0.147604,-1.39119,1.61472,1.60353,-0.152903
6,0.106891,0.319894,-0.148094,-1.39242,1.61464,1.6052,-0.154345
6,0.105751,0.320137,-0.148584,-1.39364,1.61455,1.60687,-0.155786
6,0.10461,0.320385,-0.149075,-1.39485,1.61446,1.60854,-0.157227
6,0.10347,0.320639,-0.149567,-1.39605,1.61437,1.61021,-0.158667
6,0.102329,0.320897,-0.150059,-1.39725,1.61427,1.61188,-0.160105
6,0.101189,0.321161,-0.150551,-1.39845,1.61417,1.61355,-0.161543
6,0.100048,0.321431,-0.151044,-1.39963,1.61407,1.61522,-0.162981
6,0.0989074,0.321705,-0.151537,-1.40081,1.61396,1.61689,-0.164417
6,0.0977668,0.321985,-0.152031,-1.40199,1.61385,1.61856,-0.165852
6,0.0966261,0.322271,-0.152525,-1.40315,1.61373,1.62022,-0.167287
6,0.0954855,0.322561,-0.15302,-1.40431,1.61361,1.62189,-0.168721
6,0.0943448,0.322857,-0.153515,-1.40547,1.61349,1.62356,-0.170154
6,0.0932041,0.323158,-0.15401,-1.40661,1.61337,1.62523,-0.171586
6,0.0920634,0.323465,-0.154506,-1.40775,1.61324,1.6269,-0.173017
6,0.0909226,0.323777,-0.155003,-1.40889,1.61311,1.62857,-0.174448
6,0.0897818,0.324094,-0.155499,-1.41001,1.61297,1.63024,-0.175878
6,0.088641,0.324416,-0.155996,-1.41113,1.61283,1.63191,-0.177307
6,0.0875002,0.324743,-0.156494,-1.41225,1.61269,1.63358,-0.178736
6,0.0863593,0.325076,-0.156992,-1.41336,1.61254,1.63525,-0.180163
6,0.0852183,0.325414,-0.15749,-1.41446,1.61239,1.63692,-0.18159
6,0.0840773,0.325757,-0.157989,-1.41555,1.61224,1.63859,-0.183017
6,0.0829363,0.326106,-0.158488,-1.41664,1.61208,1.64025,-0.184442
6,0.0817952,0.32646,-0.158987,-1.41772,1.61192,1.64192,-0.185867
6,0.0806541,0.326819,-0.159486,-1.4188,1.61176,1.64359,-0.187292
6,0.0795129,0.327183,-0.159986,-1.41987,1.61159,1.64526,-0.188715
6,0.0783717,0.327552,-0.160487,-1.42093,1.61142,1.64693,-0.190138
6,0.0772304,0.327927,-0.160987,-1.42199,1.61125,1.64859,-0.191561
6,0.0760891,0.328307,-0.161488,-1.42304,1.61107,1.65026,-0.192983
6,0.0749477,0.328692,-0.161989,-1.42408,1.61089,1.65193,-0.194404
6,0.0738062,0.329082,-0.162491,-1.42512,1.61071,1.65359,-0.195824
6,0.0726647,0.329478,-0.162992,-1.42615,1.61052,1.65526,-0.197244
6,0.0715232,0.329878,-0.163494,-1.42717,1.61033,1.65693,-0.198663
6,0.0703815,0.330284,-0.163996,-1.42819,1.61014,1.65859,-0.200082
6,0.0692398,0.330695,-0.164499,-1.4292,1.60994,1.66026,-0.2015
6,0.0680981,0.331111,-0.165002,-1.4302,1.60974,1.66192,-0.202918
6,0.0669562,0.331533,-0.165504,-1.4312,1.60954,1.66359,-0.204335
6,0.0658143,0.331959,-0.166008,-1.43219,1.60933,1.66525,-0.205751
6,0.0646724,0.332391,-0.166511,-1.43318,1.60912,1.66691,-0.207167
6,0.0635303,0.332828,-0.167015,-1.43415,1.60891,1.66858,-0.208583
6,0.0623882,0.33327,-0.167518,-1.43513,1.60869,1.67024,-0.209998
6,0.061246,0.333717,-0.168022,-1.43609,1.60847,1.6719,-0.211412
6,0.0601038,0.334169,-0.168526,-1.43705,1.60825,1.67357,-0.212826
6,0.0589614,0.334626,-0.169031,-1.438,1.60802,1.67523,-0.214239
6,0.057819,0.335089,-0.169535,-1.43895,1.60779,1.67689,-0.215652
6,0.0566765,0.335557,-0.17004,-1.43989,1.60756,1.67855,-0.217065
6,0.0555339,0.336029,-0.170544,-1.44083,1.60733,1.68021,-0.218477
6,0.0543913,0.336507,-0.171049,-1.44175,1.60709,1.68187,-0.219888
6,0.0532485,0.33699,-0.171554,-1.44267,1.60685,1.68353,-0.221299
6,0.0521057,0.337478,-0.17206,-1.44359,1.6066,1.68519,-0.222709
6,0.0509628,0.337971,-0.172565,-1.4445,1.60635,1.68685,-0.22412
6,0.0498198,0.33847,-0.17307,-1.4454,1.6061,1.68851,-0.225529
6,0.0486767,0.338973,-0.173576,-1.44629,1.60585,1.69016,-0.226938
6,0.0475336,0.339481,-0.174081,-1.44718,1.60559,1.69182,-0.228347
6,0.0463903,0.339995,-0.174587,-1.44807,1.60533,1.69348,-0.229756
6,0.045247,0.340513,-0.175093,-1.44894,1.60507,1.69513,-0.231163
6,0.0441036,0.341037,-0.175599,-1.44981,1.6048,1.69679,-0.232571
6,0.04296,0.341566,-0.176104,-1.45068,1.60453,1.69844,-0.233978
6,0.0418164,0.342099,-0.17661,-1.45153,1.60426,1.70009,-0.235385
6,0.0406727,0.342638,-0.177116,-1.45238,1.60398,1.70175,-0.236791
6,0.0395289,0.343182,-0.177622,-1.45323,1.6037,1.7034,-0.238197
6,0.038385,0.343731,-0.178129,-1.45407,1.60342,1.70505,-0.239603
6,0.0372411,0.344285,-0.178635,-1.4549,1.60313,1.7067,-0.241008
6,0.036097,0.344843,-0.179141,-1.45572,1.60285,1.70835,-0.242413
6,0.0349528,0.345407,-0.179647,-1.45654,1.60255,1.71,-0.243817
6,0.0338086,0.345976,-0.180153,-1.45736,1.60226,1.71165,-0.245221
6,0.0326642,0.34655,-0.180659,-1.45816,1.60196,1.7133,-0.246625
6,0.0315197,0.347129,-0.181165,-1.45896,1.60166,1.71495,-0.248029
6,0.0303752,0.347713,-0.181671,-1.45976,1.60136,1.71659,-0.249432
6,0.0292305,0.348302,-0.182177,-1.46054,1.60105,1.71824,-0.250834
6,0.0280858,0.348895,-0.182683,-1.46132,1.60075,1.71989,-0.252237
6,0.0269409,0.349494,-0.183189,-1.4621,1.60043,1.72153,-0.253639
6,0.025796,0.350098,-0.183695,-1.46287,1.60012,1.72317,-0.255041
6,0.0246509,0.350707,-0.184201,-1.46363,1.5998,1.72482,-0.256442
6,0.0235058,0.35132,-0.184707,-1.46438,1.59948,1.72646,-0.257843
6,0.0223605,0.351939,-0.185213,-1.46513,1.59916,1.7281,-0.259244
6,0.0212152,0.352562,-0.185719,-1.46588,1.59883,1.72974,-0.260645
6,0.0200697,0.353191,-0.186224,-1.46661,1.5985,1.73138,-0.262045
6,0.0189242,0.353824,-0.18673,-1.46734,1.59817,1.73302,-0.263445
6,0.0177785,0.354463,-0.187235,-1.46807,1.59784,1.73466,-0.264845
6,0.0166328,0.355106,-0.18774,-1.46879,1.5975,1.73629,-0.266244
6,0.0154869,0.355754,-0.188246,-1.4695,1.59716,1.73793,-0.267643
6,0.014341,0.356407,-0.188751,-1.4702,1.59681,1.73956,-0.269042
6,0.0131949,0.357065,-0.189256,-1.4709,1.59647,1.7412,-0.270441
6,0.0120488,0.357728,-0.18976,-1.47159,1.59612,1.74283,-0.271839
6,0.0109025,0.358395,-0.190265,-1.47228,1.59577,1.74446,-0.273237
6,0.00975615,0.359068,-0.19077,-1.47296,1.59541,1.74609,-0.274635
6,0.00860969,0.359746,-0.191274,-1.47363,1.59506,1.74772,-0.276032
6,0.00746313,0.360428,-0.191778,-1.4743,1.5947,1.74935,-0.277429
6,0.00631646,0.361115,-0.192282,-1.47496,1.59433,1.75098,-0.278826
6,0.00516969,0.361807,-0.192786,-1.47562,1.59397,1.75261,-0.280223
6,0.00402282,0.362504,-0.19329,-1.47627,1.5936,1.75424,-0.281619
6,0.00287585,0.363205,-0.193793,-1.47691,1.59323,1.75586,-0.283016
6,0.00172878,0.363912,-0.194297,-1.47754,1.59285,1.75749,-0.284412
6,0.000581607,0.364623,-0.1948,-1.47817,1.59248,1.75911,-0.285807
6,-0.000565669,0.365339,-0.195303,-1.4788,1.5921,1.76073,-0.287203
6,-0.00171305,0.36606,-0.195805,-1.47941,1.59172,1.76235,-0.288598
6,-0.00286052,0.366786,-0.196308,-1.48002,1.59133,1.76397,-0.289993
6,-0.0040081,0.367517,-0.19681,-1.48063,1.59095,1.76559,-0.291388
6,-0.00515578,0.368252,-0.197312,-1.48123,1.59056,1.76721,-0.292782
6,-0.00630356,0.368992,-0.197814,-1.48182,1.59016,1.76882,-0.294177
6,-0.00745144,0.369737,-0.198315,-1.4824,1.58977,1.77044,-0.295571
6,-0.00859942,0.370486,-0.198817,-1.48298,1.58937,1.77205,-0.296965
6,-0.0097475,0.371241,-0.199318,-1.48356,1.58897,1.77367,-0.298358
6,-0.0108957,0.372,-0.199818,-1.48412,1.58857,1.77528,-0.299752
6,-0.012044,0.372764,-0.200319,-1.48468,1.58816,1.77689,-0.301145
6,-0.0131923,0.373532,-0.200819,-1.48524,1.58776,1.7785,-0.302538
6,-0.0143408,0.374306,-0.201319,-1.48578,1.58735,1.78011,-0.303931
6,-0.0154894,0.375084,-0.201819,-1.48633,1.58693,1.78171,-0.305323
6,-0.0166381,0.375867,-0.202318,-1.48686,1.58652,1.78332,-0.306716
6,-0.0177868,0.376654,-0.202817,-1.48739,1.5861,1.78492,-0.308108
6,-0.0189357,0.377446,-0.203316,-1.48791,1.58568,1.78653,-0.3095
6,-0.0200846,0.378243,-0.203814,-1.48843,1.58526,1.78813,-0.310891
6,-0.0212337,0.379044,-0.204312,-1.48894,1.58483,1.78973,-0.312283
6,-0.0223829,0.379851,-0.20481,-1.48944,1.5844,1.79133,-0.313674
6,-0.0235321,0.380662,-0.205307,-1.48994,1.58397,1.79293,-0.315065
6,-0.0246814,0.381477,-0.205804,-1.49043,1.58354,1.79452,-0.316456
6,-0.0258309,0.382297,-0.206301,-1.49092,1.5831,1.79612,-0.317846
6,-0.0269804,0.383122,-0.206797,-1.4914,1.58267,1.79771,-0.319237
6,-0.02813,0.383952,-0.207293,-1.49187,1.58223,1.79931,-0.320627
6,-0.0292797,0.384786,-0.207789,-1.49234,1.58178,1.8009,-0.322017
6,-0.0304295,0.385624,-0.208284,-1.4928,1.58134,1.80249,-0.323406
6,-0.0315794,0.386468,-0.208779,-1.49325,1.58089,1.80408,-0.324796
6,-0.0327294,0.387316,-0.209273,-1.4937,1.58044,1.80566,-0.326185
6,-0.0338795,0.388168,-0.209767,-1.49414,1.57999,1.80725,-0.327574
6,-0.0350297,0.389025,-0.210261,-1.49457,1.57954,1.80883,-0.328963
6,-0.0361799,0.389887,-0.210754,-1.495,1.57908,1.81042,-0.330352
6,-0.0373303,0.390753,-0.211247,-1.49542,1.57862,1.812,-0.33174
6,-0.0384807,0.391624,-0.211739,-1.49584,1.57816,1.81358,-0.333128
6,-0.0396312,0.392499,-0.212231,-1.49625,1.5777,1.81516,-0.334516
6,-0.0407818,0.393379,-0.212723,-1.49665,1.57723,1.81674,-0.335904
6,-0.0419325,0.394264,-0.213214,-1.49705,1.57676,1.81831,-0.337291
6,-0.0430833,0.395153,-0.213705,-1.49744,1.57629,1.81989,-0.338679
6,-0.0442341,0.396046,-0.214195,-1.49783,1.57582,1.82146,-0.340066
6,-0.0453851,0.396944,-0.214685,-1.49821,1.57535,1.82303,-0.341452
6,-0.0465361,0.397847,-0.215174,-1.49858,1.57487,1.8246,-0.342839
6,-0.0476872,0.398754,-0.215663,-1.49894,1.57439,1.82617,-0.344225
6,-0.0488384,0.399665,-0.216151,-1.4993,1.57391,1.82774,-0.345611
6,-0.0499896,0.400581,-0.216639,-1.49966,1.57342,1.8293,-0.346997
6,-0.051141,0.401502,-0.217127,-1.50001,1.57294,1.83087,-0.348383
6,-0.0522924,0.402427,-0.217614,-1.50035,1.57245,1.83243,-0.349768
6,-0.0534439,0.403356,-0.2181,-1.50068,1.57196,1.83399,-0.351153
6,-0.0545955,0.40429,-0.218586,-1.50101,1.57147,1.83555,-0.352538
6,-0.0557471,0.405228,-0.219072,-1.50133,1.57097,1.83711,-0.353922
6,-0.0568988,0.406171,-0.219557,-1.50165,1.57048,1.83866,-0.355307
6,-0.0580506,0.407118,-0.220041,-1.50196,1.56998,1.84022,-0.356691
6,-0.0592025,0.408069,-0.220525,-1.50226,1.56948,1.84177,-0.358074
6,-0.0603545,0.409025,-0.221008,-1.50256,1.56898,1.84332,-0.359458
6,-0.0615065,0.409986,-0.221491,-1.50285,1.56847,1.84487,-0.360841
6,-0.0626586,0.41095,-0.221974,-1.50313,1.56796,1.84642,-0.362224
6,-0.0638107,0.411919,-0.222455,-1.50341,1.56745,1.84796,-0.363607
6,-0.064963,0.412893,-0.222937,-1.50369,1.56694,1.84951,-0.364989
6,-0.0661153,0.413871,-0.223417,-1.50395,1.56643,1.85105,-0.366371
6,-0.0672676,0.414853,-0.223897,-1.50421,1.56592,1.85259,-0.367753
6,-0.0684201,0.415839,-0.224377,-1.50447,1.5654,1.85413,-0.369134
6,-0.0695726,0.41683,-0.224856,-1.50471,1.56488,1.85567,-0.370515
6,-0.0707251,0.417825,-0.225334,-1.50495,1.56436,1.8572,-0.371896
6,-0.0718778,0.418825,-0.225812,-1.50519,1.56384,1.85874,-0.373277
6,-0.0730304,0.419829,-0.226289,-1.50542,1.56331,1.86027,-0.374657
6,-0.0741832,0.420837,-0.226766,-1.50564,1.56279,1.8618,-0.376037
6,-0.075336,0.421849,-0.227242,-1.50586,1.56226,1.86333,-0.377417
6,-0.0764889,0.422866,-0.227718,-1.50607,1.56173,1.86486,-0.378796
6,-0.0776418,0.423887,-0.228192,-1.50627,1.56119,1.86638,-0.380175
6,-0.0787948,0.424912,-0.228667,-1.50647,1.56066,1.86791,-0.381554
7,-0.0787948,0.424912,-0.228667,-1.50647,1.56066,1.86791,-0.381554
7,-0.0787948,0.424912,-0.228667,-1.50647,1.56066,1.86791,-0.381554
7,-0.0788471,0.426203,-0.228508,-1.50462,1.5611,1.86778,-0.380944
8,-0.0788471,0.426203,-0.228508,-1.50462,1.5611,1.86778,-0.380944
8,-0.0798488,0.427267,-0.228933,-1.50506,1.56054,1.86911,-0.382594
8,-0.0808502,0.428337,-0.229358,-1.50548,1.55999,1.87044,-0.384242
8,-0.0818518,0.429413,-0.229782,-1.5059,1.55942,1.87177,-0.385891
8,-0.0828534,0.430492,-0.230206,-1.50631,1.55886,1.87309,-0.387539
8,-0.083855,0.431576,-0.230629,-1.50672,1.55829,1.87441,-0.389186
8,-0.0848568,0.432664,-0.231052,-1.50712,1.55773,1.87573,-0.390834
8,-0.0858586,0.433756,-0.231474,-1.50751,1.55716,1.87705,-0.392481
8,-0.0868604,0.434853,-0.231896,-1.5079,1.55659,1.87836,-0.394127
8,-0.0878624,0.435954,-0.232317,-1.50828,1.55601,1.87968,-0.395774
8,-0.0888643,0.437059,-0.232738,-1.50865,1.55544,1.88099,-0.397419
8,-0.0898664,0.438169,-0.233158,-1.50902,1.55486,1.8823,-0.399065
8,-0.0908685,0.439283,-0.233578,-1.50938,1.55428,1.88361,-0.40071
8,-0.0918707,0.440401,-0.233997,-1.50974,1.5537,1.88492,-0.402355
8,-0.0928729,0.441524,-0.234416,-1.51009,1.55311,1.88622,-0.403999
8,-0.0938752,0.44265,-0.234834,-1.51043,1.55253,1.88753,-0.405643
8,-0.0948776,0.443781,-0.235252,-1.51077,1.55194,1.88883,-0.407286
8,-0.09588,0.444916,-0.235669,-1.5111,1.55135,1.89013,-0.408929
8,-0.0968825,0.446056,-0.236085,-1.51142,1.55076,1.89142,-0.410572
8,-0.097885,0.4472,-0.236501,-1.51174,1.55017,1.89272,-0.412214
8,-0.0988876,0.448347,-0.236917,-1.51205,1.54957,1.89401,-0.413855
8,-0.0998903,0.449499,-0.237332,-1.51236,1.54897,1.89531,-0.415497
8,-0.100893,0.450656,-0.237747,-1.51266,1.54837,1.8966,-0.417137
8,-0.101896,0.451816,-0.238161,-1.51295,1.54777,1.89788,-0.418778
8,-0.102899,0.452981,-0.238574,-1.51324,1.54717,1.89917,-0.420418
8,-0.103902,0.454149,-0.238987,-1.51352,1.54657,1.90045,-0.422057
8,-0.104904,0.455322,-0.239399,-1.51379,1.54596,1.90174,-0.423696
8,-0.105907,0.456499,-0.239811,-1.51406,1.54535,1.90302,-0.425334
8,-0.106911,0.45768,-0.240222,-1.51432,1.54474,1.90429,-0.426972
8,-0.107914,0.458866,-0.240632,-1.51458,1.54413,1.90557,-0.428609
8,-0.108917,0.460055,-0.241042,-1.51483,1.54352,1.90684,-0.430246
8,-0.10992,0.461248,-0.241452,-1.51507,1.5429,1.90812,-0.431882
8,-0.110923,0.462446,-0.24186,-1.51531,1.54228,1.90939,-0.433518
8,-0.111927,0.463647,-0.242269,-1.51554,1.54166,1.91065,-0.435153
8,-0.11293,0.464853,-0.242676,-1.51576,1.54104,1.91192,-0.436788
8,-0.113933,0.466063,-0.243083,-1.51598,1.54042,1.91318,-0.438422
8,-0.114937,0.467277,-0.24349,-1.51619,1.5398,1.91445,-0.440055
8,-0.115941,0.468494,-0.243895,-1.5164,1.53917,1.91571,-0.441688
8,-0.116944,0.469716,-0.2443,-1.5166,1.53855,1.91696,-0.44332
8,-0.117948,0.470942,-0.244705,-1.51679,1.53792,1.91822,-0.444952
8,-0.118951,0.472172,-0.245109,-1.51698,1.53729,1.91947,-0.446583
8,-0.119955,0.473406,-0.245512,-1.51716,1.53666,1.92073,-0.448214
8,-0.120959,0.474643,-0.245915,-1.51734,1.53602,1.92198,-0.449843
8,-0.121963,0.475885,-0.246317,-1.5175,1.53539,1.92322,-0.451473
8,-0.122967,0.477131,-0.246718,-1.51767,1.53475,1.92447,-0.453101
8,-0.123971,0.478381,-0.247119,-1.51782,1.53411,1.92571,-0.454729
8,-0.124975,0.479634,-0.247519,-1.51797,1.53347,1.92695,-0.456356
8,-0.125979,0.480892,-0.247918,-1.51811,1.53283,1.92819,-0.457983
8,-0.126983,0.482153,-0.248317,-1.51825,1.53219,1.92943,-0.459608
8,-0.127987,0.483419,-0.248715,-1.51838,1.53154,1.93066,-0.461233
8,-0.128991,0.484688,-0.249113,-1.51851,1.5309,1.9319,-0.462858
8,-0.129995,0.485961,-0.249509,-1.51863,1.53025,1.93313,-0.464482
8,-0.131,0.487238,-0.249906,-1.51874,1.5296,1.93436,-0.466104
8,-0.132004,0.488519,-0.250301,-1.51884,1.52895,1.93558,-0.467727
8,-0.133008,0.489804,-0.250696,-1.51894,1.5283,1.93681,-0.469348
8,-0.134013,0.491092,-0.25109,-1.51904,1.52765,1.93803,-0.470969
8,-0.135017,0.492385,-0.251483,-1.51913,1.52699,1.93925,-0.472589
8,-0.136022,0.493681,-0.251876,-1.51921,1.52634,1.94046,-0.474208
8,-0.137026,0.494981,-0.252268,-1.51928,1.52568,1.94168,-0.475826
8,-0.138031,0.496285,-0.252659,-1.51935,1.52502,1.94289,-0.477443
8,-0.139036,0.497593,-0.25305,-1.51941,1.52436,1.9441,-0.47906
8,-0.14004,0.498904,-0.25344,-1.51947,1.5237,1.94531,-0.480676
8,-0.141045,0.500219,-0.253829,-1.51952,1.52304,1.94652,-0.482291
8,-0.14205,0.501538,-0.254217,-1.51956,1.52238,1.94772,-0.483905
8,-0.143055,0.502861,-0.254605,-1.5196,1.52171,1.94893,-0.485518
8,-0.14406,0.504188,-0.254992,-1.51963,1.52105,1.95013,-0.487131
8,-0.145064,0.505518,-0.255378,-1.51966,1.52038,1.95132,-0.488742
8,-0.146069,0.506852,-0.255764,-1.51967,1.51971,1.95252,-0.490353
8,-0.147074,0.508189,-0.256149,-1.51969,1.51904,1.95371,-0.491962
8,-0.148079,0.509531,-0.256533,-1.51969,1.51837,1.9549,-0.493571
8,-0.149085,0.510876,-0.256916,-1.51969,1.5177,1.95609,-0.495179
8,-0.15009,0.512224,-0.257299,-1.51969,1.51702,1.95728,-0.496786
8,-0.151095,0.513577,-0.25768,-1.51967,1.51635,1.95846,-0.498392
8,-0.1521,0.514932,-0.258062,-1.51966,1.51567,1.95964,-0.499997
8,-0.153105,0.516292,-0.258442,-1.51963,1.515,1.96082,-0.501601
8,-0.154111,0.517655,-0.258821,-1.5196,1.51432,1.962,-0.503203
8,-0.155116,0.519022,-0.2592,-1.51956,1.51364,1.96318,-0.504805
8,-0.156121,0.520393,-0.259578,-1.51952,1.51296,1.96435,-0.506406
8,-0.157127,0.521767,-0.259956,-1.51947,1.51228,1.96552,-0.508006
8,-0.158132,0.523144,-0.260332,-1.51941,1.5116,1.96669,-0.509605
8,-0.159138,0.524525,-0.260708,-1.51935,1.51092,1.96785,-0.511202
8,-0.160143,0.52591,-0.261083,-1.51928,1.51023,1.96902,-0.512799
8,-0.161149,0.527298,-0.261457,-1.51921,1.50955,1.97018,-0.514394
8,-0.162154,0.52869,-0.26183,-1.51913,1.50886,1.97134,-0.515989
8,-0.16316,0.530086,-0.262203,-1.51904,1.50817,1.97249,-0.517582
8,-0.164166,0.531484,-0.262575,-1.51894,1.50749,1.97365,-0.519174
8,-0.165172,0.532887,-0.262946,-1.51884,1.5068,1.9748,-0.520765
8,-0.166177,0.534293,-0.263316,-1.51874,1.50611,1.97595,-0.522355
8,-0.167183,0.535702,-0.263686,-1.51863,1.50542,1.9771,-0.523944
8,-0.168189,0.537115,-0.264054,-1.51851,1.50473,1.97824,-0.525531
8,-0.169195,0.538531,-0.264422,-1.51838,1.50403,1.97938,-0.527117
8,-0.170201,0.539951,-0.264789,-1.51825,1.50334,1.98052,-0.528702
8,-0.171207,0.541374,-0.265155,-1.51811,1.50265,1.98166,-0.530286
8,-0.172213,0.542801,-0.265521,-1.51797,1.50195,1.9828,-0.531868
8,-0.173219,0.544231,-0.265885,-1.51782,1.50126,1.98393,-0.53345
8,-0.174225,0.545664,-0.266249,-1.51767,1.50056,1.98506,-0.53503
8,-0.175231,0.547101,-0.266612,-1.5175,1.49986,1.98619,-0.536608
8,-0.176237,0.548541,-0.266974,-1.51733,1.49916,1.98732,-0.538186
8,-0.177244,0.549985,-0.267335,-1.51716,1.49847,1.98844,-0.539762
8,-0.17825,0.551432,-0.267695,-1.51698,1.49777,1.98956,-0.541336
8,-0.179256,0.552882,-0.268055,-1.51679,1.49707,1.99068,-0.54291
8,-0.180262,0.554335,-0.268413,-1.5166,1.49637,1.9918,-0.544482
8,-0.181269,0.555792,-0.268771,-1.5164,1.49566,1.99291,-0.546052
8,-0.182275,0.557253,-0.269128,-1.51619,1.49496,1.99402,-0.547621
8,-0.183282,0.558716,-0.269484,-1.51598,1.49426,1.99513,-0.549189
8,-0.184288,0.560183,-0.26984,-1.51576,1.49356,1.99624,-0.550755
8,-0.185295,0.561653,-0.270194,-1.51554,1.49285,1.99734,-0.55232
8,-0.186301,0.563127,-0.270548,-1.51531,1.49215,1.99844,-0.553884
8,-0.187308,0.564603,-0.2709,-1.51507,1.49144,1.99954,-0.555446
8,-0.188315,0.566083,-0.271252,-1.51483,1.49074,2.00064,-0.557006
8,-0.189321,0.567566,-0.271603,-1.51458,1.49003,2.00174,-0.558565
8,-0.190328,0.569053,-0.271953,-1.51432,1.48933,2.00283,-0.560122
8,-0.191335,0.570542,-0.272302,-1.51406,1.48862,2.00392,-0.561678
8,-0.192342,0.572035,-0.272651,-1.51379,1.48791,2.00501,-0.563232
8,-0.193349,0.573531,-0.272998,-1.51352,1.4872,2.00609,-0.564785
8,-0.194356,0.57503,-0.273345,-1.51324,1.48649,2.00718,-0.566336
8,-0.195363,0.576532,-0.27369,-1.51295,1.48579,2.00826,-0.567886
8,-0.19637,0.578038,-0.274035,-1.51266,1.48508,2.00933,-0.569434
8,-0.197377,0.579546,-0.274379,-1.51236,1.48437,2.01041,-0.57098
8,-0.198384,0.581058,-0.274722,-1.51205,1.48366,2.01148,-0.572525
8,-0.199391,0.582573,-0.275064,-1.51174,1.48295,2.01255,-0.574068
8,-0.200398,0.584091,-0.275405,-1.51142,1.48223,2.01362,-0.575609
8,-0.201405,0.585612,-0.275746,-1.5111,1.48152,2.01469,-0.577148
8,-0.202413,0.587136,-0.276085,-1.51077,1.48081,2.01575,-0.578686
8,-0.20342,0.588663,-0.276424,-1.51043,1.4801,2.01681,-0.580222
8,-0.204427,0.590194,-0.276761,-1.51009,1.47939,2.01787,-0.581757
8,-0.205435,0.591727,-0.277098,-1.50974,1.47868,2.01893,-0.583289
8,-0.206442,0.593264,-0.277434,-1.50938,1.47796,2.01998,-0.58482
8,-0.20745,0.594803,-0.277768,-1.50902,1.47725,2.02103,-0.586349
8,-0.208457,0.596346,-0.278102,-1.50865,1.47654,2.02208,-0.587876
8,-0.209465,0.597891,-0.278435,-1.50828,1.47582,2.02313,-0.589401
8,-0.210473,0.59944,-0.278767,-1.50789,1.47511,2.02417,-0.590925
8,-0.21148,0.600991,-0.279098,-1.50751,1.4744,2.02521,-0.592446
8,-0.212488,0.602546,-0.279429,-1.50711,1.47368,2.02625,-0.593966
8,-0.213496,0.604103,-0.279758,-1.50672,1.47297,2.02729,-0.595484
8,-0.214504,0.605663,-0.280086,-1.50631,1.47226,2.02832,-0.596999
8,-0.215512,0.607227,-0.280414,-1.5059,1.47154,2.02936,-0.598513
8,-0.21652,0.608793,-0.28074,-1.50548,1.47083,2.03039,-0.600025
8,-0.217528,0.610362,-0.281065,-1.50505,1.47011,2.03141,-0.601535
8,-0.218536,0.611934,-0.28139,-1.50462,1.4694,2.03244,-0.603043
8,-0.219544,0.613509,-0.281714,-1.50419,1.46868,2.03346,-0.604549
8,-0.220552,0.615087,-0.282036,-1.50374,1.46797,2.03448,-0.606053
8,-0.22156,0.616668,-0.282358,-1.50329,1.46726,2.0355,-0.607555
8,-0.222569,0.618252,-0.282679,-1.50284,1.46654,2.03651,-0.609054
8,-0.223577,0.619838,-0.282998,-1.50238,1.46583,2.03752,-0.610552
8,-0.224585,0.621428,-0.283317,-1.50191,1.46511,2.03853,-0.612048
8,-0.225594,0.62302,-0.283635,-1.50143,1.4644,2.03954,-0.613541
8,-0.226602,0.624615,-0.283952,-1.50095,1.46368,2.04055,-0.615032
8,-0.227611,0.626213,-0.284268,-1.50047,1.46297,2.04155,-0.616521
8,-0.22862,0.627814,-0.284583,-1.49997,1.46226,2.04255,-0.618008
8,-0.229628,0.629417,-0.284897,-1.49947,1.46154,2.04355,-0.619493
8,-0.230637,0.631023,-0.28521,-1.49897,1.46083,2.04454,-0.620976
8,-0.231646,0.632632,-0.285522,-1.49846,1.46012,2.04553,-0.622456
8,-0.232655,0.634244,-0.285833,-1.49794,1.4594,2.04652,-0.623934
8,-0.233664,0.635859,-0.286143,-1.49741,1.45869,2.04751,-0.62541
8,-0.234673,0.637476,-0.286452,-1.49688,1.45798,2.0485,-0.626883
8,-0.235682,0.639096,-0.286761,-1.49634,1.45726,2.04948,-0.628354
8,-0.236691,0.640719,-0.287068,-1.4958,1.45655,2.05046,-0.629823
8,-0.2377,0.642344,-0.287374,-1.49525,1.45584,2.05144,-0.63129
8,-0.238709,0.643972,-0.287679,-1.4947,1.45513,2.05242,-0.632754
9,-0.238709,0.643972,-0.287679,-1.4947,1.45513,2.05242,-0.632754
9,-0.238709,0.643972,-0.287679,-1.4947,1.45513,2.05242,-0.632754
9,-0.2387,0.645636,-0.287213,-1.49181,1.45627,2.05206,-0.631241
9,-0.238692,0.647303,-0.286747,-1.48892,1.45741,2.0517,-0.629724
9,-0.238686,0.648972,-0.286281,-1.48602,1.45854,2.05134,-0.628204
10,-0.238686,0.648972,-0.286281,-1.48602,1.45854,2.05134,-0.628204
10,-0.237303,0.648623,-0.285964,-1.4877,1.45864,2.04975,-0.629259
10,-0.23592,0.648281,-0.285642,-1.48937,1.45874,2.04816,-0.630309
10,-0.234539,0.647942,-0.285319,-1.49103,1.45885,2.04657,-0.631357
10,-0.233158,0.647608,-0.284993,-1.49268,1.45896,2.04498,-0.632401
10,-0.231779,0.647278,-0.284664,-1.49433,1.45908,2.04339,-0.633442
10,-0.2304,0.646953,-0.284334,-1.49597,1.4592,2.04179,-0.63448
10,-0.229022,0.646631,-0.284001,-1.49761,1.45933,2.0402,-0.635516
10,-0.227645,0.646314,-0.283665,-1.49924,1.45947,2.03861,-0.636549
10,-0.226269,0.646,-0.283328,-1.50086,1.45961,2.03701,-0.637578
10,-0.224894,0.645691,-0.282987,-1.50248,1.45976,2.03542,-0.638605
10,-0.22352,0.645386,-0.282645,-1.50409,1.45991,2.03382,-0.639629
10,-0.222146,0.645085,-0.2823,-1.5057,1.46007,2.03222,-0.640651
10,-0.220774,0.644788,-0.281954,-1.50729,1.46023,2.03063,-0.641669
10,-0.219402,0.644496,-0.281604,-1.50889,1.4604,2.02903,-0.642685
10,-0.218031,0.644207,-0.281253,-1.51047,1.46057,2.02743,-0.643699
10,-0.216661,0.643923,-0.280899,-1.51205,1.46075,2.02583,-0.644709
10,-0.215292,0.643643,-0.280543,-1.51362,1.46093,2.02423,-0.645717
10,-0.213924,0.643367,-0.280185,-1.51519,1.46112,2.02263,-0.646722
10,-0.212556,0.643095,-0.279824,-1.51675,1.46132,2.02103,-0.647725
10,-0.21119,0.642827,-0.279461,-1.5183,1.46152,2.01943,-0.648725
10,-0.209824,0.642564,-0.279096,-1.51985,1.46173,2.01783,-0.649722
10,-0.208459,0.642304,-0.278729,-1.52139,1.46194,2.01623,-0.650717
10,-0.207095,0.642049,-0.27836,-1.52292,1.46215,2.01463,-0.65171
10,-0.205731,0.641798,-0.277988,-1.52445,1.46238,2.01303,-0.652699
10,-0.204369,0.641551,-0.277615,-1.52598,1.4626,2.01143,-0.653687
10,-0.203007,0.641308,-0.277239,-1.52749,1.46283,2.00982,-0.654672
10,-0.201646,0.641069,-0.27686,-1.529,1.46307,2.00822,-0.655654
10,-0.200286,0.640834,-0.27648,-1.5305,1.46332,2.00662,-0.656634
10,-0.198927,0.640604,-0.276098,-1.532,1.46356,2.00501,-0.657612
10,-0.197568,0.640377,-0.275713,-1.53349,1.46382,2.00341,-0.658587
10,-0.19621,0.640155,-0.275326,-1.53497,1.46408,2.0018,-0.65956
10,-0.194853,0.639937,-0.274937,-1.53645,1.46434,2.0002,-0.660531
10,-0.193497,0.639723,-0.274546,-1.53792,1.46461,1.99859,-0.661499
10,-0.192142,0.639513,-0.274153,-1.53939,1.46488,1.99699,-0.662465
10,-0.190787,0.639307,-0.273758,-1.54085,1.46516,1.99538,-0.663429
10,-0.189433,0.639106,-0.27336,-1.5423,1.46544,1.99378,-0.66439
10,-0.18808,0.638908,-0.272961,-1.54375,1.46573,1.99217,-0.665349
10,-0.186727,0.638715,-0.272559,-1.54519,1.46603,1.99057,-0.666306
10,-0.185376,0.638526,-0.272156,-1.54662,1.46633,1.98896,-0.667261
10,-0.184025,0.638341,-0.27175,-1.54805,1.46663,1.98735,-0.668213
10,-0.182674,0.63816,-0.271342,-1.54947,1.46694,1.98575,-0.669164
10,-0.181325,0.637983,-0.270932,-1.55089,1.46726,1.98414,-0.670112
10,-0.179976,0.63781,-0.270521,-1.5523,1.46758,1.98253,-0.671058
10,-0.178628,0.637641,-0.270107,-1.5537,1.4679,1.98092,-0.672002
10,-0.177281,0.637477,-0.269691,-1.5551,1.46823,1.97932,-0.672944
10,-0.175934,0.637316,-0.269273,-1.55649,1.46856,1.97771,-0.673884
10,-0.174589,0.63716,-0.268852,-1.55787,1.4689,1.9761,-0.674821
10,-0.173243,0.637008,-0.26843,-1.55925,1.46925,1.97449,-0.675757
10,-0.171899,0.63686,-0.268006,-1.56062,1.4696,1.97289,-0.676691
10,-0.170555,0.636716,-0.26758,-1.56199,1.46995,1.97128,-0.677622
10,-0.169212,0.636576,-0.267152,-1.56335,1.47031,1.96967,-0.678552
10,-0.16787,0.636441,-0.266722,-1.5647,1.47068,1.96806,-0.67948
10,-0.166528,0.636309,-0.26629,-1.56605,1.47104,1.96645,-0.680406
10,-0.165187,0.636181,-0.265856,-1.56739,1.47142,1.96485,-0.681329
10,-0.163847,0.636058,-0.26542,-1.56872,1.4718,1.96324,-0.682251
10,-0.162508,0.635939,-0.264982,-1.57005,1.47218,1.96163,-0.683171
10,-0.161169,0.635824,-0.264542,-1.57137,1.47257,1.96002,-0.684089
10,-0.15983,0.635713,-0.2641,-1.57269,1.47296,1.95841,-0.685005
10,-0.158493,0.635606,-0.263657,-1.574,1.47336,1.9568,-0.68592
10,-0.157156,0.635503,-0.263211,-1.5753,1.47376,1.9552,-0.686832
10,-0.15582,0.635404,-0.262763,-1.5766,1.47417,1.95359,-0.687743
10,-0.154484,0.635309,-0.262314,-1.57789,1.47458,1.95198,-0.688652
10,-0.15315,0.635219,-0.261862,-1.57918,1.475,1.95037,-0.689559
10,-0.151815,0.635132,-0.261409,-1.58046,1.47542,1.94876,-0.690464
10,-0.150482,0.63505,-0.260954,-1.58173,1.47584,1.94715,-0.691367
10,-0.149149,0.634972,-0.260497,-1.583,1.47627,1.94555,-0.692269
10,-0.147817,0.634898,-0.260038,-1.58426,1.47671,1.94394,-0.693169
10,-0.146485,0.634828,-0.259577,-1.58551,1.47715,1.94233,-0.694067
10,-0.145154,0.634762,-0.259114,-1.58676,1.47759,1.94072,-0.694964
10,-0.143824,0.6347,-0.258649,-1.588,1.47804,1.93911,-0.695859
10,-0.142494,0.634642,-0.258183,-1.58924,1.4785,1.93751,-0.696752
10,-0.141165,0.634588,-0.257714,-1.59047,1.47896,1.9359,-0.697643
10,-0.139837,0.634539,-0.257244,-1.59169,1.47942,1.93429,-0.698533
10,-0.138509,0.634493,-0.256772,-1.59291,1.47989,1.93269,-0.699422
10,-0.137182,0.634452,-0.256298,-1.59412,1.48036,1.93108,-0.700308
10,-0.135855,0.634415,-0.255823,-1.59532,1.48083,1.92947,-0.701193
10,-0.13453,0.634381,-0.255345,-1.59652,1.48132,1.92786,-0.702076
10,-0.133204,0.634352,-0.254866,-1.59771,1.4818,1.92626,-0.702958
10,-0.13188,0.634327,-0.254385,-1.5989,1.48229,1.92465,-0.703838
10,-0.130556,0.634306,-0.253902,-1.60008,1.48279,1.92305,-0.704717
10,-0.129232,0.634289,-0.253417,-1.60126,1.48328,1.92144,-0.705594
10,-0.127909,0.634277,-0.252931,-1.60242,1.48379,1.91983,-0.70647
10,-0.126587,0.634268,-0.252443,-1.60359,1.4843,1.91823,-0.707344
10,-0.125266,0.634263,-0.251953,-1.60474,1.48481,1.91662,-0.708216
10,-0.123945,0.634263,-0.251461,-1.60589,1.48532,1.91502,-0.709087
10,-0.122624,0.634266,-0.250967,-1.60703,1.48585,1.91341,-0.709957
10,-0.121304,0.634274,-0.250472,-1.60817,1.48637,1.91181,-0.710825
10,-0.119985,0.634285,-0.249975,-1.6093,1.4869,1.91021,-0.711691
10,-0.118667,0.634301,-0.249476,-1.61043,1.48743,1.9086,-0.712556
10,-0.117349,0.634321,-0.248976,-1.61155,1.48797,1.907,-0.71342
10,-0.116031,0.634344,-0.248474,-1.61266,1.48852,1.9054,-0.714282
10,-0.114714,0.634372,-0.24797,-1.61377,1.48906,1.90379,-0.715143
10,-0.113398,0.634404,-0.247464,-1.61487,1.48961,1.90219,-0.716003
10,-0.112083,0.63444,-0.246957,-1.61596,1.49017,1.90059,-0.716861
10,-0.110767,0.63448,-0.246448,-1.61705,1.49073,1.89899,-0.717717
10,-0.109453,0.634524,-0.245937,-1.61813,1.49129,1.89739,-0.718573
10,-0.108139,0.634573,-0.245425,-1.61921,1.49186,1.89578,-0.719427
10,-0.106826,0.634625,-0.244911,-1.62028,1.49243,1.89418,-0.720279
10,-0.105513,0.634681,-0.244395,-1.62134,1.49301,1.89258,-0.72113
10,-0.104201,0.634742,-0.243878,-1.6224,1.49359,1.89098,-0.72198
10,-0.102889,0.634806,-0.243359,-1.62345,1.49418,1.88938,-0.722829
10,-0.101578,0.634874,-0.242838,-1.62449,1.49477,1.88779,-0.723676
10,-0.100267,0.634947,-0.242316,-1.62553,1.49536,1.88619,-0.724522
10,-0.0989575,0.635023,-0.241792,-1.62657,1.49596,1.88459,-0.725367
10,-0.0976481,0.635104,-0.241266,-1.62759,1.49656,1.88299,-0.72621
10,-0.0963393,0.635189,-0.240739,-1.62861,1.49716,1.88139,-0.727052
10,-0.095031,0.635277,-0.240211,-1.62963,1.49777,1.8798,-0.727893
10,-0.0937233,0.63537,-0.23968,-1.63064,1.49839,1.8782,-0.728733
10,-0.0924162,0.635467,-0.239148,-1.63164,1.499,1.8766,-0.729571
10,-0.0911096,0.635567,-0.238615,-1.63263,1.49963,1.87501,-0.730408
10,-0.0898035,0.635672,-0.238079,-1.63362,1.50025,1.87341,-0.731244
10,-0.088498,0.635781,-0.237543,-1.63461,1.50088,1.87182,-0.732079
10,-0.0871931,0.635894,-0.237004,-1.63559,1.50151,1.87022,-0.732913
10,-0.0858886,0.636011,-0.236464,-1.63656,1.50215,1.86863,-0.733745
10,-0.0845848,0.636132,-0.235923,-1.63752,1.50279,1.86704,-0.734576
10,-0.0832815,0.636256,-0.23538,-1.63848,1.50344,1.86545,-0.735406
10,-0.0819787,0.636385,-0.234835,-1.63943,1.50409,1.86385,-0.736235
10,-0.0806765,0.636518,-0.234289,-1.64038,1.50474,1.86226,-0.737062
10,-0.0793748,0.636655,-0.233742,-1.64132,1.5054,1.86067,-0.737889
10,-0.0780736,0.636796,-0.233193,-1.64226,1.50606,1.85908,-0.738714
10,-0.076773,0.636941,-0.232642,-1.64319,1.50673,1.85749,-0.739538
10,-0.0754729,0.63709,-0.23209,-1.64411,1.50739,1.8559,-0.740361
10,-0.0741734,0.637243,-0.231536,-1.64502,1.50807,1.85431,-0.741183
10,-0.0728744,0.6374,-0.230981,-1.64593,1.50874,1.85272,-0.742004
10,-0.0715759,0.637561,-0.230424,-1.64684,1.50942,1.85114,-0.742824
10,-0.0702779,0.637726,-0.229866,-1.64774,1.51011,1.84955,-0.743642
10,-0.0689805,0.637895,-0.229307,-1.64863,1.5108,1.84796,-0.74446
10,-0.0676836,0.638068,-0.228745,-1.64951,1.51149,1.84638,-0.745276
10,-0.0663872,0.638245,-0.228183,-1.65039,1.51218,1.84479,-0.746091
10,-0.0650914,0.638426,-0.227619,-1.65127,1.51288,1.84321,-0.746905
10,-0.0637961,0.638611,-0.227053,-1.65213,1.51359,1.84162,-0.747719
10,-0.0625013,0.6388,-0.226487,-1.65299,1.51429,1.84004,-0.748531
10,-0.061207,0.638993,-0.225918,-1.65385,1.515,1.83846,-0.749342
10,-0.0599133,0.639189,-0.225349,-1.6547,1.51572,1.83688,-0.750152
10,-0.05862,0.63939,-0.224777,-1.65554,1.51643,1.8353,-0.750961
10,-0.0573273,0.639595,-0.224205,-1.65638,1.51715,1.83371,-0.751769
10,-0.0560351,0.639804,-0.223631,-1.65721,1.51788,1.83213,-0.752576
10,-0.0547434,0.640017,-0.223055,-1.65803,1.51861,1.83056,-0.753381
10,-0.0534523,0.640233,-0.222479,-1.65885,1.51934,1.82898,-0.754186
10,-0.0521617,0.640454,-0.2219,-1.65966,1.52007,1.8274,-0.75499
10,-0.0508715,0.640679,-0.221321,-1.66046,1.52081,1.82582,-0.755793
10,-0.0495819,0.640907,-0.22074,-1.66126,1.52156,1.82425,-0.756595
10,-0.0482928,0.64114,-0.220158,-1.66206,1.5223,1.82267,-0.757396
10,-0.0470042,0.641376,-0.219574,-1.66284,1.52305,1.82109,-0.758196
10,-0.0457161,0.641616,-0.218989,-1.66362,1.52381,1.81952,-0.758994
10,-0.0444286,0.641861,-0.218403,-1.6644,1.52456,1.81795,-0.759792
10,-0.0431415,0.642109,-0.217815,-1.66517,1.52532,1.81637,-0.760589
10,-0.041855,0.642361,-0.217226,-1.66593,1.52609,1.8148,-0.761385
10,-0.0405689,0.642617,-0.216636,-1.66669,1.52685,1.81323,-0.76218
10,-0.0392834,0.642878,-0.216044,-1.66744,1.52762,1.81166,-0.762974
10,-0.0379984,0.643142,-0.215451,-1.66818,1.5284,1.81009,-0.763767
10,-0.0367139,0.643409,-0.214857,-1.66892,1.52917,1.80852,-0.76456
10,-0.0354299,0.643681,-0.214261,-1.66965,1.52995,1.80695,-0.765351
10,-0.0341464,0.643957,-0.213665,-1.67037,1.53074,1.80539,-0.766141
10,-0.0328634,0.644237,-0.213066,-1.67109,1.53153,1.80382,-0.76693
10,-0.0315809,0.64452,-0.212467,-1.67181,1.53232,1.80225,-0.767719
10,-0.0302989,0.644808,-0.211866,-1.67251,1.53311,1.80069,-0.768506
10,-0.0290174,0.645099,-0.211265,-1.67321,1.53391,1.79912,-0.769293
10,-0.0277364,0.645394,-0.210661,-1.67391,1.53471,1.79756,-0.770079
10,-0.0264559,0.645694,-0.210057,-1.6746,1.53551,1.796,-0.770863
10,-0.025176,0.645997,-0.209451,-1.67528,1.53632,1.79444,-0.771647
10,-0.0238965,0.646304,-0.208845,-1.67596,1.53713,1.79288,-0.77243
10,-0.0226175,0.646614,-0.208237,-1.67663,1.53794,1.79132,-0.773212
10,-0.021339,0.646929,-0.207627,-1.67729,1.53876,1.78976,-0.773993
10,-0.0200611,0.647248,-0.207017,-1.67795,1.53958,1.7882,-0.774774
10,-0.0187836,0.64757,-0.206405,-1.6786,1.5404,1.78664,-0.775553
10,-0.0175066,0.647897,-0.205792,-1.67924,1.54123,1.78508,-0.776331
10,-0.0162301,0.648227,-0.205178,-1.67988,1.54206,1.78353,-0.777109
10,-0.0149542,0.648561,-0.204563,-1.68051,1.54289,1.78197,-0.777886
10,-0.0136787,0.648899,-0.203947,-1.68114,1.54372,1.78042,-0.778661
10,-0.0124037,0.649241,-0.203329,-1.68176,1.54456,1.77887,-0.779436
10,-0.0111292,0.649586,-0.202711,-1.68238,1.5454,1.77732,-0.78021
10,-0.00985524,0.649936,-0.202091,-1.68298,1.54625,1.77576,-0.780984
10,-0.00858175,0.650289,-0.20147,-1.68359,1.5471,1.77421,-0.781756
10,-0.00730876,0.650646,-0.200848,-1.68418,1.54795,1.77266,-0.782527
10,-0.00603627,0.651007,-0.200225,-1.68477,1.5488,1.77112,-0.783298
10,-0.00476427,0.651372,-0.1996,-1.68535,1.54966,1.76957,-0.784068
10,-0.00349277,0.651741,-0.198975,-1.68593,1.55052,1.76802,-0.784837
10,-0.00222177,0.652113,-0.198348,-1.6865,1.55138,1.76648,-0.785605
10,-0.000951264,0.652489,-0.197721,-1.68707,1.55225,1.76493,-0.786372
10,0.000318745,0.652869,-0.197092,-1.68762,1.55311,1.76339,-0.787138
10,0.00158826,0.653253,-0.196462,-1.68818,1.55399,1.76184,-0.787903
11,0.00158826,0.653253,-0.196462,-1.68818,1.55399,1.76184,-0.787903
11,0.00158826,0.653253,-0.196462,-1.68818,1.55399,1.76184,-0.787903
11,0.00149643,0.65451,-0.196287,-1.68586,1.5544,1.76178,-0.786807
11,0.00140373,0.655769,-0.196112,-1.68353,1.5548,1.76172,-0.785708
11,0.00131054,0.657028,-0.195937,-1.68121,1.55521,1.76166,-0.784608
12,0.00131054,0.657028,-0.195937,-1.68121,1.55521,1.76166,-0.784608
12,0.00187515,0.658451,-0.19558,-1.68167,1.55557,1.7609,-0.786416
12,0.00243885,0.659879,-0.195222,-1.68212,1.55593,1.76014,-0.788221
12,0.00300201,0.661312,-0.194864,-1.68256,1.55629,1.75939,-0.790023
12,0.00356465,0.662748,-0.194504,-1.683,1.55666,1.75863,-0.791823
12,0.00412676,0.664188,-0.194143,-1.68343,1.55703,1.75788,-0.793621
12,0.00468835,0.665633,-0.193782,-1.68385,1.5574,1.75713,-0.795417
12,0.00524942,0.66708,-0.193419,-1.68427,1.55778,1.75638,-0.79721
12,0.00580998,0.668532,-0.193056,-1.68468,1.55815,1.75562,-0.799001
12,0.00637002,0.669988,-0.192692,-1.68509,1.55853,1.75488,-0.80079
12,0.00692954,0.671447,-0.192327,-1.68548,1.55891,1.75413,-0.802576
12,0.00748855,0.672911,-0.191961,-1.68588,1.5593,1.75338,-0.80436
12,0.00804706,0.674378,-0.191595,-1.68626,1.55969,1.75263,-0.806142
12,0.00860506,0.675849,-0.191227,-1.68664,1.56008,1.75189,-0.807921
12,0.00916255,0.677323,-0.190859,-1.68702,1.56047,1.75114,-0.809698
12,0.00971954,0.678802,-0.19049,-1.68739,1.56086,1.7504,-0.811472
12,0.010276,0.680284,-0.19012,-1.68775,1.56126,1.74966,-0.813244
12,0.010832,0.68177,-0.189749,-1.6881,1.56166,1.74892,-0.815013
12,0.0113875,0.683259,-0.189377,-1.68845,1.56206,1.74818,-0.816781
12,0.0119425,0.684753,-0.189004,-1.68879,1.56247,1.74744,-0.818545
12,0.012497,0.68625,-0.188631,-1.68913,1.56287,1.7467,-0.820308
12,0.013051,0.68775,-0.188257,-1.68946,1.56328,1.74597,-0.822068
12,0.0136045,0.689255,-0.187882,-1.68979,1.56369,1.74523,-0.823825
12,0.0141576,0.690763,-0.187506,-1.6901,1.56411,1.7445,-0.82558
12,0.0147101,0.692274,-0.187129,-1.69041,1.56452,1.74376,-0.827332
12,0.0152622,0.69379,-0.186752,-1.69072,1.56494,1.74303,-0.829082
12,0.0158138,0.695309,-0.186373,-1.69102,1.56536,1.7423,-0.83083
12,0.0163649,0.696831,-0.185994,-1.69131,1.56579,1.74157,-0.832575
12,0.0169156,0.698357,-0.185614,-1.6916,1.56621,1.74084,-0.834317
12,0.0174657,0.699887,-0.185233,-1.69188,1.56664,1.74012,-0.836057
12,0.0180154,0.70142,-0.184852,-1.69215,1.56707,1.73939,-0.837795
12,0.0185646,0.702957,-0.18447,-1.69242,1.56751,1.73866,-0.83953
12,0.0191134,0.704498,-0.184087,-1.69268,1.56794,1.73794,-0.841262
12,0.0196617,0.706042,-0.183703,-1.69293,1.56838,1.73722,-0.842992
12,0.0202095,0.707589,-0.183318,-1.69318,1.56882,1.7365,-0.844719
12,0.0207568,0.70914,-0.182932,-1.69342,1.56926,1.73577,-0.846444
12,0.0213037,0.710695,-0.182546,-1.69366,1.5697,1.73506,-0.848166
12,0.0218502,0.712253,-0.182159,-1.69389,1.57015,1.73434,-0.849886
12,0.0223961,0.713815,-0.181771,-1.69411,1.5706,1.73362,-0.851603
12,0.0229417,0.71538,-0.181383,-1.69433,1.57105,1.7329,-0.853317
12,0.0234867,0.716948,-0.180993,-1.69454,1.5715,1.73219,-0.855029
12,0.0240313,0.71852,-0.180603,-1.69474,1.57196,1.73147,-0.856738
12,0.0245755,0.720095,-0.180213,-1.69494,1.57242,1.73076,-0.858444
12,0.0251192,0.721674,-0.179821,-1.69513,1.57287,1.73005,-0.860148
12,0.0256625,0.723256,-0.179429,-1.69532,1.57334,1.72934,-0.861849
12,0.0262053,0.724842,-0.179036,-1.6955,1.5738,1.72863,-0.863548
12,0.0267477,0.726431,-0.178642,-1.69567,1.57426,1.72792,-0.865244
12,0.0272897,0.728023,-0.178247,-1.69584,1.57473,1.72721,-0.866937
12,0.0278312,0.729619,-0.177852,-1.696,1.5752,1.7265,-0.868627
12,0.0283723,0.731218,-0.177456,-1.69615,1.57567,1.7258,-0.870315
12,0.0289129,0.73282,-0.177059,-1.6963,1.57615,1.72509,-0.872
12,0.0294531,0.734426,-0.176662,-1.69644,1.57662,1.72439,-0.873682
12,0.0299929,0.736035,-0.176263,-1.69658,1.5771,1.72369,-0.875362
12,0.0305323,0.737647,-0.175865,-1.69671,1.57758,1.72299,-0.877039
12,0.0310712,0.739263,-0.175465,-1.69683,1.57806,1.72229,-0.878713
12,0.0316097,0.740881,-0.175065,-1.69695,1.57854,1.72159,-0.880385
12,0.0321478,0.742503,-0.174664,-1.69706,1.57903,1.72089,-0.882053
12,0.0326854,0.744129,-0.174262,-1.69716,1.57952,1.7202,-0.883719
12,0.0332227,0.745757,-0.173859,-1.69726,1.58001,1.7195,-0.885382
12,0.0337595,0.747389,-0.173456,-1.69735,1.5805,1.71881,-0.887042
12,0.0342959,0.749024,-0.173052,-1.69743,1.58099,1.71811,-0.8887
12,0.0348319,0.750662,-0.172648,-1.69751,1.58149,1.71742,-0.890354
12,0.0353674,0.752304,-0.172243,-1.69758,1.58198,1.71673,-0.892006
12,0.0359026,0.753948,-0.171837,-1.69765,1.58248,1.71604,-0.893655
12,0.0364374,0.755596,-0.171431,-1.69771,1.58298,1.71535,-0.895301
12,0.0369717,0.757247,-0.171023,-1.69776,1.58348,1.71466,-0.896945
12,0.0375057,0.7589,-0.170616,-1.69781,1.58399,1.71398,-0.898585
12,0.0380392,0.760558,-0.170207,-1.69785,1.58449,1.71329,-0.900223
12,0.0385724,0.762218,-0.169798,-1.69789,1.585,1.71261,-0.901857
12,0.0391051,0.763881,-0.169388,-1.69791,1.58551,1.71192,-0.903489
12,0.0396375,0.765547,-0.168978,-1.69794,1.58602,1.71124,-0.905118
12,0.0401694,0.767217,-0.168567,-1.69795,1.58653,1.71056,-0.906744
12,0.040701,0.768889,-0.168155,-1.69796,1.58705,1.70988,-0.908367
12,0.0412322,0.770565,-0.167743,-1.69796,1.58756,1.7092,-0.909987
12,0.0417629,0.772243,-0.16733,-1.69796,1.58808,1.70852,-0.911604
12,0.0422933,0.773925,-0.166916,-1.69795,1.5886,1.70784,-0.913219
12,0.0428233,0.775609,-0.166502,-1.69794,1.58912,1.70717,-0.91483
12,0.0433529,0.777297,-0.166087,-1.69791,1.58964,1.70649,-0.916438
12,0.0438822,0.778987,-0.165671,-1.69788,1.59017,1.70582,-0.918043
12,0.044411,0.780681,-0.165255,-1.69785,1.59069,1.70515,-0.919646
12,0.0449395,0.782377,-0.164839,-1.69781,1.59122,1.70447,-0.921245
12,0.0454676,0.784076,-0.164422,-1.69776,1.59175,1.7038,-0.922841
12,0.0459953,0.785779,-0.164004,-1.69771,1.59228,1.70313,-0.924435
12,0.0465227,0.787484,-0.163585,-1.69765,1.59281,1.70246,-0.926025
12,0.0470497,0.789192,-0.163166,-1.69758,1.59334,1.7018,-0.927612
12,0.0475763,0.790903,-0.162747,-1.69751,1.59388,1.70113,-0.929196
12,0.0481025,0.792617,-0.162326,-1.69743,1.59442,1.70046,-0.930777
12,0.0486284,0.794333,-0.161906,-1.69734,1.59495,1.6998,-0.932356
12,0.0491539,0.796053,-0.161484,-1.69725,1.59549,1.69914,-0.93393
12,0.049679,0.797775,-0.161062,-1.69716,1.59603,1.69847,-0.935502
12,0.0502038,0.799501,-0.16064,-1.69705,1.59658,1.69781,-0.937071
12,0.0507283,0.801229,-0.160217,-1.69694,1.59712,1.69715,-0.938637
12,0.0512523,0.80296,-0.159794,-1.69682,1.59767,1.69649,-0.940199
12,0.051776,0.804693,-0.159369,-1.6967,1.59821,1.69584,-0.941759
12,0.0522994,0.80643,-0.158945,-1.69657,1.59876,1.69518,-0.943315
12,0.0528224,0.808169,-0.15852,-1.69644,1.59931,1.69452,-0.944868
12,0.053345,0.809911,-0.158094,-1.69629,1.59986,1.69387,-0.946418
12,0.0538674,0.811655,-0.157668,-1.69615,1.60041,1.69321,-0.947965
12,0.0543893,0.813403,-0.157241,-1.69599,1.60097,1.69256,-0.949509
12,0.0549109,0.815153,-0.156814,-1.69583,1.60152,1.69191,-0.951049
12,0.0554322,0.816906,-0.156386,-1.69566,1.60208,1.69126,-0.952586
12,0.0559531,0.818661,-0.155958,-1.69549,1.60263,1.69061,-0.95412
12,0.0564737,0.820419,-0.155529,-1.69531,1.60319,1.68996,-0.955651
12,0.056994,0.82218,-0.1551,-1.69513,1.60375,1.68931,-0.957179
12,0.0575139,0.823943,-0.15467,-1.69493,1.60431,1.68866,-0.958703
12,0.0580335,0.82571,-0.15424,-1.69474,1.60488,1.68802,-0.960224
12,0.0585527,0.827478,-0.153809,-1.69453,1.60544,1.68737,-0.961742
12,0.0590716,0.82925,-0.153378,-1.69432,1.606,1.68673,-0.963257
12,0.0595902,0.831024,-0.152946,-1.6941,1.60657,1.68609,-0.964768
12,0.0601085,0.8328,-0.152514,-1.69388,1.60714,1.68544,-0.966276
12,0.0606264,0.834579,-0.152081,-1.69365,1.6077,1.6848,-0.967781
12,0.061144,0.836361,-0.151648,-1.69341,1.60827,1.68416,-0.969282
12,0.0616613,0.838145,-0.151215,-1.69317,1.60884,1.68352,-0.97078
12,0.0621782,0.839932,-0.150781,-1.69292,1.60942,1.68289,-0.972275
12,0.0626949,0.841721,-0.150346,-1.69267,1.60999,1.68225,-0.973767
12,0.0632112,0.843513,-0.149911,-1.69241,1.61056,1.68161,-0.975255
12,0.0637272,0.845307,-0.149476,-1.69214,1.61114,1.68098,-0.976739
13,0.0637272,0.845307,-0.149476,-1.69214,1.61114,1.68098,-0.976739
13,0.0637272,0.845307,-0.149476,-1.69214,1.61114,1.68098,-0.976739
13,0.063856,0.844261,-0.149574,-1.69456,1.61092,1.68104,-0.978123
13,0.0639843,0.843217,-0.149671,-1.69698,1.61071,1.6811,-0.979505
13,0.0641122,0.842175,-0.149768,-1.6994,1.6105,1.68116,-0.980887
14,0.0641122,0.842175,-0.149768,-1.6994,1.6105,1.68116,-0.980887
14,0.0632435,0.840784,-0.15037,-1.69956,1.60963,1.68217,-0.979721
14,0.0623741,0.839397,-0.150971,-1.69972,1.60877,1.68319,-0.978551
14,0.0615042,0.838012,-0.151572,-1.69986,1.60791,1.68421,-0.977379
14,0.0606339,0.836631,-0.152171,-1.7,1.60705,1.68523,-0.976205
14,0.0597631,0.835252,-0.152771,-1.70013,1.60619,1.68626,-0.975028
14,0.058892,0.833875,-0.15337,-1.70026,1.60533,1.68728,-0.973849
14,0.0580204,0.832502,-0.153968,-1.70038,1.60448,1.68831,-0.972667
14,0.0571484,0.831131,-0.154565,-1.7005,1.60362,1.68933,-0.971483
14,0.0562759,0.829763,-0.155163,-1.70061,1.60277,1.69036,-0.970297
14,0.0554031,0.828398,-0.155759,-1.70071,1.60192,1.69139,-0.969108
14,0.0545298,0.827036,-0.156355,-1.7008,1.60107,1.69242,-0.967917
14,0.0536561,0.825676,-0.15695,-1.70089,1.60022,1.69346,-0.966724
14,0.0527819,0.824319,-0.157545,-1.70098,1.59937,1.69449,-0.965529
14,0.0519073,0.822965,-0.158139,-1.70105,1.59853,1.69552,-0.964331
14,0.0510323,0.821614,-0.158733,-1.70112,1.59768,1.69656,-0.963131
14,0.0501569,0.820266,-0.159326,-1.70119,1.59684,1.6976,-0.961928
14,0.049281,0.81892,-0.159918,-1.70125,1.596,1.69864,-0.960723
14,0.0484046,0.817578,-0.16051,-1.7013,1.59516,1.69968,-0.959516
14,0.0475279,0.816238,-0.161101,-1.70135,1.59433,1.70072,-0.958307
14,0.0466506,0.814901,-0.161692,-1.70139,1.59349,1.70177,-0.957095
14,0.045773,0.813567,-0.162281,-1.70142,1.59266,1.70281,-0.955881
14,0.0448949,0.812236,-0.162871,-1.70145,1.59182,1.70386,-0.954665
14,0.0440163,0.810908,-0.163459,-1.70147,1.59099,1.70491,-0.953447
14,0.0431373,0.809583,-0.164047,-1.70148,1.59016,1.70596,-0.952226
14,0.0422579,0.808261,-0.164634,-1.70149,1.58934,1.70701,-0.951003
14,0.041378,0.806941,-0.165221,-1.7015,1.58851,1.70806,-0.949778
14,0.0404976,0.805625,-0.165807,-1.70149,1.58769,1.70912,-0.948551
14,0.0396168,0.804312,-0.166392,-1.70148,1.58687,1.71017,-0.947321
14,0.0387356,0.803001,-0.166976,-1.70147,1.58605,1.71123,-0.94609
14,0.0378539,0.801694,-0.16756,-1.70144,1.58523,1.71229,-0.944856
14,0.0369717,0.80039,-0.168143,-1.70142,1.58441,1.71335,-0.94362
14,0.0360891,0.799088,-0.168725,-1.70138,1.5836,1.71441,-0.942381
14,0.035206,0.79779,-0.169307,-1.70134,1.58279,1.71547,-0.941141
14,0.0343224,0.796495,-0.169888,-1.70129,1.58197,1.71654,-0.939898
14,0.0334384,0.795202,-0.170468,-1.70124,1.58117,1.7176,-0.938653
14,0.032554,0.793913,-0.171047,-1.70118,1.58036,1.71867,-0.937406
14,0.031669,0.792627,-0.171626,-1.70111,1.57955,1.71974,-0.936157
14,0.0307836,0.791344,-0.172204,-1.70104,1.57875,1.72081,-0.934906
14,0.0298977,0.790064,-0.172781,-1.70096,1.57795,1.72188,-0.933652
14,0.0290114,0.788787,-0.173357,-1.70088,1.57715,1.72295,-0.932397
14,0.0281246,0.787513,-0.173933,-1.70079,1.57636,1.72403,-0.931139
14,0.0272373,0.786242,-0.174508,-1.70069,1.57556,1.7251,-0.929879
14,0.0263496,0.784975,-0.175082,-1.70059,1.57477,1.72618,-0.928617
14,0.0254613,0.78371,-0.175655,-1.70048,1.57398,1.72726,-0.927353
14,0.0245726,0.782449,-0.176228,-1.70036,1.57319,1.72834,-0.926087
14,0.0236834,0.781191,-0.176799,-1.70024,1.5724,1.72942,-0.924818
14,0.0227938,0.779936,-0.17737,-1.70011,1.57162,1.73051,-0.923548
14,0.0219036,0.778684,-0.17794,-1.69998,1.57084,1.73159,-0.922276
14,0.021013,0.777436,-0.178509,-1.69984,1.57006,1.73268,-0.921001
14,0.0201219,0.77619,-0.179078,-1.69969,1.56928,1.73377,-0.919724
14,0.0192303,0.774948,-0.179645,-1.69954,1.5685,1.73485,-0.918446
14,0.0183382,0.773709,-0.180212,-1.69938,1.56773,1.73594,-0.917165
14,0.0174456,0.772473,-0.180778,-1.69922,1.56696,1.73704,-0.915882
14,0.0165526,0.771241,-0.181343,-1.69904,1.56619,1.73813,-0.914597
14,0.015659,0.770012,-0.181907,-1.69887,1.56542,1.73923,-0.91331
14,0.014765,0.768786,-0.18247,-1.69868,1.56466,1.74032,-0.912021
14,0.0138705,0.767563,-0.183033,-1.69849,1.5639,1.74142,-0.91073
14,0.0129754,0.766343,-0.183594,-1.6983,1.56314,1.74252,-0.909437
14,0.0120799,0.765127,-0.184155,-1.69809,1.56238,1.74362,-0.908142
14,0.0111839,0.763915,-0.184714,-1.69788,1.56163,1.74472,-0.906845
14,0.0102874,0.762705,-0.185273,-1.69767,1.56088,1.74583,-0.905546
14,0.00939036,0.761499,-0.185831,-1.69745,1.56013,1.74693,-0.904245
14,0.00849284,0.760296,-0.186388,-1.69722,1.55938,1.74804,-0.902942
14,0.00759482,0.759096,-0.186944,-1.69699,1.55863,1.74915,-0.901637
14,0.00669629,0.7579,-0.1875,-1.69675,1.55789,1.75026,-0.90033
14,0.00579725,0.756708,-0.188054,-1.6965,1.55715,1.75137,-0.89902
14,0.00489771,0.755518,-0.188607,-1.69625,1.55641,1.75248,-0.897709
14,0.00399766,0.754332,-0.18916,-1.69599,1.55568,1.75359,-0.896396
14,0.0030971,0.753149,-0.189711,-1.69573,1.55495,1.75471,-0.895081
14,0.00219603,0.75197,-0.190262,-1.69546,1.55422,1.75583,-0.893764
14,0.00129444,0.750794,-0.190811,-1.69518,1.55349,1.75695,-0.892446
14,0.000392339,0.749622,-0.19136,-1.6949,1.55276,1.75807,-0.891125
14,-0.000510279,0.748453,-0.191908,-1.69461,1.55204,1.75919,-0.889802
14,-0.00141341,0.747288,-0.192454,-1.69431,1.55132,1.76031,-0.888477
14,-0.00231707,0.746125,-0.193,-1.69401,1.5506,1.76143,-0.88715
14,-0.00322125,0.744967,-0.193545,-1.6937,1.54989,1.76256,-0.885822
14,-0.00412595,0.743812,-0.194088,-1.69339,1.54918,1.76369,-0.884491
14,-0.00503117,0.74266,-0.194631,-1.69307,1.54847,1.76482,-0.883159
14,-0.00593692,0.741512,-0.195173,-1.69274,1.54776,1.76595,-0.881824
14,-0.00684319,0.740367,-0.195713,-1.69241,1.54706,1.76708,-0.880488
14,-0.00775,0.739226,-0.196253,-1.69207,1.54636,1.76821,-0.87915
14,-0.00865733,0.738089,-0.196792,-1.69172,1.54566,1.76934,-0.87781
14,-0.0095652,0.736955,-0.19733,-1.69137,1.54497,1.77048,-0.876468
14,-0.0104736,0.735824,-0.197866,-1.69101,1.54428,1.77162,-0.875124
14,-0.0113825,0.734697,-0.198402,-1.69065,1.54359,1.77276,-0.873778
14,-0.012292,0.733574,-0.198936,-1.69028,1.5429,1.7739,-0.87243
14,-0.013202,0.732454,-0.19947,-1.6899,1.54222,1.77504,-0.87108
14,-0.0141126,0.731338,-0.200002,-1.68952,1.54154,1.77618,-0.869729
14,-0.0150237,0.730225,-0.200534,-1.68913,1.54086,1.77733,-0.868376
14,-0.0159353,0.729116,-0.201064,-1.68874,1.54018,1.77847,-0.86702
14,-0.0168475,0.728011,-0.201593,-1.68834,1.53951,1.77962,-0.865663
14,-0.0177602,0.726909,-0.202122,-1.68793,1.53884,1.78077,-0.864304
14,-0.0186735,0.725811,-0.202649,-1.68751,1.53818,1.78192,-0.862943
14,-0.0195873,0.724716,-0.203175,-1.6871,1.53751,1.78307,-0.861581
14,-0.0205017,0.723626,-0.2037,-1.68667,1.53685,1.78422,-0.860216
14,-0.0214166,0.722538,-0.204224,-1.68624,1.5362,1.78538,-0.85885
14,-0.0223321,0.721455,-0.204747,-1.6858,1.53554,1.78653,-0.857482
14,-0.0232481,0.720375,-0.205268,-1.68535,1.53489,1.78769,-0.856112
14,-0.0241647,0.719299,-0.205789,-1.6849,1.53424,1.78885,-0.85474
14,-0.0250819,0.718226,-0.206308,-1.68445,1.5336,1.79001,-0.853366
14,-0.0259996,0.717158,-0.206827,-1.68398,1.53296,1.79117,-0.85199
14,-0.0269179,0.716093,-0.207344,-1.68352,1.53232,1.79233,-0.850613
14,-0.0278367,0.715031,-0.20786,-1.68304,1.53168,1.7935,-0.849234
14,-0.0287562,0.713974,-0.208375,-1.68256,1.53105,1.79466,-0.847853
14,-0.0296762,0.71292,-0.208889,-1.68207,1.53042,1.79583,-0.84647
14,-0.0305967,0.71187,-0.209401,-1.68158,1.52979,1.797,-0.845085
14,-0.0315178,0.710824,-0.209913,-1.68108,1.52917,1.79817,-0.843698
14,-0.0324395,0.709781,-0.210423,-1.68057,1.52855,1.79934,-0.84231
14,-0.0333618,0.708742,-0.210932,-1.68006,1.52794,1.80051,-0.84092
14,-0.0342847,0.707708,-0.21144,-1.67954,1.52732,1.80168,-0.839528
14,-0.0352081,0.706676,-0.211947,-1.67902,1.52671,1.80286,-0.838134
14,-0.0361321,0.705649,-0.212453,-1.67849,1.52611,1.80404,-0.836739
14,-0.0370567,0.704626,-0.212957,-1.67795,1.5255,1.80521,-0.835341
14,-0.0379819,0.703606,-0.213461,-1.6774,1.5249,1.80639,-0.833942
14,-0.0389077,0.70259,-0.213963,-1.67686,1.52431,1.80757,-0.832541
14,-0.0398341,0.701578,-0.214464,-1.6763,1.52372,1.80876,-0.831139
14,-0.040761,0.70057,-0.214963,-1.67574,1.52313,1.80994,-0.829734
14,-0.0416886,0.699566,-0.215462,-1.67517,1.52254,1.81113,-0.828328
14,-0.0426167,0.698565,-0.215959,-1.6746,1.52196,1.81231,-0.82692
14,-0.0435455,0.697569,-0.216455,-1.67402,1.52138,1.8135,-0.82551
14,-0.0444748,0.696576,-0.21695,-1.67343,1.5208,1.81469,-0.824098
14,-0.0454048,0.695588,-0.217444,-1.67284,1.52023,1.81588,-0.822685
14,-0.0463353,0.694603,-0.217936,-1.67224,1.51966,1.81707,-0.821269
14,-0.0472665,0.693622,-0.218428,-1.67163,1.51909,1.81826,-0.819852
14,-0.0481982,0.692645,-0.218918,-1.67102,1.51853,1.81946,-0.818434
14,-0.0491306,0.691672,-0.219406,-1.67041,1.51797,1.82065,-0.817013
14,-0.0500636,0.690703,-0.219894,-1.66978,1.51742,1.82185,-0.815591
14,-0.0509972,0.689738,-0.22038,-1.66915,1.51687,1.82305,-0.814167
14,-0.0519314,0.688777,-0.220865,-1.66852,1.51632,1.82425,-0.812741
14,-0.0528662,0.68782,-0.221349,-1.66788,1.51578,1.82545,-0.811313
14,-0.0538017,0.686866,-0.221831,-1.66723,1.51524,1.82665,-0.809884
14,-0.0547378,0.685917,-0.222312,-1.66657,1.5147,1.82785,-0.808453
14,-0.0556745,0.684972,-0.222792,-1.66591,1.51417,1.82906,-0.80702
14,-0.0566118,0.684031,-0.223271,-1.66525,1.51364,1.83026,-0.805585
14,-0.0575498,0.683094,-0.223748,-1.66457,1.51311,1.83147,-0.804149
14,-0.0584883,0.68216,-0.224224,-1.6639,1.51259,1.83268,-0.80271
14,-0.0594276,0.681231,-0.224699,-1.66321,1.51207,1.83389,-0.80127
14,-0.0603674,0.680306,-0.225172,-1.66252,1.51156,1.8351,-0.799829
14,-0.0613079,0.679385,-0.225644,-1.66182,1.51105,1.83631,-0.798385
14,-0.0622491,0.678468,-0.226115,-1.66112,1.51054,1.83752,-0.79694
14,-0.0631909,0.677555,-0.226584,-1.66041,1.51004,1.83874,-0.795493
14,-0.0641333,0.676646,-0.227053,-1.65969,1.50954,1.83995,-0.794044
14,-0.0650764,0.675741,-0.227519,-1.65897,1.50904,1.84117,-0.792593
14,-0.0660201,0.674841,-0.227985,-1.65824,1.50855,1.84239,-0.791141
14,-0.0669645,0.673944,-0.228449,-1.65751,1.50806,1.84361,-0.789687
15,-0.0669645,0.673944,-0.228449,-1.65751,1.50806,1.84361,-0.789687
15,-0.0669645,0.673944,-0.228449,-1.65751,1.50806,1.84361,-0.789687
15,-0.066977,0.674212,-0.228396,-1.65701,1.50819,1.84358,-0.789439
16,-0.066977,0.674212,-0.228396,-1.65701,1.50819,1.84358,-0.789439
16,-0.0670837,0.675917,-0.22835,-1.65725,1.50797,1.84353,-0.791424
16,-0.0671909,0.677628,-0.228303,-1.65747,1.50775,1.84347,-0.793406
16,-0.0672986,0.679341,-0.228256,-1.65769,1.50754,1.84342,-0.795385
16,-0.0674065,0.681058,-0.228208,-1.65791,1.50732,1.84336,-0.79736
16,-0.0675149,0.682779,-0.228159,-1.65812,1.50711,1.8433,-0.799334
16,-0.0676237,0.684502,-0.22811,-1.65832,1.5069,1.84325,-0.801304
16,-0.0677328,0.686229,-0.22806,-1.65852,1.50669,1.84319,-0.803271
16,-0.0678424,0.68796,-0.22801,-1.65871,1.50648,1.84313,-0.805236
16,-0.0679524,0.689693,-0.227958,-1.65889,1.50627,1.84307,-0.807198
16,-0.0680626,0.69143,-0.227907,-1.65907,1.50606,1.84301,-0.809157
16,-0.0681734,0.69317,-0.227854,-1.65924,1.50586,1.84295,-0.811113
16,-0.0682845,0.694914,-0.227801,-1.65941,1.50565,1.84289,-0.813066
16,-0.0683959,0.69666,-0.227747,-1.65957,1.50545,1.84282,-0.815016
16,-0.0685079,0.69841,-0.227692,-1.65973,1.50525,1.84276,-0.816964
16,-0.0686202,0.700164,-0.227637,-1.65988,1.50505,1.8427,-0.818908
16,-0.0687327,0.70192,-0.227582,-1.66002,1.50485,1.84263,-0.820849
16,-0.0688458,0.703679,-0.227525,-1.66016,1.50465,1.84257,-0.822788
16,-0.0689592,0.705442,-0.227468,-1.66029,1.50445,1.8425,-0.824724
16,-0.0690729,0.707208,-0.22741,-1.66041,1.50425,1.84244,-0.826656
16,-0.0691871,0.708977,-0.227352,-1.66053,1.50406,1.84237,-0.828586
16,-0.0693017,0.710749,-0.227293,-1.66064,1.50387,1.8423,-0.830512
16,-0.0694165,0.712525,-0.227233,-1.66075,1.50367,1.84224,-0.832436
16,-0.0695318,0.714303,-0.227173,-1.66085,1.50348,1.84217,-0.834357
16,-0.0696475,0.716085,-0.227112,-1.66095,1.50329,1.8421,-0.836274
