1,0.643275,0.122505,0.652106,-0.00615097,-0.144187,0.000753597
1,0.643244,0.122583,0.652083,-0.0058161,-0.144071,0.000908714
1,0.642117,0.122584,0.652062,-0.00581311,-0.141901,0.00092387
1,0.640993,0.122585,0.652044,-0.00581136,-0.139763,0.000936376
1,0.639871,0.122586,0.652026,-0.00580964,-0.137646,0.000948769
1,0.63875,0.122587,0.652009,-0.00580797,-0.135549,0.000961035
1,0.63763,0.122587,0.651992,-0.00580635,-0.133473,0.000973178
1,0.636512,0.122588,0.651975,-0.00580476,-0.131416,0.000985199
1,0.635394,0.122589,0.651959,-0.00580321,-0.129378,0.000997101
1,0.634278,0.12259,0.651943,-0.0058017,-0.12736,0.00100889
1,0.633162,0.12259,0.651928,-0.00580023,-0.12536,0.00102056
1,0.632048,0.122591,0.651913,-0.0057988,-0.123378,0.00103212
1,0.630935,0.122592,0.651899,-0.0057974,-0.121415,0.00104356
1,0.629823,0.122592,0.651885,-0.00579604,-0.119469,0.0010549
1,0.628712,0.122593,0.651871,-0.00579471,-0.11754,0.00106614
1,0.627601,0.122594,0.651857,-0.00579342,-0.115629,0.00107727
1,0.626492,0.122595,0.651844,-0.00579215,-0.113735,0.00108829
1,0.625384,0.122595,0.651831,-0.00579092,-0.111857,0.00109922
1,0.624277,0.122596,0.651819,-0.00578973,-0.109995,0.00111004
1,0.623171,0.122597,0.651807,-0.00578856,-0.10815,0.00112077
1,0.622065,0.122597,0.651795,-0.00578742,-0.106321,0.0011314
1,0.620961,0.122598,0.651783,-0.00578631,-0.104507,0.00114194
1,0.619857,0.122598,0.651772,-0.00578523,-0.102708,0.00115238
1,0.618755,0.122599,0.651761,-0.00578418,-0.100925,0.00116273
1,0.617653,0.1226,0.65175,-0.00578316,-0.0991566,0.00117299
1,0.616552,0.1226,0.65174,-0.00578216,-0.0974031,0.00118316
1,0.615452,0.122601,0.65173,-0.00578119,-0.0956641,0.00119325
1,0.614353,0.122602,0.65172,-0.00578024,-0.0939395,0.00120324
1,0.613255,0.122602,0.65171,-0.00577932,-0.092229,0.00121316
1,0.612157,0.122603,0.651701,-0.00577843,-0.0905325,0.00122298
1,0.611061,0.122603,0.651692,-0.00577756,-0.0888499,0.00123273
1,0.609965,0.122604,0.651683,-0.00577671,-0.0871809,0.00124239
1,0.60887,0.122605,0.651674,-0.00577588,-0.0855253,0.00125198
1,0.607775,0.122605,0.651666,-0.00577508,-0.0838831,0.00126148
1,0.606682,0.122606,0.651657,-0.0057743,-0.0822539,0.00127091
1,0.605589,0.122606,0.651649,-0.00577354,-0.0806378,0.00128025
1,0.604497,0.122607,0.651642,-0.0057728,-0.0790345,0.00128953
1,0.603406,0.122608,0.651634,-0.00577208,-0.0774438,0.00129872
1,0.602316,0.122608,0.651627,-0.00577138,-0.0758657,0.00130784
1,0.601226,0.122609,0.65162,-0.00577071,-0.0742999,0.00131689
1,0.600137,0.122609,0.651613,-0.00577005,-0.0727465,0.00132586
1,0.599049,0.12261,0.651606,-0.00576941,-0.0712051,0.00133477
1,0.597961,0.12261,0.651599,-0.00576879,-0.0696757,0.0013436
1,0.596874,0.122611,0.651593,-0.00576819,-0.0681581,0.00135236
1,0.595788,0.122611,0.651587,-0.0057676,-0.0666523,0.00136105
1,0.594703,0.122612,0.651581,-0.00576703,-0.0651581,0.00136968
1,0.593618,0.122612,0.651575,-0.00576648,-0.0636753,0.00137823
1,0.592534,0.122613,0.65157,-0.00576595,-0.062204,0.00138672
1,0.591451,0.122613,0.651564,-0.00576544,-0.0607439,0.00139514
1,0.590368,0.122614,0.651559,-0.00576494,-0.0592949,0.0014035
1,0.589286,0.122615,0.651554,-0.00576445,-0.057857,0.00141179
1,0.588204,0.122615,0.651549,-0.00576398,-0.05643,0.00142002
1,0.587124,0.122616,0.651544,-0.00576353,-0.0550138,0.00142818
1,0.586044,0.122616,0.651539,-0.00576309,-0.0536084,0.00143628
1,0.584964,0.122617,0.651535,-0.00576267,-0.0522135,0.00144432
1,0.583885,0.122617,0.651531,-0.00576226,-0.0508292,0.0014523
1,0.582807,0.122618,0.651527,-0.00576186,-0.0494554,0.00146021
1,0.581729,0.122618,0.651522,-0.00576148,-0.0480919,0.00146807
1,0.580652,0.122618,0.651519,-0.00576111,-0.0467386,0.00147586
1,0.579576,0.122619,0.651515,-0.00576076,-0.0453955,0.0014836
1,0.5785,0.122619,0.651511,-0.00576042,-0.0440625,0.00149127
1,0.577425,0.12262,0.651508,-0.00576009,-0.0427395,0.00149889
1,0.57635,0.12262,0.651504,-0.00575977,-0.0414264,0.00150645
1,0.575276,0.122621,0.651501,-0.00575947,-0.0401231,0.00151396
1,0.574203,0.122621,0.651498,-0.00575917,-0.0388296,0.0015214
1,0.57313,0.122622,0.651495,-0.00575889,-0.0375457,0.00152879
1,0.572058,0.122622,0.651492,-0.00575862,-0.0362715,0.00153612
1,0.570986,0.122623,0.65149,-0.00575837,-0.0350068,0.0015434
1,0.569915,0.122623,0.651487,-0.00575812,-0.0337515,0.00155062
1,0.568845,0.122624,0.651484,-0.00575788,-0.0325056,0.00155779
1,0.567775,0.122624,0.651482,-0.00575766,-0.0312691,0.00156491
1,0.566705,0.122624,0.65148,-0.00575744,-0.0300417,0.00157197
1,0.565637,0.122625,0.651478,-0.00575724,-0.0288236,0.00157897
1,0.564568,0.122625,0.651476,-0.00575704,-0.0276146,0.00158593
1,0.563501,0.122626,0.651474,-0.00575686,-0.0264146,0.00159283
1,0.562433,0.122626,0.651472,-0.00575668,-0.0252237,0.00159968
1,0.561367,0.122627,0.65147,-0.00575652,-0.0240416,0.00160648
1,0.560301,0.122627,0.651468,-0.00575636,-0.0228684,0.00161322
1,0.559235,0.122627,0.651467,-0.00575621,-0.0217041,0.00161992
1,0.55817,0.122628,0.651465,-0.00575607,-0.0205485,0.00162656
1,0.557105,0.122628,0.651464,-0.00575594,-0.0194016,0.00163316
1,0.556041,0.122629,0.651463,-0.00575582,-0.0182633,0.0016397
1,0.554978,0.122629,0.651461,-0.00575571,-0.0171336,0.0016462
1,0.553915,0.122629,0.65146,-0.0057556,-0.0160125,0.00165264
1,0.552852,0.12263,0.651459,-0.00575551,-0.0148999,0.00165904
1,0.55179,0.12263,0.651458,-0.00575542,-0.0137956,0.00166539
1,0.550729,0.12263,0.651457,-0.00575534,-0.0126998,0.00167169
1,0.549668,0.122631,0.651457,-0.00575526,-0.0116123,0.00167794
1,0.548608,0.122631,0.651456,-0.00575519,-0.0105331,0.00168414
1,0.547548,0.122632,0.651455,-0.00575514,-0.00946217,0.0016903
1,0.546488,0.122632,0.651455,-0.00575508,-0.00839941,0.00169641
1,0.545429,0.122632,0.651454,-0.00575504,-0.00734481,0.00170247
1,0.544371,0.122633,0.651454,-0.005755,-0.00629831,0.00170849
1,0.543313,0.122633,0.651453,-0.00575496,-0.00525988,0.00171445
1,0.542255,0.122633,0.651453,-0.00575494,-0.00422947,0.00172038
1,0.541198,0.122634,0.651453,-0.00575492,-0.00320705,0.00172625
1,0.540142,0.122634,0.651453,-0.0057549,-0.00219257,0.00173209
1,0.539086,0.122635,0.651453,-0.0057549,-0.00118599,0.00173787
1,0.53803,0.122635,0.651453,-0.00575489,-0.000187273,0.00174361
1,0.536975,0.122635,0.651453,-0.0057549,0.000803617,0.00174931
1,0.53592,0.122636,0.651453,-0.00575491,0.00178672,0.00175496
1,0.534866,0.122636,0.651453,-0.00575492,0.00276207,0.00176056
1,0.533813,0.122636,0.651453,-0.00575494,0.0037297,0.00176613
1,0.532759,0.122637,0.651453,-0.00575497,0.00468966,0.00177164
1,0.531707,0.122637,0.651453,-0.005755,0.00564197,0.00177712
1,0.530654,0.122637,0.651454,-0.00575503,0.00658666,0.00178255
1,0.529603,0.122638,0.651454,-0.00575507,0.00752378,0.00178793
1,0.528551,0.122638,0.651455,-0.00575512,0.00845335,0.00179328
1,0.5275,0.122638,0.651455,-0.00575517,0.00937541,0.00179858
1,0.52645,0.122639,0.651456,-0.00575522,0.01029,0.00180384
1,0.5254,0.122639,0.651456,-0.00575528,0.0111971,0.00180905
1,0.52435,0.122639,0.651457,-0.00575534,0.0120968,0.00181422
1,0.523301,0.122639,0.651458,-0.00575541,0.0129891,0.00181935
1,0.522253,0.12264,0.651458,-0.00575548,0.013874,0.00182444
1,0.521204,0.12264,0.651459,-0.00575555,0.0147516,0.00182948
1,0.520157,0.12264,0.65146,-0.00575563,0.0156219,0.00183449
2,0.520157,0.12264,0.65146,-0.00575563,0.0156219,0.00183449
2,0.520073,0.123516,0.650986,-0.0057552,0.0169798,0.00183973
2,0.519991,0.124393,0.650513,-0.00575537,0.0183331,0.00184751
2,0.519909,0.125269,0.650039,-0.00575553,0.0196833,0.00185528
2,0.519827,0.126145,0.649566,-0.00575571,0.0210306,0.00186303
2,0.519746,0.127021,0.649093,-0.00575589,0.022375,0.00187076
2,0.519664,0.127897,0.64862,-0.00575608,0.0237164,0.00187848
2,0.519583,0.128773,0.648147,-0.00575629,0.025055,0.00188619
2,0.519502,0.129649,0.647674,-0.0057565,0.0263906,0.00189388
2,0.519421,0.130525,0.647201,-0.00575673,0.0277234,0.00190155
2,0.51934,0.131401,0.646728,-0.00575696,0.0290534,0.0019092
2,0.51926,0.132277,0.646256,-0.0057572,0.0303806,0.00191685
2,0.51918,0.133153,0.645783,-0.00575746,0.031705,0.00192447
2,0.519099,0.134029,0.645311,-0.00575772,0.0330267,0.00193208
2,0.519019,0.134905,0.644838,-0.00575799,0.0343456,0.00193968
2,0.51894,0.135781,0.644366,-0.00575827,0.0356618,0.00194726
2,0.51886,0.136657,0.643894,-0.00575856,0.0369754,0.00195482
2,0.51878,0.137533,0.643422,-0.00575886,0.0382863,0.00196237
2,0.518701,0.138409,0.64295,-0.00575917,0.0395945,0.00196991
2,0.518622,0.139285,0.642478,-0.00575949,0.0409002,0.00197743
2,0.518543,0.140162,0.642007,-0.00575982,0.0422032,0.00198494
2,0.518464,0.141038,0.641535,-0.00576016,0.0435037,0.00199244
2,0.518385,0.141914,0.641064,-0.0057605,0.0448017,0.00199992
2,0.518307,0.14279,0.640592,-0.00576086,0.0460971,0.00200739
2,0.518228,0.143666,0.640121,-0.00576122,0.0473901,0.00201484
2,0.51815,0.144542,0.63965,-0.00576159,0.0486805,0.00202228
2,0.518072,0.145418,0.639179,-0.00576198,0.0499685,0.00202971
2,0.517994,0.146294,0.638708,-0.00576237,0.0512541,0.00203712
2,0.517916,0.14717,0.638237,-0.00576277,0.0525373,0.00204452
2,0.517839,0.148046,0.637766,-0.00576318,0.0538181,0.00205191
2,0.517761,0.148922,0.637295,-0.00576359,0.0550965,0.00205929
2,0.517684,0.149798,0.636824,-0.00576402,0.0563726,0.00206665
2,0.517607,0.150674,0.636354,-0.00576445,0.0576463,0.002074
2,0.51753,0.15155,0.635883,-0.0057649,0.0589178,0.00208134
2,0.517453,0.152426,0.635413,-0.00576535,0.0601869,0.00208867
2,0.517376,0.153302,0.634942,-0.00576581,0.0614538,0.00209598
2,0.517299,0.154178,0.634472,-0.00576628,0.0627185,0.00210329
2,0.517223,0.155054,0.634002,-0.00576676,0.0639809,0.00211058
2,0.517147,0.15593,0.633532,-0.00576724,0.0652412,0.00211786
2,0.51707,0.156806,0.633062,-0.00576774,0.0664992,0.00212513
2,0.516994,0.157682,0.632592,-0.00576824,0.0677551,0.00213239
2,0.516918,0.158558,0.632122,-0.00576875,0.0690089,0.00213963
2,0.516843,0.159434,0.631653,-0.00576927,0.0702605,0.00214687
2,0.516767,0.16031,0.631183,-0.0057698,0.07151,0.00215409
2,0.516692,0.161186,0.630714,-0.00577033,0.0727575,0.00216131
2,0.516616,0.162062,0.630244,-0.00577088,0.0740029,0.00216851
2,0.516541,0.162938,0.629775,-0.00577143,0.0752462,0.0021757
2,0.516466,0.163814,0.629305,-0.00577199,0.0764876,0.00218289
2,0.516391,0.16469,0.628836,-0.00577256,0.0777269,0.00219006
2,0.516316,0.165566,0.628367,-0.00577313,0.0789642,0.00219722
2,0.516241,0.166443,0.627898,-0.00577372,0.0801996,0.00220438
2,0.516167,0.167319,0.627429,-0.00577431,0.081433,0.00221152
2,0.516092,0.168195,0.62696,-0.00577491,0.0826645,0.00221865
2,0.516018,0.169071,0.626492,-0.00577552,0.0838941,0.00222577
2,0.515943,0.169947,0.626023,-0.00577613,0.0851217,0.00223289
2,0.515869,0.170823,0.625554,-0.00577676,0.0863475,0.00223999
2,0.515795,0.171699,0.625086,-0.00577739,0.0875715,0.00224709
2,0.515721,0.172575,0.624617,-0.00577803,0.0887936,0.00225417
2,0.515648,0.173451,0.624149,-0.00577868,0.0900139,0.00226125
2,0.515574,0.174327,0.623681,-0.00577933,0.0912323,0.00226832
2,0.5155,0.175203,0.623212,-0.00577999,0.092449,0.00227538
2,0.515427,0.176079,0.622744,-0.00578066,0.0936639,0.00228243
2,0.515354,0.176955,0.622276,-0.00578134,0.0948771,0.00228947
2,0.515281,0.177831,0.621808,-0.00578203,0.0960885,0.0022965
2,0.515207,0.178707,0.62134,-0.00578272,0.0972982,0.00230353
2,0.515134,0.179583,0.620872,-0.00578342,0.0985062,0.00231055
2,0.515062,0.180459,0.620405,-0.00578413,0.0997124,0.00231756
2,0.514989,0.181335,0.619937,-0.00578485,0.100917,0.00232456
2,0.514916,0.182211,0.619469,-0.00578557,0.10212,0.00233155
2,0.514844,0.183087,0.619002,-0.0057863,0.103321,0.00233854
2,0.514771,0.183963,0.618534,-0.00578704,0.104521,0.00234551
2,0.514699,0.184839,0.618067,-0.00578779,0.105719,0.00235248
2,0.514627,0.185715,0.6176,-0.00578854,0.106916,0.00235945
2,0.514555,0.186591,0.617133,-0.00578931,0.108111,0.0023664
2,0.514483,0.187467,0.616665,-0.00579007,0.109304,0.00237335
2,0.514411,0.188343,0.616198,-0.00579085,0.110496,0.00238029
2,0.514339,0.189219,0.615731,-0.00579164,0.111686,0.00238722
2,0.514267,0.190095,0.615265,-0.00579243,0.112875,0.00239415
2,0.514196,0.190971,0.614798,-0.00579323,0.114062,0.00240107
2,0.514124,0.191847,0.614331,-0.00579403,0.115248,0.00240798
2,0.514053,0.192723,0.613864,-0.00579484,0.116432,0.00241489
2,0.513981,0.193599,0.613398,-0.00579567,0.117615,0.00242179
3,0.513981,0.193599,0.613398,-0.00579567,0.117615,0.00242179
3,0.513981,0.193599,0.613398,-0.00579567,0.117615,0.00242179
3,0.514113,0.193599,0.613397,-0.00579583,0.117514,0.00242335
4,0.514113,0.193599,0.613397,-0.00579583,0.117514,0.00242335
4,0.514145,0.194558,0.613628,-0.00579553,0.116974,0.00242115
4,0.514178,0.195517,0.613859,-0.00579516,0.116432,0.002418
4,0.51421,0.196477,0.61409,-0.0057948,0.115889,0.00241483
4,0.514243,0.197436,0.614321,-0.00579443,0.115345,0.00241167
4,0.514276,0.198395,0.614552,-0.00579407,0.1148,0.00240849
4,0.514309,0.199355,0.614784,-0.0057937,0.114255,0.00240531
4,0.514342,0.200314,0.615015,-0.00579334,0.113708,0.00240213
4,0.514375,0.201273,0.615246,-0.00579298,0.113161,0.00239894
4,0.514408,0.202233,0.615477,-0.00579262,0.112612,0.00239575
4,0.514441,0.203192,0.615708,-0.00579227,0.112063,0.00239255
4,0.514474,0.204151,0.615939,-0.00579191,0.111512,0.00238935
4,0.514508,0.205111,0.616171,-0.00579155,0.110961,0.00238614
4,0.514541,0.20607,0.616402,-0.0057912,0.110409,0.00238293
4,0.514574,0.207029,0.616633,-0.00579085,0.109856,0.00237971
4,0.514608,0.207989,0.616864,-0.0057905,0.109301,0.00237649
4,0.514641,0.208948,0.617096,-0.00579015,0.108746,0.00237326
4,0.514675,0.209907,0.617327,-0.0057898,0.10819,0.00237002
4,0.514708,0.210867,0.617558,-0.00578945,0.107633,0.00236678
4,0.514742,0.211826,0.617789,-0.0057891,0.107075,0.00236354
4,0.514776,0.212785,0.618021,-0.00578875,0.106516,0.00236029
4,0.51481,0.213744,0.618252,-0.00578841,0.105956,0.00235703
4,0.514844,0.214704,0.618483,-0.00578807,0.105395,0.00235377
4,0.514878,0.215663,0.618715,-0.00578773,0.104833,0.00235051
4,0.514911,0.216622,0.618946,-0.00578738,0.10427,0.00234723
4,0.514946,0.217582,0.619178,-0.00578704,0.103706,0.00234396
4,0.51498,0.218541,0.619409,-0.00578671,0.10314,0.00234067
4,0.515014,0.2195,0.61964,-0.00578637,0.102574,0.00233738
4,0.515048,0.22046,0.619872,-0.00578603,0.102007,0.00233409
4,0.515082,0.221419,0.620103,-0.0057857,0.101439,0.00233079
4,0.515117,0.222378,0.620335,-0.00578537,0.100869,0.00232748
4,0.515151,0.223338,0.620566,-0.00578503,0.100299,0.00232417
4,0.515186,0.224297,0.620797,-0.0057847,0.0997277,0.00232085
4,0.51522,0.225256,0.621029,-0.00578438,0.0991552,0.00231753
4,0.515255,0.226216,0.62126,-0.00578405,0.0985817,0.0023142
4,0.51529,0.227175,0.621492,-0.00578372,0.0980071,0.00231087
4,0.515324,0.228134,0.621723,-0.0057834,0.0974313,0.00230753
4,0.515359,0.229093,0.621955,-0.00578307,0.0968545,0.00230418
4,0.515394,0.230053,0.622187,-0.00578275,0.0962766,0.00230083
4,0.515429,0.231012,0.622418,-0.00578243,0.0956976,0.00229747
4,0.515464,0.231971,0.62265,-0.00578211,0.0951175,0.0022941
4,0.515499,0.232931,0.622881,-0.00578179,0.0945362,0.00229073
4,0.515535,0.23389,0.623113,-0.00578147,0.0939538,0.00228735
4,0.51557,0.234849,0.623344,-0.00578116,0.0933703,0.00228397
4,0.515605,0.235809,0.623576,-0.00578084,0.0927856,0.00228058
4,0.515641,0.236768,0.623808,-0.00578053,0.0921998,0.00227718
4,0.515676,0.237727,0.624039,-0.00578022,0.0916128,0.00227378
4,0.515712,0.238687,0.624271,-0.00577991,0.0910247,0.00227037
4,0.515747,0.239646,0.624503,-0.0057796,0.0904353,0.00226696
4,0.515783,0.240605,0.624734,-0.00577929,0.0898448,0.00226354
4,0.515819,0.241564,0.624966,-0.00577899,0.0892531,0.00226011
4,0.515855,0.242524,0.625198,-0.00577868,0.0886602,0.00225667
4,0.51589,0.243483,0.62543,-0.00577838,0.0880661,0.00225323
4,0.515926,0.244442,0.625661,-0.00577808,0.0874708,0.00224978
4,0.515963,0.245402,0.625893,-0.00577778,0.0868742,0.00224633
4,0.515999,0.246361,0.626125,-0.00577748,0.0862765,0.00224286
5,0.515999,0.246361,0.626125,-0.00577748,0.0862765,0.00224286
5,0.515999,0.246361,0.626125,-0.00577748,0.0862765,0.00224286
5,0.517023,0.246361,0.62612,-0.00577633,0.0855024,0.00223698
6,0.517023,0.246361,0.62612,-0.00577633,0.0855024,0.00223698
6,0.516933,0.245562,0.625528,-0.00577732,0.0869858,0.00224798
6,0.516843,0.244764,0.624937,-0.00577807,0.0884671,0.00225657
6,0.516754,0.243966,0.624346,-0.00577884,0.089947,0.00226515
6,0.516664,0.243168,0.623755,-0.00577962,0.0914256,0.00227373
6,0.516575,0.24237,0.623164,-0.00578041,0.0929027,0.0022823
6,0.516486,0.241572,0.622573,-0.00578121,0.0943786,0.00229087
6,0.516397,0.240774,0.621983,-0.00578203,0.0958531,0.00229943
6,0.516308,0.239976,0.621392,-0.00578286,0.0973262,0.00230799
6,0.516219,0.239177,0.620802,-0.0057837,0.0987981,0.00231654
6,0.51613,0.238379,0.620212,-0.00578455,0.100269,0.00232508
6,0.516041,0.237581,0.619621,-0.00578541,0.101738,0.00233362
6,0.515953,0.236783,0.619031,-0.00578629,0.103206,0.00234216
6,0.515864,0.235985,0.618442,-0.00578717,0.104673,0.00235069
6,0.515776,0.235187,0.617852,-0.00578807,0.106139,0.00235922
6,0.515687,0.234389,0.617262,-0.00578898,0.107603,0.00236774
6,0.515599,0.233591,0.616673,-0.00578991,0.109066,0.00237626
6,0.515511,0.232792,0.616083,-0.00579084,0.110528,0.00238477
6,0.515423,0.231994,0.615494,-0.00579179,0.111989,0.00239328
6,0.515335,0.231196,0.614905,-0.00579275,0.113449,0.00240179
6,0.515247,0.230398,0.614316,-0.00579372,0.114908,0.00241029
6,0.515159,0.2296,0.613727,-0.0057947,0.116365,0.00241879
6,0.515071,0.228802,0.613138,-0.0057957,0.117822,0.00242729
6,0.514983,0.228004,0.612549,-0.0057967,0.119277,0.00243578
6,0.514896,0.227206,0.611961,-0.00579772,0.120731,0.00244427
6,0.514808,0.226407,0.611372,-0.00579875,0.122184,0.00245275
6,0.51472,0.225609,0.610784,-0.0057998,0.123637,0.00246124
6,0.514633,0.224811,0.610196,-0.00580085,0.125088,0.00246972
6,0.514546,0.224013,0.609608,-0.00580192,0.126538,0.00247819
6,0.514459,0.223215,0.60902,-0.00580299,0.127987,0.00248667
6,0.514371,0.222417,0.608432,-0.00580408,0.129435,0.00249514
6,0.514284,0.221619,0.607844,-0.00580519,0.130882,0.00250361
6,0.514197,0.22082,0.607257,-0.0058063,0.132328,0.00251207
6,0.51411,0.220022,0.606669,-0.00580742,0.133773,0.00252054
6,0.514023,0.219224,0.606082,-0.00580856,0.135217,0.002529
6,0.513937,0.218426,0.605494,-0.00580971,0.136661,0.00253746
6,0.51385,0.217628,0.604907,-0.00581087,0.138103,0.00254591
6,0.513763,0.21683,0.60432,-0.00581204,0.139544,0.00255437
6,0.513677,0.216032,0.603733,-0.00581323,0.140985,0.00256282
6,0.51359,0.215233,0.603147,-0.00581442,0.142424,0.00257128
6,0.513504,0.214435,0.60256,-0.00581563,0.143863,0.00257973
6,0.513417,0.213637,0.601973,-0.00581685,0.145301,0.00258817
6,0.513331,0.212839,0.601387,-0.00581808,0.146738,0.00259662
6,0.513245,0.212041,0.600801,-0.00581933,0.148174,0.00260507
6,0.513159,0.211243,0.600214,-0.00582058,0.14961,0.00261351
6,0.513073,0.210444,0.599628,-0.00582185,0.151044,0.00262196
6,0.512987,0.209646,0.599042,-0.00582313,0.152478,0.0026304
6,0.512901,0.208848,0.598456,-0.00582442,0.153911,0.00263884
6,0.512815,0.20805,0.597871,-0.00582572,0.155343,0.00264728
6,0.512729,0.207252,0.597285,-0.00582703,0.156775,0.00265572
6,0.512643,0.206454,0.5967,-0.00582836,0.158205,0.00266416
6,0.512557,0.205656,0.596114,-0.0058297,0.159635,0.0026726
6,0.512472,0.204857,0.595529,-0.00583105,0.161065,0.00268104
6,0.512386,0.204059,0.594944,-0.00583241,0.162493,0.00268948
6,0.512301,0.203261,0.594359,-0.00583378,0.163921,0.00269792
6,0.512215,0.202463,0.593774,-0.00583517,0.165348,0.00270635
6,0.51213,0.201665,0.593189,-0.00583657,0.166774,0.00271479
6,0.512045,0.200867,0.592604,-0.00583798,0.1682,0.00272323
6,0.511959,0.200068,0.59202,-0.0058394,0.169625,0.00273167
6,0.511874,0.19927,0.591435,-0.00584083,0.171049,0.0027401
6,0.511789,0.198472,0.590851,-0.00584227,0.172473,0.00274854
6,0.511704,0.197674,0.590267,-0.00584373,0.173896,0.00275698
6,0.511619,0.196876,0.589682,-0.0058452,0.175318,0.00276542
6,0.511534,0.196078,0.589098,-0.00584668,0.17674,0.00277386
6,0.511449,0.19528,0.588514,-0.00584817,0.178161,0.0027823
6,0.511364,0.194481,0.587931,-0.00584968,0.179581,0.00279074
6,0.511279,0.193683,0.587347,-0.00585119,0.181001,0.00279918
6,0.511195,0.192885,0.586763,-0.00585272,0.182421,0.00280762
6,0.51111,0.192087,0.58618,-0.00585426,0.183839,0.00281607
6,0.511025,0.191289,0.585597,-0.00585581,0.185257,0.00282451
6,0.510941,0.190491,0.585013,-0.00585738,0.186675,0.00283296
6,0.510856,0.189692,0.58443,-0.00585895,0.188092,0.0028414
6,0.510772,0.188894,0.583847,-0.00586054,0.189508,0.00284985
6,0.510687,0.188096,0.583264,-0.00586214,0.190924,0.0028583
6,0.510603,0.187298,0.582682,-0.00586375,0.19234,0.00286675
6,0.510519,0.1865,0.582099,-0.00586538,0.193755,0.0028752
6,0.510435,0.185702,0.581516,-0.00586701,0.195169,0.00288366
6,0.51035,0.184903,0.580934,-0.00586866,0.196583,0.00289211
6,0.510266,0.184105,0.580352,-0.00587032,0.197996,0.00290057
6,0.510182,0.183307,0.57977,-0.005872,0.199409,0.00290903
6,0.510098,0.182509,0.579187,-0.00587368,0.200821,0.00291749
6,0.510014,0.181711,0.578605,-0.00587538,0.202233,0.00292596
6,0.50993,0.180913,0.578024,-0.00587709,0.203645,0.00293442
6,0.509846,0.180114,0.577442,-0.00587881,0.205056,0.00294289
6,0.509763,0.179316,0.57686,-0.00588054,0.206466,0.00295136
6,0.509679,0.178518,0.576279,-0.00588229,0.207876,0.00295983
6,0.509595,0.17772,0.575697,-0.00588404,0.209286,0.00296831
6,0.509512,0.176922,0.575116,-0.00588581,0.210695,0.00297678
6,0.509428,0.176123,0.574535,-0.0058876,0.212104,0.00298526
6,0.509344,0.175325,0.573954,-0.00588939,0.213512,0.00299375
6,0.509261,0.174527,0.573373,-0.0058912,0.21492,0.00300223
6,0.509177,0.173729,0.572792,-0.00589301,0.216328,0.00301072
6,0.509094,0.172931,0.572211,-0.00589485,0.217735,0.00301921
6,0.509011,0.172133,0.571631,-0.00589669,0.219141,0.0030277
6,0.508927,0.171334,0.57105,-0.00589854,0.220548,0.0030362
6,0.508844,0.170536,0.57047,-0.00590041,0.221954,0.0030447
6,0.508761,0.169738,0.569889,-0.00590229,0.223359,0.0030532
6,0.508678,0.16894,0.569309,-0.00590419,0.224764,0.00306171
6,0.508595,0.168142,0.568729,-0.00590609,0.226169,0.00307022
6,0.508512,0.167344,0.568149,-0.00590801,0.227574,0.00307873
6,0.508429,0.166545,0.567569,-0.00590994,0.228978,0.00308724
6,0.508346,0.165747,0.56699,-0.00591188,0.230382,0.00309576
6,0.508263,0.164949,0.56641,-0.00591383,0.231785,0.00310429
6,0.50818,0.164151,0.56583,-0.0059158,0.233188,0.00311281
6,0.508097,0.163353,0.565251,-0.00591778,0.234591,0.00312134
6,0.508014,0.162554,0.564672,-0.00591977,0.235993,0.00312988
6,0.507931,0.161756,0.564093,-0.00592178,0.237395,0.00313841
6,0.507849,0.160958,0.563514,-0.0059238,0.238797,0.00314696
6,0.507766,0.16016,0.562935,-0.00592583,0.240198,0.0031555
6,0.507684,0.159362,0.562356,-0.00592787,0.2416,0.00316405
6,0.507601,0.158564,0.561777,-0.00592992,0.243,0.0031726
6,0.507518,0.157765,0.561198,-0.00593199,0.244401,0.00318116
6,0.507436,0.156967,0.56062,-0.00593407,0.245801,0.00318972
6,0.507354,0.156169,0.560041,-0.00593616,0.247201,0.00319829
6,0.507271,0.155371,0.559463,-0.00593827,0.248601,0.00320686
6,0.507189,0.154573,0.558885,-0.00594039,0.25,0.00321543
6,0.507107,0.153774,0.558307,-0.00594252,0.251399,0.00322401
6,0.507024,0.152976,0.557729,-0.00594466,0.252798,0.0032326
6,0.506942,0.152178,0.557151,-0.00594682,0.254197,0.00324118
6,0.50686,0.15138,0.556573,-0.00594899,0.255595,0.00324978
6,0.506778,0.150582,0.555996,-0.00595117,0.256993,0.00325837
6,0.506696,0.149784,0.555418,-0.00595337,0.25839,0.00326698
6,0.506614,0.148985,0.554841,-0.00595557,0.259788,0.00327558
6,0.506532,0.148187,0.554264,-0.00595779,0.261185,0.00328419
6,0.50645,0.147389,0.553686,-0.00596003,0.262582,0.00329281
6,0.506368,0.146591,0.553109,-0.00596227,0.263979,0.00330143
6,0.506287,0.145793,0.552532,-0.00596453,0.265375,0.00331006
6,0.506205,0.144994,0.551956,-0.00596681,0.266771,0.00331869
6,0.506123,0.144196,0.551379,-0.00596909,0.268167,0.00332733
6,0.506041,0.143398,0.550802,-0.00597139,0.269563,0.00333597
6,0.50596,0.1426,0.550226,-0.0059737,0.270959,0.00334461
6,0.505878,0.141802,0.549649,-0.00597603,0.272354,0.00335327
6,0.505797,0.141003,0.549073,-0.00597836,0.273749,0.00336192
6,0.505715,0.140205,0.548497,-0.00598071,0.275144,0.00337059
6,0.505634,0.139407,0.547921,-0.00598308,0.276538,0.00337925
6,0.505552,0.138609,0.547345,-0.00598545,0.277932,0.00338793
6,0.505471,0.137811,0.546769,-0.00598784,0.279327,0.00339661
6,0.50539,0.137012,0.546193,-0.00599025,0.28072,0.00340529
6,0.505308,0.136214,0.545618,-0.00599266,0.282114,0.00341398
6,0.505227,0.135416,0.545042,-0.00599509,0.283507,0.00342268
6,0.505146,0.134618,0.544467,-0.00599754,0.284901,0.00343138
6,0.505065,0.13382,0.543891,-0.00599999,0.286293,0.00344009
6,0.504984,0.133021,0.543316,-0.00600246,0.287686,0.0034488
6,0.504903,0.132223,0.542741,-0.00600494,0.289079,0.00345752
6,0.504822,0.131425,0.542166,-0.00600744,0.290471,0.00346624
6,0.504741,0.130627,0.541591,-0.00600995,0.291863,0.00347497
6,0.50466,0.129829,0.541016,-0.00601247,0.293255,0.00348371
6,0.504579,0.12903,0.540442,-0.00601501,0.294647,0.00349245
6,0.504498,0.128232,0.539867,-0.00601755,0.296038,0.0035012
6,0.504418,0.127434,0.539293,-0.00602012,0.297429,0.00350995
6,0.504337,0.126636,0.538718,-0.00602269,0.29882,0.00351871
6,0.504256,0.125838,0.538144,-0.00602528,0.300211,0.00352748
6,0.504176,0.125039,0.53757,-0.00602789,0.301602,0.00353625
6,0.504095,0.124241,0.536996,-0.0060305,0.302992,0.00354503
6,0.504014,0.123443,0.536422,-0.00603313,0.304382,0.00355382
6,0.503934,0.122645,0.535848,-0.00603578,0.305772,0.00356261
6,0.503854,0.121847,0.535275,-0.00603843,0.307162,0.00357141
6,0.503773,0.121048,0.534701,-0.0060411,0.308551,0.00358021
6,0.503693,0.12025,0.534128,-0.00604379,0.30994,0.00358902
6,0.503613,0.119452,0.533554,-0.00604649,0.311329,0.00359784
6,0.503532,0.118654,0.532981,-0.0060492,0.312718,0.00360667
6,0.503452,0.117856,0.532408,-0.00605192,0.314107,0.0036155
6,0.503372,0.117057,0.531835,-0.00605466,0.315495,0.00362433
6,0.503292,0.116259,0.531262,-0.00605742,0.316883,0.00363318
6,0.503212,0.115461,0.530689,-0.00606018,0.318271,0.00364203
6,0.503132,0.114663,0.530116,-0.00606296,0.319659,0.00365088
6,0.503052,0.113865,0.529544,-0.00606576,0.321046,0.00365975
6,0.502972,0.113066,0.528971,-0.00606856,0.322433,0.00366862
6,0.502892,0.112268,0.528399,-0.00607139,0.32382,0.00367749
6,0.502813,0.11147,0.527827,-0.00607422,0.325207,0.00368638
6,0.502733,0.110672,0.527254,-0.00607707,0.326594,0.00369527
6,0.502653,0.109873,0.526682,-0.00607993,0.32798,0.00370417
6,0.502574,0.109075,0.52611,-0.00608281,0.329366,0.00371307
6,0.502494,0.108277,0.525538,-0.0060857,0.330752,0.00372198
6,0.502414,0.107479,0.524967,-0.00608861,0.332137,0.0037309
6,0.502335,0.106681,0.524395,-0.00609152,0.333522,0.00373982
6,0.502256,0.105882,0.523823,-0.00609446,0.334908,0.00374876
6,0.502176,0.105084,0.523252,-0.0060974,0.336292,0.00375769
6,0.502097,0.104286,0.522681,-0.00610036,0.337677,0.00376664
6,0.502018,0.103488,0.522109,-0.00610334,0.339061,0.00377559
6,0.501938,0.10269,0.521538,-0.00610633,0.340445,0.00378455
6,0.501859,0.101891,0.520967,-0.00610933,0.341829,0.00379352
6,0.50178,0.101093,0.520396,-0.00611235,0.343212,0.00380249
6,0.501701,0.100295,0.519825,-0.00611538,0.344595,0.00381148
6,0.501622,0.0994967,0.519255,-0.00611842,0.345978,0.00382046
6,0.501543,0.0986985,0.518684,-0.00612148,0.347361,0.00382946
6,0.501464,0.0979002,0.518114,-0.00612456,0.348743,0.00383846
6,0.501386,0.097102,0.517543,-0.00612764,0.350125,0.00384747
6,0.501307,0.0963038,0.516973,-0.00613075,0.351507,0.00385649
6,0.501228,0.0955056,0.516403,-0.00613386,0.352889,0.00386551
6,0.501149,0.0947074,0.515833,-0.00613699,0.35427,0.00387454
6,0.501071,0.0939091,0.515263,-0.00614014,0.355651,0.00388358
6,0.500992,0.0931109,0.514693,-0.00614329,0.357031,0.00389263
6,0.500914,0.0923127,0.514123,-0.00614647,0.358411,0.00390168
6,0.500835,0.0915145,0.513553,-0.00614965,0.359791,0.00391074
6,0.500757,0.0907162,0.512984,-0.00615286,0.361171,0.00391981
6,0.500679,0.089918,0.512414,-0.00615607,0.36255,0.00392888
6,0.500601,0.0891198,0.511845,-0.0061593,0.363929,0.00393797
6,0.500522,0.0883216,0.511275,-0.00616254,0.365308,0.00394706
7,0.500522,0.0883216,0.511275,-0.00616254,0.365308,0.00394706
7,0.500522,0.0883216,0.511275,-0.00616254,0.365308,0.00394706
7,0.501122,0.0883215,0.511262,-0.00616081,0.364698,0.0039416
8,0.501122,0.0883215,0.511262,-0.00616081,0.364698,0.0039416
8,0.501028,0.087621,0.510587,-0.00616472,0.366348,0.00395437
8,0.500934,0.0869203,0.509912,-0.00616863,0.367996,0.00396526
8,0.500841,0.0862197,0.509238,-0.00617256,0.369645,0.00397615
8,0.500748,0.0855191,0.508563,-0.00617651,0.371293,0.00398707
8,0.500654,0.0848185,0.507889,-0.00618049,0.37294,0.00399799
8,0.500561,0.0841178,0.507215,-0.00618448,0.374588,0.00400892
8,0.500468,0.0834172,0.506541,-0.0061885,0.376235,0.00401987
8,0.500375,0.0827166,0.505867,-0.00619254,0.377881,0.00403083
8,0.500283,0.0820159,0.505193,-0.00619659,0.379527,0.0040418
8,0.50019,0.0813153,0.50452,-0.00620067,0.381173,0.00405278
8,0.500097,0.0806147,0.503846,-0.00620477,0.382818,0.00406377
8,0.500005,0.0799141,0.503173,-0.0062089,0.384464,0.00407478
8,0.499912,0.0792134,0.5025,-0.00621304,0.386108,0.0040858
8,0.49982,0.0785128,0.501827,-0.0062172,0.387752,0.00409683
8,0.499727,0.0778122,0.501154,-0.00622139,0.389396,0.00410787
8,0.499635,0.0771115,0.500481,-0.0062256,0.39104,0.00411892
8,0.499543,0.0764109,0.499809,-0.00622983,0.392683,0.00412999
8,0.499451,0.0757103,0.499136,-0.00623408,0.394325,0.00414107
8,0.499359,0.0750096,0.498464,-0.00623835,0.395967,0.00415216
8,0.499267,0.074309,0.497792,-0.00624264,0.397609,0.00416326
8,0.499175,0.0736083,0.49712,-0.00624696,0.39925,0.00417437
8,0.499083,0.0729077,0.496448,-0.00625129,0.400891,0.0041855
8,0.498992,0.0722071,0.495776,-0.00625565,0.402531,0.00419664
8,0.4989,0.0715064,0.495105,-0.00626003,0.404171,0.00420779
8,0.498809,0.0708058,0.494433,-0.00626443,0.40581,0.00421896
8,0.498717,0.0701051,0.493762,-0.00626886,0.407449,0.00423013
8,0.498626,0.0694045,0.493091,-0.0062733,0.409087,0.00424132
8,0.498535,0.0687039,0.49242,-0.00627777,0.410725,0.00425252
8,0.498444,0.0680032,0.491749,-0.00628226,0.412362,0.00426374
8,0.498353,0.0673026,0.491078,-0.00628677,0.413999,0.00427496
8,0.498262,0.0666019,0.490408,-0.0062913,0.415635,0.0042862
8,0.498171,0.0659013,0.489737,-0.00629585,0.417271,0.00429745
8,0.49808,0.0652006,0.489067,-0.00630043,0.418906,0.00430872
8,0.49799,0.0645,0.488397,-0.00630503,0.420541,0.00431999
8,0.497899,0.0637993,0.487726,-0.00630965,0.422175,0.00433128
8,0.497809,0.0630987,0.487057,-0.00631429,0.423808,0.00434258
8,0.497719,0.062398,0.486387,-0.00631895,0.425441,0.0043539
8,0.497628,0.0616974,0.485717,-0.00632364,0.427073,0.00436522
8,0.497538,0.0609967,0.485047,-0.00632835,0.428705,0.00437656
8,0.497448,0.0602961,0.484378,-0.00633308,0.430336,0.00438792
8,0.497358,0.0595954,0.483709,-0.00633783,0.431966,0.00439928
8,0.497269,0.0588948,0.48304,-0.0063426,0.433596,0.00441066
8,0.497179,0.0581941,0.482371,-0.0063474,0.435225,0.00442205
8,0.497089,0.0574934,0.481702,-0.00635222,0.436854,0.00443345
8,0.497,0.0567928,0.481033,-0.00635706,0.438481,0.00444487
8,0.49691,0.0560921,0.480364,-0.00636192,0.440109,0.00445629
8,0.496821,0.0553915,0.479696,-0.00636681,0.441735,0.00446774
8,0.496732,0.0546908,0.479027,-0.00637172,0.443361,0.00447919
8,0.496643,0.0539902,0.478359,-0.00637665,0.444986,0.00449066
8,0.496554,0.0532895,0.477691,-0.0063816,0.44661,0.00450213
8,0.496465,0.0525888,0.477023,-0.00638657,0.448234,0.00451363
8,0.496376,0.0518882,0.476355,-0.00639157,0.449857,0.00452513
8,0.496288,0.0511875,0.475687,-0.00639659,0.451479,0.00453665
8,0.496199,0.0504868,0.47502,-0.00640163,0.4531,0.00454818
8,0.496111,0.0497862,0.474352,-0.0064067,0.454721,0.00455972
8,0.496022,0.0490855,0.473685,-0.00641178,0.456341,0.00457128
8,0.495934,0.0483848,0.473017,-0.00641689,0.45796,0.00458285
8,0.495846,0.0476842,0.47235,-0.00642202,0.459578,0.00459443
8,0.495758,0.0469835,0.471683,-0.00642718,0.461196,0.00460602
8,0.49567,0.0462828,0.471016,-0.00643235,0.462812,0.00461763
8,0.495583,0.0455822,0.47035,-0.00643755,0.464428,0.00462925
8,0.495495,0.0448815,0.469683,-0.00644277,0.466043,0.00464088
8,0.495408,0.0441808,0.469016,-0.00644802,0.467657,0.00465252
8,0.49532,0.0434801,0.46835,-0.00645328,0.46927,0.00466418
8,0.495233,0.0427795,0.467684,-0.00645857,0.470883,0.00467585
8,0.495146,0.0420788,0.467017,-0.00646389,0.472494,0.00468753
8,0.495059,0.0413781,0.466351,-0.00646922,0.474105,0.00469923
8,0.494972,0.0406774,0.465685,-0.00647458,0.475714,0.00471094
8,0.494885,0.0399768,0.465019,-0.00647996,0.477323,0.00472266
8,0.494798,0.0392761,0.464354,-0.00648536,0.478931,0.00473439
8,0.494712,0.0385754,0.463688,-0.00649078,0.480538,0.00474614
8,0.494626,0.0378747,0.463023,-0.00649623,0.482143,0.0047579
8,0.494539,0.037174,0.462357,-0.0065017,0.483748,0.00476967
8,0.494453,0.0364734,0.461692,-0.00650719,0.485352,0.00478145
8,0.494367,0.0357727,0.461027,-0.00651271,0.486955,0.00479325
8,0.494281,0.035072,0.460362,-0.00651824,0.488557,0.00480506
8,0.494195,0.0343713,0.459697,-0.0065238,0.490158,0.00481688
8,0.49411,0.0336706,0.459032,-0.00652938,0.491757,0.00482872
8,0.494024,0.0329699,0.458367,-0.00653499,0.493356,0.00484056
8,0.493939,0.0322693,0.457702,-0.00654062,0.494954,0.00485242
8,0.493854,0.0315686,0.457038,-0.00654627,0.49655,0.00486429
8,0.493769,0.0308679,0.456373,-0.00655194,0.498146,0.00487618
8,0.493684,0.0301672,0.455709,-0.00655764,0.49974,0.00488807
8,0.493599,0.0294665,0.455045,-0.00656335,0.501333,0.00489998
8,0.493514,0.0287658,0.454381,-0.00656909,0.502925,0.0049119
8,0.49343,0.0280651,0.453717,-0.00657486,0.504516,0.00492383
8,0.493345,0.0273644,0.453053,-0.00658064,0.506106,0.00493578
8,0.493261,0.0266637,0.452389,-0.00658645,0.507695,0.00494774
8,0.493177,0.025963,0.451725,-0.00659228,0.509282,0.00495971
8,0.493093,0.0252623,0.451061,-0.00659813,0.510868,0.00497169
8,0.493009,0.0245616,0.450398,-0.00660401,0.512453,0.00498368
8,0.492925,0.0238609,0.449734,-0.00660991,0.514037,0.00499569
8,0.492841,0.0231602,0.449071,-0.00661583,0.515619,0.00500771
8,0.492758,0.0224595,0.448408,-0.00662177,0.517201,0.00501973
8,0.492675,0.0217588,0.447745,-0.00662774,0.518781,0.00503178
8,0.492591,0.0210581,0.447082,-0.00663373,0.520359,0.00504383
8,0.492508,0.0203574,0.446419,-0.00663974,0.521936,0.0050559
8,0.492425,0.0196567,0.445756,-0.00664577,0.523512,0.00506797
8,0.492343,0.018956,0.445093,-0.00665182,0.525087,0.00508006
8,0.49226,0.0182553,0.44443,-0.0066579,0.52666,0.00509216
8,0.492178,0.0175546,0.443767,-0.006664,0.528232,0.00510427
8,0.492095,0.0168539,0.443105,-0.00667012,0.529803,0.0051164
8,0.492013,0.0161532,0.442442,-0.00667626,0.531372,0.00512853
8,0.491931,0.0154525,0.44178,-0.00668243,0.53294,0.00514068
8,0.491849,0.0147517,0.441118,-0.00668862,0.534506,0.00515283
8,0.491768,0.014051,0.440456,-0.00669483,0.536071,0.005165
8,0.491686,0.0133503,0.439794,-0.00670106,0.537634,0.00517718
8,0.491605,0.0126496,0.439131,-0.00670732,0.539196,0.00518937
8,0.491524,0.0119489,0.43847,-0.00671359,0.540756,0.00520158
8,0.491442,0.0112482,0.437808,-0.00671989,0.542315,0.00521379
8,0.491362,0.0105474,0.437146,-0.00672621,0.543873,0.00522602
8,0.491281,0.00984673,0.436484,-0.00673256,0.545429,0.00523825
8,0.4912,0.00914601,0.435822,-0.00673892,0.546983,0.0052505
8,0.49112,0.00844529,0.435161,-0.00674531,0.548535,0.00526275
8,0.491039,0.00774457,0.434499,-0.00675172,0.550087,0.00527502
8,0.490959,0.00704384,0.433838,-0.00675815,0.551636,0.0052873
8,0.490879,0.00634312,0.433177,-0.0067646,0.553184,0.00529959
8,0.490799,0.00564239,0.432515,-0.00677107,0.55473,0.00531189
8,0.49072,0.00494167,0.431854,-0.00677757,0.556275,0.0053242
8,0.49064,0.00424094,0.431193,-0.00678408,0.557818,0.00533652
8,0.490561,0.00354021,0.430532,-0.00679062,0.559359,0.00534885
8,0.490482,0.00283948,0.429871,-0.00679718,0.560898,0.00536119
8,0.490403,0.00213875,0.42921,-0.00680376,0.562436,0.00537354
8,0.490324,0.00143802,0.428549,-0.00681036,0.563972,0.0053859
8,0.490245,0.000737284,0.427888,-0.00681699,0.565506,0.00539827
8,0.490167,3.65503e-05,0.427228,-0.00682363,0.567039,0.00541065
8,0.490088,-0.000664185,0.426567,-0.0068303,0.56857,0.00542304
8,0.49001,-0.00136492,0.425906,-0.00683699,0.570099,0.00543544
8,0.489932,-0.00206566,0.425246,-0.0068437,0.571626,0.00544785
8,0.489854,-0.0027664,0.424585,-0.00685043,0.573151,0.00546026
8,0.489777,-0.00346714,0.423925,-0.00685718,0.574674,0.00547269
8,0.489699,-0.00416788,0.423264,-0.00686395,0.576196,0.00548513
8,0.489622,-0.00486862,0.422604,-0.00687074,0.577715,0.00549757
8,0.489545,-0.00556936,0.421944,-0.00687755,0.579233,0.00551003
8,0.489468,-0.0062701,0.421284,-0.00688439,0.580749,0.00552249
8,0.489391,-0.00697085,0.420623,-0.00689124,0.582263,0.00553497
8,0.489315,-0.0076716,0.419963,-0.00689812,0.583775,0.00554745
8,0.489238,-0.00837234,0.419303,-0.00690501,0.585284,0.00555994
8,0.489162,-0.00907309,0.418643,-0.00691193,0.586792,0.00557243
8,0.489086,-0.00977384,0.417983,-0.00691886,0.588298,0.00558494
8,0.48901,-0.0104746,0.417323,-0.00692582,0.589802,0.00559746
8,0.488934,-0.0111753,0.416663,-0.0069328,0.591304,0.00560998
8,0.488859,-0.0118761,0.416003,-0.00693979,0.592804,0.00562251
8,0.488783,-0.0125768,0.415344,-0.00694681,0.594301,0.00563505
8,0.488708,-0.0132776,0.414684,-0.00695384,0.595797,0.00564759
8,0.488633,-0.0139784,0.414024,-0.0069609,0.59729,0.00566015
8,0.488558,-0.0146791,0.413364,-0.00696798,0.598781,0.00567271
8,0.488484,-0.0153799,0.412705,-0.00697507,0.60027,0.00568528
8,0.488409,-0.0160806,0.412045,-0.00698219,0.601757,0.00569785
8,0.488335,-0.0167814,0.411386,-0.00698932,0.603242,0.00571043
8,0.488261,-0.0174822,0.410726,-0.00699648,0.604725,0.00572302
8,0.488187,-0.0181829,0.410067,-0.00700365,0.606205,0.00573562
8,0.488113,-0.0188837,0.409407,-0.00701084,0.607683,0.00574822
8,0.48804,-0.0195844,0.408748,-0.00701805,0.609159,0.00576083
8,0.487967,-0.0202852,0.408088,-0.00702528,0.610632,0.00577345
8,0.487893,-0.020986,0.407429,-0.00703253,0.612103,0.00578607
8,0.48782,-0.0216867,0.406769,-0.0070398,0.613572,0.0057987
8,0.487748,-0.0223875,0.40611,-0.00704708,0.615038,0.00581134
8,0.487675,-0.0230883,0.405451,-0.00705439,0.616503,0.00582398
9,0.487675,-0.0230883,0.405451,-0.00705439,0.616503,0.00582398
9,0.487675,-0.0230883,0.405451,-0.00705439,0.616503,0.00582398
9,0.488632,-0.023088,0.405397,-0.00704642,0.614989,0.00581257
9,0.48959,-0.0230884,0.405344,-0.00703903,0.613472,0.00579866
9,0.490548,-0.0230887,0.405291,-0.00703159,0.611952,0.00578517
10,0.490548,-0.0230887,0.405291,-0.00703159,0.611952,0.00578517
10,0.490494,-0.0221729,0.404939,-0.00703597,0.613008,0.00579215
10,0.490442,-0.0212569,0.404586,-0.00704119,0.614058,0.00580118
10,0.49039,-0.0203409,0.404233,-0.00704641,0.615105,0.00581021
10,0.490339,-0.019425,0.403879,-0.00705162,0.61615,0.00581922
10,0.490287,-0.018509,0.403526,-0.00705684,0.617191,0.00582822
10,0.490236,-0.0175931,0.403173,-0.00706205,0.618229,0.00583721
10,0.490184,-0.0166771,0.40282,-0.00706727,0.619265,0.00584618
10,0.490133,-0.0157612,0.402466,-0.00707249,0.620297,0.00585515
10,0.490083,-0.0148452,0.402113,-0.0070777,0.621327,0.0058641
10,0.490032,-0.0139293,0.401759,-0.00708292,0.622354,0.00587304
10,0.489981,-0.0130133,0.401406,-0.00708814,0.623378,0.00588197
10,0.489931,-0.0120974,0.401052,-0.00709336,0.624399,0.00589089
10,0.489881,-0.0111814,0.400699,-0.00709858,0.625418,0.0058998
10,0.489831,-0.0102655,0.400345,-0.00710381,0.626434,0.0059087
10,0.489781,-0.00934953,0.399991,-0.00710903,0.627447,0.00591758
10,0.489732,-0.00843358,0.399638,-0.00711425,0.628458,0.00592646
10,0.489682,-0.00751764,0.399284,-0.00711948,0.629465,0.00593532
10,0.489633,-0.0066017,0.39893,-0.00712471,0.630471,0.00594418
10,0.489584,-0.00568575,0.398576,-0.00712994,0.631473,0.00595303
10,0.489535,-0.00476981,0.398222,-0.00713517,0.632473,0.00596186
10,0.489486,-0.00385387,0.397868,-0.0071404,0.633471,0.00597069
10,0.489437,-0.00293793,0.397514,-0.00714563,0.634466,0.0059795
10,0.489389,-0.00202199,0.39716,-0.00715086,0.635458,0.00598831
10,0.48934,-0.00110606,0.396806,-0.0071561,0.636448,0.00599711
10,0.489292,-0.000190119,0.396452,-0.00716133,0.637435,0.00600589
10,0.489244,0.000725817,0.396098,-0.00716657,0.63842,0.00601467
10,0.489196,0.00164175,0.395744,-0.00717181,0.639403,0.00602344
10,0.489149,0.00255769,0.395389,-0.00717705,0.640383,0.0060322
10,0.489101,0.00347362,0.395035,-0.0071823,0.64136,0.00604096
10,0.489054,0.00438955,0.394681,-0.00718754,0.642335,0.0060497
10,0.489006,0.00530549,0.394326,-0.00719279,0.643308,0.00605844
10,0.488959,0.00622142,0.393972,-0.00719804,0.644279,0.00606716
10,0.488912,0.00713735,0.393617,-0.00720329,0.645247,0.00607588
10,0.488865,0.00805328,0.393263,-0.00720854,0.646213,0.00608459
10,0.488819,0.00896921,0.392908,-0.00721379,0.647177,0.0060933
10,0.488772,0.00988514,0.392554,-0.00721905,0.648138,0.00610199
10,0.488726,0.0108011,0.392199,-0.0072243,0.649097,0.00611068
10,0.48868,0.011717,0.391845,-0.00722956,0.650054,0.00611936
10,0.488633,0.0126329,0.39149,-0.00723483,0.651009,0.00612803
10,0.488588,0.0135488,0.391135,-0.00724009,0.651961,0.0061367
10,0.488542,0.0144648,0.390781,-0.00724536,0.652912,0.00614535
10,0.488496,0.0153807,0.390426,-0.00725063,0.65386,0.00615401
10,0.48845,0.0162966,0.390071,-0.0072559,0.654806,0.00616265
10,0.488405,0.0172125,0.389716,-0.00726117,0.65575,0.00617129
10,0.48836,0.0181285,0.389361,-0.00726645,0.656692,0.00617992
10,0.488315,0.0190444,0.389006,-0.00727172,0.657632,0.00618854
10,0.488269,0.0199603,0.388651,-0.007277,0.658569,0.00619716
10,0.488225,0.0208762,0.388296,-0.00728229,0.659505,0.00620577
10,0.48818,0.0217921,0.387941,-0.00728757,0.660439,0.00621438
10,0.488135,0.0227081,0.387586,-0.00729286,0.66137,0.00622298
10,0.488091,0.023624,0.387231,-0.00729815,0.6623,0.00623157
10,0.488046,0.0245399,0.386876,-0.00730345,0.663228,0.00624016
10,0.488002,0.0254558,0.386521,-0.00730874,0.664153,0.00624874
10,0.487958,0.0263717,0.386166,-0.00731404,0.665077,0.00625731
10,0.487914,0.0272876,0.38581,-0.00731934,0.665999,0.00626589
10,0.48787,0.0282036,0.385455,-0.00732465,0.666919,0.00627445
10,0.487826,0.0291195,0.3851,-0.00732995,0.667837,0.00628301
10,0.487783,0.0300354,0.384745,-0.00733527,0.668753,0.00629157
10,0.487739,0.0309513,0.384389,-0.00734058,0.669667,0.00630012
10,0.487696,0.0318672,0.384034,-0.0073459,0.67058,0.00630866
10,0.487652,0.0327831,0.383678,-0.00735122,0.67149,0.0063172
10,0.487609,0.033699,0.383323,-0.00735654,0.672399,0.00632574
10,0.487566,0.0346149,0.382968,-0.00736187,0.673306,0.00633427
10,0.487523,0.0355308,0.382612,-0.00736719,0.674211,0.00634279
10,0.48748,0.0364468,0.382257,-0.00737253,0.675115,0.00635132
10,0.487438,0.0373627,0.381901,-0.00737786,0.676017,0.00635983
10,0.487395,0.0382786,0.381545,-0.0073832,0.676917,0.00636835
10,0.487353,0.0391945,0.38119,-0.00738855,0.677815,0.00637686
10,0.48731,0.0401104,0.380834,-0.00739389,0.678711,0.00638536
10,0.487268,0.0410263,0.380479,-0.00739924,0.679606,0.00639387
10,0.487226,0.0419422,0.380123,-0.0074046,0.680499,0.00640236
10,0.487184,0.0428581,0.379767,-0.00740995,0.681391,0.00641086
10,0.487142,0.043774,0.379411,-0.00741531,0.682281,0.00641935
10,0.4871,0.0446899,0.379056,-0.00742068,0.683169,0.00642784
10,0.487058,0.0456058,0.3787,-0.00742605,0.684055,0.00643632
10,0.487017,0.0465217,0.378344,-0.00743142,0.68494,0.0064448
10,0.486975,0.0474376,0.377988,-0.00743679,0.685824,0.00645328
10,0.486934,0.0483535,0.377632,-0.00744217,0.686705,0.00646176
10,0.486892,0.0492694,0.377276,-0.00744756,0.687586,0.00647023
10,0.486851,0.0501853,0.376921,-0.00745295,0.688464,0.0064787
10,0.48681,0.0511012,0.376565,-0.00745834,0.689341,0.00648717
10,0.486769,0.0520171,0.376209,-0.00746373,0.690217,0.00649563
10,0.486728,0.052933,0.375853,-0.00746913,0.691091,0.00650409
10,0.486688,0.0538489,0.375497,-0.00747454,0.691963,0.00651255
10,0.486647,0.0547648,0.375141,-0.00747994,0.692834,0.00652101
10,0.486606,0.0556807,0.374785,-0.00748536,0.693704,0.00652946
10,0.486566,0.0565966,0.374429,-0.00749077,0.694572,0.00653792
10,0.486525,0.0575125,0.374072,-0.00749619,0.695438,0.00654637
10,0.486485,0.0584284,0.373716,-0.00750162,0.696303,0.00655482
10,0.486445,0.0593443,0.37336,-0.00750705,0.697167,0.00656326
10,0.486405,0.0602602,0.373004,-0.00751248,0.698029,0.00657171
10,0.486365,0.0611761,0.372648,-0.00751792,0.69889,0.00658015
10,0.486325,0.062092,0.372292,-0.00752336,0.69975,0.00658859
10,0.486285,0.0630079,0.371936,-0.00752881,0.700608,0.00659703
10,0.486245,0.0639238,0.371579,-0.00753426,0.701464,0.00660547
10,0.486206,0.0648397,0.371223,-0.00753972,0.70232,0.00661391
10,0.486166,0.0657556,0.370867,-0.00754518,0.703173,0.00662235
10,0.486127,0.0666714,0.37051,-0.00755065,0.704026,0.00663078
10,0.486087,0.0675873,0.370154,-0.00755612,0.704877,0.00663921
10,0.486048,0.0685032,0.369798,-0.0075616,0.705727,0.00664765
10,0.486009,0.0694191,0.369441,-0.00756708,0.706576,0.00665608
10,0.48597,0.070335,0.369085,-0.00757256,0.707423,0.00666451
10,0.485931,0.0712509,0.368729,-0.00757805,0.708269,0.00667294
10,0.485892,0.0721668,0.368372,-0.00758355,0.709114,0.00668137
10,0.485853,0.0730827,0.368016,-0.00758905,0.709957,0.0066898
10,0.485814,0.0739986,0.367659,-0.00759456,0.710799,0.00669823
10,0.485775,0.0749144,0.367303,-0.00760007,0.71164,0.00670666
10,0.485737,0.0758303,0.366947,-0.00760558,0.712479,0.00671509
10,0.485698,0.0767462,0.36659,-0.0076111,0.713318,0.00672352
10,0.48566,0.0776621,0.366234,-0.00761663,0.714155,0.00673195
10,0.485622,0.078578,0.365877,-0.00762216,0.714991,0.00674037
10,0.485583,0.0794939,0.36552,-0.0076277,0.715826,0.0067488
10,0.485545,0.0804098,0.365164,-0.00763324,0.716659,0.00675723
10,0.485507,0.0813256,0.364807,-0.00763879,0.717491,0.00676566
10,0.485469,0.0822415,0.364451,-0.00764434,0.718322,0.00677408
10,0.485431,0.0831574,0.364094,-0.0076499,0.719152,0.00678251
10,0.485393,0.0840733,0.363738,-0.00765546,0.719981,0.00679094
10,0.485356,0.0849892,0.363381,-0.00766103,0.720809,0.00679937
10,0.485318,0.0859051,0.363024,-0.00766661,0.721635,0.0068078
10,0.48528,0.0868209,0.362668,-0.00767219,0.72246,0.00681623
10,0.485243,0.0877368,0.362311,-0.00767777,0.723284,0.00682466
10,0.485206,0.0886527,0.361954,-0.00768337,0.724107,0.00683309
10,0.485168,0.0895686,0.361597,-0.00768896,0.724929,0.00684153
10,0.485131,0.0904845,0.361241,-0.00769457,0.72575,0.00684996
10,0.485094,0.0914003,0.360884,-0.00770018,0.72657,0.00685839
10,0.485057,0.0923162,0.360527,-0.00770579,0.727388,0.00686683
10,0.48502,0.0932321,0.360171,-0.00771141,0.728206,0.00687526
10,0.484983,0.094148,0.359814,-0.00771704,0.729022,0.0068837
10,0.484946,0.0950638,0.359457,-0.00772267,0.729837,0.00689214
10,0.484909,0.0959797,0.3591,-0.00772831,0.730652,0.00690058
10,0.484872,0.0968956,0.358743,-0.00773395,0.731465,0.00690902
10,0.484835,0.0978115,0.358386,-0.0077396,0.732277,0.00691746
10,0.484799,0.0987274,0.35803,-0.00774526,0.733088,0.0069259
10,0.484762,0.0996432,0.357673,-0.00775092,0.733898,0.00693435
10,0.484726,0.100559,0.357316,-0.00775659,0.734707,0.0069428
10,0.48469,0.101475,0.356959,-0.00776226,0.735515,0.00695124
10,0.484653,0.102391,0.356602,-0.00776794,0.736321,0.00695969
10,0.484617,0.103307,0.356245,-0.00777363,0.737127,0.00696814
10,0.484581,0.104223,0.355888,-0.00777932,0.737932,0.0069766
10,0.484545,0.105138,0.355531,-0.00778502,0.738736,0.00698505
10,0.484509,0.106054,0.355174,-0.00779072,0.739539,0.00699351
10,0.484473,0.10697,0.354817,-0.00779644,0.740341,0.00700197
10,0.484437,0.107886,0.35446,-0.00780215,0.741141,0.00701043
10,0.484401,0.108802,0.354104,-0.00780788,0.741941,0.00701889
10,0.484365,0.109718,0.353747,-0.00781361,0.74274,0.00702735
10,0.48433,0.110634,0.35339,-0.00781934,0.743538,0.00703582
10,0.484294,0.11155,0.353032,-0.00782509,0.744335,0.00704429
10,0.484259,0.112465,0.352675,-0.00783084,0.745131,0.00705276
10,0.484223,0.113381,0.352318,-0.00783659,0.745926,0.00706123
10,0.484188,0.114297,0.351961,-0.00784235,0.74672,0.00706971
10,0.484152,0.115213,0.351604,-0.00784812,0.747513,0.00707818
10,0.484117,0.116129,0.351247,-0.0078539,0.748305,0.00708666
10,0.484082,0.117045,0.35089,-0.00785968,0.749096,0.00709514
10,0.484047,0.117961,0.350533,-0.00786547,0.749887,0.00710363
10,0.484012,0.118877,0.350176,-0.00787126,0.750676,0.00711212
10,0.483977,0.119792,0.349819,-0.00787707,0.751464,0.00712061
10,0.483942,0.120708,0.349462,-0.00788287,0.752252,0.0071291
10,0.483907,0.121624,0.349105,-0.00788869,0.753038,0.00713759
10,0.483872,0.12254,0.348747,-0.00789451,0.753824,0.00714609
10,0.483838,0.123456,0.34839,-0.00790034,0.754609,0.00715459
10,0.483803,0.124372,0.348033,-0.00790617,0.755393,0.00716309
10,0.483768,0.125288,0.347676,-0.00791201,0.756175,0.0071716
10,0.483734,0.126203,0.347319,-0.00791786,0.756957,0.00718011
10,0.483699,0.127119,0.346962,-0.00792372,0.757739,0.00718862
10,0.483665,0.128035,0.346604,-0.00792958,0.758519,0.00719713
10,0.483631,0.128951,0.346247,-0.00793545,0.759298,0.00720565
10,0.483597,0.129867,0.34589,-0.00794132,0.760077,0.00721417
10,0.483562,0.130783,0.345533,-0.00794721,0.760854,0.00722269
10,0.483528,0.131699,0.345175,-0.0079531,0.761631,0.00723121
10,0.483494,0.132614,0.344818,-0.00795899,0.762407,0.00723974
10,0.48346,0.13353,0.344461,-0.00796489,0.763181,0.00724828
10,0.483426,0.134446,0.344104,-0.0079708,0.763955,0.00725681
10,0.483392,0.135362,0.343746,-0.00797672,0.764729,0.00726535
10,0.483358,0.136278,0.343389,-0.00798264,0.765501,0.00727389
10,0.483325,0.137194,0.343032,-0.00798857,0.766272,0.00728243
10,0.483291,0.13811,0.342674,-0.00799451,0.767043,0.00729098
10,0.483257,0.139026,0.342317,-0.00800045,0.767813,0.00729953
10,0.483224,0.139941,0.34196,-0.00800641,0.768581,0.00730808
10,0.48319,0.140857,0.341602,-0.00801236,0.769349,0.00731664
10,0.483157,0.141773,0.341245,-0.00801833,0.770117,0.0073252
10,0.483124,0.142689,0.340888,-0.0080243,0.770883,0.00733376
10,0.48309,0.143605,0.34053,-0.00803028,0.771648,0.00734233
11,0.48309,0.143605,0.34053,-0.00803028,0.771648,0.00734233
11,0.48309,0.143605,0.34053,-0.00803028,0.771648,0.00734233
11,0.483841,0.143605,0.340484,-0.00802148,0.770551,0.00733044
11,0.484592,0.143605,0.340437,-0.00801303,0.769452,0.00731903
11,0.485343,0.143605,0.340391,-0.00800427,0.768352,0.00730715
12,0.485343,0.143605,0.340391,-0.00800427,0.768352,0.00730715
12,0.485263,0.144045,0.339569,-0.00801819,0.77016,0.00732612
12,0.485185,0.144485,0.338748,-0.00803228,0.771965,0.00734632
12,0.485106,0.144925,0.337927,-0.00804642,0.773768,0.00736656
12,0.485028,0.145366,0.337105,-0.00806062,0.775568,0.00738685
12,0.48495,0.145806,0.336284,-0.00807488,0.777366,0.00740719
12,0.484873,0.146247,0.335463,-0.00808919,0.779161,0.00742757
12,0.484795,0.146687,0.334642,-0.00810356,0.780954,0.007448
12,0.484718,0.147127,0.333821,-0.00811799,0.782745,0.00746847
12,0.484641,0.147568,0.333,-0.00813248,0.784534,0.00748899
12,0.484565,0.148008,0.332179,-0.00814703,0.78632,0.00750956
12,0.484488,0.148448,0.331358,-0.00816164,0.788104,0.00753017
12,0.484412,0.148888,0.330537,-0.00817631,0.789885,0.00755083
12,0.484336,0.149329,0.329716,-0.00819103,0.791664,0.00757153
12,0.48426,0.149769,0.328895,-0.00820582,0.793441,0.00759228
12,0.484185,0.150209,0.328074,-0.00822066,0.795216,0.00761308
12,0.48411,0.15065,0.327253,-0.00823556,0.796987,0.00763393
12,0.484035,0.15109,0.326432,-0.00825053,0.798757,0.00765482
12,0.48396,0.15153,0.325612,-0.00826555,0.800524,0.00767576
12,0.483885,0.151971,0.324791,-0.00828063,0.802289,0.00769675
12,0.483811,0.152411,0.32397,-0.00829577,0.804051,0.00771779
12,0.483737,0.152851,0.323149,-0.00831098,0.805811,0.00773887
12,0.483663,0.153292,0.322329,-0.00832624,0.807568,0.00776001
12,0.48359,0.153732,0.321508,-0.00834156,0.809323,0.00778119
12,0.483516,0.154172,0.320687,-0.00835695,0.811075,0.00780242
12,0.483443,0.154613,0.319867,-0.00837239,0.812825,0.00782369
12,0.483371,0.155053,0.319046,-0.0083879,0.814573,0.00784502
12,0.483298,0.155493,0.318226,-0.00840346,0.816318,0.00786639
12,0.483226,0.155934,0.317405,-0.00841909,0.81806,0.00788781
12,0.483153,0.156374,0.316584,-0.00843478,0.8198,0.00790929
12,0.483082,0.156814,0.315764,-0.00845053,0.821537,0.00793081
12,0.48301,0.157254,0.314943,-0.00846634,0.823272,0.00795238
12,0.482938,0.157695,0.314123,-0.00848221,0.825005,0.00797399
12,0.482867,0.158135,0.313302,-0.00849815,0.826734,0.00799566
12,0.482796,0.158575,0.312482,-0.00851414,0.828462,0.00801738
12,0.482726,0.159016,0.311661,-0.0085302,0.830186,0.00803914
12,0.482655,0.159456,0.310841,-0.00854632,0.831908,0.00806096
12,0.482585,0.159896,0.31002,-0.0085625,0.833628,0.00808283
12,0.482515,0.160337,0.3092,-0.00857875,0.835345,0.00810474
12,0.482445,0.160777,0.308379,-0.00859505,0.837059,0.00812671
12,0.482376,0.161217,0.307559,-0.00861142,0.838771,0.00814872
12,0.482306,0.161657,0.306738,-0.00862785,0.84048,0.00817079
12,0.482237,0.162098,0.305918,-0.00864434,0.842186,0.00819291
12,0.482169,0.162538,0.305097,-0.0086609,0.84389,0.00821507
12,0.4821,0.162978,0.304277,-0.00867752,0.845591,0.00823729
12,0.482032,0.163419,0.303456,-0.0086942,0.847289,0.00825956
12,0.481964,0.163859,0.302636,-0.00871095,0.848985,0.00828187
12,0.481896,0.164299,0.301815,-0.00872775,0.850678,0.00830424
12,0.481828,0.164739,0.300995,-0.00874463,0.852369,0.00832666
12,0.481761,0.16518,0.300174,-0.00876156,0.854056,0.00834913
12,0.481694,0.16562,0.299354,-0.00877856,0.855741,0.00837165
12,0.481627,0.16606,0.298533,-0.00879562,0.857424,0.00839423
12,0.48156,0.1665,0.297713,-0.00881274,0.859103,0.00841685
12,0.481494,0.166941,0.296892,-0.00882993,0.86078,0.00843953
12,0.481428,0.167381,0.296072,-0.00884718,0.862454,0.00846225
12,0.481362,0.167821,0.295251,-0.0088645,0.864126,0.00848503
12,0.481296,0.168262,0.29443,-0.00888188,0.865794,0.00850786
12,0.481231,0.168702,0.29361,-0.00889932,0.86746,0.00853074
12,0.481165,0.169142,0.292789,-0.00891683,0.869123,0.00855367
12,0.4811,0.169582,0.291968,-0.0089344,0.870783,0.00857665
12,0.481036,0.170023,0.291148,-0.00895204,0.87244,0.00859969
12,0.480971,0.170463,0.290327,-0.00896974,0.874095,0.00862278
12,0.480907,0.170903,0.289506,-0.0089875,0.875747,0.00864592
12,0.480843,0.171343,0.288685,-0.00900533,0.877396,0.00866911
12,0.480779,0.171784,0.287865,-0.00902323,0.879042,0.00869235
12,0.480715,0.172224,0.287044,-0.00904118,0.880685,0.00871565
12,0.480652,0.172664,0.286223,-0.00905921,0.882325,0.00873899
12,0.480589,0.173104,0.285402,-0.00907729,0.883963,0.00876239
12,0.480526,0.173545,0.284581,-0.00909544,0.885597,0.00878585
12,0.480464,0.173985,0.28376,-0.00911366,0.887229,0.00880935
12,0.480401,0.174425,0.282939,-0.00913194,0.888858,0.00883291
12,0.480339,0.174865,0.282118,-0.00915029,0.890484,0.00885652
12,0.480277,0.175306,0.281297,-0.0091687,0.892107,0.00888018
12,0.480216,0.175746,0.280476,-0.00918718,0.893727,0.00890389
12,0.480154,0.176186,0.279655,-0.00920572,0.895344,0.00892766
12,0.480093,0.176626,0.278834,-0.00922432,0.896958,0.00895148
12,0.480032,0.177067,0.278012,-0.00924299,0.898569,0.00897535
12,0.479971,0.177507,0.277191,-0.00926173,0.900178,0.00899927
12,0.479911,0.177947,0.27637,-0.00928053,0.901783,0.00902325
12,0.47985,0.178387,0.275548,-0.0092994,0.903385,0.00904728
12,0.47979,0.178828,0.274727,-0.00931833,0.904984,0.00907136
12,0.479731,0.179268,0.273906,-0.00933733,0.906581,0.0090955
12,0.479671,0.179708,0.273084,-0.00935639,0.908174,0.00911968
12,0.479612,0.180148,0.272262,-0.00937552,0.909764,0.00914393
12,0.479553,0.180588,0.271441,-0.00939471,0.911351,0.00916822
12,0.479494,0.181029,0.270619,-0.00941397,0.912935,0.00919256
12,0.479435,0.181469,0.269797,-0.00943329,0.914516,0.00921696
12,0.479377,0.181909,0.268976,-0.00945268,0.916094,0.00924141
12,0.479319,0.182349,0.268154,-0.00947213,0.917669,0.00926592
12,0.479261,0.18279,0.267332,-0.00949165,0.919241,0.00929047
12,0.479203,0.18323,0.26651,-0.00951124,0.92081,0.00931508
12,0.479146,0.18367,0.265688,-0.00953089,0.922375,0.00933975
12,0.479088,0.18411,0.264866,-0.0095506,0.923938,0.00936446
12,0.479031,0.18455,0.264044,-0.00957038,0.925497,0.00938923
12,0.478975,0.184991,0.263222,-0.00959023,0.927053,0.00941405
12,0.478918,0.185431,0.262399,-0.00961014,0.928606,0.00943892
12,0.478862,0.185871,0.261577,-0.00963012,0.930156,0.00946385
12,0.478806,0.186311,0.260755,-0.00965016,0.931703,0.00948883
12,0.47875,0.186752,0.259932,-0.00967027,0.933247,0.00951386
12,0.478694,0.187192,0.25911,-0.00969044,0.934787,0.00953894
12,0.478639,0.187632,0.258287,-0.00971068,0.936324,0.00956408
12,0.478584,0.188072,0.257464,-0.00973098,0.937858,0.00958927
12,0.478529,0.188512,0.256642,-0.00975135,0.939389,0.00961451
12,0.478474,0.188953,0.255819,-0.00977178,0.940916,0.0096398
12,0.47842,0.189393,0.254996,-0.00979228,0.942441,0.00966515
12,0.478366,0.189833,0.254173,-0.00981284,0.943962,0.00969054
12,0.478312,0.190273,0.25335,-0.00983347,0.945479,0.009716
12,0.478258,0.190713,0.252527,-0.00985416,0.946994,0.0097415
12,0.478204,0.191154,0.251704,-0.00987492,0.948505,0.00976705
12,0.478151,0.191594,0.25088,-0.00989574,0.950013,0.00979266
12,0.478098,0.192034,0.250057,-0.00991663,0.951518,0.00981832
12,0.478045,0.192474,0.249234,-0.00993758,0.953019,0.00984403
12,0.477993,0.192914,0.24841,-0.0099586,0.954517,0.00986979
12,0.47794,0.193355,0.247586,-0.00997968,0.956012,0.0098956
12,0.477888,0.193795,0.246763,-0.0100008,0.957503,0.00992147
12,0.477836,0.194235,0.245939,-0.010022,0.958991,0.00994739
12,0.477784,0.194675,0.245115,-0.0100433,0.960476,0.00997336
13,0.477784,0.194675,0.245115,-0.0100433,0.960476,0.00997336
13,0.477784,0.194675,0.245115,-0.0100433,0.960476,0.00997336
13,0.477004,0.194675,0.245184,-0.0100631,0.96186,0.00999789
13,0.476224,0.194676,0.245253,-0.010083,0.963242,0.0100225
13,0.475444,0.194676,0.245322,-0.010103,0.964623,0.0100472
14,0.475444,0.194676,0.245322,-0.010103,0.964623,0.0100472
14,0.475484,0.193986,0.245979,-0.0100864,0.963458,0.0100259
14,0.475524,0.193297,0.246636,-0.0100695,0.962288,0.0100052
14,0.475565,0.192608,0.247293,-0.0100525,0.961116,0.00998458
14,0.475606,0.191919,0.24795,-0.0100357,0.959942,0.00996398
14,0.475647,0.191229,0.248607,-0.0100188,0.958765,0.00994342
14,0.475688,0.19054,0.249264,-0.010002,0.957586,0.00992288
14,0.475729,0.189851,0.249921,-0.00998527,0.956404,0.00990237
14,0.475771,0.189161,0.250577,-0.00996855,0.955221,0.00988189
14,0.475812,0.188472,0.251234,-0.00995186,0.954034,0.00986143
14,0.475854,0.187783,0.25189,-0.0099352,0.952846,0.009841
14,0.475896,0.187094,0.252547,-0.00991859,0.951655,0.0098206
14,0.475938,0.186404,0.253203,-0.00990201,0.950462,0.00980023
14,0.47598,0.185715,0.25386,-0.00988547,0.949266,0.00977989
14,0.476023,0.185026,0.254516,-0.00986897,0.948069,0.00975958
14,0.476065,0.184336,0.255172,-0.0098525,0.946868,0.0097393
14,0.476108,0.183647,0.255828,-0.00983607,0.945666,0.00971904
14,0.476151,0.182958,0.256484,-0.00981968,0.944461,0.00969881
14,0.476194,0.182268,0.25714,-0.00980333,0.943254,0.00967862
14,0.476237,0.181579,0.257796,-0.00978701,0.942045,0.00965845
14,0.47628,0.18089,0.258452,-0.00977074,0.940833,0.00963831
14,0.476324,0.180201,0.259108,-0.0097545,0.93962,0.0096182
14,0.476367,0.179511,0.259764,-0.0097383,0.938404,0.00959812
14,0.476411,0.178822,0.26042,-0.00972213,0.937185,0.00957807
14,0.476455,0.178133,0.261076,-0.00970601,0.935965,0.00955805
14,0.476499,0.177443,0.261731,-0.00968993,0.934742,0.00953806
14,0.476543,0.176754,0.262387,-0.00967388,0.933517,0.0095181
14,0.476587,0.176065,0.263042,-0.00965787,0.93229,0.00949816
14,0.476632,0.175375,0.263698,-0.0096419,0.93106,0.00947826
14,0.476677,0.174686,0.264353,-0.00962597,0.929828,0.00945839
14,0.476721,0.173997,0.265009,-0.00961008,0.928594,0.00943855
14,0.476766,0.173307,0.265664,-0.00959422,0.927358,0.00941874
14,0.476812,0.172618,0.266319,-0.00957841,0.92612,0.00939896
14,0.476857,0.171929,0.266974,-0.00956263,0.92488,0.00937921
14,0.476902,0.17124,0.267629,-0.0095469,0.923637,0.00935949
14,0.476948,0.17055,0.268285,-0.0095312,0.922392,0.0093398
14,0.476994,0.169861,0.26894,-0.00951554,0.921145,0.00932014
14,0.47704,0.169172,0.269595,-0.00949992,0.919896,0.00930051
14,0.477086,0.168482,0.27025,-0.00948434,0.918645,0.00928092
14,0.477132,0.167793,0.270905,-0.0094688,0.917391,0.00926135
14,0.477178,0.167104,0.27156,-0.0094533,0.916136,0.00924181
14,0.477225,0.166414,0.272214,-0.00943784,0.914878,0.00922231
14,0.477271,0.165725,0.272869,-0.00942242,0.913618,0.00920283
14,0.477318,0.165036,0.273524,-0.00940704,0.912356,0.00918339
14,0.477365,0.164346,0.274179,-0.00939169,0.911092,0.00916398
14,0.477412,0.163657,0.274833,-0.00937639,0.909826,0.0091446
14,0.47746,0.162968,0.275488,-0.00936112,0.908558,0.00912525
14,0.477507,0.162278,0.276143,-0.0093459,0.907288,0.00910593
14,0.477555,0.161589,0.276797,-0.00933071,0.906015,0.00908664
14,0.477602,0.1609,0.277452,-0.00931557,0.904741,0.00906738
14,0.47765,0.16021,0.278106,-0.00930046,0.903464,0.00904816
14,0.477698,0.159521,0.278761,-0.0092854,0.902185,0.00902896
14,0.477747,0.158832,0.279415,-0.00927037,0.900905,0.0090098
14,0.477795,0.158142,0.280069,-0.00925538,0.899622,0.00899067
14,0.477844,0.157453,0.280724,-0.00924043,0.898337,0.00897156
14,0.477892,0.156764,0.281378,-0.00922553,0.89705,0.00895249
14,0.477941,0.156074,0.282032,-0.00921066,0.895761,0.00893346
14,0.47799,0.155385,0.282686,-0.00919583,0.89447,0.00891445
14,0.478039,0.154696,0.283341,-0.00918104,0.893177,0.00889547
14,0.478089,0.154006,0.283995,-0.0091663,0.891882,0.00887653
14,0.478138,0.153317,0.284649,-0.00915159,0.890585,0.00885762
14,0.478188,0.152628,0.285303,-0.00913692,0.889286,0.00883873
14,0.478238,0.151938,0.285957,-0.00912229,0.887985,0.00881988
14,0.478288,0.151249,0.286611,-0.0091077,0.886682,0.00880106
14,0.478338,0.15056,0.287265,-0.00909315,0.885377,0.00878228
14,0.478388,0.14987,0.287919,-0.00907864,0.88407,0.00876352
14,0.478438,0.149181,0.288573,-0.00906417,0.882761,0.0087448
14,0.478489,0.148492,0.289227,-0.00904974,0.88145,0.0087261
14,0.47854,0.147802,0.289881,-0.00903535,0.880137,0.00870744
14,0.478591,0.147113,0.290535,-0.009021,0.878822,0.00868881
14,0.478642,0.146424,0.291189,-0.00900669,0.877505,0.00867021
14,0.478693,0.145734,0.291843,-0.00899242,0.876186,0.00865164
14,0.478744,0.145045,0.292496,-0.00897819,0.874866,0.0086331
14,0.478796,0.144356,0.29315,-0.008964,0.873543,0.0086146
14,0.478847,0.143666,0.293804,-0.00894984,0.872218,0.00859613
14,0.478899,0.142977,0.294458,-0.00893573,0.870891,0.00857768
14,0.478951,0.142288,0.295111,-0.00892166,0.869563,0.00855927
14,0.479003,0.141598,0.295765,-0.00890763,0.868232,0.00854089
14,0.479056,0.140909,0.296419,-0.00889363,0.8669,0.00852254
14,0.479108,0.14022,0.297072,-0.00887968,0.865566,0.00850422
14,0.479161,0.13953,0.297726,-0.00886577,0.864229,0.00848594
14,0.479213,0.138841,0.29838,-0.00885189,0.862891,0.00846768
14,0.479266,0.138151,0.299033,-0.00883806,0.861551,0.00844946
14,0.479319,0.137462,0.299687,-0.00882426,0.860209,0.00843126
14,0.479373,0.136773,0.30034,-0.0088105,0.858865,0.0084131
14,0.479426,0.136083,0.300994,-0.00879679,0.857519,0.00839497
14,0.47948,0.135394,0.301648,-0.00878311,0.856172,0.00837687
14,0.479533,0.134705,0.302301,-0.00876947,0.854822,0.0083588
14,0.479587,0.134015,0.302955,-0.00875587,0.853471,0.00834076
14,0.479641,0.133326,0.303608,-0.00874231,0.852117,0.00832275
14,0.479696,0.132637,0.304262,-0.00872879,0.850762,0.00830478
14,0.47975,0.131947,0.304915,-0.00871531,0.849405,0.00828683
14,0.479804,0.131258,0.305569,-0.00870187,0.848046,0.00826892
14,0.479859,0.130569,0.306222,-0.00868847,0.846685,0.00825103
14,0.479914,0.129879,0.306875,-0.0086751,0.845323,0.00823318
14,0.479969,0.12919,0.307529,-0.00866178,0.843958,0.00821536
14,0.480024,0.1285,0.308182,-0.00864849,0.842592,0.00819756
14,0.480079,0.127811,0.308836,-0.00863525,0.841224,0.0081798
14,0.480135,0.127122,0.309489,-0.00862204,0.839854,0.00816207
14,0.480191,0.126432,0.310143,-0.00860887,0.838482,0.00814437
14,0.480246,0.125743,0.310796,-0.00859574,0.837108,0.0081267
14,0.480302,0.125054,0.311449,-0.00858265,0.835733,0.00810906
14,0.480358,0.124364,0.312103,-0.0085696,0.834355,0.00809145
14,0.480415,0.123675,0.312756,-0.00855658,0.832976,0.00807387
14,0.480471,0.122985,0.31341,-0.00854361,0.831595,0.00805632
14,0.480528,0.122296,0.314063,-0.00853067,0.830212,0.0080388
14,0.480585,0.121607,0.314716,-0.00851777,0.828828,0.00802131
14,0.480641,0.120917,0.31537,-0.00850491,0.827441,0.00800385
14,0.480698,0.120228,0.316023,-0.00849209,0.826053,0.00798642
14,0.480756,0.119539,0.316676,-0.00847931,0.824663,0.00796902
14,0.480813,0.118849,0.31733,-0.00846656,0.823271,0.00795165
14,0.480871,0.11816,0.317983,-0.00845385,0.821877,0.00793431
14,0.480928,0.11747,0.318637,-0.00844119,0.820482,0.00791699
14,0.480986,0.116781,0.31929,-0.00842855,0.819084,0.00789971
14,0.481044,0.116092,0.319943,-0.00841596,0.817685,0.00788246
14,0.481103,0.115402,0.320597,-0.00840341,0.816284,0.00786524
14,0.481161,0.114713,0.32125,-0.00839089,0.814882,0.00784804
14,0.481219,0.114024,0.321903,-0.00837841,0.813477,0.00783088
14,0.481278,0.113334,0.322557,-0.00836597,0.812071,0.00781375
14,0.481337,0.112645,0.32321,-0.00835357,0.810663,0.00779664
14,0.481396,0.111955,0.323864,-0.0083412,0.809253,0.00777956
14,0.481455,0.111266,0.324517,-0.00832887,0.807841,0.00776252
14,0.481514,0.110577,0.32517,-0.00831658,0.806428,0.0077455
14,0.481574,0.109887,0.325824,-0.00830433,0.805013,0.00772851
14,0.481634,0.109198,0.326477,-0.00829211,0.803596,0.00771155
14,0.481693,0.108508,0.327131,-0.00827993,0.802177,0.00769461
14,0.481753,0.107819,0.327784,-0.00826779,0.800757,0.00767771
14,0.481814,0.10713,0.328438,-0.00825568,0.799334,0.00766083
14,0.481874,0.10644,0.329091,-0.00824362,0.79791,0.00764399
14,0.481934,0.105751,0.329744,-0.00823158,0.796485,0.00762717
14,0.481995,0.105061,0.330398,-0.00821959,0.795057,0.00761038
14,0.482056,0.104372,0.331051,-0.00820763,0.793628,0.00759361
14,0.482117,0.103683,0.331705,-0.00819571,0.792196,0.00757688
14,0.482178,0.102993,0.332358,-0.00818383,0.790764,0.00756017
14,0.482239,0.102304,0.333012,-0.00817198,0.789329,0.00754349
14,0.482301,0.101614,0.333665,-0.00816017,0.787892,0.00752684
14,0.482362,0.100925,0.334319,-0.0081484,0.786454,0.00751022
14,0.482424,0.100236,0.334973,-0.00813666,0.785014,0.00749362
14,0.482486,0.0995462,0.335626,-0.00812496,0.783573,0.00747705
14,0.482548,0.0988568,0.33628,-0.00811329,0.782129,0.00746051
14,0.48261,0.0981674,0.336933,-0.00810166,0.780684,0.007444
14,0.482673,0.097478,0.337587,-0.00809007,0.779237,0.00742751
14,0.482735,0.0967886,0.338241,-0.00807851,0.777788,0.00741105
14,0.482798,0.0960992,0.338894,-0.00806699,0.776338,0.00739462
14,0.482861,0.0954098,0.339548,-0.00805551,0.774885,0.00737821
14,0.482924,0.0947204,0.340201,-0.00804406,0.773431,0.00736183
15,0.482924,0.0947204,0.340201,-0.00804406,0.773431,0.00736183
15,0.482924,0.0947204,0.340201,-0.00804406,0.773431,0.00736183
15,0.483087,0.0947204,0.340191,-0.00804242,0.773183,0.00736087
16,0.483087,0.0947204,0.340191,-0.00804242,0.773183,0.00736087
16,0.483,0.0946837,0.339298,-0.00805787,0.775168,0.0073833
16,0.482914,0.0946468,0.338405,-0.00807337,0.77715,0.00740578
16,0.482829,0.09461,0.337512,-0.00808895,0.779128,0.00742831
16,0.482743,0.0945732,0.336619,-0.00810515,0.781104,0.00745065
16,0.482659,0.0945363,0.335726,-0.00812087,0.783077,0.0074733
16,0.482574,0.0944995,0.334833,-0.00813666,0.785047,0.007496
16,0.482489,0.0944627,0.33394,-0.00815307,0.787015,0.00751851
16,0.482405,0.0944258,0.333048,-0.00816901,0.788979,0.00754133
16,0.482322,0.094389,0.332155,-0.00818502,0.790941,0.0075642
16,0.482238,0.0943522,0.331262,-0.00820165,0.7929,0.00758689
16,0.482155,0.0943153,0.33037,-0.0082178,0.794856,0.00760987
16,0.482072,0.0942785,0.329477,-0.00823402,0.796809,0.00763292
16,0.481989,0.0942416,0.328584,-0.00825087,0.798759,0.00765578
16,0.481907,0.0942048,0.327692,-0.00826724,0.800706,0.00767894
16,0.481825,0.0941679,0.326799,-0.00828368,0.802651,0.00770216
16,0.481743,0.0941311,0.325907,-0.00830074,0.804592,0.00772518
16,0.481661,0.0940942,0.325015,-0.00831733,0.806531,0.00774852
16,0.48158,0.0940574,0.324122,-0.008334,0.808466,0.00777192
16,0.481499,0.0940205,0.32323,-0.00835128,0.810399,0.00779512
16,0.481419,0.0939837,0.322338,-0.00836809,0.812328,0.00781863
16,0.481338,0.0939468,0.321445,-0.00838497,0.814255,0.0078422
16,0.481258,0.0939099,0.320553,-0.00840248,0.816178,0.00786558
16,0.481178,0.0938731,0.319661,-0.00841951,0.818099,0.00788927
16,0.481099,0.0938362,0.318768,-0.00843662,0.820016,0.00791302
