1,0.294141,1.42447,-2.9316,-0.877607,1.21276,1.55599,2.15439
1,0.293988,1.42467,-2.93199,-0.87784,1.2124,1.55589,2.15474
1,0.294759,1.42622,-2.93215,-0.8824,1.21215,1.55516,2.15192
1,0.29561,1.42773,-2.93215,-0.886937,1.21173,1.55436,2.14914
1,0.296459,1.42923,-2.93215,-0.89145,1.2113,1.55357,2.14637
1,0.297306,1.43071,-2.93215,-0.895939,1.21087,1.55277,2.14361
1,0.298152,1.43218,-2.93215,-0.900405,1.21045,1.55198,2.14086
2,0.298152,1.43218,-2.93215,-0.900405,1.21045,1.55198,2.14086
2,0.297138,1.4332,-2.93147,-0.902203,1.21106,1.55053,2.14032
2,0.296124,1.43421,-2.93079,-0.903985,1.21167,1.54909,2.13979
2,0.295109,1.43521,-2.93011,-0.905757,1.21229,1.54765,2.13926
2,0.294093,1.43621,-2.92942,-0.907518,1.2129,1.5462,2.13874
2,0.293077,1.4372,-2.92874,-0.90927,1.21352,1.54476,2.13822
2,0.29206,1.43819,-2.92805,-0.911011,1.21414,1.54332,2.1377
2,0.291043,1.43918,-2.92736,-0.912741,1.21476,1.54188,2.13719
2,0.290025,1.44016,-2.92668,-0.914462,1.21538,1.54045,2.13668
2,0.289007,1.44114,-2.92599,-0.916173,1.216,1.53901,2.13618
2,0.287988,1.44211,-2.92529,-0.917873,1.21663,1.53758,2.13568
2,0.286969,1.44308,-2.9246,-0.919564,1.21725,1.53615,2.13518
2,0.285949,1.44405,-2.92391,-0.921244,1.21788,1.53471,2.13469
2,0.284929,1.44501,-2.92321,-0.922915,1.21851,1.53328,2.1342
2,0.283908,1.44596,-2.92252,-0.924575,1.21914,1.53185,2.13372
2,0.282886,1.44692,-2.92182,-0.926226,1.21977,1.53043,2.13324
2,0.281864,1.44786,-2.92112,-0.927867,1.2204,1.529,2.13276
2,0.280842,1.44881,-2.92042,-0.929498,1.22104,1.52757,2.13229
2,0.279819,1.44975,-2.91972,-0.93112,1.22167,1.52615,2.13182
2,0.278795,1.45069,-2.91902,-0.932732,1.22231,1.52473,2.13136
2,0.277771,1.45162,-2.91832,-0.934334,1.22295,1.52331,2.1309
2,0.276747,1.45255,-2.91761,-0.935926,1.22359,1.52189,2.13044
2,0.275721,1.45347,-2.91691,-0.937509,1.22423,1.52047,2.12999
2,0.274696,1.45439,-2.9162,-0.939083,1.22488,1.51905,2.12954
2,0.273669,1.45531,-2.9155,-0.940647,1.22552,1.51763,2.12909
2,0.272642,1.45622,-2.91479,-0.942201,1.22617,1.51622,2.12865
2,0.271615,1.45713,-2.91408,-0.943746,1.22681,1.5148,2.12821
2,0.270587,1.45803,-2.91337,-0.945282,1.22746,1.51339,2.12778
2,0.269558,1.45893,-2.91266,-0.946808,1.22811,1.51198,2.12734
2,0.268529,1.45983,-2.91195,-0.948325,1.22876,1.51057,2.12692
2,0.267499,1.46072,-2.91124,-0.949833,1.22942,1.50916,2.12649
2,0.266469,1.46161,-2.91052,-0.951331,1.23007,1.50775,2.12607
2,0.265438,1.4625,-2.90981,-0.95282,1.23072,1.50634,2.12566
2,0.264407,1.46338,-2.90909,-0.9543,1.23138,1.50494,2.12524
2,0.263374,1.46426,-2.90838,-0.955771,1.23204,1.50353,2.12483
2,0.262342,1.46514,-2.90766,-0.957233,1.2327,1.50213,2.12443
2,0.261309,1.46601,-2.90694,-0.958686,1.23336,1.50073,2.12402
2,0.260275,1.46687,-2.90622,-0.960129,1.23402,1.49933,2.12362
2,0.25924,1.46774,-2.9055,-0.961564,1.23468,1.49792,2.12323
2,0.258205,1.4686,-2.90478,-0.962989,1.23534,1.49653,2.12283
2,0.25717,1.46945,-2.90406,-0.964406,1.23601,1.49513,2.12245
2,0.256133,1.47031,-2.90333,-0.965814,1.23668,1.49373,2.12206
2,0.255097,1.47115,-2.90261,-0.967212,1.23734,1.49233,2.12168
2,0.254059,1.472,-2.90188,-0.968602,1.23801,1.49094,2.1213
2,0.253021,1.47284,-2.90116,-0.969983,1.23868,1.48955,2.12092
2,0.251982,1.47368,-2.90043,-0.971355,1.23935,1.48815,2.12055
2,0.250943,1.47452,-2.89971,-0.972719,1.24002,1.48676,2.12018
2,0.249903,1.47535,-2.89898,-0.974073,1.2407,1.48537,2.11982
2,0.248863,1.47617,-2.89825,-0.975419,1.24137,1.48398,2.11945
2,0.247822,1.477,-2.89752,-0.976756,1.24205,1.48259,2.11909
2,0.24678,1.47782,-2.89679,-0.978085,1.24272,1.48121,2.11874
2,0.245737,1.47864,-2.89606,-0.979404,1.2434,1.47982,2.11839
2,0.244694,1.47945,-2.89532,-0.980716,1.24408,1.47843,2.11804
2,0.243651,1.48026,-2.89459,-0.982018,1.24476,1.47705,2.11769
2,0.242606,1.48107,-2.89386,-0.983312,1.24544,1.47567,2.11735
2,0.241561,1.48187,-2.89312,-0.984597,1.24612,1.47428,2.11701
2,0.240516,1.48267,-2.89239,-0.985874,1.2468,1.4729,2.11667
2,0.239469,1.48347,-2.89165,-0.987142,1.24749,1.47152,2.11634
2,0.238423,1.48426,-2.89091,-0.988402,1.24817,1.47014,2.11601
2,0.237375,1.48505,-2.89018,-0.989653,1.24886,1.46876,2.11568
2,0.236327,1.48584,-2.88944,-0.990896,1.24955,1.46739,2.11536
2,0.235278,1.48662,-2.8887,-0.99213,1.25023,1.46601,2.11504
2,0.234228,1.4874,-2.88796,-0.993356,1.25092,1.46464,2.11472
2,0.233178,1.48818,-2.88722,-0.994574,1.25161,1.46326,2.1144
2,0.232127,1.48895,-2.88648,-0.995783,1.2523,1.46189,2.11409
2,0.231076,1.48972,-2.88574,-0.996984,1.253,1.46052,2.11378
2,0.230023,1.49049,-2.88499,-0.998177,1.25369,1.45914,2.11348
2,0.228971,1.49126,-2.88425,-0.999361,1.25438,1.45777,2.11318
2,0.227917,1.49202,-2.88351,-1.00054,1.25508,1.4564,2.11288
2,0.226863,1.49277,-2.88276,-1.0017,1.25577,1.45504,2.11258
2,0.225808,1.49353,-2.88202,-1.00286,1.25647,1.45367,2.11229
2,0.224752,1.49428,-2.88127,-1.00402,1.25717,1.4523,2.112
2,0.223696,1.49503,-2.88053,-1.00516,1.25787,1.45094,2.11171
2,0.222639,1.49577,-2.87978,-1.00629,1.25857,1.44957,2.11143
2,0.221581,1.49651,-2.87903,-1.00742,1.25927,1.44821,2.11115
2,0.220523,1.49725,-2.87828,-1.00854,1.25997,1.44684,2.11087
2,0.219463,1.49799,-2.87753,-1.00965,1.26067,1.44548,2.11059
2,0.218404,1.49872,-2.87679,-1.01075,1.26137,1.44412,2.11032
2,0.217343,1.49945,-2.87604,-1.01185,1.26207,1.44276,2.11005
2,0.216282,1.50017,-2.87529,-1.01293,1.26278,1.4414,2.10979
2,0.21522,1.5009,-2.87453,-1.01401,1.26348,1.44004,2.10952
2,0.214157,1.50162,-2.87378,-1.01508,1.26419,1.43869,2.10926
2,0.213094,1.50233,-2.87303,-1.01614,1.2649,1.43733,2.109
2,0.21203,1.50305,-2.87228,-1.0172,1.26561,1.43597,2.10875
2,0.210965,1.50376,-2.87152,-1.01824,1.26631,1.43462,2.1085
2,0.209899,1.50446,-2.87077,-1.01928,1.26702,1.43327,2.10825
2,0.208833,1.50517,-2.87002,-1.02031,1.26773,1.43191,2.108
2,0.207766,1.50587,-2.86926,-1.02133,1.26844,1.43056,2.10776
2,0.206698,1.50657,-2.86851,-1.02235,1.26915,1.42921,2.10752
2,0.205629,1.50726,-2.86775,-1.02335,1.26987,1.42786,2.10728
2,0.20456,1.50795,-2.86699,-1.02435,1.27058,1.42651,2.10705
2,0.20349,1.50864,-2.86624,-1.02534,1.27129,1.42516,2.10682
2,0.202419,1.50933,-2.86548,-1.02632,1.27201,1.42382,2.10659
2,0.201348,1.51001,-2.86472,-1.0273,1.27272,1.42247,2.10636
2,0.200275,1.51069,-2.86396,-1.02827,1.27344,1.42112,2.10614
2,0.199202,1.51137,-2.86321,-1.02923,1.27416,1.41978,2.10592
2,0.198128,1.51205,-2.86245,-1.03018,1.27487,1.41843,2.1057
3,0.198128,1.51205,-2.86245,-1.03018,1.27487,1.41843,2.1057
3,0.198128,1.51205,-2.86245,-1.03018,1.27487,1.41843,2.1057
3,0.19769,1.51128,-2.86244,-1.02765,1.27482,1.41884,2.10734
4,0.19769,1.51128,-2.86244,-1.02765,1.27482,1.41884,2.10734
4,0.196569,1.5118,-2.86168,-1.02844,1.27553,1.41749,2.10712
4,0.195448,1.51231,-2.86092,-1.02922,1.27625,1.41615,2.10691
4,0.194325,1.51282,-2.86016,-1.02998,1.27697,1.41481,2.1067
4,0.193202,1.51333,-2.8594,-1.03074,1.27769,1.41347,2.10649
4,0.192077,1.51384,-2.85864,-1.0315,1.27841,1.41213,2.10629
4,0.190952,1.51434,-2.85788,-1.03224,1.27913,1.41079,2.10609
4,0.189826,1.51484,-2.85711,-1.03298,1.27985,1.40945,2.10589
4,0.188699,1.51534,-2.85635,-1.03371,1.28057,1.40811,2.10569
4,0.187572,1.51583,-2.85559,-1.03443,1.28129,1.40678,2.1055
4,0.186443,1.51632,-2.85483,-1.03515,1.28201,1.40544,2.10531
4,0.185314,1.51681,-2.85406,-1.03585,1.28273,1.40411,2.10512
4,0.184183,1.5173,-2.8533,-1.03655,1.28346,1.40277,2.10493
4,0.183052,1.51778,-2.85253,-1.03724,1.28418,1.40144,2.10475
4,0.18192,1.51826,-2.85177,-1.03793,1.2849,1.40011,2.10457
4,0.180787,1.51874,-2.851,-1.03861,1.28563,1.39878,2.10439
4,0.179653,1.51922,-2.85024,-1.03928,1.28635,1.39745,2.10422
4,0.178518,1.51969,-2.84947,-1.03994,1.28708,1.39612,2.10405
4,0.177382,1.52016,-2.84871,-1.04059,1.2878,1.39479,2.10388
4,0.176246,1.52062,-2.84794,-1.04124,1.28853,1.39346,2.10371
4,0.175108,1.52109,-2.84718,-1.04188,1.28925,1.39214,2.10354
4,0.17397,1.52155,-2.84641,-1.04251,1.28998,1.39081,2.10338
4,0.17283,1.52201,-2.84564,-1.04313,1.29071,1.38949,2.10322
4,0.17169,1.52246,-2.84488,-1.04375,1.29143,1.38816,2.10307
4,0.170549,1.52292,-2.84411,-1.04436,1.29216,1.38684,2.10291
4,0.169407,1.52337,-2.84334,-1.04496,1.29289,1.38552,2.10276
4,0.168264,1.52382,-2.84258,-1.04556,1.29361,1.3842,2.10261
4,0.16712,1.52426,-2.84181,-1.04615,1.29434,1.38287,2.10246
4,0.165975,1.5247,-2.84104,-1.04673,1.29507,1.38156,2.10232
4,0.164829,1.52514,-2.84027,-1.0473,1.2958,1.38024,2.10218
4,0.163683,1.52558,-2.83951,-1.04786,1.29653,1.37892,2.10204
4,0.162535,1.52601,-2.83874,-1.04842,1.29726,1.3776,2.1019
4,0.161386,1.52645,-2.83797,-1.04897,1.29799,1.37629,2.10177
4,0.160237,1.52687,-2.8372,-1.04952,1.29871,1.37497,2.10164
4,0.159086,1.5273,-2.83643,-1.05005,1.29944,1.37366,2.10151
4,0.157935,1.52772,-2.83566,-1.05058,1.30017,1.37234,2.10138
4,0.156783,1.52815,-2.8349,-1.0511,1.3009,1.37103,2.10126
4,0.155629,1.52856,-2.83413,-1.05162,1.30163,1.36972,2.10114
4,0.154475,1.52898,-2.83336,-1.05212,1.30236,1.36841,2.10102
4,0.15332,1.52939,-2.83259,-1.05262,1.3031,1.3671,2.10091
4,0.152163,1.5298,-2.83182,-1.05311,1.30383,1.36579,2.10079
4,0.151006,1.53021,-2.83105,-1.0536,1.30456,1.36448,2.10068
4,0.149848,1.53062,-2.83028,-1.05408,1.30529,1.36317,2.10058
4,0.148689,1.53102,-2.82951,-1.05455,1.30602,1.36187,2.10047
4,0.147528,1.53142,-2.82875,-1.05501,1.30675,1.36056,2.10037
4,0.146367,1.53182,-2.82798,-1.05546,1.30748,1.35926,2.10027
4,0.145205,1.53221,-2.82721,-1.05591,1.30821,1.35795,2.10017
4,0.144042,1.53261,-2.82644,-1.05635,1.30894,1.35665,2.10008
4,0.142878,1.533,-2.82567,-1.05679,1.30967,1.35535,2.09998
4,0.141713,1.53338,-2.8249,-1.05721,1.31041,1.35405,2.09989
4,0.140546,1.53377,-2.82413,-1.05763,1.31114,1.35275,2.09981
4,0.139379,1.53415,-2.82336,-1.05804,1.31187,1.35145,2.09972
4,0.138211,1.53453,-2.82259,-1.05845,1.3126,1.35015,2.09964
4,0.137042,1.53491,-2.82183,-1.05884,1.31333,1.34885,2.09956
4,0.135872,1.53528,-2.82106,-1.05923,1.31406,1.34755,2.09948
4,0.134701,1.53566,-2.82029,-1.05962,1.3148,1.34626,2.09941
4,0.133528,1.53602,-2.81952,-1.05999,1.31553,1.34496,2.09934
4,0.132355,1.53639,-2.81875,-1.06036,1.31626,1.34367,2.09927
4,0.131181,1.53676,-2.81798,-1.06072,1.31699,1.34237,2.0992
4,0.130005,1.53712,-2.81721,-1.06108,1.31772,1.34108,2.09914
4,0.128829,1.53748,-2.81645,-1.06142,1.31845,1.33979,2.09907
4,0.127652,1.53784,-2.81568,-1.06176,1.31918,1.3385,2.09902
4,0.126473,1.53819,-2.81491,-1.0621,1.31992,1.33721,2.09896
4,0.125294,1.53854,-2.81414,-1.06242,1.32065,1.33592,2.09891
4,0.124113,1.53889,-2.81337,-1.06274,1.32138,1.33463,2.09885
4,0.122931,1.53924,-2.81261,-1.06305,1.32211,1.33334,2.09881
4,0.121749,1.53958,-2.81184,-1.06335,1.32284,1.33206,2.09876
4,0.120565,1.53993,-2.81107,-1.06365,1.32357,1.33077,2.09872
4,0.11938,1.54027,-2.8103,-1.06394,1.3243,1.32949,2.09867
5,0.11938,1.54027,-2.8103,-1.06394,1.3243,1.32949,2.09867
5,0.11938,1.54027,-2.8103,-1.06394,1.3243,1.32949,2.09867
5,0.120131,1.54149,-2.81014,-1.06816,1.32461,1.32879,2.09585
5,0.120879,1.54269,-2.80998,-1.07236,1.32493,1.3281,2.09304
5,0.121624,1.54389,-2.80983,-1.07655,1.32524,1.3274,2.09023
5,0.122367,1.54507,-2.80967,-1.08072,1.32555,1.32671,2.08743
5,0.123107,1.54625,-2.80951,-1.08487,1.32587,1.32603,2.08463
5,0.123845,1.54741,-2.80935,-1.089,1.32618,1.32534,2.08184
5,0.12458,1.54857,-2.80919,-1.09312,1.3265,1.32466,2.07906
5,0.125314,1.54972,-2.80904,-1.09723,1.32681,1.32398,2.07628
5,0.126044,1.55085,-2.80888,-1.10131,1.32713,1.32331,2.0735
5,0.126773,1.55198,-2.80873,-1.10539,1.32745,1.32263,2.07073
5,0.127499,1.5531,-2.80857,-1.10944,1.32777,1.32196,2.06797
5,0.128224,1.55421,-2.80842,-1.11349,1.32808,1.32129,2.06521
5,0.128946,1.55531,-2.80826,-1.11751,1.3284,1.32062,2.06246
5,0.129665,1.55641,-2.80811,-1.12153,1.32872,1.31996,2.05971
5,0.130383,1.55749,-2.80796,-1.12552,1.32904,1.31929,2.05696
5,0.131098,1.55856,-2.8078,-1.12951,1.32936,1.31863,2.05422
5,0.131812,1.55963,-2.80765,-1.13348,1.32969,1.31797,2.05149
5,0.132523,1.56069,-2.8075,-1.13743,1.33001,1.31732,2.04876
5,0.133232,1.56173,-2.80735,-1.14137,1.33033,1.31666,2.04603
5,0.133939,1.56277,-2.8072,-1.1453,1.33065,1.31601,2.04331
5,0.134644,1.5638,-2.80705,-1.14921,1.33098,1.31536,2.04059
5,0.135347,1.56483,-2.8069,-1.15311,1.3313,1.31471,2.03788
5,0.136048,1.56584,-2.80675,-1.157,1.33162,1.31407,2.03517
5,0.136747,1.56684,-2.80661,-1.16087,1.33195,1.31342,2.03247
5,0.137444,1.56784,-2.80646,-1.16473,1.33227,1.31278,2.02977
5,0.138139,1.56883,-2.80631,-1.16858,1.3326,1.31214,2.02707
5,0.138832,1.56981,-2.80617,-1.17241,1.33293,1.31151,2.02438
5,0.139523,1.57078,-2.80602,-1.17623,1.33325,1.31087,2.02169
5,0.140212,1.57175,-2.80588,-1.18004,1.33358,1.31024,2.01901
5,0.1409,1.5727,-2.80573,-1.18383,1.33391,1.30961,2.01633
5,0.141585,1.57365,-2.80559,-1.18762,1.33424,1.30898,2.01365
5,0.142269,1.57459,-2.80545,-1.19139,1.33457,1.30835,2.01098
5,0.142951,1.57552,-2.80531,-1.19514,1.3349,1.30772,2.00831
5,0.14363,1.57645,-2.80516,-1.19889,1.33523,1.3071,2.00564
5,0.144309,1.57736,-2.80502,-1.20262,1.33556,1.30648,2.00298
5,0.144985,1.57827,-2.80488,-1.20634,1.33589,1.30586,2.00032
5,0.145659,1.57917,-2.80475,-1.21005,1.33622,1.30524,1.99766
5,0.146332,1.58006,-2.80461,-1.21375,1.33656,1.30462,1.99501
5,0.147003,1.58095,-2.80447,-1.21744,1.33689,1.30401,1.99236
5,0.147672,1.58183,-2.80433,-1.22111,1.33722,1.3034,1.98971
5,0.14834,1.5827,-2.8042,-1.22477,1.33756,1.30279,1.98707
5,0.149005,1.58356,-2.80406,-1.22842,1.33789,1.30218,1.98443
5,0.149669,1.58441,-2.80392,-1.23206,1.33822,1.30157,1.98179
5,0.150332,1.58526,-2.80379,-1.23569,1.33856,1.30097,1.97916
5,0.150992,1.5861,-2.80366,-1.23931,1.3389,1.30036,1.97653
5,0.151651,1.58693,-2.80352,-1.24292,1.33923,1.29976,1.9739
5,0.152308,1.58776,-2.80339,-1.24651,1.33957,1.29916,1.97128
5,0.152964,1.58858,-2.80326,-1.2501,1.33991,1.29856,1.96865
5,0.153618,1.58939,-2.80313,-1.25367,1.34024,1.29797,1.96603
5,0.15427,1.59019,-2.803,-1.25723,1.34058,1.29737,1.96342
5,0.154921,1.59098,-2.80287,-1.26079,1.34092,1.29678,1.9608
5,0.15557,1.59177,-2.80274,-1.26433,1.34126,1.29619,1.95819
5,0.156217,1.59255,-2.80261,-1.26786,1.3416,1.2956,1.95558
5,0.156863,1.59333,-2.80249,-1.27138,1.34194,1.29501,1.95297
5,0.157507,1.5941,-2.80236,-1.27489,1.34228,1.29442,1.95037
5,0.15815,1.59486,-2.80224,-1.27839,1.34262,1.29384,1.94777
5,0.158791,1.59561,-2.80211,-1.28188,1.34296,1.29325,1.94517
5,0.159431,1.59635,-2.80199,-1.28536,1.3433,1.29267,1.94257
5,0.160069,1.59709,-2.80186,-1.28883,1.34365,1.29209,1.93998
5,0.160705,1.59782,-2.80174,-1.2923,1.34399,1.29151,1.93739
5,0.16134,1.59855,-2.80162,-1.29575,1.34433,1.29094,1.9348
5,0.161973,1.59927,-2.8015,-1.29919,1.34468,1.29036,1.93221
5,0.162605,1.59998,-2.80138,-1.30262,1.34502,1.28979,1.92962
5,0.163236,1.60068,-2.80126,-1.30604,1.34536,1.28922,1.92704
5,0.163864,1.60138,-2.80114,-1.30945,1.34571,1.28865,1.92446
5,0.164492,1.60207,-2.80103,-1.31285,1.34605,1.28808,1.92188
5,0.165118,1.60275,-2.80091,-1.31625,1.3464,1.28751,1.9193
5,0.165742,1.60343,-2.80079,-1.31963,1.34675,1.28694,1.91672
5,0.166365,1.6041,-2.80068,-1.323,1.34709,1.28638,1.91415
5,0.166987,1.60476,-2.80057,-1.32637,1.34744,1.28582,1.91158
5,0.167607,1.60542,-2.80045,-1.32972,1.34779,1.28526,1.90901
5,0.168225,1.60607,-2.80034,-1.33307,1.34814,1.2847,1.90644
5,0.168842,1.60671,-2.80023,-1.33641,1.34848,1.28414,1.90387
5,0.169458,1.60735,-2.80012,-1.33973,1.34883,1.28358,1.90131
5,0.170072,1.60798,-2.80001,-1.34305,1.34918,1.28303,1.89874
5,0.170685,1.60861,-2.7999,-1.34636,1.34953,1.28247,1.89618
5,0.171297,1.60922,-2.79979,-1.34967,1.34988,1.28192,1.89362
5,0.171907,1.60983,-2.79969,-1.35296,1.35023,1.28137,1.89106
5,0.172515,1.61044,-2.79958,-1.35624,1.35058,1.28082,1.88851
5,0.173123,1.61103,-2.79947,-1.35952,1.35094,1.28027,1.88595
5,0.173729,1.61162,-2.79937,-1.36278,1.35129,1.27972,1.8834
5,0.174333,1.61221,-2.79927,-1.36604,1.35164,1.27918,1.88085
5,0.174936,1.61279,-2.79917,-1.36929,1.35199,1.27863,1.87829
5,0.175538,1.61336,-2.79906,-1.37253,1.35234,1.27809,1.87574
5,0.176138,1.61392,-2.79896,-1.37577,1.3527,1.27755,1.8732
5,0.176737,1.61448,-2.79886,-1.37899,1.35305,1.27701,1.87065
5,0.177335,1.61503,-2.79877,-1.38221,1.35341,1.27647,1.8681
5,0.177931,1.61558,-2.79867,-1.38541,1.35376,1.27594,1.86556
5,0.178526,1.61612,-2.79857,-1.38861,1.35412,1.2754,1.86302
5,0.17912,1.61665,-2.79848,-1.3918,1.35447,1.27487,1.86047
5,0.179712,1.61718,-2.79838,-1.39499,1.35483,1.27433,1.85793
5,0.180303,1.6177,-2.79829,-1.39816,1.35518,1.2738,1.85539
5,0.180893,1.61821,-2.79819,-1.40133,1.35554,1.27327,1.85286
5,0.181481,1.61872,-2.7981,-1.40449,1.3559,1.27274,1.85032
5,0.182069,1.61922,-2.79801,-1.40764,1.35625,1.27221,1.84778
5,0.182654,1.61972,-2.79792,-1.41078,1.35661,1.27169,1.84525
5,0.183239,1.62021,-2.79783,-1.41392,1.35697,1.27116,1.84271
5,0.183822,1.62069,-2.79774,-1.41704,1.35733,1.27064,1.84018
5,0.184404,1.62117,-2.79766,-1.42016,1.35769,1.27012,1.83765
5,0.184984,1.62164,-2.79757,-1.42327,1.35804,1.2696,1.83511
5,0.185564,1.6221,-2.79749,-1.42638,1.3584,1.26908,1.83258
5,0.186142,1.62256,-2.7974,-1.42947,1.35876,1.26856,1.83005
5,0.186718,1.62301,-2.79732,-1.43256,1.35912,1.26804,1.82752
5,0.187294,1.62345,-2.79724,-1.43564,1.35948,1.26752,1.825
5,0.187868,1.62389,-2.79716,-1.43872,1.35985,1.26701,1.82247
5,0.188441,1.62433,-2.79708,-1.44178,1.36021,1.2665,1.81994
5,0.189013,1.62475,-2.797,-1.44484,1.36057,1.26598,1.81742
5,0.189583,1.62518,-2.79692,-1.44789,1.36093,1.26547,1.81489
5,0.190152,1.62559,-2.79685,-1.45094,1.36129,1.26496,1.81237
5,0.19072,1.626,-2.79677,-1.45397,1.36166,1.26446,1.80984
5,0.191287,1.6264,-2.7967,-1.457,1.36202,1.26395,1.80732
5,0.191852,1.6268,-2.79662,-1.46002,1.36238,1.26344,1.80479
5,0.192416,1.62719,-2.79655,-1.46304,1.36275,1.26294,1.80227
5,0.192979,1.62757,-2.79648,-1.46604,1.36311,1.26243,1.79975
5,0.193541,1.62795,-2.79641,-1.46904,1.36347,1.26193,1.79723
5,0.194102,1.62832,-2.79634,-1.47204,1.36384,1.26143,1.79471
5,0.194661,1.62869,-2.79627,-1.47502,1.3642,1.26093,1.79219
5,0.195219,1.62905,-2.79621,-1.478,1.36457,1.26043,1.78967
5,0.195776,1.62941,-2.79614,-1.48097,1.36493,1.25994,1.78715
5,0.196331,1.62975,-2.79608,-1.48394,1.3653,1.25944,1.78463
5,0.196886,1.6301,-2.79601,-1.4869,1.36567,1.25894,1.78211
5,0.197439,1.63043,-2.79595,-1.48985,1.36603,1.25845,1.77959
5,0.197991,1.63076,-2.79589,-1.49279,1.3664,1.25796,1.77707
5,0.198542,1.63109,-2.79583,-1.49573,1.36677,1.25747,1.77456
5,0.199091,1.6314,-2.79577,-1.49866,1.36714,1.25698,1.77204
5,0.19964,1.63172,-2.79572,-1.50158,1.3675,1.25649,1.76952
5,0.200187,1.63202,-2.79566,-1.5045,1.36787,1.256,1.767
5,0.200733,1.63232,-2.7956,-1.5074,1.36824,1.25551,1.76449
5,0.201278,1.63262,-2.79555,-1.51031,1.36861,1.25503,1.76197
5,0.201821,1.63291,-2.7955,-1.5132,1.36898,1.25454,1.75945
5,0.202364,1.63319,-2.79545,-1.51609,1.36935,1.25406,1.75694
5,0.202905,1.63347,-2.7954,-1.51898,1.36972,1.25358,1.75442
6,0.202905,1.63347,-2.7954,-1.51898,1.36972,1.25358,1.75442
6,0.20423,1.6349,-2.79614,-1.52026,1.36889,1.25453,1.75477
6,0.205554,1.63633,-2.79688,-1.52153,1.36807,1.25548,1.75513
6,0.206875,1.63776,-2.79763,-1.52279,1.36724,1.25644,1.75548
6,0.208195,1.63919,-2.79837,-1.52405,1.36641,1.2574,1.75585
6,0.209514,1.64062,-2.79912,-1.5253,1.36558,1.25836,1.75621
6,0.210831,1.64205,-2.79986,-1.52655,1.36474,1.25932,1.75658
6,0.212147,1.64348,-2.8006,-1.52779,1.36391,1.26028,1.75696
6,0.213461,1.6449,-2.80135,-1.52902,1.36307,1.26125,1.75733
6,0.214774,1.64633,-2.80209,-1.53025,1.36223,1.26222,1.75771
6,0.216085,1.64775,-2.80284,-1.53147,1.36139,1.26319,1.75809
6,0.217395,1.64918,-2.80358,-1.53268,1.36055,1.26416,1.75848
6,0.218703,1.6506,-2.80433,-1.53389,1.35971,1.26514,1.75887
6,0.22001,1.65202,-2.80508,-1.53509,1.35886,1.26612,1.75926
6,0.221316,1.65345,-2.80582,-1.53629,1.35801,1.2671,1.75966
6,0.22262,1.65487,-2.80657,-1.53748,1.35716,1.26808,1.76006
6,0.223922,1.65629,-2.80731,-1.53866,1.35631,1.26906,1.76046
6,0.225223,1.65771,-2.80806,-1.53984,1.35546,1.27005,1.76086
6,0.226523,1.65913,-2.8088,-1.54101,1.35461,1.27104,1.76127
6,0.227821,1.66054,-2.80955,-1.54217,1.35375,1.27203,1.76169
6,0.229118,1.66196,-2.8103,-1.54333,1.35289,1.27303,1.7621
6,0.230413,1.66338,-2.81104,-1.54448,1.35203,1.27402,1.76252
6,0.231707,1.66479,-2.81179,-1.54563,1.35117,1.27502,1.76294
6,0.233,1.66621,-2.81254,-1.54677,1.35031,1.27602,1.76337
6,0.234291,1.66762,-2.81328,-1.5479,1.34945,1.27702,1.7638
6,0.235581,1.66903,-2.81403,-1.54903,1.34858,1.27803,1.76423
6,0.236869,1.67044,-2.81478,-1.55015,1.34771,1.27903,1.76466
6,0.238156,1.67185,-2.81553,-1.55126,1.34685,1.28004,1.7651
6,0.239442,1.67326,-2.81627,-1.55237,1.34598,1.28106,1.76554
6,0.240726,1.67467,-2.81702,-1.55347,1.3451,1.28207,1.76598
6,0.242009,1.67608,-2.81777,-1.55457,1.34423,1.28308,1.76643
6,0.243291,1.67749,-2.81851,-1.55566,1.34336,1.2841,1.76688
6,0.244571,1.67889,-2.81926,-1.55674,1.34248,1.28512,1.76733
6,0.24585,1.6803,-2.82001,-1.55782,1.3416,1.28615,1.76779
6,0.247128,1.6817,-2.82076,-1.55889,1.34072,1.28717,1.76825
6,0.248404,1.6831,-2.82151,-1.55995,1.33984,1.2882,1.76871
6,0.249679,1.68451,-2.82225,-1.56101,1.33896,1.28923,1.76918
6,0.250952,1.68591,-2.823,-1.56206,1.33808,1.29026,1.76965
6,0.252224,1.68731,-2.82375,-1.56311,1.33719,1.29129,1.77012
6,0.253495,1.68871,-2.8245,-1.56415,1.33631,1.29233,1.77059
6,0.254765,1.69011,-2.82524,-1.56518,1.33542,1.29337,1.77107
6,0.256033,1.6915,-2.82599,-1.56621,1.33453,1.29441,1.77155
6,0.2573,1.6929,-2.82674,-1.56723,1.33364,1.29545,1.77203
6,0.258565,1.69429,-2.82749,-1.56824,1.33274,1.29649,1.77252
6,0.25983,1.69569,-2.82824,-1.56925,1.33185,1.29754,1.77301
6,0.261093,1.69708,-2.82898,-1.57025,1.33096,1.29859,1.7735
6,0.262355,1.69847,-2.82973,-1.57125,1.33006,1.29964,1.774
6,0.263615,1.69986,-2.83048,-1.57224,1.32916,1.3007,1.77449
6,0.264874,1.70125,-2.83123,-1.57322,1.32826,1.30175,1.77499
6,0.266132,1.70264,-2.83198,-1.5742,1.32736,1.30281,1.7755
6,0.267389,1.70403,-2.83273,-1.57517,1.32646,1.30387,1.776
6,0.268644,1.70542,-2.83347,-1.57613,1.32556,1.30493,1.77651
6,0.269898,1.7068,-2.83422,-1.57709,1.32465,1.306,1.77703
6,0.271151,1.70819,-2.83497,-1.57804,1.32375,1.30707,1.77754
6,0.272403,1.70957,-2.83572,-1.57899,1.32284,1.30814,1.77806
6,0.273653,1.71095,-2.83647,-1.57993,1.32193,1.30921,1.77858
6,0.274902,1.71233,-2.83721,-1.58086,1.32102,1.31028,1.7791
6,0.27615,1.71371,-2.83796,-1.58179,1.32011,1.31136,1.77963
6,0.277397,1.71509,-2.83871,-1.58271,1.3192,1.31244,1.78016
6,0.278642,1.71647,-2.83946,-1.58362,1.31829,1.31352,1.78069
6,0.279886,1.71785,-2.84021,-1.58453,1.31738,1.3146,1.78122
6,0.281129,1.71922,-2.84095,-1.58544,1.31646,1.31569,1.78176
6,0.282371,1.7206,-2.8417,-1.58633,1.31554,1.31677,1.7823
6,0.283612,1.72197,-2.84245,-1.58722,1.31463,1.31786,1.78284
6,0.284851,1.72334,-2.8432,-1.58811,1.31371,1.31895,1.78339
6,0.286089,1.72471,-2.84394,-1.58898,1.31279,1.32005,1.78394
6,0.287326,1.72608,-2.84469,-1.58985,1.31187,1.32114,1.78449
6,0.288562,1.72745,-2.84544,-1.59072,1.31094,1.32224,1.78504
6,0.289797,1.72882,-2.84619,-1.59158,1.31002,1.32334,1.7856
6,0.29103,1.73018,-2.84693,-1.59243,1.3091,1.32445,1.78616
6,0.292262,1.73155,-2.84768,-1.59328,1.30817,1.32555,1.78672
6,0.293493,1.73291,-2.84843,-1.59412,1.30724,1.32666,1.78728
6,0.294723,1.73427,-2.84917,-1.59495,1.30632,1.32777,1.78785
6,0.295952,1.73563,-2.84992,-1.59578,1.30539,1.32888,1.78842
6,0.297179,1.73699,-2.85067,-1.5966,1.30446,1.32999,1.78899
6,0.298406,1.73835,-2.85141,-1.59742,1.30353,1.33111,1.78956
6,0.299631,1.73971,-2.85216,-1.59823,1.3026,1.33223,1.79014
6,0.300855,1.74106,-2.85291,-1.59903,1.30166,1.33335,1.79072
6,0.302078,1.74242,-2.85365,-1.59983,1.30073,1.33447,1.7913
6,0.303299,1.74377,-2.8544,-1.60062,1.29979,1.3356,1.79189
6,0.30452,1.74512,-2.85514,-1.6014,1.29886,1.33673,1.79247
6,0.305739,1.74647,-2.85589,-1.60218,1.29792,1.33786,1.79306
6,0.306958,1.74782,-2.85664,-1.60295,1.29698,1.33899,1.79366
6,0.308175,1.74917,-2.85738,-1.60372,1.29605,1.34012,1.79425
6,0.309391,1.75052,-2.85813,-1.60448,1.29511,1.34126,1.79485
6,0.310606,1.75186,-2.85887,-1.60523,1.29417,1.3424,1.79545
6,0.31182,1.75321,-2.85962,-1.60598,1.29322,1.34354,1.79605
6,0.313032,1.75455,-2.86036,-1.60672,1.29228,1.34468,1.79665
6,0.314244,1.75589,-2.86111,-1.60745,1.29134,1.34583,1.79726
6,0.315454,1.75723,-2.86185,-1.60818,1.2904,1.34697,1.79787
6,0.316664,1.75857,-2.86259,-1.6089,1.28945,1.34812,1.79848
6,0.317872,1.75991,-2.86334,-1.60962,1.28851,1.34927,1.79909
6,0.319079,1.76124,-2.86408,-1.61033,1.28756,1.35043,1.79971
6,0.320285,1.76258,-2.86483,-1.61103,1.28661,1.35158,1.80033
6,0.32149,1.76391,-2.86557,-1.61173,1.28566,1.35274,1.80095
6,0.322694,1.76524,-2.86631,-1.61242,1.28472,1.3539,1.80157
6,0.323897,1.76657,-2.86705,-1.61311,1.28377,1.35507,1.8022
6,0.325099,1.7679,-2.8678,-1.61379,1.28282,1.35623,1.80283
6,0.326299,1.76922,-2.86854,-1.61446,1.28187,1.3574,1.80346
6,0.327499,1.77055,-2.86928,-1.61513,1.28091,1.35857,1.80409
6,0.328697,1.77187,-2.87002,-1.61579,1.27996,1.35974,1.80473
6,0.329895,1.7732,-2.87076,-1.61644,1.27901,1.36091,1.80536
6,0.331091,1.77452,-2.87151,-1.61709,1.27806,1.36209,1.806
6,0.332287,1.77584,-2.87225,-1.61773,1.2771,1.36327,1.80665
6,0.333481,1.77715,-2.87299,-1.61837,1.27615,1.36445,1.80729
6,0.334674,1.77847,-2.87373,-1.619,1.27519,1.36563,1.80794
6,0.335866,1.77978,-2.87447,-1.61962,1.27424,1.36681,1.80859
6,0.337057,1.7811,-2.87521,-1.62023,1.27328,1.368,1.80924
6,0.338247,1.78241,-2.87595,-1.62085,1.27232,1.36919,1.80989
6,0.339436,1.78372,-2.87669,-1.62145,1.27136,1.37038,1.81054
6,0.340624,1.78503,-2.87743,-1.62205,1.27041,1.37158,1.8112
6,0.341811,1.78633,-2.87816,-1.62264,1.26945,1.37277,1.81186
6,0.342997,1.78764,-2.8789,-1.62323,1.26849,1.37397,1.81252
6,0.344182,1.78894,-2.87964,-1.62381,1.26753,1.37517,1.81319
6,0.345366,1.79025,-2.88038,-1.62438,1.26657,1.37637,1.81385
6,0.346549,1.79155,-2.88112,-1.62495,1.2656,1.37758,1.81452
6,0.347731,1.79284,-2.88185,-1.62551,1.26464,1.37878,1.81519
6,0.348911,1.79414,-2.88259,-1.62606,1.26368,1.37999,1.81587
6,0.350091,1.79544,-2.88332,-1.62661,1.26272,1.3812,1.81654
6,0.35127,1.79673,-2.88406,-1.62715,1.26176,1.38241,1.81722
6,0.352448,1.79802,-2.8848,-1.62769,1.26079,1.38363,1.8179
6,0.353625,1.79931,-2.88553,-1.62822,1.25983,1.38485,1.81858
6,0.3548,1.8006,-2.88627,-1.62874,1.25886,1.38607,1.81926
6,0.355975,1.80189,-2.887,-1.62926,1.2579,1.38729,1.81995
6,0.357149,1.80317,-2.88773,-1.62977,1.25693,1.38851,1.82063
6,0.358322,1.80446,-2.88847,-1.63027,1.25597,1.38974,1.82132
6,0.359493,1.80574,-2.8892,-1.63077,1.255,1.39097,1.82201
6,0.360664,1.80702,-2.88993,-1.63127,1.25404,1.3922,1.82271
6,0.361834,1.8083,-2.89067,-1.63175,1.25307,1.39343,1.8234
6,0.363003,1.80958,-2.8914,-1.63223,1.2521,1.39466,1.8241
6,0.364171,1.81085,-2.89213,-1.63271,1.25114,1.3959,1.8248
6,0.365338,1.81212,-2.89286,-1.63317,1.25017,1.39714,1.8255
6,0.366504,1.81339,-2.89359,-1.63363,1.2492,1.39838,1.8262
6,0.367669,1.81466,-2.89432,-1.63409,1.24824,1.39962,1.82691
6,0.368833,1.81593,-2.89505,-1.63454,1.24727,1.40087,1.82762
6,0.369996,1.8172,-2.89578,-1.63498,1.2463,1.40211,1.82833
6,0.371158,1.81846,-2.89651,-1.63542,1.24533,1.40336,1.82904
6,0.372319,1.81972,-2.89724,-1.63585,1.24436,1.40462,1.82975
6,0.373479,1.82098,-2.89796,-1.63627,1.24339,1.40587,1.83047
6,0.374638,1.82224,-2.89869,-1.63669,1.24242,1.40713,1.83118
6,0.375796,1.8235,-2.89942,-1.6371,1.24146,1.40838,1.8319
6,0.376954,1.82475,-2.90014,-1.63751,1.24049,1.40964,1.83262
6,0.37811,1.82601,-2.90087,-1.63791,1.23952,1.41091,1.83334
6,0.379265,1.82726,-2.9016,-1.6383,1.23855,1.41217,1.83407
6,0.38042,1.82851,-2.90232,-1.63869,1.23758,1.41344,1.8348
6,0.381573,1.82975,-2.90304,-1.63907,1.23661,1.4147,1.83552
6,0.382726,1.831,-2.90377,-1.63944,1.23564,1.41598,1.83625
6,0.383878,1.83224,-2.90449,-1.63981,1.23467,1.41725,1.83699
6,0.385028,1.83348,-2.90521,-1.64017,1.2337,1.41852,1.83772
6,0.386178,1.83472,-2.90594,-1.64053,1.23273,1.4198,1.83846
6,0.387327,1.83596,-2.90666,-1.64087,1.23176,1.42108,1.83919
6,0.388475,1.83719,-2.90738,-1.64122,1.23079,1.42236,1.83993
6,0.389622,1.83843,-2.9081,-1.64155,1.22982,1.42364,1.84067
6,0.390768,1.83966,-2.90882,-1.64188,1.22885,1.42493,1.84142
6,0.391913,1.84089,-2.90954,-1.64221,1.22788,1.42622,1.84216
6,0.393057,1.84211,-2.91026,-1.64253,1.22691,1.4275,1.84291
6,0.394201,1.84334,-2.91097,-1.64284,1.22594,1.4288,1.84365
6,0.395343,1.84456,-2.91169,-1.64314,1.22497,1.43009,1.8444
6,0.396485,1.84578,-2.91241,-1.64344,1.224,1.43139,1.84516
6,0.397625,1.847,-2.91313,-1.64374,1.22303,1.43268,1.84591
6,0.398765,1.84822,-2.91384,-1.64402,1.22206,1.43398,1.84666
6,0.399904,1.84944,-2.91456,-1.64431,1.2211,1.43528,1.84742
6,0.401042,1.85065,-2.91527,-1.64458,1.22013,1.43659,1.84818
6,0.402179,1.85186,-2.91598,-1.64485,1.21916,1.43789,1.84894
6,0.403315,1.85307,-2.9167,-1.64511,1.21819,1.4392,1.8497
6,0.40445,1.85427,-2.91741,-1.64537,1.21722,1.44051,1.85046
6,0.405585,1.85548,-2.91812,-1.64562,1.21625,1.44182,1.85123
6,0.406718,1.85668,-2.91883,-1.64586,1.21529,1.44314,1.852
6,0.407851,1.85788,-2.91954,-1.6461,1.21432,1.44445,1.85276
6,0.408983,1.85908,-2.92025,-1.64633,1.21335,1.44577,1.85353
6,0.410113,1.86027,-2.92096,-1.64655,1.21238,1.44709,1.85431
6,0.411243,1.86147,-2.92167,-1.64677,1.21142,1.44841,1.85508
6,0.412372,1.86266,-2.92238,-1.64698,1.21045,1.44974,1.85585
6,0.413501,1.86385,-2.92309,-1.64719,1.20949,1.45106,1.85663
6,0.414628,1.86504,-2.92379,-1.64739,1.20852,1.45239,1.85741
6,0.415754,1.86622,-2.9245,-1.64758,1.20755,1.45372,1.85819
6,0.41688,1.8674,-2.9252,-1.64777,1.20659,1.45506,1.85897
6,0.418005,1.86858,-2.92591,-1.64795,1.20562,1.45639,1.85975
6,0.419129,1.86976,-2.92661,-1.64812,1.20466,1.45773,1.86054
6,0.420252,1.87094,-2.92731,-1.64829,1.2037,1.45906,1.86132
6,0.421374,1.87211,-2.92801,-1.64845,1.20273,1.4604,1.86211
6,0.422495,1.87328,-2.92872,-1.64861,1.20177,1.46175,1.8629
6,0.423615,1.87445,-2.92942,-1.64876,1.20081,1.46309,1.86369
6,0.424735,1.87562,-2.93012,-1.6489,1.19985,1.46444,1.86448
6,0.425854,1.87678,-2.93082,-1.64904,1.19889,1.46579,1.86528
6,0.426971,1.87794,-2.93151,-1.64917,1.19792,1.46714,1.86607
6,0.428136,1.87909,-2.93215,-1.64929,1.19692,1.46845,1.86689
6,0.42983,1.88013,-2.93215,-1.64941,1.19542,1.46928,1.86789
6,0.431523,1.88117,-2.93215,-1.64952,1.19392,1.47011,1.8689
6,0.433213,1.88221,-2.93215,-1.64963,1.19242,1.47095,1.86991
6,0.434901,1.88324,-2.93215,-1.64973,1.19093,1.47179,1.87092
6,0.436588,1.88428,-2.93215,-1.64982,1.18944,1.47264,1.87193
6,0.438272,1.88531,-2.93215,-1.64991,1.18795,1.47349,1.87295
6,0.439954,1.88634,-2.93215,-1.64999,1.18647,1.47434,1.87397
6,0.441634,1.88737,-2.93215,-1.65007,1.18498,1.4752,1.87499
6,0.443312,1.88839,-2.93215,-1.65013,1.1835,1.47606,1.87601
6,0.444988,1.88942,-2.93215,-1.6502,1.18202,1.47693,1.87703
6,0.446662,1.89044,-2.93215,-1.65025,1.18055,1.4778,1.87806
6,0.448333,1.89147,-2.93215,-1.6503,1.17908,1.47867,1.87909
6,0.450003,1.89249,-2.93215,-1.65035,1.17761,1.47955,1.88012
6,0.45167,1.8935,-2.93215,-1.65038,1.17614,1.48043,1.88115
6,0.453336,1.89452,-2.93215,-1.65041,1.17468,1.48132,1.88218
6,0.454999,1.89554,-2.93215,-1.65044,1.17322,1.48221,1.88322
6,0.45666,1.89655,-2.93215,-1.65046,1.17176,1.4831,1.88426
6,0.458319,1.89756,-2.93215,-1.65047,1.1703,1.484,1.8853
6,0.459976,1.89857,-2.93215,-1.65048,1.16885,1.4849,1.88634
6,0.46163,1.89958,-2.93215,-1.65048,1.1674,1.48581,1.88738
6,0.463283,1.90058,-2.93215,-1.65047,1.16595,1.48672,1.88843
6,0.464933,1.90159,-2.93215,-1.65046,1.16451,1.48763,1.88947
6,0.466581,1.90259,-2.93215,-1.65044,1.16307,1.48855,1.89052
6,0.468227,1.90359,-2.93215,-1.65041,1.16163,1.48947,1.89157
6,0.469871,1.90458,-2.93215,-1.65038,1.16019,1.4904,1.89262
6,0.471513,1.90558,-2.93215,-1.65034,1.15876,1.49133,1.89368
6,0.473152,1.90658,-2.93215,-1.6503,1.15733,1.49226,1.89473
6,0.47479,1.90757,-2.93215,-1.65025,1.1559,1.4932,1.89579
6,0.476425,1.90856,-2.93215,-1.65019,1.15448,1.49414,1.89685
6,0.478058,1.90955,-2.93215,-1.65013,1.15306,1.49509,1.89791
6,0.479688,1.91053,-2.93215,-1.65006,1.15164,1.49604,1.89897
6,0.481317,1.91152,-2.93215,-1.64999,1.15023,1.49699,1.90003
6,0.482943,1.9125,-2.93215,-1.64991,1.14882,1.49795,1.9011
7,0.482943,1.9125,-2.93215,-1.64991,1.14882,1.49795,1.9011
7,0.482943,1.9125,-2.93215,-1.64991,1.14882,1.49795,1.9011
7,0.4838,1.91308,-2.93215,-1.65256,1.14826,1.49738,1.89924
7,0.484659,1.91365,-2.93215,-1.65522,1.1477,1.4968,1.89739
8,0.484659,1.91365,-2.93215,-1.65522,1.1477,1.4968,1.89739
8,0.485961,1.91523,-2.93215,-1.65564,1.14672,1.4977,1.8985
8,0.487262,1.91681,-2.93215,-1.65606,1.14573,1.4986,1.89961
8,0.488561,1.91838,-2.93215,-1.65647,1.14475,1.4995,1.90072
8,0.489858,1.91996,-2.93215,-1.65687,1.14377,1.50041,1.90183
8,0.491155,1.92153,-2.93215,-1.65727,1.14279,1.50132,1.90295
8,0.492449,1.9231,-2.93215,-1.65767,1.14182,1.50224,1.90406
8,0.493743,1.92466,-2.93215,-1.65805,1.14085,1.50316,1.90518
8,0.495035,1.92623,-2.93215,-1.65843,1.13988,1.50408,1.90631
8,0.496325,1.92779,-2.93215,-1.65881,1.13891,1.50501,1.90743
8,0.497614,1.92936,-2.93215,-1.65918,1.13794,1.50594,1.90856
8,0.498901,1.93092,-2.93215,-1.65954,1.13698,1.50687,1.90969
8,0.500187,1.93247,-2.93215,-1.65989,1.13602,1.50781,1.91082
8,0.501472,1.93403,-2.93215,-1.66024,1.13506,1.50875,1.91195
8,0.502755,1.93559,-2.93215,-1.66059,1.1341,1.5097,1.91309
8,0.504037,1.93714,-2.93215,-1.66092,1.13314,1.51065,1.91422
8,0.505317,1.93869,-2.93215,-1.66125,1.13219,1.5116,1.91536
8,0.506596,1.94024,-2.93215,-1.66158,1.13124,1.51256,1.91651
8,0.507873,1.94179,-2.93215,-1.66189,1.1303,1.51352,1.91765
8,0.509149,1.94333,-2.93215,-1.66221,1.12935,1.51449,1.9188
8,0.510424,1.94488,-2.93215,-1.66251,1.12841,1.51546,1.91994
8,0.511696,1.94642,-2.93215,-1.66281,1.12747,1.51643,1.9211
8,0.512968,1.94796,-2.93215,-1.6631,1.12653,1.51741,1.92225
8,0.514238,1.9495,-2.93215,-1.66339,1.12559,1.51839,1.9234
8,0.515507,1.95103,-2.93215,-1.66367,1.12466,1.51938,1.92456
8,0.516774,1.95257,-2.93215,-1.66395,1.12373,1.52036,1.92572
8,0.518039,1.9541,-2.93215,-1.66421,1.1228,1.52136,1.92688
8,0.519303,1.95563,-2.93215,-1.66448,1.12187,1.52235,1.92804
8,0.520566,1.95715,-2.93215,-1.66473,1.12095,1.52335,1.92921
8,0.521827,1.95868,-2.93215,-1.66498,1.12003,1.52436,1.93037
8,0.523087,1.9602,-2.93215,-1.66522,1.11911,1.52536,1.93154
8,0.524345,1.96173,-2.93215,-1.66546,1.1182,1.52638,1.93271
8,0.525602,1.96325,-2.93215,-1.66569,1.11728,1.52739,1.93388
8,0.526858,1.96476,-2.93215,-1.66592,1.11637,1.52841,1.93506
8,0.528111,1.96628,-2.93215,-1.66613,1.11546,1.52943,1.93623
8,0.529364,1.96779,-2.93215,-1.66635,1.11456,1.53046,1.93741
8,0.530615,1.9693,-2.93215,-1.66655,1.11365,1.53149,1.93859
8,0.531864,1.97081,-2.93215,-1.66675,1.11275,1.53252,1.93977
8,0.533112,1.97232,-2.93215,-1.66694,1.11185,1.53356,1.94096
8,0.534359,1.97383,-2.93215,-1.66713,1.11096,1.5346,1.94214
8,0.535604,1.97533,-2.93215,-1.66731,1.11007,1.53565,1.94333
8,0.536847,1.97683,-2.93215,-1.66749,1.10918,1.5367,1.94452
8,0.538089,1.97833,-2.93215,-1.66765,1.10829,1.53775,1.94571
8,0.53933,1.97982,-2.93215,-1.66782,1.1074,1.5388,1.9469
8,0.540569,1.98132,-2.93215,-1.66797,1.10652,1.53986,1.9481
8,0.541806,1.98281,-2.93215,-1.66812,1.10564,1.54093,1.9493
8,0.543042,1.9843,-2.93215,-1.66826,1.10476,1.54199,1.95049
8,0.544277,1.98579,-2.93215,-1.6684,1.10389,1.54307,1.95169
8,0.54551,1.98727,-2.93215,-1.66853,1.10302,1.54414,1.9529
8,0.546742,1.98875,-2.93215,-1.66865,1.10215,1.54522,1.9541
8,0.547972,1.99023,-2.93215,-1.66877,1.10128,1.5463,1.9553
8,0.549201,1.99171,-2.93215,-1.66888,1.10041,1.54739,1.95651
8,0.550428,1.99319,-2.93215,-1.66899,1.09955,1.54848,1.95772
8,0.551654,1.99466,-2.93215,-1.66909,1.09869,1.54957,1.95893
8,0.552878,1.99613,-2.93215,-1.66918,1.09784,1.55066,1.96014
8,0.554101,1.9976,-2.93215,-1.66927,1.09698,1.55176,1.96135
8,0.555322,1.99907,-2.93215,-1.66935,1.09613,1.55287,1.96257
8,0.556541,2.00053,-2.93215,-1.66942,1.09529,1.55397,1.96379
8,0.55776,2.00199,-2.93215,-1.66949,1.09444,1.55509,1.965
8,0.558976,2.00345,-2.93215,-1.66955,1.0936,1.5562,1.96623
8,0.560192,2.00491,-2.93215,-1.66961,1.09276,1.55732,1.96745
8,0.561405,2.00636,-2.93215,-1.66966,1.09192,1.55844,1.96867
8,0.562618,2.00781,-2.93215,-1.6697,1.09109,1.55956,1.96989
8,0.563828,2.00926,-2.93215,-1.66974,1.09026,1.56069,1.97112
8,0.565038,2.01071,-2.93215,-1.66977,1.08943,1.56183,1.97235
8,0.566245,2.01215,-2.93215,-1.66979,1.0886,1.56296,1.97358
8,0.567451,2.0136,-2.93215,-1.66981,1.08778,1.5641,1.97481
8,0.568656,2.01504,-2.93215,-1.66982,1.08696,1.56524,1.97604
8,0.569859,2.01647,-2.93215,-1.66983,1.08614,1.56639,1.97728
8,0.571061,2.01791,-2.93215,-1.66983,1.08533,1.56754,1.97851
8,0.572261,2.01934,-2.93215,-1.66982,1.08452,1.56869,1.97975
8,0.57346,2.02077,-2.93215,-1.66981,1.08371,1.56985,1.98099
8,0.574657,2.02219,-2.93215,-1.66979,1.0829,1.57101,1.98223
8,0.575853,2.02362,-2.93215,-1.66976,1.0821,1.57217,1.98347
8,0.577047,2.02504,-2.93215,-1.66973,1.0813,1.57334,1.98471
8,0.57824,2.02646,-2.93215,-1.66969,1.0805,1.57451,1.98596
8,0.579431,2.02787,-2.93215,-1.66964,1.07971,1.57568,1.9872
8,0.58062,2.02929,-2.93215,-1.66959,1.07892,1.57686,1.98845
8,0.581808,2.0307,-2.93215,-1.66954,1.07813,1.57804,1.9897
8,0.582995,2.03211,-2.93215,-1.66947,1.07734,1.57922,1.99095
8,0.58418,2.03351,-2.93215,-1.6694,1.07656,1.58041,1.9922
8,0.585364,2.03491,-2.93215,-1.66933,1.07578,1.5816,1.99345
8,0.586546,2.03631,-2.93215,-1.66924,1.075,1.5828,1.99471
8,0.587726,2.03771,-2.93215,-1.66916,1.07423,1.58399,1.99596
8,0.588905,2.0391,-2.93215,-1.66906,1.07346,1.5852,1.99722
8,0.590083,2.0405,-2.93215,-1.66896,1.07269,1.5864,1.99848
8,0.591259,2.04189,-2.93215,-1.66885,1.07193,1.58761,1.99974
8,0.592433,2.04327,-2.93215,-1.66874,1.07116,1.58882,2.001
8,0.593606,2.04465,-2.93215,-1.66862,1.07041,1.59003,2.00226
8,0.594778,2.04604,-2.93215,-1.66849,1.06965,1.59125,2.00353
8,0.595947,2.04741,-2.93215,-1.66836,1.0689,1.59247,2.00479
8,0.597116,2.04879,-2.93215,-1.66822,1.06815,1.59369,2.00606
8,0.598283,2.05016,-2.93215,-1.66808,1.0674,1.59492,2.00733
8,0.599448,2.05153,-2.93215,-1.66793,1.06666,1.59615,2.0086
8,0.600612,2.05289,-2.93215,-1.66777,1.06592,1.59739,2.00987
8,0.601774,2.05426,-2.93215,-1.66761,1.06518,1.59862,2.01114
8,0.602935,2.05562,-2.93215,-1.66744,1.06444,1.59986,2.01241
8,0.604094,2.05698,-2.93215,-1.66726,1.06371,1.60111,2.01369
8,0.605251,2.05833,-2.93215,-1.66708,1.06298,1.60235,2.01496
8,0.607427,2.05949,-2.93084,-1.66689,1.06144,1.6028,2.01669
8,0.615579,2.05949,-2.9218,-1.66669,1.05507,1.59854,2.02107
8,0.623426,2.05949,-2.91315,-1.66649,1.04893,1.59454,2.02536
8,0.631009,2.05949,-2.90481,-1.66629,1.04299,1.59077,2.02957
8,0.638353,2.05949,-2.89677,-1.66607,1.03724,1.5872,2.03371
8,0.64548,2.05949,-2.88898,-1.66585,1.03165,1.58381,2.03778
8,0.652411,2.05949,-2.88144,-1.66563,1.02621,1.58058,2.0418
8,0.65916,2.05949,-2.87412,-1.66539,1.0209,1.57752,2.04576
8,0.665741,2.05949,-2.86699,-1.66516,1.01573,1.57459,2.04967
8,0.672167,2.05949,-2.86006,-1.66491,1.01068,1.5718,2.05353
8,0.678449,2.05949,-2.85329,-1.66466,1.00574,1.56913,2.05736
8,0.684596,2.05949,-2.84669,-1.6644,1.0009,1.56657,2.06114
8,0.690616,2.05949,-2.84023,-1.66414,0.996156,1.56413,2.06489
8,0.696517,2.05949,-2.83392,-1.66387,0.991508,1.56178,2.0686
8,0.702306,2.05949,-2.82774,-1.66359,0.986947,1.55953,2.07228
8,0.707988,2.05949,-2.82169,-1.66331,0.982468,1.55738,2.07593
8,0.71357,2.05949,-2.81575,-1.66302,0.978067,1.55531,2.07954
8,0.719057,2.05949,-2.80993,-1.66273,0.973741,1.55332,2.08313
8,0.724452,2.05949,-2.80421,-1.66243,0.969487,1.55141,2.0867
8,0.729761,2.05949,-2.79859,-1.66212,0.9653,1.54958,2.09023
8,0.734997,2.05949,-2.79306,-1.66181,0.961174,1.54781,2.09375
8,0.740135,2.05949,-2.78763,-1.66149,0.957119,1.54612,2.09724
8,0.745206,2.05949,-2.78229,-1.66116,0.95312,1.54449,2.1007
8,0.750216,2.05949,-2.77702,-1.66083,0.949174,1.54292,2.10415
8,0.755133,2.05949,-2.77185,-1.66049,0.945293,1.54143,2.10757
8,0.759994,2.05949,-2.76674,-1.66014,0.94146,1.53998,2.11098
8,0.764801,2.05949,-2.7617,-1.65979,0.937675,1.53858,2.11436
8,0.769525,2.05949,-2.75675,-1.65943,0.933949,1.53725,2.11773
8,0.774207,2.05949,-2.75185,-1.65907,0.930263,1.53596,2.12108
8,0.778826,2.05949,-2.74702,-1.6587,0.926626,1.53473,2.12441
8,0.783373,2.05949,-2.74227,-1.65833,0.923042,1.53356,2.12772
8,0.787878,2.05949,-2.73757,-1.65794,0.919496,1.53242,2.13102
8,0.792329,2.05949,-2.73292,-1.65755,0.915993,1.53133,2.1343
8,0.796729,2.05949,-2.72834,-1.65716,0.912533,1.53029,2.13757
8,0.801089,2.05949,-2.7238,-1.65676,0.909108,1.52928,2.14082
8,0.805391,2.05949,-2.71932,-1.65635,0.905727,1.52832,2.14405
8,0.809648,2.05949,-2.71489,-1.65594,0.902384,1.5274,2.14727
8,0.813856,2.05949,-2.71052,-1.65552,0.89908,1.52652,2.15048
8,0.818018,2.05949,-2.70619,-1.65509,0.895814,1.52568,2.15367
8,0.822141,2.05949,-2.70191,-1.65466,0.892581,1.52488,2.15685
8,0.826219,2.05949,-2.69768,-1.65422,0.889384,1.52411,2.16002
8,0.830258,2.05949,-2.69349,-1.65378,0.886221,1.52338,2.16317
8,0.834255,2.05949,-2.68934,-1.65333,0.883091,1.52269,2.16631
8,0.838212,2.05949,-2.68524,-1.65287,0.879996,1.52203,2.16944
8,0.842133,2.05949,-2.68117,-1.65241,0.876931,1.5214,2.17255
8,0.846014,2.05949,-2.67715,-1.65194,0.873898,1.52081,2.17565
8,0.849857,2.05949,-2.67317,-1.65146,0.870898,1.52025,2.17875
8,0.853667,2.05949,-2.66923,-1.65098,0.867926,1.51972,2.18182
8,0.857441,2.05949,-2.66532,-1.65049,0.864984,1.51921,2.18489
8,0.861179,2.05949,-2.66145,-1.65,0.862072,1.51875,2.18795
8,0.864886,2.05949,-2.65761,-1.6495,0.859187,1.5183,2.19099
8,0.868562,2.05949,-2.65381,-1.64899,0.85633,1.51789,2.19403
8,0.8722,2.05949,-2.65004,-1.64848,0.853503,1.5175,2.19705
8,0.875808,2.05949,-2.64631,-1.64796,0.850702,1.51714,2.20007
8,0.879384,2.05949,-2.64261,-1.64743,0.847928,1.51681,2.20307
8,0.882933,2.05949,-2.63894,-1.6469,0.845179,1.51651,2.20606
8,0.88645,2.05949,-2.6353,-1.64636,0.842457,1.51623,2.20904
8,0.889938,2.05949,-2.63169,-1.64582,0.83976,1.51597,2.21201
8,0.893396,2.05949,-2.62811,-1.64527,0.837088,1.51574,2.21498
8,0.896826,2.05949,-2.62456,-1.64471,0.834442,1.51554,2.21793
8,0.90023,2.05949,-2.62104,-1.64415,0.831818,1.51535,2.22087
9,0.90023,2.05949,-2.62104,-1.64415,0.831818,1.51535,2.22087
9,0.90023,2.05949,-2.62104,-1.64415,0.831818,1.51535,2.22087
9,0.901511,2.05949,-2.62003,-1.64523,0.830871,1.51466,2.22081
10,0.901511,2.05949,-2.62003,-1.64523,0.830871,1.51466,2.22081
10,0.901575,2.05949,-2.61813,-1.64687,0.830958,1.51219,2.22089
10,0.901627,2.05949,-2.61623,-1.6485,0.831059,1.50973,2.22096
10,0.901665,2.05949,-2.61436,-1.65012,0.831172,1.50727,2.22102
10,0.901689,2.05949,-2.6125,-1.65174,0.831298,1.50483,2.22107
10,0.9017,2.05949,-2.61066,-1.65336,0.831437,1.50239,2.22112
10,0.901697,2.05949,-2.60883,-1.65497,0.831588,1.49996,2.22116
10,0.901681,2.05949,-2.60701,-1.65657,0.831752,1.49753,2.22119
10,0.901652,2.05949,-2.60521,-1.65817,0.831929,1.49511,2.22122
10,0.901611,2.05949,-2.60343,-1.65976,0.832118,1.4927,2.22124
10,0.901556,2.05949,-2.60166,-1.66134,0.832319,1.4903,2.22125
10,0.901488,2.05949,-2.5999,-1.66292,0.832533,1.4879,2.22125
10,0.901408,2.05949,-2.59816,-1.6645,0.832758,1.48551,2.22125
10,0.901316,2.05949,-2.59643,-1.66606,0.832996,1.48313,2.22124
10,0.901211,2.05949,-2.59472,-1.66763,0.833246,1.48075,2.22122
10,0.901093,2.05949,-2.59301,-1.66918,0.833507,1.47838,2.2212
10,0.900964,2.05949,-2.59133,-1.67073,0.83378,1.47601,2.22117
10,0.900822,2.05949,-2.58965,-1.67228,0.834064,1.47366,2.22114
10,0.900668,2.05949,-2.58799,-1.67382,0.834361,1.4713,2.22109
11,0.900668,2.05949,-2.58799,-1.67382,0.834361,1.4713,2.22109
11,0.900668,2.05949,-2.58799,-1.67382,0.834361,1.4713,2.22109
11,0.899337,2.05847,-2.58776,-1.67097,0.834754,1.47162,2.22265
11,0.898005,2.05744,-2.58753,-1.66812,0.835143,1.47194,2.2242
11,0.896673,2.05641,-2.58731,-1.66526,0.835529,1.47227,2.22576
11,0.89534,2.05538,-2.58708,-1.66239,0.835913,1.47259,2.22732
11,0.894007,2.05435,-2.58686,-1.65952,0.836293,1.47292,2.22888
11,0.892673,2.05331,-2.58664,-1.65665,0.836671,1.47325,2.23044
11,0.891339,2.05228,-2.58642,-1.65376,0.837046,1.47358,2.232
12,0.891339,2.05228,-2.58642,-1.65376,0.837046,1.47358,2.232
12,0.890967,2.05383,-2.58547,-1.65544,0.838206,1.47246,2.23229
12,0.890593,2.05538,-2.58452,-1.65711,0.839369,1.47135,2.23259
12,0.890218,2.05693,-2.58357,-1.65878,0.840536,1.47023,2.23289
12,0.889842,2.05848,-2.58262,-1.66044,0.841705,1.46912,2.23318
12,0.890446,2.05949,-2.58027,-1.66209,0.841874,1.46725,2.23417
12,0.892846,2.05949,-2.57536,-1.66373,0.840205,1.46397,2.23641
12,0.895201,2.05949,-2.57051,-1.66537,0.83857,1.46073,2.23864
12,0.897521,2.05949,-2.56571,-1.66701,0.836964,1.45751,2.24085
12,0.899807,2.05949,-2.56094,-1.66864,0.835388,1.45431,2.24305
12,0.902057,2.05949,-2.55622,-1.67026,0.833841,1.45113,2.24523
12,0.904278,2.05949,-2.55154,-1.67188,0.83232,1.44797,2.2474
12,0.906465,2.05949,-2.5469,-1.67349,0.830826,1.44484,2.24955
12,0.908621,2.05949,-2.5423,-1.67509,0.829359,1.44172,2.25169
12,0.910744,2.05949,-2.53774,-1.67669,0.827918,1.43863,2.25382
12,0.912835,2.05949,-2.53321,-1.67828,0.826504,1.43555,2.25594
12,0.914899,2.05949,-2.52872,-1.67987,0.825113,1.43249,2.25804
12,0.916937,2.05949,-2.52426,-1.68145,0.823745,1.42945,2.26014
12,0.918944,2.05949,-2.51984,-1.68302,0.822402,1.42642,2.26222
12,0.920923,2.05949,-2.51545,-1.68459,0.821082,1.42342,2.26429
12,0.922873,2.05949,-2.5111,-1.68616,0.819786,1.42043,2.26634
12,0.924797,2.05949,-2.50678,-1.68771,0.818511,1.41745,2.26839
12,0.926696,2.05949,-2.50249,-1.68926,0.817258,1.4145,2.27043
12,0.928567,2.05949,-2.49823,-1.69081,0.816027,1.41155,2.27245
12,0.930414,2.05949,-2.494,-1.69235,0.814817,1.40863,2.27447
12,0.932234,2.05949,-2.4898,-1.69388,0.813628,1.40572,2.27648
12,0.934031,2.05949,-2.48563,-1.69541,0.812458,1.40282,2.27847
12,0.935805,2.05949,-2.48149,-1.69693,0.811308,1.39993,2.28046
12,0.937553,2.05949,-2.47737,-1.69844,0.810178,1.39707,2.28243
12,0.939279,2.05949,-2.47329,-1.69995,0.809068,1.39421,2.2844
12,0.940982,2.05949,-2.46922,-1.70146,0.807975,1.39137,2.28636
12,0.942661,2.05949,-2.46519,-1.70295,0.806902,1.38854,2.28831
12,0.944316,2.05949,-2.46118,-1.70444,0.805847,1.38572,2.29025
12,0.945953,2.05949,-2.4572,-1.70593,0.804809,1.38292,2.29218
12,0.947567,2.05949,-2.45324,-1.70741,0.803789,1.38013,2.2941
12,0.94916,2.05949,-2.4493,-1.70888,0.802785,1.37734,2.29602
12,0.95073,2.05949,-2.44539,-1.71035,0.8018,1.37458,2.29792
12,0.952282,2.05949,-2.44151,-1.71181,0.80083,1.37182,2.29982
12,0.953812,2.05949,-2.43764,-1.71326,0.799877,1.36907,2.30171
12,0.955322,2.05949,-2.4338,-1.71471,0.79894,1.36634,2.30359
12,0.956812,2.05949,-2.42998,-1.71616,0.798019,1.36362,2.30547
12,0.958282,2.05949,-2.42618,-1.71759,0.797114,1.3609,2.30734
12,0.959732,2.05949,-2.4224,-1.71903,0.796224,1.3582,2.3092
12,0.961164,2.05949,-2.41865,-1.72045,0.795349,1.35551,2.31105
12,0.962578,2.05949,-2.41491,-1.72187,0.794488,1.35283,2.3129
12,0.963974,2.05949,-2.4112,-1.72328,0.793642,1.35015,2.31473
12,0.965352,2.05949,-2.4075,-1.72469,0.792811,1.34749,2.31657
12,0.966709,2.05949,-2.40383,-1.72609,0.791994,1.34484,2.31839
12,0.96805,2.05949,-2.40017,-1.72749,0.791191,1.34219,2.32021
12,0.969372,2.05949,-2.39653,-1.72888,0.790402,1.33956,2.32202
12,0.970678,2.05949,-2.39291,-1.73026,0.789626,1.33693,2.32383
12,0.971965,2.05949,-2.38931,-1.73164,0.788863,1.33431,2.32562
12,0.973237,2.05949,-2.38573,-1.73301,0.788114,1.3317,2.32742
12,0.974491,2.05949,-2.38217,-1.73438,0.787377,1.3291,2.3292
12,0.975728,2.05949,-2.37862,-1.73574,0.786653,1.32651,2.33098
12,0.976949,2.05949,-2.37509,-1.73709,0.785942,1.32393,2.33276
12,0.978154,2.05949,-2.37158,-1.73844,0.785244,1.32135,2.33453
12,0.979342,2.05949,-2.36808,-1.73978,0.784557,1.31879,2.33629
12,0.980515,2.05949,-2.3646,-1.74111,0.783882,1.31623,2.33805
12,0.981672,2.05949,-2.36114,-1.74244,0.78322,1.31367,2.3398
12,0.982812,2.05949,-2.35769,-1.74377,0.782569,1.31113,2.34154
12,0.983938,2.05949,-2.35426,-1.74509,0.781929,1.30859,2.34328
12,0.985049,2.05949,-2.35084,-1.7464,0.781301,1.30606,2.34502
12,0.986144,2.05949,-2.34744,-1.7477,0.780684,1.30354,2.34675
12,0.987224,2.05949,-2.34405,-1.749,0.780078,1.30102,2.34847
12,0.988289,2.05949,-2.34068,-1.7503,0.779483,1.29851,2.35019
12,0.98934,2.05949,-2.33733,-1.75158,0.778899,1.29601,2.35191
12,0.990376,2.05949,-2.33398,-1.75286,0.778325,1.29352,2.35361
12,0.991398,2.05949,-2.33066,-1.75414,0.777762,1.29103,2.35532
12,0.992406,2.05949,-2.32734,-1.75541,0.777209,1.28855,2.35702
12,0.993399,2.05949,-2.32404,-1.75667,0.776667,1.28607,2.35871
12,0.994378,2.05949,-2.32076,-1.75793,0.776134,1.2836,2.3604
12,0.995343,2.05949,-2.31748,-1.75918,0.775611,1.28114,2.36209
12,0.996295,2.05949,-2.31422,-1.76043,0.775098,1.27868,2.36377
12,0.997233,2.05949,-2.31098,-1.76167,0.774595,1.27623,2.36545
12,0.998157,2.05949,-2.30774,-1.7629,0.774101,1.27378,2.36712
12,0.999069,2.05949,-2.30452,-1.76413,0.773616,1.27134,2.36878
12,0.999966,2.05949,-2.30131,-1.76535,0.773141,1.26891,2.37045
12,1.00085,2.05949,-2.29812,-1.76656,0.772675,1.26648,2.37211
12,1.00172,2.05949,-2.29493,-1.76777,0.772218,1.26406,2.37376
12,1.00258,2.05949,-2.29176,-1.76898,0.771769,1.26164,2.37541
12,1.00342,2.05949,-2.2886,-1.77017,0.77133,1.25923,2.37706
12,1.00426,2.05949,-2.28545,-1.77137,0.770899,1.25682,2.3787
12,1.00508,2.05949,-2.28232,-1.77255,0.770477,1.25442,2.38034
12,1.00588,2.05949,-2.27919,-1.77373,0.770063,1.25203,2.38197
12,1.00668,2.05949,-2.27608,-1.7749,0.769658,1.24964,2.3836
12,1.00746,2.05949,-2.27298,-1.77607,0.76926,1.24725,2.38523
12,1.00823,2.05949,-2.26989,-1.77723,0.768871,1.24487,2.38685
12,1.00899,2.05949,-2.26681,-1.77838,0.76849,1.24249,2.38847
12,1.00974,2.05949,-2.26374,-1.77953,0.768116,1.24012,2.39009
12,1.01047,2.05949,-2.26068,-1.78068,0.767751,1.23776,2.3917
12,1.01119,2.05949,-2.25763,-1.78181,0.767393,1.23539,2.39331
12,1.0119,2.05949,-2.2546,-1.78294,0.767043,1.23304,2.39492
12,1.0126,2.05949,-2.25157,-1.78407,0.7667,1.23069,2.39652
12,1.01329,2.05949,-2.24855,-1.78519,0.766365,1.22834,2.39812
12,1.01396,2.05949,-2.24555,-1.7863,0.766036,1.22599,2.39971
12,1.01463,2.05949,-2.24255,-1.7874,0.765715,1.22365,2.4013
12,1.01528,2.05949,-2.23956,-1.7885,0.765402,1.22132,2.40289
12,1.01592,2.05949,-2.23659,-1.7896,0.765095,1.21899,2.40448
12,1.01655,2.05949,-2.23362,-1.79068,0.764795,1.21666,2.40606
12,1.01717,2.05949,-2.23066,-1.79177,0.764502,1.21434,2.40764
12,1.01777,2.05949,-2.22771,-1.79284,0.764215,1.21202,2.40921
12,1.01837,2.05949,-2.22478,-1.79391,0.763935,1.20971,2.41079
12,1.01895,2.05949,-2.22185,-1.79497,0.763662,1.2074,2.41236
12,1.01953,2.05949,-2.21893,-1.79603,0.763396,1.20509,2.41392
12,1.02009,2.05949,-2.21601,-1.79708,0.763135,1.20279,2.41549
12,1.02064,2.05949,-2.21311,-1.79813,0.762881,1.20049,2.41705
12,1.02118,2.05949,-2.21022,-1.79917,0.762633,1.19819,2.41861
12,1.02171,2.05949,-2.20733,-1.8002,0.762391,1.1959,2.42017
12,1.02223,2.05949,-2.20446,-1.80123,0.762155,1.19361,2.42172
12,1.02274,2.05949,-2.20159,-1.80225,0.761925,1.19133,2.42327
12,1.02324,2.05949,-2.19873,-1.80326,0.761702,1.18905,2.42482
12,1.02373,2.05949,-2.19588,-1.80427,0.761483,1.18677,2.42636
12,1.02421,2.05949,-2.19304,-1.80527,0.761271,1.1845,2.42791
12,1.02468,2.05949,-2.1902,-1.80627,0.761064,1.18223,2.42945
12,1.02513,2.05949,-2.18738,-1.80726,0.760863,1.17996,2.43098
12,1.02558,2.05949,-2.18456,-1.80824,0.760667,1.1777,2.43252
12,1.02602,2.05949,-2.18175,-1.80922,0.760476,1.17544,2.43405
12,1.02644,2.05949,-2.17895,-1.81019,0.760291,1.17318,2.43558
12,1.02686,2.05949,-2.17616,-1.81116,0.760111,1.17093,2.43711
12,1.02727,2.05949,-2.17337,-1.81211,0.759936,1.16868,2.43864
12,1.02766,2.05949,-2.17059,-1.81307,0.759766,1.16643,2.44016
12,1.02805,2.05949,-2.16782,-1.81401,0.759602,1.16419,2.44168
12,1.02843,2.05949,-2.16506,-1.81495,0.759441,1.16195,2.4432
12,1.0288,2.05949,-2.1623,-1.81589,0.759287,1.15971,2.44472
12,1.02915,2.05949,-2.15956,-1.81682,0.759137,1.15747,2.44623
12,1.0295,2.05949,-2.15682,-1.81774,0.758991,1.15524,2.44775
12,1.02984,2.05949,-2.15408,-1.81865,0.75885,1.15301,2.44926
12,1.03017,2.05949,-2.15136,-1.81956,0.758714,1.15078,2.45077
12,1.03049,2.05949,-2.14864,-1.82047,0.758582,1.14856,2.45227
12,1.0308,2.05949,-2.14593,-1.82136,0.758454,1.14634,2.45378
12,1.0311,2.05949,-2.14322,-1.82225,0.758331,1.14412,2.45528
12,1.03139,2.05949,-2.14052,-1.82314,0.758213,1.14191,2.45678
12,1.03167,2.05949,-2.13783,-1.82402,0.758098,1.1397,2.45828
12,1.03194,2.05949,-2.13515,-1.82489,0.757988,1.13749,2.45978
12,1.0322,2.05949,-2.13247,-1.82576,0.757882,1.13528,2.46128
12,1.03246,2.05949,-2.1298,-1.82661,0.757779,1.13307,2.46277
12,1.0327,2.05949,-2.12714,-1.82747,0.757681,1.13087,2.46426
12,1.03294,2.05949,-2.12448,-1.82832,0.757586,1.12867,2.46575
12,1.03316,2.05949,-2.12183,-1.82916,0.757496,1.12648,2.46724
12,1.03338,2.05949,-2.11919,-1.82999,0.757408,1.12428,2.46873
12,1.03359,2.05949,-2.11655,-1.83082,0.757325,1.12209,2.47022
12,1.03378,2.05949,-2.11392,-1.83164,0.757246,1.1199,2.4717
12,1.03397,2.05949,-2.1113,-1.83246,0.757169,1.11772,2.47318
12,1.03415,2.05949,-2.10868,-1.83327,0.757096,1.11553,2.47466
12,1.03433,2.05949,-2.10607,-1.83407,0.757027,1.11335,2.47615
12,1.03449,2.05949,-2.10346,-1.83487,0.756961,1.11117,2.47762
12,1.03464,2.05949,-2.10086,-1.83566,0.756898,1.10899,2.4791
12,1.03479,2.05949,-2.09827,-1.83645,0.756839,1.10682,2.48058
12,1.03492,2.05949,-2.09568,-1.83722,0.756782,1.10465,2.48205
12,1.03505,2.05949,-2.0931,-1.838,0.756729,1.10248,2.48353
12,1.03517,2.05949,-2.09053,-1.83876,0.756679,1.10031,2.485
12,1.03528,2.05949,-2.08796,-1.83952,0.756631,1.09814,2.48647
12,1.03538,2.05949,-2.08539,-1.84027,0.756587,1.09598,2.48794
12,1.03547,2.05949,-2.08284,-1.84102,0.756545,1.09382,2.48941
12,1.03556,2.05949,-2.08029,-1.84176,0.756506,1.09166,2.49087
12,1.03563,2.05949,-2.07774,-1.8425,0.75647,1.0895,2.49234
12,1.0357,2.05949,-2.0752,-1.84323,0.756436,1.08735,2.49381
12,1.03576,2.05949,-2.07267,-1.84395,0.756405,1.08519,2.49527
12,1.03581,2.05949,-2.07014,-1.84466,0.756377,1.08304,2.49673
12,1.03585,2.05949,-2.06762,-1.84537,0.756351,1.08089,2.4982
12,1.03588,2.05949,-2.0651,-1.84607,0.756327,1.07875,2.49966
12,1.03591,2.05949,-2.06259,-1.84677,0.756306,1.0766,2.50112
12,1.03593,2.05949,-2.06009,-1.84746,0.756287,1.07446,2.50258
12,1.03594,2.05949,-2.05759,-1.84815,0.75627,1.07232,2.50404
12,1.03594,2.05949,-2.05509,-1.84882,0.756255,1.07018,2.5055
12,1.03593,2.05949,-2.0526,-1.84949,0.756243,1.06804,2.50695
12,1.03591,2.05949,-2.05012,-1.85016,0.756232,1.06591,2.50841
12,1.03589,2.05949,-2.04764,-1.85082,0.756224,1.06377,2.50986
12,1.03585,2.05949,-2.04517,-1.85147,0.756217,1.06164,2.51132
12,1.03581,2.05949,-2.0427,-1.85212,0.756212,1.05951,2.51277
12,1.03576,2.05949,-2.04024,-1.85276,0.756209,1.05739,2.51423
12,1.03571,2.05949,-2.03778,-1.85339,0.756207,1.05526,2.51568
12,1.03564,2.05949,-2.03533,-1.85402,0.756208,1.05314,2.51713
12,1.03557,2.05949,-2.03289,-1.85464,0.75621,1.05101,2.51858
12,1.03549,2.05949,-2.03045,-1.85525,0.756213,1.04889,2.52004
12,1.0354,2.05949,-2.02801,-1.85586,0.756218,1.04678,2.52149
12,1.0353,2.05949,-2.02558,-1.85646,0.756224,1.04466,2.52294
12,1.03519,2.05949,-2.02316,-1.85706,0.756232,1.04254,2.52439
12,1.03508,2.05949,-2.02073,-1.85764,0.756241,1.04043,2.52584
12,1.03496,2.05949,-2.01832,-1.85823,0.756251,1.03832,2.52729
12,1.03483,2.05949,-2.01591,-1.8588,0.756262,1.03621,2.52874
12,1.03469,2.05949,-2.0135,-1.85937,0.756275,1.0341,2.53018
12,1.03455,2.05949,-2.0111,-1.85994,0.756288,1.03199,2.53163
12,1.0344,2.05949,-2.00871,-1.86049,0.756303,1.02989,2.53308
12,1.03424,2.05949,-2.00632,-1.86104,0.756318,1.02779,2.53453
12,1.03407,2.05949,-2.00393,-1.86159,0.756335,1.02569,2.53598
12,1.03389,2.05949,-2.00155,-1.86212,0.756352,1.02359,2.53742
12,1.03371,2.05949,-1.99918,-1.86266,0.75637,1.02149,2.53887
12,1.03352,2.05949,-1.99681,-1.86318,0.756388,1.01939,2.54032
12,1.03332,2.05949,-1.99444,-1.8637,0.756408,1.0173,2.54176
12,1.03311,2.05949,-1.99208,-1.86421,0.756428,1.0152,2.54321
12,1.0329,2.05949,-1.98972,-1.86472,0.756448,1.01311,2.54466
12,1.03268,2.05949,-1.98737,-1.86522,0.756469,1.01102,2.54611
12,1.03245,2.05949,-1.98503,-1.86571,0.75649,1.00893,2.54755
12,1.03221,2.05949,-1.98268,-1.8662,0.756512,1.00684,2.549
12,1.03197,2.05949,-1.98035,-1.86668,0.756534,1.00476,2.55045
12,1.03172,2.05949,-1.97801,-1.86715,0.756556,1.00267,2.55189
12,1.03146,2.05949,-1.97569,-1.86762,0.756578,1.00059,2.55334
12,1.03119,2.05949,-1.97336,-1.86808,0.756601,0.99851,2.55479
12,1.03091,2.05949,-1.97104,-1.86853,0.756623,0.996431,2.55624
12,1.03063,2.05949,-1.96873,-1.86898,0.756646,0.994352,2.55769
12,1.03034,2.05949,-1.96642,-1.86942,0.756668,0.992276,2.55913
12,1.03005,2.05949,-1.96412,-1.86985,0.756691,0.990201,2.56058
12,1.02974,2.05949,-1.96182,-1.87028,0.756713,0.988127,2.56203
12,1.02943,2.05949,-1.95952,-1.87071,0.756735,0.986055,2.56348
12,1.02911,2.05949,-1.95723,-1.87112,0.756757,0.983984,2.56493
12,1.02879,2.05949,-1.95494,-1.87153,0.756778,0.981914,2.56638
12,1.02845,2.05949,-1.95266,-1.87193,0.756799,0.979846,2.56783
12,1.02811,2.05949,-1.95038,-1.87233,0.756819,0.97778,2.56928
12,1.02776,2.05949,-1.94811,-1.87272,0.756839,0.975715,2.57073
12,1.02741,2.05949,-1.94584,-1.8731,0.756858,0.973651,2.57219
12,1.02705,2.05949,-1.94358,-1.87348,0.756877,0.971589,2.57364
12,1.02668,2.05949,-1.94132,-1.87385,0.756895,0.969528,2.57509
12,1.0263,2.05949,-1.93906,-1.87421,0.756912,0.967468,2.57655
12,1.02591,2.05949,-1.93681,-1.87457,0.756929,0.96541,2.578
12,1.02552,2.05949,-1.93457,-1.87492,0.756944,0.963353,2.57946
12,1.02512,2.05949,-1.93232,-1.87527,0.756959,0.961298,2.58091
12,1.02472,2.05949,-1.93009,-1.8756,0.756972,0.959244,2.58237
12,1.02431,2.05949,-1.92785,-1.87594,0.756984,0.957192,2.58383
12,1.02389,2.05949,-1.92563,-1.87626,0.756996,0.95514,2.58529
12,1.02346,2.05949,-1.9234,-1.87658,0.757006,0.953091,2.58675
12,1.02302,2.05949,-1.92118,-1.87689,0.757015,0.951042,2.58821
12,1.02258,2.05949,-1.91897,-1.8772,0.757022,0.948995,2.58967
12,1.02213,2.05949,-1.91675,-1.8775,0.757029,0.946949,2.59113
12,1.02168,2.05949,-1.91455,-1.87779,0.757033,0.944905,2.59259
12,1.02122,2.05949,-1.91234,-1.87807,0.757037,0.942862,2.59406
12,1.02075,2.05949,-1.91015,-1.87835,0.757038,0.94082,2.59552
12,1.02027,2.05949,-1.90795,-1.87863,0.757039,0.93878,2.59699
12,1.01979,2.05949,-1.90576,-1.87889,0.757037,0.936741,2.59846
12,1.0193,2.05949,-1.90358,-1.87915,0.757034,0.934703,2.59993
12,1.0188,2.05949,-1.9014,-1.87941,0.757029,0.932667,2.6014
12,1.0183,2.05949,-1.89922,-1.87965,0.757022,0.930631,2.60287
12,1.01778,2.05949,-1.89705,-1.8799,0.757013,0.928598,2.60434
12,1.01727,2.05949,-1.89488,-1.88013,0.757002,0.926565,2.60581
12,1.01674,2.05949,-1.89271,-1.88036,0.75699,0.924534,2.60729
12,1.01621,2.05949,-1.89055,-1.88058,0.756975,0.922505,2.60876
12,1.01567,2.05949,-1.8884,-1.88079,0.756958,0.920476,2.61024
12,1.01513,2.05949,-1.88624,-1.881,0.756938,0.918449,2.61172
12,1.01457,2.05949,-1.8841,-1.8812,0.756917,0.916423,2.6132
12,1.01401,2.05949,-1.88195,-1.8814,0.756893,0.914399,2.61468
12,1.01345,2.05949,-1.87982,-1.88159,0.756867,0.912376,2.61617
12,1.01288,2.05949,-1.87768,-1.88177,0.756838,0.910354,2.61765
12,1.0123,2.05949,-1.87555,-1.88194,0.756807,0.908333,2.61914
12,1.01171,2.05949,-1.87342,-1.88211,0.756773,0.906314,2.62063
12,1.01112,2.05949,-1.8713,-1.88228,0.756737,0.904296,2.62212
12,1.01052,2.05949,-1.86918,-1.88243,0.756697,0.90228,2.62361
12,1.00991,2.05949,-1.86707,-1.88258,0.756655,0.900265,2.6251
12,1.0093,2.05949,-1.86496,-1.88272,0.756611,0.898251,2.6266
12,1.00868,2.05949,-1.86285,-1.88286,0.756563,0.896238,2.6281
12,1.00805,2.05949,-1.86075,-1.88299,0.756512,0.894227,2.62959
12,1.00742,2.05949,-1.85865,-1.88311,0.756459,0.892217,2.6311
12,1.00678,2.05949,-1.85656,-1.88323,0.756402,0.890208,2.6326
12,1.00613,2.05949,-1.85447,-1.88334,0.756342,0.888201,2.6341
12,1.00548,2.05949,-1.85239,-1.88344,0.756279,0.886195,2.63561
12,1.00482,2.05949,-1.85031,-1.88354,0.756212,0.884191,2.63712
12,1.00416,2.05949,-1.84823,-1.88363,0.756143,0.882187,2.63863
12,1.00348,2.05949,-1.84616,-1.88372,0.75607,0.880186,2.64014
12,1.0028,2.05949,-1.84409,-1.88379,0.755993,0.878185,2.64166
12,1.00212,2.05949,-1.84202,-1.88387,0.755913,0.876186,2.64317
12,1.00142,2.05949,-1.83996,-1.88393,0.755829,0.874188,2.64469
12,1.00073,2.05949,-1.83791,-1.88399,0.755742,0.872191,2.64621
12,1.00002,2.05949,-1.83586,-1.88404,0.755651,0.870196,2.64774
12,0.999309,2.05949,-1.83381,-1.88409,0.755556,0.868202,2.64926
12,0.99859,2.05949,-1.83176,-1.88412,0.755457,0.86621,2.65079
12,0.997866,2.05949,-1.82972,-1.88416,0.755354,0.864219,2.65232
12,0.997134,2.05949,-1.82769,-1.88418,0.755248,0.862229,2.65386
13,0.997134,2.05949,-1.82769,-1.88418,0.755248,0.862229,2.65386
13,0.997134,2.05949,-1.82769,-1.88418,0.755248,0.862229,2.65386
13,0.998983,2.05949,-1.82644,-1.88686,0.755315,0.861094,2.65333
13,1.00083,2.05949,-1.8252,-1.88954,0.755385,0.859962,2.6528
13,1.00268,2.05949,-1.82396,-1.89221,0.755459,0.858834,2.65227
13,1.00452,2.05949,-1.82273,-1.89489,0.755536,0.857708,2.65174
14,1.00452,2.05949,-1.82273,-1.89489,0.755536,0.857708,2.65174
14,1.00537,2.05848,-1.82405,-1.8949,0.754414,0.858908,2.65094
14,1.00621,2.05748,-1.82538,-1.8949,0.753289,0.860111,2.65014
14,1.00704,2.05648,-1.82671,-1.8949,0.752163,0.861315,2.64934
14,1.00788,2.05547,-1.82805,-1.89489,0.751034,0.862521,2.64855
14,1.00871,2.05447,-1.82938,-1.89488,0.749905,0.863729,2.64775
14,1.00954,2.05347,-1.83072,-1.89486,0.748773,0.864939,2.64696
14,1.01037,2.05247,-1.83206,-1.89483,0.74764,0.86615,2.64617
14,1.01119,2.05146,-1.83341,-1.89479,0.746506,0.867363,2.64538
14,1.01201,2.05046,-1.83475,-1.89475,0.74537,0.868578,2.64459
14,1.01283,2.04946,-1.8361,-1.8947,0.744232,0.869794,2.6438
14,1.01365,2.04846,-1.83745,-1.89465,0.743093,0.871012,2.64302
14,1.01446,2.04746,-1.8388,-1.89459,0.741952,0.872232,2.64224
14,1.01527,2.04646,-1.84015,-1.89452,0.74081,0.873454,2.64145
14,1.01608,2.04546,-1.8415,-1.89445,0.739666,0.874677,2.64067
14,1.01689,2.04446,-1.84286,-1.89437,0.738521,0.875901,2.6399
14,1.01769,2.04346,-1.84422,-1.89428,0.737374,0.877127,2.63912
14,1.01849,2.04246,-1.84558,-1.89419,0.736226,0.878355,2.63834
14,1.01929,2.04146,-1.84694,-1.89409,0.735077,0.879585,2.63757
14,1.02008,2.04046,-1.8483,-1.89398,0.733926,0.880816,2.6368
14,1.02087,2.03946,-1.84967,-1.89387,0.732774,0.882049,2.63603
14,1.02166,2.03846,-1.85103,-1.89375,0.731621,0.883283,2.63526
14,1.02245,2.03746,-1.8524,-1.89362,0.730466,0.884519,2.63449
14,1.02323,2.03646,-1.85377,-1.89349,0.72931,0.885756,2.63372
14,1.02401,2.03546,-1.85514,-1.89335,0.728153,0.886995,2.63296
14,1.02479,2.03446,-1.85651,-1.89321,0.726994,0.888236,2.6322
14,1.02557,2.03346,-1.85789,-1.89305,0.725835,0.889478,2.63143
14,1.02634,2.03247,-1.85926,-1.8929,0.724674,0.890721,2.63067
14,1.02711,2.03147,-1.86064,-1.89273,0.723512,0.891966,2.62992
14,1.02788,2.03047,-1.86202,-1.89256,0.722348,0.893213,2.62916
14,1.02865,2.02947,-1.8634,-1.89238,0.721184,0.894461,2.6284
14,1.02941,2.02847,-1.86478,-1.8922,0.720018,0.89571,2.62765
14,1.03017,2.02748,-1.86616,-1.89201,0.718851,0.896961,2.6269
14,1.03093,2.02648,-1.86755,-1.89181,0.717684,0.898214,2.62615
14,1.03168,2.02548,-1.86893,-1.89161,0.716515,0.899468,2.6254
14,1.03244,2.02448,-1.87032,-1.8914,0.715345,0.900723,2.62465
14,1.03319,2.02349,-1.87171,-1.89118,0.714174,0.90198,2.6239
14,1.03393,2.02249,-1.8731,-1.89096,0.713002,0.903239,2.62316
14,1.03468,2.02149,-1.87449,-1.89073,0.711829,0.904499,2.62241
14,1.03542,2.02049,-1.87588,-1.89049,0.710655,0.90576,2.62167
14,1.03616,2.0195,-1.87727,-1.89025,0.70948,0.907022,2.62093
14,1.0369,2.0185,-1.87867,-1.89,0.708304,0.908287,2.62019
14,1.03763,2.0175,-1.88006,-1.88974,0.707127,0.909552,2.61945
14,1.03836,2.0165,-1.88146,-1.88948,0.705949,0.910819,2.61872
14,1.03909,2.01551,-1.88285,-1.88921,0.70477,0.912087,2.61798
14,1.03982,2.01451,-1.88425,-1.88894,0.703591,0.913357,2.61725
14,1.04054,2.01351,-1.88565,-1.88866,0.702411,0.914628,2.61652
14,1.04126,2.01252,-1.88705,-1.88837,0.701229,0.9159,2.61579
14,1.04198,2.01152,-1.88845,-1.88808,0.700048,0.917174,2.61506
14,1.0427,2.01052,-1.88985,-1.88777,0.698865,0.918449,2.61433
14,1.04341,2.00952,-1.89126,-1.88747,0.697681,0.919726,2.61361
14,1.04412,2.00853,-1.89266,-1.88715,0.696497,0.921003,2.61288
14,1.04483,2.00753,-1.89406,-1.88683,0.695312,0.922283,2.61216
14,1.04553,2.00653,-1.89547,-1.88651,0.694126,0.923563,2.61144
14,1.04624,2.00553,-1.89687,-1.88617,0.69294,0.924845,2.61071
14,1.04694,2.00454,-1.89828,-1.88583,0.691753,0.926128,2.61
14,1.04763,2.00354,-1.89969,-1.88549,0.690565,0.927412,2.60928
14,1.04833,2.00254,-1.9011,-1.88514,0.689376,0.928698,2.60856
14,1.04902,2.00154,-1.90251,-1.88478,0.688187,0.929985,2.60785
14,1.04971,2.00055,-1.90391,-1.88441,0.686998,0.931274,2.60713
14,1.0504,1.99955,-1.90532,-1.88404,0.685808,0.932563,2.60642
14,1.05109,1.99855,-1.90673,-1.88366,0.684617,0.933854,2.60571
14,1.05177,1.99755,-1.90815,-1.88328,0.683426,0.935146,2.605
14,1.05245,1.99655,-1.90956,-1.88289,0.682234,0.93644,2.60429
14,1.05312,1.99555,-1.91097,-1.88249,0.681041,0.937734,2.60359
14,1.0538,1.99456,-1.91238,-1.88209,0.679849,0.93903,2.60288
14,1.05447,1.99356,-1.91379,-1.88168,0.678655,0.940327,2.60218
14,1.05514,1.99256,-1.91521,-1.88126,0.677461,0.941626,2.60148
14,1.05581,1.99156,-1.91662,-1.88084,0.676267,0.942925,2.60077
14,1.05647,1.99056,-1.91804,-1.88041,0.675073,0.944226,2.60008
14,1.05713,1.98956,-1.91945,-1.87997,0.673878,0.945528,2.59938
14,1.05779,1.98856,-1.92087,-1.87953,0.672682,0.946831,2.59868
14,1.05845,1.98756,-1.92228,-1.87908,0.671487,0.948136,2.59798
14,1.05911,1.98656,-1.9237,-1.87862,0.67029,0.949442,2.59729
14,1.05976,1.98556,-1.92511,-1.87816,0.669094,0.950749,2.5966
14,1.06041,1.98456,-1.92653,-1.87769,0.667897,0.952057,2.59591
14,1.06105,1.98356,-1.92794,-1.87722,0.6667,0.953366,2.59521
14,1.0617,1.98256,-1.92936,-1.87674,0.665503,0.954676,2.59453
14,1.06234,1.98156,-1.93078,-1.87625,0.664306,0.955988,2.59384
14,1.06298,1.98055,-1.93219,-1.87576,0.663108,0.957301,2.59315
14,1.06362,1.97955,-1.93361,-1.87526,0.66191,0.958615,2.59247
14,1.06425,1.97855,-1.93503,-1.87475,0.660712,0.95993,2.59178
14,1.06488,1.97755,-1.93644,-1.87424,0.659513,0.961246,2.5911
14,1.06551,1.97655,-1.93786,-1.87372,0.658315,0.962564,2.59042
14,1.06614,1.97554,-1.93928,-1.8732,0.657116,0.963882,2.58974
14,1.06676,1.97454,-1.94069,-1.87266,0.655918,0.965202,2.58906
14,1.06738,1.97354,-1.94211,-1.87213,0.654719,0.966523,2.58838
14,1.068,1.97253,-1.94353,-1.87158,0.65352,0.967845,2.58771
14,1.06862,1.97153,-1.94494,-1.87103,0.652321,0.969168,2.58703
14,1.06923,1.97053,-1.94636,-1.87047,0.651122,0.970492,2.58636
14,1.06985,1.96952,-1.94778,-1.86991,0.649922,0.971817,2.58569
14,1.07045,1.96852,-1.94919,-1.86934,0.648723,0.973144,2.58502
14,1.07106,1.96751,-1.95061,-1.86876,0.647524,0.974471,2.58435
14,1.07167,1.96651,-1.95203,-1.86818,0.646325,0.9758,2.58368
14,1.07227,1.9655,-1.95344,-1.86759,0.645126,0.97713,2.58301
14,1.07287,1.9645,-1.95486,-1.867,0.643927,0.978461,2.58235
14,1.07346,1.96349,-1.95627,-1.8664,0.642728,0.979793,2.58168
14,1.07406,1.96248,-1.95769,-1.86579,0.641529,0.981126,2.58102
14,1.07465,1.96148,-1.9591,-1.86517,0.64033,0.98246,2.58036
14,1.07524,1.96047,-1.96052,-1.86455,0.639131,0.983795,2.5797
14,1.07583,1.95946,-1.96193,-1.86393,0.637933,0.985131,2.57904
14,1.07641,1.95845,-1.96334,-1.86329,0.636734,0.986468,2.57838
14,1.07699,1.95744,-1.96476,-1.86265,0.635536,0.987807,2.57772
14,1.07757,1.95643,-1.96617,-1.86201,0.634338,0.989146,2.57707
14,1.07815,1.95543,-1.96758,-1.86135,0.63314,0.990487,2.57641
14,1.07872,1.95442,-1.969,-1.8607,0.631942,0.991828,2.57576
14,1.0793,1.95341,-1.97041,-1.86003,0.630745,0.993171,2.57511
14,1.07987,1.95239,-1.97182,-1.85936,0.629548,0.994514,2.57446
14,1.08043,1.95138,-1.97323,-1.85868,0.628351,0.995859,2.57381
14,1.081,1.95037,-1.97464,-1.858,0.627154,0.997205,2.57316
14,1.08156,1.94936,-1.97605,-1.85731,0.625958,0.998552,2.57251
14,1.08212,1.94835,-1.97746,-1.85661,0.624762,0.999899,2.57187
14,1.08268,1.94734,-1.97887,-1.85591,0.623566,1.00125,2.57122
14,1.08323,1.94632,-1.98027,-1.8552,0.622371,1.0026,2.57058
14,1.08379,1.94531,-1.98168,-1.85449,0.621176,1.00395,2.56994
14,1.08434,1.9443,-1.98309,-1.85377,0.619981,1.0053,2.5693
14,1.08489,1.94328,-1.98449,-1.85304,0.618787,1.00665,2.56866
14,1.08543,1.94227,-1.9859,-1.8523,0.617593,1.00801,2.56802
14,1.08597,1.94125,-1.9873,-1.85156,0.6164,1.00936,2.56738
14,1.08651,1.94023,-1.9887,-1.85082,0.615207,1.01072,2.56674
14,1.08705,1.93922,-1.99011,-1.85006,0.614014,1.01208,2.56611
14,1.08759,1.9382,-1.99151,-1.84931,0.612822,1.01343,2.56547
14,1.08812,1.93718,-1.99291,-1.84854,0.61163,1.01479,2.56484
14,1.08865,1.93617,-1.99431,-1.84777,0.610439,1.01615,2.56421
14,1.08918,1.93515,-1.99571,-1.84699,0.609249,1.01751,2.56358
14,1.08971,1.93413,-1.99711,-1.84621,0.608059,1.01888,2.56295
14,1.09023,1.93311,-1.99851,-1.84542,0.606869,1.02024,2.56232
14,1.09075,1.93209,-1.9999,-1.84462,0.60568,1.0216,2.5617
14,1.09127,1.93107,-2.0013,-1.84382,0.604492,1.02297,2.56107
14,1.09179,1.93005,-2.00269,-1.84301,0.603304,1.02433,2.56045
14,1.0923,1.92903,-2.00409,-1.84219,0.602117,1.0257,2.55982
14,1.09282,1.928,-2.00548,-1.84137,0.600931,1.02707,2.5592
14,1.09333,1.92698,-2.00687,-1.84055,0.599745,1.02844,2.55858
14,1.09383,1.92596,-2.00826,-1.83971,0.59856,1.02981,2.55796
14,1.09434,1.92493,-2.00965,-1.83887,0.597375,1.03118,2.55734
14,1.09484,1.92391,-2.01104,-1.83803,0.596191,1.03255,2.55673
14,1.09534,1.92289,-2.01243,-1.83717,0.595008,1.03392,2.55611
14,1.09584,1.92186,-2.01382,-1.83632,0.593825,1.03529,2.55549
14,1.09633,1.92083,-2.0152,-1.83545,0.592644,1.03667,2.55488
14,1.09683,1.91981,-2.01659,-1.83458,0.591462,1.03804,2.55427
14,1.09732,1.91878,-2.01797,-1.8337,0.590282,1.03942,2.55366
14,1.09781,1.91775,-2.01935,-1.83282,0.589103,1.0408,2.55304
14,1.09829,1.91672,-2.02074,-1.83193,0.587924,1.04218,2.55244
14,1.09878,1.9157,-2.02212,-1.83104,0.586746,1.04356,2.55183
14,1.09926,1.91467,-2.02349,-1.83013,0.585569,1.04494,2.55122
14,1.09974,1.91364,-2.02487,-1.82923,0.584392,1.04632,2.55061
15,1.09974,1.91364,-2.02487,-1.82923,0.584392,1.04632,2.55061
15,1.09974,1.91364,-2.02487,-1.82923,0.584392,1.04632,2.55061
15,1.09907,1.91345,-2.02496,-1.82821,0.584364,1.04657,2.55096
16,1.09907,1.91345,-2.02496,-1.82821,0.584364,1.04657,2.55096
16,1.0997,1.91515,-2.02364,-1.82854,0.58521,1.04694,2.55228
16,1.10033,1.91685,-2.02231,-1.82887,0.586058,1.04732,2.5536
16,1.10096,1.91855,-2.02099,-1.8292,0.586906,1.04769,2.55493
16,1.10159,1.92024,-2.01966,-1.82951,0.587754,1.04807,2.55626
16,1.10222,1.92194,-2.01834,-1.82982,0.588602,1.04846,2.55759
16,1.10285,1.92363,-2.01701,-1.83013,0.589451,1.04884,2.55892
16,1.10348,1.92533,-2.01568,-1.83042,0.590301,1.04923,2.56026
16,1.10411,1.92702,-2.01435,-1.83072,0.59115,1.04962,2.56159
16,1.10475,1.92871,-2.01303,-1.831,0.592001,1.05001,2.56293
16,1.10538,1.9304,-2.01169,-1.83128,0.592851,1.05041,2.56427
16,1.10601,1.93209,-2.01036,-1.83155,0.593702,1.05081,2.56561
16,1.10665,1.93377,-2.00903,-1.83182,0.594553,1.05121,2.56696
16,1.10728,1.93546,-2.0077,-1.83208,0.595404,1.05162,2.5683
16,1.10791,1.93715,-2.00636,-1.83234,0.596256,1.05202,2.56965
16,1.10855,1.93883,-2.00503,-1.83259,0.597108,1.05244,2.571
16,1.10918,1.94051,-2.00369,-1.83283,0.59796,1.05285,2.57235
16,1.10982,1.9422,-2.00235,-1.83306,0.598813,1.05326,2.57371
16,1.11046,1.94388,-2.00102,-1.83329,0.599665,1.05368,2.57506
16,1.11109,1.94556,-1.99968,-1.83352,0.600519,1.05411,2.57642
16,1.11173,1.94724,-1.99834,-1.83374,0.601372,1.05453,2.57778
16,1.11237,1.94891,-1.997,-1.83395,0.602225,1.05496,2.57914
16,1.113,1.95059,-1.99566,-1.83415,0.603079,1.05539,2.5805
16,1.11364,1.95227,-1.99431,-1.83435,0.603933,1.05582,2.58187
16,1.11428,1.95394,-1.99297,-1.83454,0.604787,1.05625,2.58324
